date,05AB021,05AC003,05AD007,05AE006,05AG006,05AJ001,05BH004,05BN012,05CC001,05CC002,05CE001,05CK004,05EF001,05FA001,05FE004,05GG001,05HD036,05HG001,05JE006,05JM001,05LL014,05MD004,05MH005,05NA003,05NB021,05ND010,05NG001,05NG024,05OB016,05OB021,05OC001,05OC012,11AA005,05051300,05051522,05053000,05054000,05054500,05056000,05057000,05057200,05058700,05059700,05060500,05061000,05061500,05062000,05062500,05064500,05066500,05069000,05079000,05080000,05082500,05082625,05084000,05090000,05092000,05113600,05114000,05120500,05123400,05245100,05267000,05270500,05270700,05291000,05304500,05315000,05316500,05316580,05317000,05319500,05320000,05320500,05325000,05449500,05457000,05459500,05471000,05476000,05476750,05479000,05480500,05481000,05481300,06468170,06468250,06469400,06470500,06470800,06470878,06471200,06471500,06472000,06473000,06475000,06476000,06477000,06477500,06478500,06478690,06479215,06479438,06479525,06480000,06481000,06482020,06605000
1984-01-01,22.45278417808789,16.782323662288253,28.470062200631396,32.885559412960234,24.7790208522234,25.860518909649137,44.43706403165844,27.48407048938529,36.3159427998634,27.795737828321315,27.127183294281355,23.522089943420585,30.718508676984364,36.047861297754494,17.7872846259448,19.65762222495683,21.14360737439236,21.96263760675228,15.717374195460758,11.317504475827327,12.558019190539028,11.798047753445736,13.650569533059114,22.690379814013525,25.47708083572915,13.287691111172457,17.45650079569615,10.35807929457466,13.043956600511502,13.72435074631414,19.061018969592222,18.225861260735044,23.723509873416685,28.06667084040433,26.61174368376087,26.760322739749185,26.45002679772973,27.83612633512851,25.628737951798943,20.316756133860785,22.66085040866696,20.84564440971585,22.574658995168576,21.373016569040608,20.36281574477758,23.85276542577688,21.898759234013472,18.099883073134745,22.85067204252367,19.77254546554834,17.754406493077884,13.262727970227102,13.537050818075622,22.239294185849246,17.94542377791284,16.731814430430866,15.3390711553227,19.86775481122382,24.383169864834542,18.4059304781296,27.428263800206327,16.145160773773057,24.55586825206399,17.63591464554065,25.59825312856476,18.402263205193744,32.173252883231804,28.464501907679335,33.81114560956888,35.5751433070041,31.399848810467685,34.26732853225772,28.977626849849333,25.98578716340316,19.08911122901857,29.590962855929728,20.83445145649433,15.86486029092726,19.99590238140757,18.23735477919103,29.90679041642378,26.24546471045853,22.99124451445381,24.09283920583802,20.35467553894205,23.1055670984374,26.110778295818957,25.794018396610294,25.85367785211434,24.79321610660111,23.33618261528607,24.46274772927186,21.58375500593781,19.835985931250438,22.991830183769235,22.821221156093006,18.832870710659243,18.241399851561653,17.649184277214488,8.644853120239285,16.614473836065574,12.961270339858464,30.06230032448628,26.037856521115465,26.53584968145422,25.482337023397616,25.50916536339417,24.208463518507383,20.70481776703155
1984-02-01,27.40939713032974,16.051727603281723,19.17168606523328,14.848828595101889,16.28328646418664,14.468089760987308,19.82096977429572,13.779554223885349,6.913623026795899,7.406818268434061,6.561232613933557,5.399724592390438,11.002111101167603,7.748672311042039,8.313350172144307,10.068286031282843,11.46761187707942,8.830155598023538,5.957567678624418,7.425892743006107,12.811223031464468,9.03759760153486,8.097603818765235,5.677251120732224,5.950921557968637,6.328787053767992,7.679803938807329,7.136609130597103,18.231399212873463,19.83868681687355,22.37349059205157,22.20662222312144,10.34743287622725,16.50376383672391,20.745427833995063,21.4147513345677,20.496217010560983,21.235306146019823,18.771402739660434,17.558967889797863,19.997534474457293,19.05356486351813,29.781077339555186,27.44952298575494,10.883154067001025,11.775927048827816,11.409906469938385,12.823452179370207,20.52281457042512,24.9005443785632,19.657099270939774,21.494574825328687,21.81550605294564,20.65794176210808,22.871767357932843,20.644114738587383,22.038644097816665,21.715031423286497,5.662500059928692,5.415519669685819,15.99758684644347,14.292514800703715,12.581752087862618,11.337201873699192,14.955033720849308,11.611878325762412,23.247741665352567,17.277139048178324,37.76580507848266,35.24499659171191,22.7832855126832,36.38999895034008,32.88967749579531,28.937526182827053,24.64084654438606,25.3860163972432,20.200200001975183,24.335938189851284,20.93924122438409,11.383948930341486,36.93034909551429,32.51299789048805,25.242239796222325,29.038038109523715,19.686456821014986,26.73671005933487,21.46603785645737,20.777714327977417,21.52658114799517,22.2554807704633,32.9216259972649,24.12742930690401,26.42194938399572,25.875191222255356,26.25872241779905,26.625073922218206,26.641138907019812,26.685345819933445,26.993385623107223,35.0119897088662,27.63332807442124,26.16503481770512,24.55769351932968,23.7305695583071,22.96496906092568,22.97676060154222,23.801551103217736,24.061281810938432,28.814892167845198
1984-03-01,27.83029201136737,20.880032335376832,33.31034883853665,36.92429981186341,28.984196782494784,27.48145614849942,38.27742389291552,26.7156127256126,17.79976362070926,26.21179263348127,22.068429704611308,19.088046587754217,18.77957490450526,16.023360637912457,13.876507071672084,14.40791711094178,21.317056575098185,20.56289615686486,10.736984317417267,14.43017635339461,19.480880262847347,20.22157428800285,19.19719152356296,13.684735570879978,19.061117094930463,22.57302419861498,23.1417493773688,28.068559478135583,18.582466999662984,16.989304561620216,25.183710472102664,23.9390440977648,28.9296999887253,42.87391425147324,40.32909373778343,41.074398770402496,39.71317613331108,47.83719293545905,40.96299378139422,31.693920274063,41.12498969628483,34.057651710820295,40.236272738413966,31.761567405391165,21.77690888053796,28.94043690507683,24.846682563278087,19.139058732492103,34.93314517387418,27.7539522764653,18.270963502518377,12.018748821706952,12.347854883832866,32.89269840531945,23.519646279272127,20.79734378939284,16.88846808284319,27.14227333705407,14.404520700913402,17.567001209121948,43.15471952665383,28.74932771077701,30.494641362529737,18.65266116831771,27.905789907772757,19.521468868875864,58.76802610892545,38.3937896461442,62.687167013558906,59.88102219376912,49.30917025408274,53.63258012154176,48.43883501495546,46.51811665075678,40.1259651044146,48.19703335660755,44.48592425024343,39.47023709519228,42.302618895136,47.277288227481584,54.84248421310603,51.33655018147893,45.96482304518038,49.04288973252713,45.09049847021735,48.183691704583445,45.11589741183072,44.3263480303203,48.5142727716632,47.5259272114683,48.14378972785392,47.72627598998153,49.88961172672913,49.5161609077918,48.41109926879711,48.44815515240792,47.222047420823145,47.16191258769236,46.96347476992908,40.563610345647184,46.4735146835661,46.46131365912836,60.106484734936046,57.67548470996989,58.88194497918569,59.01127469344976,58.64321107639952,57.35410703725959,50.40962189698413
1984-04-01,15.534832727011388,4.387025447250153,19.975872549464817,21.028000343531524,14.13774654685999,13.94848135097924,31.73614742232854,15.150194545198774,4.939681085321998,12.645144841554576,8.288588351902547,5.711250470276886,10.329660799851837,4.880189668638309,3.5234443704660783,5.7135500969387305,2.069601977740741,7.396581101271212,1.531022620862082,4.942153256220631,27.63193342076504,13.42179073256884,21.91472942753399,11.009493467975297,43.76357194947554,21.143860719324213,36.152741873103714,34.68999604372086,10.450125860328738,10.563356942423871,6.045534008134872,7.143589767913986,11.760399757113436,1.337694479769032,2.1028510414702506,2.075968631444978,2.1240562414929527,40.89165704056289,27.97710714933324,16.976607809915798,7.860195642976834,14.683199817862524,3.8295214640177786,2.931143150308015,4.381685720648756,2.880708567724559,3.690224538246627,4.792538826463408,8.063426409581442,3.6606671918149702,4.104108154618667,4.509635983577271,4.461588197925258,7.400868982170012,3.122891970638176,2.5924191253522504,2.7211792066675677,6.358900524189899,18.84739581851175,20.25845607528343,50.50412426922705,33.429896907080305,2.3702874767434774,6.092684024139009,2.738533026796546,5.809280132677068,0.8736952579828401,1.143531070007895,12.605910243625226,8.592905158912064,2.3052764570059208,12.107657971509346,19.589249269279875,25.23128930648823,25.767229115771457,9.070100863589868,27.20603287083804,33.50586076438357,31.660799495503213,15.325120529776004,25.78798022319077,28.92745721977944,29.792753692739787,28.39563102873107,22.800667020694963,26.8119822458415,25.18640473039539,23.64715049083013,17.157911729309273,14.31243418186833,4.040311342700737,12.34140041973098,5.388367903300344,4.335170306158189,8.254435925272134,7.7349426804292705,6.128555173443562,5.501807984263669,5.220762078854881,9.02068002625135,5.980543195236508,14.373011855859916,1.4702355618346064,1.6583313534608175,1.6105205265555131,3.6723545531834914,5.315580614295077,7.34549363312522,36.752763629285646
1984-05-01,14.41128601316413,1.7838066665162684,13.014875976412364,10.822110218119548,8.721434344295151,13.015680235307668,43.94533272909042,18.453516334215948,13.384092677009347,16.729572214642477,10.67023960051746,6.623670370661763,13.019076495452545,12.738430813350856,1.92759695642118,8.300112702415237,0.6622188598326699,6.577126950032924,0.5219011189985148,3.060100154827401,0.0784628615832909,6.0325969736799685,2.6534094358482503,0.2142138160682997,0.0645677801203508,1.891019552112197,0.6507588832544949,4.391781995519389,0.0460362624088839,0.0363733724561383,0.1021399277159566,0.1033764340548904,4.369240131436307,0.0,0.0025550024978232,0.0028541024078766,0.0023693887301085,0.0183136648053621,0.0322298870921934,0.0417208258526155,0.0016806619695216,0.0329776216250278,0.0001490016999135,5.540590566758749e-05,0.1742033283115541,0.0003138370111203,0.0897954019725569,0.2791995344304697,0.0206468460145366,0.0005299106597009,0.0707589427034653,0.5493204713719291,0.5135453303296621,0.0300158903373367,0.0010265610969948,0.0019803311151978,0.0040635229706423,0.1085901386630997,0.1588834307755845,0.5641137717164997,0.0065461092370753,0.290584025099233,0.0557006159417993,1.8672650167525255,0.0342191949813525,1.6916505531841888,8.770546136139542e-07,1.027067063754366e-05,0.0067734913330717,0.0181767872017683,0.0172918997885889,8.713577482158121e-06,0.0,0.0,0.0001106770853666,0.0106820312364902,0.0,0.0264596419740328,0.0,0.0,0.0,0.0,0.0,0.0,0.0,0.0,0.0387618264775981,0.0351317951474474,0.034335169507093,0.0194773486999373,0.0001847490947823,0.015902193166765,0.0030999671750086,0.0018835960286703,0.0093200188838634,0.0085858922277804,0.0062355106772973,0.0054827642671475,0.0084590688928522,0.0,0.0082288111207587,0.0297461973957103,7.527179772220725e-05,0.0001587350471719,0.0009091071870647,0.0566877165536019,0.04826256601216,0.0411097257400797,0.0
1984-06-01,2.104703682381788,0.0640279882003685,3.3553047996855785,2.1380996983627902,2.197642997823942,3.963367342622933,15.963249518506448,6.050261828884562,0.0,5.786491958175278,2.690628059270624,1.5043993890055702,5.612049028753612,0.0,0.0,2.118462272910488,0.0,1.7461294751436782,0.0,0.0,0.0,0.0,0.0,0.0,0.0,0.0,0.0,0.0,0.0,0.0,0.0,0.0,0.3464510637647909,0.0,0.0,0.0,0.0,0.0,0.0,0.0,0.0,0.0,0.0,0.0,0.0,0.0,0.0,0.0,0.0,0.0,0.0,0.0,0.0,0.0,0.0,0.0,0.0,0.0,0.0,0.0,0.0,0.0,0.0,0.0,0.0,0.0,0.0,0.0,0.0,0.0,0.0,0.0,0.0,0.0,0.0,0.0,0.0,0.0,0.0,0.0,0.0,0.0,0.0,0.0,0.0,0.0,0.0,0.0,0.0,0.0,0.0,0.0,0.0,0.0,0.0,0.0,0.0,0.0,0.0,0.0,0.0,0.0,0.0,0.0,0.0,0.0,0.0,0.0,0.0
1984-07-01,0.0,0.0,1.5529463939040023e-06,0.0,1.0138581599872604e-06,0.0647406293812943,0.4432315441729476,0.1323056273728074,0.0,0.0466952238479351,0.0217125471576387,0.0121399658509395,0.3996916285815243,0.0,0.0,0.1507005886633253,0.0,0.0250428236714874,0.0,0.0,0.0,0.0,0.0,0.0,0.0,0.0,0.0,0.0,0.0,0.0,0.0,0.0,0.0,0.0,0.0,0.0,0.0,0.0,0.0,0.0,0.0,0.0,0.0,0.0,0.0,0.0,0.0,0.0,0.0,0.0,0.0,0.0,0.0,0.0,0.0,0.0,0.0,0.0,0.0,0.0,0.0,0.0,0.0,0.0,0.0,0.0,0.0,0.0,0.0,0.0,0.0,0.0,0.0,0.0,0.0,0.0,0.0,0.0,0.0,0.0,0.0,0.0,0.0,0.0,0.0,0.0,0.0,0.0,0.0,0.0,0.0,0.0,0.0,0.0,0.0,0.0,0.0,0.0,0.0,0.0,0.0,0.0,0.0,0.0,0.0,0.0,0.0,0.0,0.0
1984-08-01,0.0001658856668583,1.3735457550592672e-06,0.0037276290622688,0.0,0.0024337759062231,0.1379839249871992,0.9127476441590788,0.279719897120076,0.0,0.0846948082780688,0.0393817582871711,0.0220192130055094,0.3468090627169364,0.0,0.0,0.1307616326383935,0.0,0.0522957475138893,0.0,0.0,0.0,0.0,0.0,0.0,0.0,0.0,0.0,0.0,0.0,0.0,0.0,0.0,0.0,0.0,0.0,0.0,0.0,0.0,0.0,0.0,0.0,0.0,0.0,0.0,0.0,0.0,0.0,0.0,0.0,0.0,0.0,0.0,0.0,0.0,0.0,0.0,0.0,0.0,0.0,0.0,0.0,0.0,0.0,0.0,0.0,0.0,0.0,0.0,0.0,0.0,0.0,0.0,0.0,0.0,0.0,0.0,0.0,0.0,0.0,0.0,0.0,0.0,0.0,0.0,0.0,0.0,0.0,0.0,0.0,0.0,0.0,0.0,0.0,0.0,0.0,0.0,0.0,0.0,0.0,0.0,0.0,0.0,0.0,0.0,0.0,0.0,0.0,0.0,0.0
1984-09-01,26.3279715512785,11.112869667683158,23.371225013962817,23.527217892627604,17.214091182120626,22.909659819733257,61.40395405650445,30.461191260584965,15.581052255352002,47.10841429847268,26.534272756732705,17.656883715119314,25.683456721375983,12.299738156987924,4.844217084485463,16.280317422025924,7.770598594722012,16.31661488637024,7.341126091307919,12.684396713862766,3.741755549228006,15.070658612632371,9.156932600259012,7.126781439273312,7.493259386689617,4.31889431354664,6.779949882533506,3.485206629371639,10.431445977184495,10.559711597642345,4.190598034567536,4.656230063967783,17.65188713081619,0.7981728531021116,1.0853888732000303,1.0983377200769848,1.0568243630679457,21.304626090863163,14.312361941437857,11.248665793534286,13.461257835082368,11.094129308136315,5.909070982898694,3.202204594885023,1.0234658871805653,0.9506911759321192,0.9566615021296812,0.9076452219302136,5.813697097208787,6.646501066367042,0.5428071168375557,0.5129279596420582,0.5120002597059301,5.311935854047149,8.107412081782206,9.457499971248176,9.108157946148674,4.370676450439585,7.496853573926873,5.604305856342963,17.304665094793737,8.375105557752118,0.1118904431663793,0.1454111724258027,0.0166002189036344,0.1286681917783532,0.8641443337837473,0.0429609126121407,0.0430363186639885,0.0259970484759351,0.2598079279771881,0.0027714422990533,6.583236463873494e-06,2.1394613542179198e-06,0.0,0.1605859043094093,0.0,0.0,0.0,0.0,0.0164651459130553,0.0091559288158794,0.0,0.005210205461645,0.0,0.0040157854224801,16.745422737457176,16.220525421243433,20.77691726576153,14.516157874946591,3.1172650934839434,12.307448538014112,3.508047650313796,2.74167221665484,7.9249473334383795,7.456214877606604,6.023062285093326,5.540903916245173,5.136063484986906,1.3412750365674009,4.543380175069377,0.6485788616848308,1.727563591562395,1.730584920564856,1.4652908677586032,0.9123233109041649,0.8040258346836199,0.7535888572904001,0.0011910628779093
1984-10-01,52.29462289299517,35.554517661512705,53.93411060313977,54.345724581947096,46.66134999413608,42.15007263226339,44.260647933422014,38.91908643445068,40.11304730667701,35.90194813390802,33.83481431211501,33.21666107748831,43.58245685075949,43.49006416659576,39.26604150029281,45.76806734979249,31.878008234005684,38.40326929425111,46.69086259708372,56.24497491368877,14.666972928951928,41.10785072069291,46.23171607996204,53.34806465819028,51.00855833593526,72.41981871249193,45.75678370307604,72.31215808290968,18.46754731899037,20.327538632558067,13.24864305841001,13.751737888460893,40.78170133037142,6.670558801332131,8.019272998105917,8.04281759954036,7.892856854028755,36.96271077038634,21.50432424044928,14.707333412006848,7.372303481785294,12.867670465656383,4.269538980873566,5.097842158503331,15.527504090509913,10.542162446825175,13.27845736848658,19.687058133168645,10.112939733315352,9.183310429697006,17.508393232721623,18.63404175565263,18.439665738775936,10.720222917231164,11.549400548132716,12.784137094825292,15.00056197567237,12.486874775501134,50.256403106945385,58.47170859537905,33.90778158014754,23.513495131358003,2.062785246900792,5.795232531084564,0.6036700524562357,5.165834318885542,8.675201102413515,0.833881988815726,1.7838937141421756,0.9797410083453092,2.714714318327032,0.1239943388578305,0.0046289694630605,0.0018139086197445,0.0,1.6862761166933316,0.0,3.921615740456019e-06,0.0,0.0,0.3229605009050562,0.1798064919284166,7.186918482484386e-05,0.1023390295592226,0.0,0.0788781912882431,23.571991663900004,21.657951522441905,17.342146404234448,13.514228245927946,3.324781866698782,11.592644937557743,4.711960736832397,4.365982956579953,9.067654223935262,8.70602273566348,6.444335719834671,5.784942884129372,5.278187765379336,0.4837563319564397,4.6007847186946655,0.9204096871967112,12.19882853171318,8.971553278130477,8.466737977962838,5.665191204123136,5.180591022408029,4.594566176282952,0.0780630501511893
1984-11-01,27.71982747883535,19.08004170688184,33.738600630448225,34.77129609416989,28.391443982708324,24.702194499025108,31.54269703089333,22.07552238343144,17.89649367017794,14.741209946736424,16.99471704424243,17.28829010291165,25.46861327917171,20.39914486916487,27.31903006536568,26.349319415825526,20.13717475778773,19.47258483986059,17.330277854295375,24.883838435341197,28.18496363539515,40.435095292612615,30.06154005335661,21.29455759364112,31.96432964999024,28.04796049581181,27.1720199494943,35.84548375872688,24.365258267696152,24.604279028214407,9.912703411262733,11.77570014132655,23.66751512819649,2.6368308886135634,3.7541309762948,3.660134687953242,3.8674150961285663,13.108316956703648,14.833955655215236,16.697280162593636,7.844604406101731,14.57364452642959,5.805698457290831,6.5328066860741725,6.278918425615667,5.535443155092829,6.046566882634341,7.266427689728699,9.280784621930325,9.206594247667288,8.18179599551488,9.206601537456145,9.186072939007484,9.15661217770921,12.526509305971883,15.489037770459865,17.620908211543018,9.653737741945314,23.05220464744008,26.570880708173608,14.997087600590186,22.1230769544346,2.487687040047254,6.390159952193957,1.8057239778617888,5.87693425904896,2.004981229786044,1.5328234183459233,2.31518086588417,1.764294019381942,1.677289280790958,5.116409912482907,15.606227497319464,16.422389557221962,16.16575940473527,5.795710576529549,14.40801548367485,15.635599774931787,15.235299546293646,7.774818225397762,10.648236892184574,12.216613835241462,14.948043633191938,12.641115216353752,12.583498080681297,12.41419235186142,12.081082286971457,11.858140142292084,8.896436659293961,8.305587231977762,4.639601608844846,7.562525615550346,3.996739569054831,3.659860906624016,5.935742320665251,5.817639517091115,5.278649728581413,5.073786474575437,4.897434411832844,5.646864141588568,4.813009735822111,3.053030964877976,2.888946575203254,3.590397608983372,3.121400379113536,2.571325592519896,2.5130275117252285,2.573904634669359,17.964753550854937
1984-12-01,23.299309697162595,16.444605956473673,34.86526385934033,39.71504418882203,29.58052765781747,27.33814482373186,34.99551281282057,25.514385115726697,32.36810372326656,23.406950339263865,24.52662398206568,23.86187805944197,28.290235994959144,33.48703096534381,25.459235724340985,24.933491231024743,24.98078635870126,25.25672381441678,20.863634207210104,21.96063639386672,23.949628724047894,19.28141488040137,21.292535457621376,19.511801382927896,18.34352676584388,19.387220518782755,20.716413945051197,20.700396296099584,27.29510913619,27.31581630889765,24.04148560518838,24.492462755226597,29.123216087132903,17.458336639479338,17.578236007327074,17.6389454723945,17.62124142003435,29.939367102313795,28.792178357958573,27.55548040813875,25.343532839305485,26.899630418619,22.857356354842956,22.23302990226887,19.98795494856175,17.841965364088956,19.06686149095911,21.121323532638343,22.583444686519705,24.73163988454273,21.691704542197307,24.005340843220488,23.92455168032483,22.63779170524128,26.35217820351806,27.290402388219952,28.330559246219632,23.467872671329932,19.072140060747643,18.635238387728155,27.99446155807153,23.31945986804549,18.2749231070518,19.55281676460231,19.990521424596388,19.62563337929255,19.809894333054636,18.96777840708994,31.654470236837398,30.426839727953254,21.9176659965219,32.798515215063425,37.51499792877952,38.75375622584623,39.3125562772873,27.63867682144492,33.40111541924798,39.01115027420459,36.773753184355286,22.816436293026,33.985038306631886,35.130073463182406,36.37486484578231,34.36997549629592,29.626327291098995,32.971181806264994,29.273727041064397,28.999655141531505,28.175023015776084,26.99537814269459,22.56392739921216,25.892573690082795,20.344812292517293,19.30935735543043,22.91638743376311,22.6763332003178,22.656914656204467,22.654530295848325,22.77816341194331,20.72936598296596,22.510967139637327,23.238096473394545,21.050291766546767,21.534306775611697,21.689913140538067,23.989252385400142,24.67906230409183,24.922257854785663,36.742273679367536
1985-01-01,10.83236831939747,7.454646335167436,12.056968289442851,12.9572110859295,10.8976088793032,9.593541971899423,11.431313102941036,8.658318679095471,8.289612780746664,8.136367505614611,7.433345679240258,6.3940926586198135,12.998397684000428,9.470003308402797,8.862338110297253,11.756142644027278,9.63394099249152,8.523370425780007,14.97722156989696,17.2714549952157,15.706055263861789,18.53378974514377,16.65889866352537,14.382747368650843,18.381236624605304,16.42756183335058,15.304994475850904,19.14915744601016,13.671827816672533,14.2477554631316,13.069718064543531,13.2676102949102,11.881449774384503,12.084197539579648,12.197484966835036,12.207636628771104,12.177522146932125,12.486136620066633,12.242667632261131,12.144751063568023,12.29957618366953,12.131143592319752,11.94273043739216,12.647784701755633,14.733084965571733,12.73624255475923,13.80269457108335,15.592742547430056,12.275367204129434,12.557905729813664,14.347066613751828,15.115812621873042,15.014452457736366,12.513904020273309,12.600692727185352,12.040152953344007,12.563771247294431,13.008848649617548,15.62191525425021,15.940736243292898,12.382998133205936,13.17010814851274,12.877780405750784,13.220896604682473,14.66188916618736,13.354875053741084,12.841831125347577,16.023490627691853,19.383139537000663,19.9886590500182,16.769025892929587,20.229812849579982,21.69809664119618,22.322487404087763,24.997997748912518,18.847661334844243,23.577411805796828,26.99039685341264,25.02992810398668,21.0520710746062,19.16030460702653,20.213779126522557,21.97273253090133,20.887322077730303,22.329161577142244,21.118668277053768,12.062716692608369,12.151771272938529,11.738331613295404,11.780298582408154,11.278070097052565,11.64979697346574,11.426069651456917,11.057246702885132,11.79146478432197,12.069314620316575,12.91298372246105,13.635457312910656,14.428038729969838,22.773862459463725,15.502964966994208,20.332948772855865,13.212784737889198,15.71989166935802,16.43438686073037,19.31798038475553,19.25556375430067,19.19632526990096,20.56624350250189
1985-02-01,21.6341923020484,16.44371793756677,26.32577466704991,29.647991266779695,22.26318980525527,22.270691741638604,31.690281568639456,22.87579305456704,19.22990937929753,22.91537668908952,21.10720594825861,21.02612488292056,21.5494576588502,17.894506231479703,15.48910766147578,19.050498063045143,17.870895021940477,20.302112404692583,17.96299613017907,17.853082531820192,20.16256471451417,16.63606457238363,16.739655565936513,15.823982801624997,12.682289193972972,16.72274580011879,14.814328571381647,17.054086949855257,16.244688481846357,18.02214394106945,17.085432006454774,17.50765135341522,21.2445758155933,15.037497797079189,15.422397181078573,15.286699095208109,15.47745233512059,11.253456738350572,11.497892610177354,12.458837106308156,11.523582324380316,12.263156320277826,12.912677551247755,14.177949536344602,19.26637802213272,16.47322072926364,17.913801339752148,19.666410078556904,13.979174000714613,13.579482572624563,17.936211197804287,22.497486008487503,22.18725098581746,14.364684592263757,14.457554192502634,14.83856650453518,17.011329625729623,16.209487632302864,14.911788330469138,15.820902756518173,11.014974741728228,14.40915409508118,12.723019015532715,16.954847409904257,11.06373502168636,16.31981887333257,11.71888889143615,10.599254343246466,5.856470634585997,6.560238088247354,10.1631944436587,7.410950021597947,9.437534962552537,10.654072730611372,13.416901798931685,10.176135308234642,13.52285702466439,16.947639436494715,14.354337872439585,14.680969107567408,6.7715701847990575,8.482540570179285,11.273267513904406,9.638599489596176,12.809838010185285,10.360595291700804,11.658616894844922,11.678224120843629,11.082590828917038,10.751176831503644,10.33527017668541,10.60087767615617,8.808698143700479,8.73167341352971,10.305038597255086,10.274097534925785,9.263583101925056,8.942950628713444,8.556877268735796,4.429559188885903,7.967844343091492,4.283959860829144,11.583306068156183,9.81851800795881,9.244390454673104,7.428893731107407,7.084441150322631,6.678149885641162,7.358355461496895
1985-03-01,32.263357374870075,18.8832737826454,36.4977302817277,36.12186591036092,30.012664264496127,24.775691916333187,25.08572542712803,20.665163329021304,5.802068713649614,12.619363284079403,10.998928837017898,11.825948943406278,8.363458709554104,5.803158251658537,9.481697775451428,11.77702255806166,28.987492994741377,20.52952269188645,28.63198221426852,23.781791505170855,12.396288397535942,17.662629564095823,20.45063353071528,24.077098601571485,25.442748336190576,19.300222947536422,21.592653565526263,17.973882130148862,27.304130356648862,29.16335951398389,37.95271121658245,35.99607056078325,30.470945125354916,54.632399185813085,52.42731344631025,52.77892246475708,52.05538664790478,33.53800036028103,29.57078716931945,28.384527857355717,36.0800097999626,30.962998564117456,45.41026494898647,44.28434133552477,50.40774475326191,48.87811075260155,49.46877111402836,46.70989509741465,40.94329973634336,38.82920372012519,40.60757585727285,38.46276657861096,38.34990941050638,40.93995566286835,35.978283672147256,33.85946707306071,31.62441664014049,39.34995771816946,24.39705161867483,20.91300303239637,30.505421621556685,23.1875183409992,54.05113985971887,54.69562487939406,59.664178900085226,55.3300869207297,67.54417840619159,57.8183460305309,66.61318930615715,68.08873275334068,64.44197314530741,64.59417727640039,61.84180554119679,55.83054333885356,55.920443199474505,62.6785903484602,49.64886874783655,58.23868945170216,52.08530007744341,37.86360367388356,54.97076027814162,51.65660364983043,48.50860809321028,48.97693529197747,45.49679159694384,47.70413878447508,34.066606681460186,33.84192355224623,37.782085658964384,38.54017047838484,45.34210587041777,39.81668375988637,47.06670474885128,48.10090973067555,44.65047467324789,45.392691140489966,48.08873934651497,49.20450672692299,49.84698375742918,53.467196941643415,48.81010937837217,37.43535955485829,68.6294302252944,65.3233892325787,68.33914934634196,66.10368907825888,63.808087255300045,60.14683236887503,42.639916579563874
1985-04-01,59.18211267243001,40.77588380233436,44.83107782230233,38.05334045356989,43.05630421353267,47.9199413066532,80.94157479427422,54.064020385775606,47.36749295688462,63.66817671039112,55.51774943472333,44.200794384105535,51.47796928585768,46.24938238508293,44.174778087568896,38.30825209648959,23.686709902022915,35.290635877355584,8.04356110186356,6.0443926140570365,9.340250510534734,9.477878992351314,5.525803168661457,7.648665155274405,5.501530957539853,6.434581093589862,3.914302221493517,7.622785601033684,2.0254191515362474,2.5420945460899467,1.5653830600679282,1.7502279115675314,30.637440322512703,0.2489686460379196,0.2923287686106537,0.3092781705363995,0.2804096658273192,1.015701599859778,0.7521645838842077,0.7951997077848646,0.8246799803832328,0.9716823204559516,1.3630969767694232,0.386710311238926,0.5516249576668547,0.2659671550021336,0.4169749552318901,0.9509446727808872,0.6471023945426986,1.122508313097599,0.7557160110828873,4.466935122069497,4.202743539788751,0.6707142947811665,1.0134752419661943,0.818026003754727,0.6621970798536811,1.3466584791727674,7.435347304012158,5.697059717949351,1.461311948985648,1.6080785655123642,0.3439007342555018,1.7894003371526954,0.3388327990690934,1.6183332616851576,1.1879399966810351,0.5475231833938643,12.421004101198283,9.018792621104168,2.299157255256702,12.208422179238738,15.21029606952596,10.606039258485913,10.231922350634337,5.52271202561038,0.8322018659185724,7.806787793281059,2.051207183415148,0.6368983916037472,17.401666139188677,11.775302316800945,4.182825348869279,7.960739557069351,0.6281144068887545,6.273734442168407,0.5508827187617216,0.535779419083341,0.5467221694201885,0.7844478733606757,2.0400981375357627,0.9373496028951652,1.771630504251335,1.4614962710486248,0.9671814689650212,0.9375400642401313,1.6372080892234289,1.61467328697694,2.26252141962702,14.957111275122577,3.586593074175398,11.826605581530332,2.1244530846475764,2.2545180827581053,2.419058520258305,4.758576948999026,6.359124759181258,7.689154040314332,9.456382849543251
1985-05-01,4.842462373040743,1.3279507023775423,5.444236959308955,8.2192690770354,4.147134520733392,6.012218789683657,20.234377221463863,7.944792681080489,0.0064736628539506,3.852307476988773,1.793128838321845,1.258779224143831,3.629421028867637,0.0064483843812298,1.960404637472899,1.9538439983100453,4.574890270916059,3.125183741317673,0.1458159938998894,0.2062100381062951,0.0,0.1121958060292582,0.0904055023072344,0.0075525947343929,0.011965618797787,0.005567056930071,0.004853022687512,9.85228723670987e-07,0.0,0.0,0.0,0.0,5.107446985264012,0.0,0.0,0.0,0.0,0.0,0.0,0.0,0.0,0.0,0.0,0.0,0.0,0.0,0.0,0.0,0.0,0.0,0.0,0.0,0.0,0.0,0.0,0.0,0.0,0.0,0.0558233920700314,0.0131229986451525,0.0,0.0,0.0,0.0,0.0,0.0,0.0,0.0,0.0,0.0,0.0,0.0,0.0,0.0,0.0,0.0,0.0,0.0,0.0,0.0,0.0,0.0,0.0,0.0,0.0,0.0,0.0,0.0,0.0,0.0,0.0,0.0,0.0,0.0,0.0,0.0,0.0,0.0,0.0,0.0,0.0,0.0,0.0,0.0,0.0,0.0,0.0,0.0,0.0
1985-06-01,3.027854148362325,0.1008997309630882,3.92355148668106,2.624232698852368,2.572715065685973,3.83187183162313,14.491178280845263,5.431754616262307,0.0,4.462917892107752,2.07518686511969,1.160282920172158,7.938111605328334,0.0,0.0,3.0045098991122163,0.0,1.6062995199898311,0.0,1.5229755782251768,0.0,4.089357869269341,1.089534522303351,0.0,0.0,0.0100875814666492,0.003676504407768,0.0474601670691514,0.0,0.0,0.0,0.0,1.3339879265256545,0.0,0.0,0.0,0.0,0.0,0.0,0.0,0.0,0.0,0.0,0.0,0.0,0.0,0.0,0.0,0.0,0.0,0.0,0.0,0.0,0.0,0.0,0.0,0.0,0.0,0.0,0.0021352376975102,0.0,0.0,0.0,0.0,0.0,0.0,0.0,0.0,0.0,0.0,0.0,0.0,0.0,0.0,0.0,0.0,0.0,0.0,0.0,0.0,0.0,0.0,0.0,0.0,0.0,0.0,0.0,0.0,0.0,0.0,0.0,0.0,0.0,0.0,0.0,0.0,0.0,0.0,0.0,0.0,0.0,0.0,0.0,0.0,0.0,0.0,0.0,0.0,0.0
1985-07-01,0.0,0.0,0.0,0.0,0.0,0.0008626253243902,0.0059526485587367,0.0017628960584613,0.0,0.0074044600048077,0.0034429578398593,0.0019250339584138,0.0160141012449925,0.0,0.0,0.0060379910710144,0.0,0.0008271464389759,0.0,0.0,0.0,0.0,0.0,0.0,0.0,0.0,0.0,0.0,0.0,0.0,0.0,0.0,0.0,0.0,0.0,0.0,0.0,0.0,0.0,0.0,0.0,0.0,0.0,0.0,0.0,0.0,0.0,0.0,0.0,0.0,0.0,0.0,0.0,0.0,0.0,0.0,0.0,0.0,0.0,0.0,0.0,0.0,0.0,0.0,0.0,0.0,0.0,0.0,0.0,0.0,0.0,0.0,0.0,0.0,0.0,0.0,0.0,0.0,0.0,0.0,0.0,0.0,0.0,0.0,0.0,0.0,0.0,0.0,0.0,0.0,0.0,0.0,0.0,0.0,0.0,0.0,0.0,0.0,0.0,0.0,0.0,0.0,0.0,0.0,0.0,0.0,0.0,0.0,0.0
1985-08-01,0.8285424447677004,0.0120216392694384,0.3423710789112621,0.0002827588919579,0.2248529186401234,4.580187095316889,26.09459691582321,9.150565639627942,0.0,8.320557940632469,3.8689290204962896,2.163208506126485,6.840596994582645,0.0,0.0,2.5791933585166755,0.0,2.136730688837781,0.0,0.0,0.0,0.0,0.0,0.0,0.0,0.0,0.0,0.0,0.0,0.0,0.0,0.0,0.0,0.0,0.0,0.0,0.0,0.0,0.0,0.0,0.0,0.0,0.0,0.0,0.0,0.0,0.0,0.0,0.0,0.0,0.0,0.0,0.0,0.0,0.0,0.0,0.0,0.0,0.0,0.0,0.0,0.0,0.0,0.0,0.0,0.0,0.0,0.0,0.0,0.0,0.0,0.0,0.0,0.0,0.0,0.0,0.0,0.0,0.0,0.0,0.0,0.0,0.0,0.0,0.0,0.0,0.0,0.0,0.0,0.0,0.0,0.0,0.0,0.0,0.0,0.0,0.0,0.0,0.0,0.0,0.0,0.0,0.0,0.0,0.0,0.0,0.0,0.0,0.0
1985-09-01,47.129231045816766,20.14929634731912,53.18816513998454,57.33208775367586,39.89056779211672,32.98617157062735,49.25638697464128,29.04909898783788,6.881244019955009,24.632591086731004,14.604191580946203,10.518101156765043,16.778091669213076,5.15151646204154,2.109498394059808,7.876904706206899,15.17250457816185,16.55864478541519,5.746917710267892,4.051812913551553,0.2770090414328701,4.537552306448216,3.217858040819627,1.646339878504929,0.6853466706013519,2.981687470190672,0.9816132685724308,3.911863559634328,0.0524793274645158,0.038940668920127,0.1704202371510463,0.157252718250097,51.92828345572236,0.4480689505854383,0.5432523075365194,0.5434304315906622,0.5676390652332854,0.2219380754993498,0.1481961422726005,0.0766103172645629,0.0213727654194505,0.0669855397204109,0.0617344696548406,0.1119891227001516,0.2538177193649406,0.2988474940506118,0.2846116634171146,0.4270580955136395,0.2702510452604564,0.0145060882730954,0.201523477388881,0.0702738259451285,0.069851653211381,0.2550002918841919,0.0071113343893689,0.0120928181340455,0.0179474409854693,0.1907501760365637,1.4229596843495873,1.5389755387535666,0.0741653512581022,0.2075901086472124,0.0231556909749929,0.0892051556264969,0.0028443378405283,0.0784375299207286,1.7811168765116503,0.0013459469055939,1.4639104421765672,0.8765699704637842,0.5943287068860937,0.2008196193853961,0.6215044720971284,3.061218992018527,3.825131410268204,1.154655115779546,1.0777225905095238,1.013694396224583,2.3843191930425407,3.683162941496396e-07,1.750862642508366,4.051586001779068,5.569527259424483,4.416045859906228,1.236742237688888,3.610559680514532,0.3105892635203399,0.2823204727997766,0.3207276392361529,0.2014902564133146,0.0563627681405376,0.1735075391189033,0.16470731007481,0.1019594915142389,0.3154577544818858,0.3444357346943969,0.2581298108835471,0.2497805751256182,0.2467713969608465,2.6670740876093766,0.5598987996825738,1.1899253217792514,2.5541489901336885,1.9066687493507777,1.970387303577762,1.7410182577957731,1.7073113232229855,1.588294486623367,6.181764401401265
1985-10-01,32.616335613868635,18.02049836672368,42.487205951029686,48.44241631501276,32.987256785701625,32.12165542551254,69.72991451876241,33.72217986051653,7.724211693162795,26.78371349499836,15.410027304782153,10.67068772893582,26.908927361971926,6.706760640355274,6.922107299614814,13.83269871703322,19.751147195203448,16.83613293767188,13.482000321245843,7.844263643887392,16.802645511172997,6.807529894071065,14.47146855692246,22.84000012265381,27.65533704152161,15.64562695857371,23.402015190439744,16.43266030686688,34.624325756858966,35.31338062674123,14.994592617524376,16.963563294761574,36.1282534310444,0.2157663729603611,0.1519939483253795,0.1640452726468208,0.1428288219632578,33.40522344496036,34.64988056841532,34.643514920213136,22.16568285006901,30.186206871136907,4.018935737268159,1.7271898541827588,0.4086973656456901,0.0628904166605173,0.2421645902025893,0.7379681658391283,13.93293477200758,20.743469978875936,1.4318351796444024,8.174819893201297,7.829016348890943,13.061794426924171,35.27485130385458,39.56495218578487,38.50464193669007,13.731245865175485,24.46942485216465,19.589686498093,35.1761855067442,28.49830736582641,0.2843344880044293,1.2834209717708975,1.2140865865653838,1.248390651372133,0.6711521627532078,0.7337760641591026,2.455365515705225,2.1654953790046103,1.065217277404786,0.9143026850096264,0.0645439773615564,0.033578966802849,0.0401352401393124,0.7883765732006891,0.0,0.0002899412285544,5.490959237162444e-05,0.0,0.3871734957254855,0.2153078356005171,4.641550541173842e-05,0.1225342014241364,0.0,0.0944436958305525,33.41044797796109,33.104379897326645,27.75687415097249,20.384487726756845,1.1647941976749678,16.730317125646987,0.7295347240040508,0.5174792485044701,9.594008731670584,8.86254396335521,6.730489266590281,6.049871471104693,5.669204659829625,2.75940323811691,5.217167894518792,2.1288352821127483,0.722451306146475,0.8566003817400131,0.9380840314089934,1.495214180916086,1.6060134092567615,1.6268263023473308,0.0005876501378183
1985-11-01,46.77553067826941,33.86636600232815,54.30372365265603,57.75099680273051,48.175544003270986,38.301622452918295,32.46715055719315,29.60393366199021,23.20475014662158,26.00324662940169,21.323989005451292,20.18460357060415,21.074364384919583,20.690976204372756,13.474224872621594,16.65636111314875,39.55874758386032,28.457427386981355,28.516281679827227,26.71702276317038,36.75394006816183,26.760327013049128,30.64542904862089,25.56722064512221,34.216203084576485,30.398892119724923,36.71899114882676,30.237412263201165,48.69350631176401,49.474936621257775,50.71555205459124,50.54454751564248,52.00765568373339,43.45292438342378,47.62948898693069,47.35727270998163,47.9831590372918,47.737538369632965,49.562998811246985,49.689565295437845,49.33877934694145,49.66034774584119,51.34034998917178,52.50481753405366,46.08177616634433,49.55473801390213,47.93921113081312,48.05431149537812,49.581641628931486,52.38087664103575,51.7125242604838,51.1806115534201,51.320544469289125,49.86313702731825,54.00624636068471,53.55551636444264,53.586841434624745,50.53742150838884,27.424816385204966,29.053061929252983,49.22008287896805,47.35755894216987,37.654829827775,43.83610008696554,35.8675706211266,42.89360564135105,49.63201613230586,37.391699955956526,52.9048007090425,49.549756179830894,43.57314830929872,49.64791121599247,53.88253236486708,55.31246794405843,53.27799107846287,46.81490492274574,50.61586093582658,55.575236010899225,54.85133073065722,29.52590325684149,55.03390979404657,55.50059604960718,55.24614941711444,53.682162691534046,44.03556747023367,50.88755463356196,49.33517551986829,49.43144849805365,47.51065021064682,47.39807151965739,48.6823105755381,47.65031665946606,47.5565563897773,48.47110859838916,48.541796257837696,48.77428097675542,51.51356906528496,52.28227791583734,53.37850998189697,67.5864484025948,54.12043327885091,52.979508477278586,50.8127633016628,51.43025772429043,51.19741569270097,52.46844857867629,52.55662919665384,52.82665176720162,53.661041712311416
1985-12-01,12.412874302438231,10.916535233863131,13.99122601412942,16.037586000293203,12.814770683204408,11.81338763264343,13.06778984629004,11.079558500647892,18.082354785297785,15.924249757758217,14.871271233829273,12.571286923451009,24.624126674218,19.47840243997835,24.57025349140406,24.80460030278716,32.67941977310869,16.400726206711298,28.797028828630665,20.811435869231,16.411150863680035,21.774918666613328,18.41974525314182,21.073732912826795,16.848580421147688,15.770342664534386,14.742372636679532,16.81436237848147,15.99927020945123,17.14209476940615,21.295273393418444,20.805460773749804,13.718316965785707,24.729650092891465,24.600671396682287,24.5993049262566,24.5197346097949,17.876399883487714,14.431965987518003,13.878118707960176,15.853201906725864,14.650648986104008,19.74835114724578,19.580550017357336,28.26836248013585,25.63513381475568,27.014143103389323,29.10913476421279,19.626138543967823,17.71777434392943,26.58727856669803,26.987918009692745,26.88658626318925,20.18831361455308,16.502297434343983,16.19863909340014,16.239944185345543,21.29699299545084,20.20046721779165,16.62604725596434,16.575931590142503,12.056049360714884,23.050603041503926,29.66054417564362,24.43773731860932,29.21402001471412,20.875370608742323,23.871389350745773,21.63280267946253,22.63576813174767,23.22639505057502,25.342629304502285,27.64950171861029,29.385269874462747,32.61249567974715,25.36892679191694,33.6872612342881,36.28506604177768,35.002718726815104,34.50068131443228,23.8593780019228,25.97377326683872,29.89344487089646,27.728240877958964,32.399295371255974,28.78421578996803,15.197526367840252,15.049205362540423,15.705090775542743,16.524907092839392,20.134725251681736,17.220263528908454,20.291251249519703,20.08565254428955,18.674940315044463,18.751898026333205,19.070624216670417,18.91521876105867,18.919937087715624,18.64517420309718,18.964947094957864,20.03211026527403,19.03672188119733,17.985351820116097,17.74737257385427,17.811043771173416,18.037116877913142,18.332421018577996,26.30741008367062
1986-01-01,14.912041107469951,6.834040349276981,24.976817306939857,26.39108327120904,18.700681861749374,15.047237482879469,25.36761776570477,12.567634574414017,9.327623315143445,8.944477039006008,8.48770380999281,7.072050819451938,17.047317917413682,9.05164515253533,9.277026329463265,16.5051048407108,14.247507603671398,11.279006406476851,15.67425287949872,21.562344336951067,15.711483026565237,22.310343672593437,19.66344009599219,13.680930236368388,14.02324539612236,21.32924624990227,17.357147449537923,21.435989513185703,16.87724694781799,16.461204847975207,20.985240999457297,20.34104700490922,15.875162652705042,23.372990933977825,22.74342969567028,22.8202400825544,22.78453405912884,21.39870242601017,19.443436871193907,18.864059945798523,21.186592872026463,19.49621833345752,23.795190957304246,25.543407876496968,25.111265974239792,23.750041206102857,24.66886441414456,23.569607390713998,21.69471749250132,21.970520823714324,22.002569413311026,20.598170492883764,20.626839587044135,21.80899535173742,20.47102169457915,19.466275399134325,18.481648051785918,21.298789599143028,13.230171588130098,16.87023653046214,18.363729380761416,16.8755877849553,22.22241689825272,24.15063753263193,23.066666944266167,23.993235639212628,26.817773580137672,22.446564972614286,26.696207011272875,26.255830474364885,24.361080435355653,24.66447061290371,23.21979191798745,21.5296366438164,22.50756515624469,23.669397593892384,14.918549897787338,23.88491565423225,19.347424463582342,9.727985848957976,24.1326709376009,20.422656935989497,16.57423179744617,17.76305680226136,11.737005630483091,16.172573001746688,21.450086609733653,21.294323117108608,21.42962604148933,20.703968501524564,20.49741444758252,20.648168521135464,20.665353736200675,21.016582146757838,21.113392295651945,21.162110244846883,21.41987530880525,21.62632226236141,21.934379263330595,21.1128888502672,21.47334799397198,18.848893961657136,25.848266156316555,24.155101771768457,24.60931028996678,24.840102594849903,24.536836404001846,23.951087533828066,18.77690104981872
1986-02-01,39.14382156535971,28.17979096155848,48.13571937481044,51.120608123926345,39.41619354822325,34.33957444082381,48.833604817592246,31.773080480873045,17.935825825822434,25.119556188396917,20.818224061903475,18.43663749410768,21.99499228224667,17.765319952988637,13.482712282996912,15.424252132722714,20.709271657759317,22.890995930908225,20.99941443286291,16.711253665535544,22.51975429166078,16.232440243595537,19.11705944566893,23.50871608030158,22.11966569965258,19.444766112020517,20.824186868027883,20.92030944259061,18.8661975874831,19.660166096971896,21.222867449210508,21.13876346784916,39.54356151019613,27.99782859782439,27.1666035077761,27.277326341929815,26.950181095498795,22.658306404216443,20.489747598702817,19.241825130057745,18.17971254744291,19.304879747009604,20.79883133562343,19.8686821060793,25.09443471940944,25.442636741699083,25.05843937192448,22.41367835957077,22.23533854282282,18.697853111697363,19.01807635185521,20.20364137022904,20.05181663874598,21.806082247446387,19.747401290365342,20.244604304278383,20.038504096994643,21.26729254149031,23.058362703527923,21.053195107366385,22.828742921111253,19.570248681811467,29.70523715919448,27.2257643278975,28.281259143349704,27.480617645017038,25.969287523572174,27.151495270951145,16.477206464965615,17.774466436381914,24.11496694344799,16.157922167089893,14.933727934267742,16.802541103463774,16.97619932177875,21.3518145631982,35.0232430333561,21.227428444798782,28.466342712627167,34.020736292577375,12.449499103786096,15.262445475136866,21.47918380391398,18.71969414631848,33.66002495902506,22.075157465113225,20.029977722851477,19.770264598402704,19.541131369487758,20.49959634939641,22.85778079464458,21.115059933520875,25.69989461547481,26.646811805256007,23.483162492071735,23.4689085321204,22.973620577721327,22.2304276574115,21.20885625470765,8.994124796596951,19.37525985976576,8.448140452362987,25.23801162528588,21.85552537104267,21.24773310695445,17.911768116588977,17.034839818639146,15.83474586367858,9.769873296433834
1986-03-01,13.975279279234233,6.910531195164385,17.13166725768659,17.906971301260246,14.782013476545451,14.93732542092194,28.752310949500245,15.708353190940375,23.65829211593411,16.26955299038491,17.308074568521555,15.093205566257726,29.179013268270825,24.85649731084016,22.66037543519997,25.64902780674909,16.17949862037134,14.820312300770166,11.628702245581442,19.18216008085954,13.996274540892154,30.147634926776277,16.296953422231457,3.603235362755456,7.241153227845269,9.74651870757864,7.3743189125928765,11.947787995211002,8.333031175116476,9.003156097705421,8.916730917796729,8.997289371372476,16.353312452039138,16.084702821398995,14.632269017756258,14.931376696292675,14.326696447683904,5.613626934981114,5.283452000692873,5.928965426759138,5.758030809511686,6.231955499066291,8.647894022512132,6.524203345276904,10.527784896661652,10.429862349036611,10.215620277902037,9.556688621288007,9.228828552917689,5.426486552765124,7.0896620120173015,9.406223578465047,9.203089191838796,8.864620740662158,5.938077487580464,7.007413810897448,8.113594865502645,8.733653629549275,4.042597422127272,5.902992503118292,6.08028505107813,5.870474886214799,23.79632217449725,21.20813728303632,29.62734178259549,22.408050687047425,30.19972174178325,26.017817833504463,50.86161830542115,46.18485470233614,31.049482103373588,41.655407246423216,31.6615639939682,30.59315519796004,28.36377512166272,31.942374629869946,16.635993210986644,14.158280166741593,19.104188256706088,15.681445521800088,39.18313176313952,35.79083978738501,29.437813689784168,32.953231035205604,19.733197332980332,30.04260358160129,4.494057690365229,4.68766530272053,4.713521586889362,6.39209912858359,11.81937388800643,7.578253307139587,12.900977063245312,13.2490333626278,10.68950721257831,11.106255806710031,13.392251445733809,13.853082883499557,14.790550935790655,29.90722712125736,16.741317607269767,29.04898193714593,28.05891979935136,25.637560774621548,28.53848425958015,32.48708029383925,33.65828663837467,33.52972149278,31.486526802951104
1986-04-01,35.13300542969824,16.727902316174212,34.31520421748817,30.62089194017527,27.42288274197756,24.845188647287426,42.916586495906174,23.98839823798444,22.31851633863913,26.249528144438976,18.96305371368808,12.77016064473605,26.676516084829306,23.829724012197996,13.765247317319051,14.999143792972772,17.235330462637588,15.158669060826185,12.923428820184514,12.640586055827796,25.95348547852581,15.646785629070616,17.025432997407123,16.660635776148368,25.26472346462804,14.00627747437566,19.77038595115952,15.080713543751209,16.868328711660084,17.58256245631795,15.380334711115925,15.592559267822775,25.14790734196046,9.319346395151864,18.79551031200684,18.93480371255917,19.035561125240527,41.17950223815624,30.263218837900038,21.23933916896168,22.434691379162157,22.44792681162845,31.55213857264109,27.89624101684621,18.67805812755597,17.20923087800752,18.18308229545409,15.16287744919547,22.168851004873588,18.20486766891138,10.725389128329516,3.7588194527676735,4.030335466467121,21.012086388594486,13.96625235490418,13.894632922646068,12.36659639782496,16.370758463623275,18.7512126503494,16.573402008292323,35.19465758764875,22.19571888571008,12.187965689007257,12.051748782759578,7.83866269190174,11.476915731591784,14.02412862898558,1.3850115134829843,1.3809201405306546,0.8161283705627161,4.289713861199952,0.1411483145797787,0.211246546284987,0.4471174284378407,0.8334023120974994,2.79977919342144,1.7435343009712658,1.7501284105175383,1.9542770259800477,2.2666637552958253,0.256457813301674,0.2581705340906218,0.6212785953762958,0.4584530063483822,1.4310368051570994,0.6941399876061977,33.673721154921324,32.21406541172938,33.84571576970726,34.24312595144522,41.97964613603227,36.01777523645624,49.832416841868834,49.66127035149547,38.12367494214746,37.10033318691572,37.87789661132165,35.84864775923842,34.61029498575282,28.79165510780057,33.09832010642136,12.189049410189392,20.909826127958272,17.800455168889254,15.544761042071798,10.419221008281388,9.242183527622329,8.644884310209893,0.0564074897423475
1986-05-01,39.97944715970251,17.47254283281173,27.00833955650282,25.430199705568636,21.27983295196261,33.023836455840225,81.68769914342005,46.98296019589621,51.18689289152494,57.53870595140037,48.34502662737568,36.19204026759586,34.11365962782061,44.769956592811006,21.836034256750334,24.3869410242881,62.23254889932917,29.317466167317903,31.633767638193564,17.719366140339293,2.057514978706152,9.328162637920707,12.267135021571033,19.058107636457848,14.16051860818026,20.280415091391006,9.5089009734322,18.17413104769497,0.7054826040775753,0.9462226199155536,0.219846725962923,0.4410991842163698,17.592204104749253,0.0,0.0006321079963972,0.0006943126517558,0.0005871909159424,0.0206559711286911,0.0233227467693529,0.1274979193505896,0.0005584377966133,0.1011712897716563,0.000475913456247,0.0006646422301436,0.0354304515017587,0.000909323185679,0.0188091152007071,0.1332450010940495,0.0470568402523255,0.0032903468402122,0.0799452149123515,0.3459091268779084,0.3245765252948618,0.0470891092862347,0.0151151635790194,0.0860577744918857,0.284046184685286,0.1114637988617699,18.691004081770128,18.07747382836896,0.1201409070171536,0.8557203828602093,0.0001226191369871,0.0506109476516427,8.941533863612494e-05,0.0444066516421164,0.0,6.06838896063902e-06,0.0,0.0,6.763463639218492e-06,0.0,0.0,0.0,0.0,4.174468303889241e-06,0.0,7.213464932359691e-05,0.0,0.0,0.0,0.0,0.0,0.0,0.0,0.0,0.0081209800271375,0.0072247133278905,0.0021736512908833,0.007896081401786,0.0101984332302073,0.0072437839429076,0.0017426901594438,0.0010468775783621,0.004257768868541,0.0039107558396439,0.0028358552655302,0.0024918731020234,0.0022484579594466,0.0,0.0019361703450562,0.0,0.0,0.0,0.0,0.0,0.0,0.0,0.0
1986-06-01,1.0737397956606417e-06,0.0,0.0001340191814698,0.0,8.749589893213191e-05,0.1732121156712727,1.1525656099134296,0.3539017012890171,0.0,0.4174020483893468,0.194085409866804,0.1085174498801108,0.4530973260570611,0.0,0.0,0.1708367873525543,0.0,0.0882812092601326,0.0,0.0,0.0,0.0,0.0,0.0,0.0,0.0,0.0,0.0,0.0,0.0,0.0,0.0,0.0,0.0,0.0,0.0,0.0,0.0,0.0,0.0,0.0,0.0,0.0,0.0,0.0,0.0,0.0,0.0,0.0,0.0,0.0,0.0,0.0,0.0,0.0,0.0,0.0,0.0,0.0,0.0,0.0,0.0,0.0,0.0,0.0,0.0,0.0,0.0,0.0,0.0,0.0,0.0,0.0,0.0,0.0,0.0,0.0,0.0,0.0,0.0,0.0,0.0,0.0,0.0,0.0,0.0,0.0,0.0,0.0,0.0,0.0,0.0,0.0,0.0,0.0,0.0,0.0,0.0,0.0,0.0,0.0,0.0,0.0,0.0,0.0,0.0,0.0,0.0,0.0
1986-07-01,0.0142591905858277,0.0001479755621548,0.020200301878784,5.235380940210544e-05,0.0132043876391302,1.3314916184881604,8.64251640407123,2.708776300973864,0.0,2.5411239925066904,1.181582825266792,0.6606491189012333,5.111879410683258,0.0,0.0,1.9273939739490205,0.0,0.6300588940052256,0.0,0.0,0.0,0.0,0.0,0.0,0.0,0.0,0.0,0.0,0.0,0.0,0.0,0.0,0.0,0.0,0.0,0.0,0.0,0.0,0.0,0.0,0.0,0.0,0.0,0.0,0.0,0.0,0.0,0.0,0.0,0.0,0.0,0.0,0.0,0.0,0.0,0.0,0.0,0.0,0.0,0.0,0.0,0.0,0.0,0.0,0.0,0.0,0.0,0.0,0.0,0.0,0.0,0.0,0.0,0.0,0.0,0.0,0.0,0.0,0.0,0.0,0.0,0.0,0.0,0.0,0.0,0.0,0.0,0.0,0.0,0.0,0.0,0.0,0.0,0.0,0.0,0.0,0.0,0.0,0.0,0.0,0.0,0.0,0.0,0.0,0.0,0.0,0.0,0.0,0.0
1986-08-01,0.0,0.0,0.0,0.0,0.0,0.0009697679766519,0.0066919991626807,0.001981857123045,0.0,0.063194221479158,0.0293843224400167,0.0164294252712444,0.2608733191485805,0.0,0.0,0.0983602356190651,0.0,0.0049221386151024,0.0,0.0,0.0,0.0,0.0,0.0,0.0,0.0,0.0,0.0,0.0,0.0,0.0,0.0,0.0,0.0,0.0,0.0,0.0,0.0,0.0,0.0,0.0,0.0,0.0,0.0,0.0,0.0,0.0,0.0,0.0,0.0,0.0,0.0,0.0,0.0,0.0,0.0,0.0,0.0,0.0,0.0,0.0,0.0,0.0,0.0,0.0,0.0,0.0,0.0,0.0,0.0,0.0,0.0,0.0,0.0,0.0,0.0,0.0,0.0,0.0,0.0,0.0,0.0,0.0,0.0,0.0,0.0,0.0,0.0,0.0,0.0,0.0,0.0,0.0,0.0,0.0,0.0,0.0,0.0,0.0,0.0,0.0,0.0,0.0,0.0,0.0,0.0,0.0,0.0,0.0
1986-09-01,39.793802969108405,12.92175086351067,28.812349454678078,22.29932234724201,20.65736852322288,27.36039645931271,74.79993530016527,36.5594270105978,3.881225051948489,32.48658375216688,15.83352100983445,9.42408139184382,19.563687816245277,1.9632650645739027,0.2104309604841066,7.436780492437283,1.5393898821896876,12.093198163938528,0.0490401286998222,0.1126140617637006,0.0,0.5905339682807802,0.131319046124658,0.0,0.0,0.0,0.0,0.0,0.0,0.0,0.0,0.0,16.044369010233023,0.0,0.0,0.0,0.0,0.0,0.0,0.0,0.0,0.0,0.0,0.0,0.0,0.0,0.0,0.0,0.0,0.0,0.0,0.0,0.0,0.0,0.0,0.0,0.0,0.0,0.0,0.0,0.0,0.0,0.0,0.0,0.0,0.0,0.0,0.0,0.0,0.0,0.0,0.0,0.0,0.0,0.0,0.0,0.0,0.0,0.0,0.0,0.0,0.0,0.0,0.0,0.0,0.0,0.0,0.0,0.0,0.0,0.0,0.0,0.0,0.0,0.0,0.0,0.0,0.0,0.0,0.0,0.0,0.0,0.0,0.0,0.0,0.0,0.0,0.0,0.0
1986-10-01,14.901563003038488,8.249094455124153,19.44596150042648,21.59498235932914,15.048084861569825,13.25830456630336,20.07608452717387,12.167715553425754,2.461099765528614,8.250589289448202,5.122243559179103,3.991413296393637,6.649429701462899,1.9865004839968696,1.7767560032431362,3.498688113183053,7.146588497183308,7.204483549638775,4.084083965865217,4.713960270453469,2.3997108858883225,9.548499876719204,4.375303892389491,2.178058860645288,2.074517754436198,3.0395222825841084,1.8423059177803776,3.638852778027846,1.314424544165315,1.453670024326081,0.7407723708262167,0.8115657698499764,15.069776168119931,0.8347006029800417,0.7776932685278942,0.821310424053629,0.7476109343604118,0.8164902599804077,0.6624468121366217,0.7678576022067246,0.3518677182781381,0.6695700654705543,0.2899994265616112,0.2996087885578207,1.3667342248150134,0.3370438457466623,0.8658635046976585,1.8539766253459724,0.6422570550260396,0.5846525680942498,1.2224151415344464,1.2062726249315812,1.1884721123968245,0.6950988616389492,1.0956016463851157,1.3180528545585677,1.0942310069334085,0.7844541369731239,2.148159835537477,2.346411214965128,0.6039847301242272,1.1606157431167283,1.5612472902678682,2.2501562697652147,0.4828169408296507,2.030067565336716,1.6844001553296482,0.5936388542090822,2.6846827753868125,1.9851896671444715,1.2051562875789317,1.1684527084058285,0.3015395231897754,0.1925998407395929,0.0251974052119418,0.8809913102455594,0.1656487544491876,0.0746619557324405,0.1041129390371953,0.1878890627466279,1.5639624789449948,0.9482324246819352,0.140558126973314,0.5906355587276952,0.1375966682520288,0.4862189744431324,0.7061812768633887,0.6759419412493772,0.5899914624476448,0.5317359410262839,0.3988800084651992,0.5276582742017599,0.5979989849564938,0.6060852099705111,0.7245177914966877,0.7851403453332918,0.9449658196307,0.9517444232984204,0.9039341164328836,0.0812227704033364,0.8029444913024626,0.3529076511034375,1.7869059863025043,1.7121189024444805,1.672803872855481,1.5900074137087827,1.630834424166952,1.5327642754898578,0.4695557281146903
1986-11-01,32.184711134474526,22.320301063236062,53.384661280100055,65.97923458566204,42.40978270089361,34.69067117705988,49.219965915435935,29.402259929451677,15.471997014781246,19.24578940535715,17.04305950396607,14.798452567462803,27.189541096967407,16.107896885967758,20.993008151132276,23.86740406590476,19.93854735445179,21.520738083208258,12.680404960575618,16.26545451486619,36.92573513201469,19.44181308418469,24.032296409720317,22.14783712280343,31.481125233249767,22.121857344712907,31.547220989937983,23.860771599327347,51.979761185492265,54.13947444765503,37.13716776541023,39.27209239589316,49.732744093111336,13.947828274398388,18.08662400509762,18.02124846935817,18.252758481458187,55.98441689769072,53.91689995707065,51.25324164056065,46.940608017465486,49.22284503038232,34.530806641354594,30.684333192263026,21.23285353360998,20.05541691287194,20.793152123862427,21.831795598760888,34.17535217405188,42.38372599346312,26.548882929895576,32.090134882277674,32.11400445254416,33.821906173782054,53.63415949848637,59.54880747777276,61.614110393850495,35.62820914686889,24.944751061845857,23.201266941431825,50.89883443385625,41.68667279281886,17.5321930314069,21.042778833076397,15.929618454839895,20.30036766468104,14.52966180434236,14.917708370061703,14.90146899597992,14.33492591424055,14.641325618797357,14.829766922465232,16.74454879343388,18.069245756222955,19.07823716935619,15.565339882266109,21.61091911836464,22.044116511906317,21.82995718650779,16.6533614838805,15.991514739326153,16.79205233053496,18.467846310004216,17.350467817905184,19.791350100438294,17.724726837105862,57.92488631289997,57.21470544434475,55.57910345702267,50.31481897353815,34.46616287349016,47.14760633052695,36.78097145432007,33.152427343215926,37.44141444392167,35.73164405927613,30.900667054007865,28.902021714279478,27.616705095238174,16.468761627286103,26.427662881562465,19.5102051794902,16.776028070699024,17.26561257499098,16.70572982196985,16.60447612274611,16.420811401704942,16.54057182933164,16.24419642023902
1986-12-01,6.6912347950488575,5.240642247722389,9.947247705531796,11.896907334633546,8.173072134139927,7.95128251309356,13.171020348518892,7.938073250524097,6.725749424006271,6.202244213470539,5.426197948341942,5.956791671231403,11.265547636709192,7.136242040832543,9.070475369690982,10.98768423606193,17.024262189257684,9.477738795856016,11.730807905646538,11.839872637299043,12.80899918942321,12.936441413755997,10.899859712895765,7.335320174482512,7.366189282860578,10.582958928030983,8.65822495286154,11.201829842054694,12.109533134494356,12.649070052268232,10.537495031320708,10.973684101895808,8.758007112168197,6.041960434061418,7.162854569832289,7.059253089013023,7.222724779581485,7.866655936178512,8.902025742353775,9.753524585608403,8.201081882595439,9.336724100201614,7.147393820899408,7.537077531825261,10.4932966075608,9.2116533339912,9.96486573959801,11.638367700203949,8.522167809127142,8.94532246274199,12.405617919891297,12.663066037492998,12.698641407486942,8.897908005319572,10.329246945771304,10.87092873701075,12.014752029684958,10.05671993400488,7.319702172751278,8.153332377097199,7.695776646006275,10.535697936356078,6.263146320977542,10.169989895349255,6.321624804258976,9.863248793777622,4.024658739405867,4.712499217553146,4.19525148099606,4.231207149081724,4.576957608520363,6.063222145855168,9.85148194433335,12.300812425325317,14.536935698494007,6.917287101166769,17.622595313396,16.44588206781175,16.47703793568396,18.778165964331663,7.009673416648539,10.40072486514946,14.993981580562645,12.911448004313565,18.19211813715879,14.217841616448307,8.398648599673923,8.479579250141537,7.81402387979272,8.01342403635127,7.80340311386508,7.930136538628817,8.014268233344385,7.268790765641533,7.2776655280329186,7.1196928568918665,6.202516794150933,5.831961699845227,5.463539669161541,1.6881645232792988,5.059668790963811,3.720517257540085,4.782021186986566,4.958362263542677,4.601483069495671,3.943107820111988,3.915984705870497,3.998928101158666,10.737153192381996
1987-01-01,9.42263692114248,6.811085208910325,12.968576949381024,13.771773385695209,11.64244483170758,12.000602966371886,20.0842092536585,12.201850244843714,7.467086271072998,9.029248919215055,7.733090294235363,7.642191331978695,14.316170910630332,8.487900741329288,9.530752420173426,12.331575359122068,14.50658761360472,10.30402200547724,9.832769000114222,11.585665579377393,7.740692684417162,12.149387353035584,10.641531297738425,8.57913772733646,9.944466446610502,11.383814236679015,9.996241727543593,12.5087560929844,8.944859237436644,9.262311158188089,15.81959497806553,15.119614329257086,9.76762478663867,16.44118204477376,15.75542071980331,15.77558114408838,15.69281543653972,13.291708986076006,12.012316624589593,11.220166336056682,14.69748870360744,11.935183907304657,13.707116589830472,13.667410722100614,19.6491396005914,16.745794676449,18.294305649961764,21.00060568710657,13.902195610824736,13.784095893368136,19.703916654071328,20.95960254351039,20.815466890020478,14.437623295597149,13.393497140950656,12.512311112959468,12.494084333511442,15.66027435533222,8.904849770273739,9.867746393591558,11.330180560878375,9.066561720336404,17.03102100554998,17.28990261948092,14.188092701111549,16.862946971262712,16.765119159954885,14.841432078175268,15.521053425777112,15.727611943857516,15.581780051439615,15.222731554152174,15.036750581694724,16.363093820265398,17.393688556474526,15.689191726800445,17.365275692363085,18.26134147725245,18.083628338867648,11.538176336003502,15.2844658670984,16.092058267840166,17.17665901303027,16.102452079369883,16.223586341052343,15.885900905230184,14.172101629035158,14.26554911737031,16.815828694197464,15.895011953656706,14.632726244610517,15.665106455454897,14.730242535770286,13.199123534642982,14.694987888114795,14.647232216533684,13.179216300689529,12.976183289396753,12.645287467581442,8.528081907283312,12.092946276878466,8.77612644860401,16.84055660047666,16.113973183757967,15.911635156907233,13.834231353638646,13.425880266956096,12.787901782554387,14.84937893460284
1987-02-01,30.40718551196585,19.83219851768561,31.608710441115885,26.52369251190416,26.72984959458966,20.14902914412937,19.86999215525812,15.082805648881676,18.856591633320125,13.715781716691348,13.556469953260736,11.313887915761436,16.21212193103391,19.631696375675368,12.574496276882549,12.936016859239556,9.686974921681356,13.645084824248794,14.043338285212386,16.092919085624846,40.769451890939735,18.241739719277906,23.201402263068093,10.2046336349478,16.786962587843348,20.885901456773293,27.17444770266216,25.759752996656378,55.752365809071264,56.53025543585048,37.80703724157436,39.76457351710606,18.12240900945951,15.80599071040685,20.04525957899128,20.28305402294288,20.08900899342402,54.95362300686425,51.11331502069074,52.754715713112304,50.99948742661776,51.58311422956928,41.10497084188702,34.96438641278671,17.131875703704715,17.25263737013581,17.343556425267078,20.65859777572407,36.29884951114278,48.95643145198994,25.926553404983515,27.979015369189508,28.133116849240757,35.9188690053645,57.70541613121325,62.40348772071918,64.73605834838439,36.75515033925829,11.067330062162018,15.814487021256676,45.02183806634092,41.8438208757514,9.79948017418324,12.436844561735994,7.271073945733681,11.693832005368227,21.78346619359733,9.648738265415378,14.47273073569274,13.20303792376273,14.010231693938849,9.161847184613444,5.807876493016692,4.595132603437869,2.2138475876249792,10.639226308412654,2.9556858420500776,1.454762168831332,2.1150602107110346,2.8908762667265577,10.109646222302846,8.520574459699832,5.04464242501432,7.3870856028001555,4.10280701458963,6.7613027868830216,56.18015021991769,55.7726845912312,55.02903266821502,51.72822661115417,39.68260656565948,49.52075202639072,44.02733417613578,42.65645558184488,44.12311478923452,43.00154364346445,40.770429104661474,39.12803927142025,37.812457232396845,29.425663317493303,35.70847228836603,17.358741839704333,24.82113658933641,25.66063835552112,24.927378445602937,22.79025649234136,21.764229841746545,20.81088535833959,8.119113883879843
1987-03-01,53.39895881348198,38.47594321344132,67.54745878129525,74.72021340092907,57.60193532217444,47.36862505819841,48.381701106720406,39.773538652898765,29.01655386843442,35.119608389167674,34.20771192855398,32.84154250034483,31.19951575772327,26.594925524475304,28.217530644083496,28.96423481379655,26.393203752815985,36.07480717588475,33.50754171506425,32.67867686219746,28.75162938765662,36.7631256514012,36.008873033138144,47.47672863419082,50.117470491016014,45.01905745297914,40.04678507708028,43.548003714165176,24.46089753456987,24.601412057861204,18.65396212889856,19.353989259643697,66.2166076001994,6.187970596317175,9.832221599238704,10.009354245747934,9.808189444653346,34.491518878248634,29.78708565478791,27.182481963145477,29.408392054763556,27.605889732523128,24.5410920311507,17.936191296922463,12.760013307718909,8.20816108765122,10.69659195040756,14.140204443610386,19.286028467697765,25.10030922308004,13.86329000792566,13.896782414482717,13.901682323526044,19.11472986475527,27.892576731206223,27.922366314808645,26.353136059096784,18.642514876605706,48.55824567540417,47.057985895985176,31.79329868047091,31.2885570415849,8.833901156539243,11.284318823028675,7.42894238298333,10.807387312402644,15.086488339282765,7.193040679139435,8.993593619502654,8.58877873884386,8.571364358644129,9.78460198076072,12.961600677073658,17.434741071415928,17.238331665539988,10.730645957564215,29.85369585797808,24.27435339114696,26.691002507870245,30.19564363427082,12.713992651549448,18.03810557617926,24.105416968178066,21.199776314606225,29.062802466073972,23.064026255775158,31.52299941720449,31.173072133508985,33.59138605651723,33.053332225988825,29.18928452665338,32.612102013272626,40.23160389640526,41.202909376396825,32.791688782717046,31.806117505605485,38.69086855793128,36.86678868923392,36.02523144529625,40.34530407144006,34.10197510136493,11.914923600144306,20.8041415776687,17.471691236090734,18.89084356918819,15.366980800406038,14.186567859668497,13.55624651244507,20.695420422499808
1987-04-01,10.71242957713404,3.511860816592268,9.912204006202003,7.7600482570199,7.142305920417399,11.687920829966307,38.24203849659547,17.03629862275705,11.89010979025597,20.90812673359918,15.916103683451926,10.150900589428522,19.3590642134602,10.713412123001518,18.34875207622829,14.321711508804468,2.789537905833779,7.702350475410283,4.061729242694587,4.135497199247232,1.416684551413392,5.376661120026215,3.3038346055375065,4.851388592807298,3.8803637473791546,3.790539484744404,2.680544027866594,2.9340494060425666,0.744735157167078,1.0279610004416089,0.4501814096704763,0.5181647220585808,3.5626980309431504,0.3020565530587389,0.2981235316899543,0.3052100493700159,0.2887703748627042,2.2170778070193182,1.1097667219220515,0.6039069347562671,0.388924060051583,0.5491600318213927,0.2121602686750389,0.105438404865113,0.3693813506264735,0.2640143948370113,0.3161784100009808,0.3950907136580787,0.380317835970713,0.1798414363394752,0.2355170109688069,0.9587361027749838,0.9032054776294504,0.3552072356647207,0.2637261850436237,0.4055901901555909,0.6042361773306913,0.4395528755269708,4.657274651023927,4.008421974977979,2.6152645501531087,0.3707876954797993,0.4568772824212863,1.4262028925454249,0.4298048905612774,1.3111746663665569,0.5464204663249743,0.3186184899985626,0.2737272330981202,0.2492469471997345,0.3336635656489659,0.1941252267800531,0.1551352877683691,0.1554049559764344,0.1604948651118776,0.2684051505732628,0.1335925528725065,0.3217841895859572,0.1652845858233124,0.0587471357382897,0.1916140407133125,0.1523710172713801,0.1261755198268057,0.1296302606858788,0.0903769368146103,0.1183185679942529,0.7915387654278514,0.7419974994239352,0.5145498262735206,0.5616684960114275,0.3101421458512849,0.5183164379091989,0.919885215344,0.928843602486612,0.6431827133993618,0.6746041051088011,0.7144616018355949,0.7267846376899914,0.7025670181756363,0.2915823551771078,0.6300586120903076,0.2343372224869301,0.8619085183132814,1.2435414031386798,1.082642137455125,0.8030359886536544,0.7287457133863262,0.6595837717223538,0.0803987242854263
1987-05-01,4.465366824567513,0.8711672107905118,5.760538248269662,6.964493932267002,3.870915003313427,5.543586672541922,20.277784211244946,7.71921454238409,20.197555857001745,14.602749579035978,10.090364126402765,5.749632878061103,22.08630191777096,23.75556864509131,7.774665789690481,9.886638234390873,0.0749751291737156,3.485422601927898,0.0023141147327,0.000323075777377,0.0,0.0,0.0073487698576712,0.0086436182549367,2.0262791556636572e-05,0.0,0.0186997311999446,0.0,0.1887840993970133,0.1749188169083385,0.0109603640750292,0.0195633693695565,7.279015497728774,0.0,0.0,0.0,0.0,0.0635683076724051,0.0157459398722694,0.0363407487285698,0.0062080810362591,0.0301284601584978,0.0034289035823571,0.0,0.0019278618352158,0.0,0.000991001826158,0.0211081224656574,0.0137666208725267,0.0309010747178019,0.0003821574440778,0.0093236420995369,0.0087141829805214,0.0139835466265332,0.0011464936222055,0.0066686444412366,0.0370579645986208,0.0120140069748722,0.0057650416444156,0.0013033240035758,0.0924532685601089,0.101319680455697,0.0,0.0883241944535531,0.0,0.077485772519921,0.0,0.0,0.0,0.0,0.0,0.0,0.0,0.0,0.0,0.0,0.0,0.0,0.0,0.0,0.0,0.0,0.0,0.0,0.0,0.0,0.0456833021115489,0.0396692580094283,0.0490623092646244,0.028539761559691,0.0,0.0232380412231592,0.0,0.0,0.0130495971745109,0.0119812535781726,0.0086881161699953,0.0076342693699561,0.0068885264323849,0.0,0.0059317811762875,0.0,0.0,0.0,0.0,0.0,0.0,0.0,0.0
1987-06-01,0.0012919175555446,1.2857884593646618e-05,0.1358009639636572,0.2206910542482328,0.0886605801181334,0.2922825722332962,1.7033578444541286,0.5146392042618103,0.0,0.2040544362212667,0.0948821143594443,0.0530506909127588,0.6585636803727746,0.0,0.0,0.2483062621468447,0.0,0.1125682898088512,0.0,0.0,0.0,0.0,0.0,0.0,0.0,0.0,0.0,0.0,0.0,0.0,0.0,0.0,0.0347100196563848,0.0,0.0,0.0,0.0,0.0,0.0,0.0,0.0,0.0,0.0,0.0,0.0,0.0,0.0,0.0,0.0,0.0,0.0,0.0,0.0,0.0,0.0,0.0,0.0,0.0,0.0,0.0,0.0,0.0,0.0,0.0,0.0,0.0,0.0,0.0,0.0,0.0,0.0,0.0,0.0,0.0,0.0,0.0,0.0,0.0,0.0,0.0,0.0,0.0,0.0,0.0,0.0,0.0,0.0,0.0,0.0,0.0,0.0,0.0,0.0,0.0,0.0,0.0,0.0,0.0,0.0,0.0,0.0,0.0,0.0,0.0,0.0,0.0,0.0,0.0,0.0
1987-07-01,0.2721578546771918,0.0027934411181834,0.6952548258812088,0.4594981338041093,0.4542143293233169,0.962914691582647,3.673406171297555,1.5442689231399875,0.0,0.7088893230024869,0.3296224235986532,0.184299195167609,0.6673379357061501,0.0,0.0,0.2516145261915906,0.0,0.37351828951097,0.0,0.0,0.0,0.0,0.0,0.0,0.0,0.0,0.0,0.0,0.0,0.0,0.0,0.0,0.0795496384197381,0.0,0.0,0.0,0.0,0.0,0.0,0.0,0.0,0.0,0.0,0.0,0.0,0.0,0.0,0.0,0.0,0.0,0.0,0.0,0.0,0.0,0.0,0.0,0.0,0.0,0.0,0.0,0.0,0.0,0.0,0.0,0.0,0.0,0.0,0.0,0.0,0.0,0.0,0.0,0.0,0.0,0.0,0.0,0.0,0.0,0.0,0.0,0.0,0.0,0.0,0.0,0.0,0.0,0.0,0.0,0.0,0.0,0.0,0.0,0.0,0.0,0.0,0.0,0.0,0.0,0.0,0.0,0.0,0.0,0.0,0.0,0.0,0.0,0.0,0.0,0.0
1987-08-01,0.019829935386686,0.0002015181338374,0.1231927872109422,0.3569197390690624,0.0804500995839817,0.7685427557646367,4.577791456253764,1.4956005395859924,0.0,1.3703517327841817,0.637192075950271,0.3562681976630321,3.6802340597581193,0.0,0.0,1.3876033410873536,0.0,0.3566590417530422,0.0,0.0,0.0,0.0,0.0,0.0,0.0,0.0,0.0,0.0,0.0,0.0,0.0,0.0,0.1118163065079319,0.0,0.0,0.0,0.0,0.0,0.0,0.0,0.0,0.0,0.0,0.0,0.0,0.0,0.0,0.0,0.0,0.0,0.0,0.0,0.0,0.0,0.0,0.0,0.0,0.0,0.0,0.0,0.0,0.0,0.0,0.0,0.0,0.0,0.0,0.0,0.0,0.0,0.0,0.0,0.0,0.0,0.0,0.0,0.0,0.0,0.0,0.0,0.0,0.0,0.0,0.0,0.0,0.0,0.0,0.0,0.0,0.0,0.0,0.0,0.0,0.0,0.0,0.0,0.0,0.0,0.0,0.0,0.0,0.0,0.0,0.0,0.0,0.0,0.0,0.0,0.0
1987-09-01,8.589918365285135e-07,0.0,0.0265085203177173,0.0018480747710976,0.0173063794982258,0.381486946757693,2.4887191326336437,0.763482943445416,0.0,0.7943492214492075,0.3693599368217217,0.2065173186345088,1.4185786748717908,0.0,0.0,0.5348639453048109,0.0,0.1853419075873,0.0,0.0,0.0,0.0,0.0,0.0,0.0,0.0,0.0,0.0,0.0,0.0,0.0,0.0,0.0003198256514791,0.0,0.0,0.0,0.0,0.0,0.0,0.0,0.0,0.0,0.0,0.0,0.0,0.0,0.0,0.0,0.0,0.0,0.0,0.0,0.0,0.0,0.0,0.0,0.0,0.0,0.0,0.0,0.0,0.0,0.0,0.0,0.0,0.0,0.0,0.0,0.0,0.0,0.0,0.0,0.0,0.0,0.0,0.0,0.0,0.0,0.0,0.0,0.0,0.0,0.0,0.0,0.0,0.0,0.0,0.0,0.0,0.0,0.0,0.0,0.0,0.0,0.0,0.0,0.0,0.0,0.0,0.0,0.0,0.0,0.0,0.0,0.0,0.0,0.0,0.0,0.0
1987-10-01,11.26112560054202,6.958184013538309,9.22404813761232,8.126729581566707,7.379792187900841,7.4310948386189954,14.506144933774012,8.213164537384388,1.3586060438110008,6.614279832182166,3.591869327108392,2.432874358466924,4.23773589932778,1.0915189259484617,0.8484617691394503,3.488928037874693,3.6417059185128777,3.9643257661817017,2.350712008900597,4.4349500152772805,10.022324204354746,11.421954464337205,5.926491337251382,1.944427823248612,2.3420987769570405,2.9808293112982103,3.1760918415086463,5.040607166920349,10.37974013548241,12.458659337463786,5.795579749230583,6.548367661830232,7.612228409981736,0.7082616092270975,1.4351881115754062,1.4160917633210643,1.4378803131061633,2.334731337006688,2.517220878743421,4.452872921075082,1.6209477098063163,3.763466657170428,1.0007835452089011,1.552624508711994,8.638016618182322,3.1754717902198046,6.0793896490191,10.521794314749547,2.8564995485222107,4.048352641407515,8.914301505791904,8.846216872265124,8.854751460575564,3.4866880956673496,7.573618965989793,9.40032415127089,12.533975973911591,5.372818456154477,2.059706132306563,2.136130195924704,2.2481268327967223,4.913676136712547,6.480033801264693,10.481383711214033,5.006059538064516,10.060273717933356,0.6485463092007892,1.273408051789637,0.4593401290059596,0.3661909528396617,0.9879902922703192,0.2015629024280734,0.1685616040253345,0.1661834122691728,0.3015563168169159,0.6871645312713244,0.0544233268804297,1.2362420848782565,0.1914638624016456,0.0035564815331227,0.2727403649840861,0.1912936181367761,0.0820799765713398,0.1354571142168752,0.0197409696540683,0.1075713324287461,1.9630711137880748,1.9684373666202275,1.3518220013681046,1.3597097289205566,0.526692492447519,1.1988494326152432,0.7154235512647306,0.638590110795472,0.9929654809098764,0.9861406020623642,0.7766453559557882,0.7281162465810707,0.6745117848117743,0.2134243042918258,0.6071326950087701,0.1897734459046005,1.2560165506677663,1.1595123086842507,1.1232660483254313,0.8882635530839859,0.8113015668675708,0.7202053651624665,0.1431803720920883
1987-11-01,12.92280562334378,9.03145883667013,12.234314679430558,12.66724015271826,10.250409793001314,11.124659277773135,20.72407227669016,12.710847634686589,7.455036037119667,13.1671034461697,9.615205967154864,7.735732020855544,12.259700838302004,7.351545907591769,6.725390295031394,8.473205780096423,3.537426248016167,7.12763448770136,2.2138912055718154,3.24651622585821,1.35359913404855,5.711381151938447,2.663326373078768,0.780753998022346,0.3429194542377249,2.0114543061240364,1.3924856382753428,1.9177677785290568,3.660076388726508,3.401841987949505,9.396429040113244,8.48530252844012,10.05784600867498,3.887767486597122,6.816268228377879,6.791168686600713,7.098073960578119,3.187793676536397,3.3190214067675186,4.025368157156951,7.474486135640319,5.312947900054701,12.600125990148843,13.171420291618125,6.722132754484675,7.456954337319204,7.436917722304214,9.872522797018007,7.504835096572356,10.814933644618844,14.509914199164948,12.595628829057894,12.790315121003085,8.20570615824025,8.14368216736973,5.846269622818906,5.171481070435485,9.189688562387769,0.6132347322150977,1.1199481340688375,2.9691698375093583,2.077176869381631,5.3499353499345945,7.924783104038194,13.332354678242837,8.865223373896692,6.927356540365666,11.49956991770938,28.801578643683584,32.15644937421013,16.34213711528624,39.68280415150983,38.2270557822558,31.404685768825576,17.658176252145097,21.829672486229637,12.121871433957452,10.794976669514469,14.042464496731446,3.042176864949789,34.024029464825055,30.7090752714089,25.766739005397884,27.6605496579275,12.751185263133095,24.057500285631157,2.5246665095071914,2.699574039450768,2.573990048196852,5.002192831593473,13.857781167822568,6.595145188245501,11.967662530791332,12.947507279400304,9.173880406081182,9.293714476179336,10.407205417085828,10.245056303632625,10.324985244029769,11.32460922809697,11.03108370589349,20.098407510689395,6.479636240774873,6.923320410680165,7.598609479490433,10.92263600809883,12.157661345068393,13.41230101132217,28.020890706776783
1987-12-01,19.737476854269836,12.6797190494458,25.118593776594867,26.71537533216332,20.337552198356377,19.13661398779738,31.19739737293452,18.929142704953588,14.554595293899782,14.539229816555604,14.227595008257572,13.852778046583609,17.375678103766486,15.720734482752928,18.342886691007333,17.07411880252953,12.015822855952598,15.151397280172322,6.152478621941143,10.009478766993828,9.247907698539157,17.12733797619643,9.285169258026889,3.1223664366148145,3.184698338568642,5.169535596954181,4.819086456099685,6.930844899224137,10.106320865781056,9.959533348913345,14.313461498118937,13.850945059072671,17.897519451168314,15.370619198390736,14.921580995536813,15.123156843419656,14.717489066478503,8.286482430625597,8.912550095568918,10.188491035755463,12.285927092752209,10.621460353360453,11.81108095977032,10.953825530102057,17.527047947721375,13.728132316195012,15.704131958274552,19.12013106187047,12.36741303333745,12.172518430652614,15.92343048553961,20.251024457871857,19.859635425686907,12.71741261443315,12.235731970720904,11.41623359303322,11.14915509538117,14.01616474119928,3.139326465869772,3.5492776326940376,6.234466678645373,8.589031505418784,21.014489281953328,25.59682231982925,22.954164172515934,25.51312508307626,17.133442047491215,19.072500519093733,39.58471309569114,36.811382247597535,22.63767262060154,35.45324471286078,35.44329827871703,35.75466632501582,40.78565838873102,27.81929897735316,34.4039084779256,46.864798032547846,39.13329664116874,27.5069233857274,35.17625501047261,33.75096740872898,33.08154128496055,32.480116132209226,30.522457087452104,31.694202683006157,10.273736720773734,10.4709227574032,12.399332313766646,12.287498596392668,13.382980431665606,12.603547310562654,14.013941430756727,13.297888930384918,13.1794779878105,13.335817365160397,13.245315737107628,13.985839815306475,15.052006513208951,26.13256521196471,16.63653652691325,27.48509430245096,17.453751507122487,18.198354876350795,19.18216824265748,24.346351580911463,25.572970790769936,26.39981384566776,32.10087672837898
1988-01-01,13.847134640682365,9.23504762216736,17.811663217323,19.48470024621247,14.548004768916764,13.372344216441792,24.694208387287915,13.128120069443836,6.085389725605528,7.352853994282274,7.321195579106303,6.651083760034596,12.057907192866336,7.197446838477781,8.642050148463316,11.78835411719932,11.4287373366003,10.124044350639997,13.224036940274589,16.35081143442709,14.801429382598124,17.58624234799773,18.309474981144337,12.808796073179176,19.636069045064072,18.36081739568196,20.24627971629768,21.627521257257023,22.85480619491838,21.856238268690664,29.907543820856244,28.497061441485915,12.597957727317322,32.151237565201555,29.27129089254317,29.44530059860568,29.19075104627298,31.51018432371784,31.862498793614147,30.20108661783609,36.11044968051803,31.00557304981673,32.492574713143284,34.328724980707,31.80448135071376,27.68714491497809,30.02838427064977,37.060599429284,30.6733073064478,34.62503426250632,36.87994305199835,29.67483456537798,30.02920423794855,31.493430429064265,32.05632949121392,29.760871258564173,26.12042357936237,30.853639361602774,14.5759921849833,16.068105264677286,29.06275025837161,21.910249068338707,29.86671134546101,32.10264246414882,30.805545689597587,32.0126373785853,34.442828460630075,30.448300762428467,30.807139825419757,31.30701855952177,31.980641800966,34.30365955112466,37.89293071378873,38.34282840105327,39.25135411551028,33.9080947640621,31.270934323810305,41.20425335214132,38.04141739800137,16.107460150206734,33.645319332136395,32.35101170213302,32.70615391221475,31.05611112716096,25.58905049561001,29.411577401806877,34.832536498123574,35.30120640827415,35.34978774348082,33.021450701883225,26.954822959766727,31.484391978070445,22.179751041533265,20.106099370179244,26.75868496364341,26.24690452509251,22.708001523505995,22.484823271052687,23.09826604322897,36.774025085389056,24.421640424899216,25.479235719946637,30.07187442527298,27.04508566340361,28.42791312792606,28.387052172557617,28.00889644468167,27.411433355602234,29.50259461760894
1988-02-01,10.416843332342753,8.872033521936302,19.22360246200584,23.61650726586107,16.576619595417554,16.10177083035315,26.14141116810049,15.962619235757249,14.583503554519742,15.272215933485496,12.66139257760874,10.807557022141374,22.473368185275,17.01672052060142,14.353223349114105,18.9896905851838,15.131224232948318,13.069235939933913,14.531869861546818,15.98434864982726,11.386781131688648,19.51507494541139,14.249109409311478,12.022576369162742,11.55514581776194,11.711018245140522,10.832867975276292,11.969911189057235,10.387122802163818,10.30174681936188,10.323667433516102,10.390966077682236,17.258128524985672,12.183044834419364,11.896099857572883,12.03814280547352,11.742496696963114,12.128454806384283,11.504962606545176,10.57673897632001,10.890145545266265,10.627905324042748,10.024483427051138,8.558070544884982,9.368516367768567,9.891450895749353,9.53696054764398,9.528451253815202,10.617731583304025,8.320516706993844,9.164219312425187,11.540959346221978,11.383474655488628,10.312657217918195,7.967085843526252,8.141433414565121,8.241724849081464,10.28262004425406,11.973917290076484,11.329166121599563,11.302325361344831,11.062322752028694,9.769793576899108,8.92205249699683,9.440254853527458,8.928842185405577,13.923550995922916,10.88805533956902,14.632476500341395,14.179869517231667,12.592143626933728,13.225159551151844,12.243817550009217,12.604010502382822,13.030217562487737,12.63623752318936,14.992764898180049,13.66503257902177,14.92076720939337,20.06841888690862,13.303850324259235,13.29010108277819,13.125887114107933,13.472362322154655,15.142172585348886,13.987270538783596,12.005207957715378,11.945020505933607,12.222647287574112,12.015337035990092,11.870803083842986,12.0585745428324,13.093972362628064,13.03473286221635,12.665150514392208,12.771659373239691,12.857821351164716,12.9055004641252,13.029040987459169,14.57140837623268,13.312165310477194,15.848543897223148,14.633460982599749,14.576403532609492,14.61543550648447,14.759855530387137,14.805464355019955,14.963585976269464,13.868976431315634
1988-03-01,42.452278475595534,25.263977160202028,45.36202558257152,44.73765848400856,36.07856416635721,39.86850329288175,74.01580950695656,45.820941354929886,27.191773476398897,52.020346873989816,46.49157191808323,35.40025937452924,36.82068498413661,22.927168581493003,34.454560259615235,35.44845897465042,11.355990616156506,29.2600676642935,10.575451896846566,30.032504143361507,27.261590723863776,50.61095644337567,30.083451624393557,12.91085933610165,13.58413438923962,21.298048546731792,20.278224314052217,34.10127153859238,34.64050019819839,35.75639283269072,33.56130548068072,33.40181483450677,29.961650665601372,21.670874602401184,22.86626804881153,22.89294069866332,22.86326881949969,36.68868294350491,34.67788247948897,33.98074210404176,31.69968852803318,32.532102197165024,23.20631412320326,23.119757861223025,30.1219865444106,23.40548021611756,27.016571657668447,37.11676821747228,27.53626339830428,34.584265386903105,34.33353779109689,50.15087772816764,49.02971119944129,28.52206453746785,39.96363843895087,41.29557515345064,39.660616704772295,33.07422722657412,12.717569082611176,15.492701495044356,31.051489566928453,21.74479311960394,24.98046890394647,40.91403770339423,20.849959580514177,38.63418344400305,21.24513613364049,16.295401393844593,11.146128327260154,10.195755511526476,15.740541108614035,6.806406424259189,4.625458166735196,4.070557217773228,4.545407901527985,11.655323568817897,3.2060847852877075,4.607987224182732,3.914321172853915,2.761671956788641,5.1878427535981,4.061772590431119,2.930214204899472,3.576052530610389,3.018702694424902,3.45250426142815,39.38584083563036,38.915219247192894,36.99819742027601,31.19945751042264,19.23647166742079,28.914396536609324,19.140834090340128,18.859770784330408,25.066600260728,24.79197341689179,24.343970782843797,23.671031231581907,23.02852608116203,16.145785655708348,21.61147773205099,9.960596785800355,21.14002186198436,19.396110165253145,18.66195963395596,14.941667592268754,14.182030783098934,13.285803780367043,2.3730753039828896
1988-04-01,13.202678308123804,4.084993989903889,17.099540155979923,17.067032521500487,11.877077575863437,13.013653387515076,37.60800448635392,15.470201032855089,6.930306719520758,12.740136470145668,8.566582631987652,5.28106882235819,11.644426523281885,3.3623519928233145,0.8354729474529631,5.100330398343245,2.558991269683081,6.208762716491714,2.6428232548029653,4.686462348653701,0.9478628668419472,16.29661915027703,5.133541664587369,4.286539310033696,0.2141927481194852,5.170003201014255,1.7031745551047517,5.565707487870625,0.5401619528477829,0.5837776363779043,0.4728651358703604,0.5109084219879095,11.545536437554007,0.4407240580370542,0.8809913792995615,0.9596140983425284,0.8321162195729674,0.5125082283488432,0.456339944883249,0.4677841596676468,0.5705708290099658,0.5234766771471858,0.6660363025744316,0.2692811455089855,0.2502221588451778,0.0649165769110721,0.1595698592073224,0.3202584283773012,0.5665153780207535,0.255372170341368,0.1191531248906075,0.5552336986507742,0.5212215041802727,0.5064669741443035,0.2317969460054348,0.2893909857994181,0.2454801656936565,0.461523626422402,2.950676440431759,2.98048550528555,0.2745252922832729,0.4797985086268628,0.6531025422257832,1.099017445113919,1.5265209677509972,1.2029130451420245,4.339355310679264,0.7050879183388992,18.69855837311449,12.46873478400464,3.4994719049045733,15.956495576832868,24.34528880923708,29.298351732453558,28.94832505045471,11.103732581346367,20.08192234761768,37.60843456982025,34.11733194814141,0.543092806693948,28.561772097740462,28.69102802177813,27.289371571073254,25.170220251610857,10.52979826326002,21.15950446535601,0.589409395005025,0.578148317783494,0.6757824281686484,0.7493268714277032,1.245532909488842,0.8633754392381439,1.501251719823954,1.625006259443085,1.672046702024185,1.9214159606207843,2.728843311230311,3.065316410415543,3.486646060380141,11.334125140660973,4.5761863608350986,14.070492750290676,7.119107548616342,7.770113504880659,8.71171908518058,11.737563514002993,12.891015718867894,13.776288958023818,37.99102463972904
1988-05-01,3.512389024350968,0.4352637201900167,3.1519698845909265,2.336681505759797,2.1069943929009654,3.8737955515026137,15.119444464674546,5.951743796388728,0.0222844218688465,5.368624343444673,2.5213619822239064,1.442609487994015,5.093581606253499,7.135134108507243e-05,1.846793942961885e-05,1.9867066572485663,0.0,1.699139465971513,0.0,0.6826435193809072,0.019839887203844,2.18536238769706,1.2364895110631535,0.0696664366376797,0.2703963357052498,4.0572611718999605,0.9472084956496803,7.862832175099523,0.0,0.0,2.020208864300161e-07,1.8783370063418053e-05,0.8213739868662335,0.0,0.0,0.0,0.0,0.0,0.0,1.089114438858534e-06,0.0,8.56108901290947e-07,0.0,0.0,0.0,0.0,0.0,0.0,3.8549585676429917e-07,0.0,0.0,0.0,0.0,3.241221145320472e-07,0.0,0.0,0.0,2.2632962007273042e-07,0.3534944507416965,1.1113869936797305,0.0,5.399760055879464e-05,0.0,0.0,0.0,0.0,0.0,0.0,0.0,0.0,0.0,0.0,0.0,0.0,0.0,0.0,0.0,0.0,0.0,0.0,0.0,0.0,0.0,0.0,0.0,0.0,0.0,0.0,0.0,0.0,0.0,0.0,0.0,0.0,0.0,0.0,0.0,0.0,0.0,0.0,0.0,0.0,0.0,0.0,0.0,0.0,0.0,0.0,0.0
1988-06-01,0.0012224743613695,1.3135182402365072e-05,0.0154602751760212,0.0444668189451433,0.0100948665402315,0.5322801596493799,3.5565881296598363,1.0783752279899943,0.0,0.6768139762054771,0.3147078901081266,0.1759601492720203,1.6735621097979174,0.0,0.0,0.6310034463474912,0.0,0.2272063153975418,0.0,0.0,0.0,0.0,0.0,0.0,0.0,0.0,0.0,0.0,0.0,0.0,0.0,0.0,0.0081939644546184,0.0,0.0,0.0,0.0,0.0,0.0,0.0,0.0,0.0,0.0,0.0,0.0,0.0,0.0,0.0,0.0,0.0,0.0,0.0,0.0,0.0,0.0,0.0,0.0,0.0,0.0,0.0,0.0,0.0,0.0,0.0,0.0,0.0,0.0,0.0,0.0,0.0,0.0,0.0,0.0,0.0,0.0,0.0,0.0,0.0,0.0,0.0,0.0,0.0,0.0,0.0,0.0,0.0,0.0,0.0,0.0,0.0,0.0,0.0,0.0,0.0,0.0,0.0,0.0,0.0,0.0,0.0,0.0,0.0,0.0,0.0,0.0,0.0,0.0,0.0,0.0
1988-07-01,3.0064714278497974e-06,0.0,0.0006043608283504,0.0,0.000394563624221,0.5655004472596475,3.81087032426473,1.1553116681379816,0.0,1.110555269758216,0.516390792863832,0.2887255256415654,1.5967474479722243,0.0,0.0,0.6020410815459355,0.0,0.269871583432042,0.0,0.0,0.0,0.0,0.0,0.0,0.0,0.0,0.0,0.0,0.0,0.0,0.0,0.0,0.0,0.0,0.0,0.0,0.0,0.0,0.0,0.0,0.0,0.0,0.0,0.0,0.0,0.0,0.0,0.0,0.0,0.0,0.0,0.0,0.0,0.0,0.0,0.0,0.0,0.0,0.0,0.0,0.0,0.0,0.0,0.0,0.0,0.0,0.0,0.0,0.0,0.0,0.0,0.0,0.0,0.0,0.0,0.0,0.0,0.0,0.0,0.0,0.0,0.0,0.0,0.0,0.0,0.0,0.0,0.0,0.0,0.0,0.0,0.0,0.0,0.0,0.0,0.0,0.0,0.0,0.0,0.0,0.0,0.0,0.0,0.0,0.0,0.0,0.0,0.0,0.0
1988-08-01,0.1316140348338265,0.0013581026622796,0.050608576511572,0.0,0.033190865965833,2.499332468543459,14.804630224290245,5.07678436403782,0.0,3.4927304994867754,1.6240649349062388,0.9080506633480728,2.5001203810674526,0.0,0.0,0.9426507492618011,0.0,1.0897519647416196,0.0,0.0,0.0,0.0,0.0,0.0,0.0,0.0,0.0,0.0,0.0,0.0,0.0,0.0,0.0,0.0,0.0,0.0,0.0,0.0,0.0,0.0,0.0,0.0,0.0,0.0,0.0,0.0,0.0,0.0,0.0,0.0,0.0,0.0,0.0,0.0,0.0,0.0,0.0,0.0,0.0,0.0,0.0,0.0,0.0,0.0,0.0,0.0,0.0,0.0,0.0,0.0,0.0,0.0,0.0,0.0,0.0,0.0,0.0,0.0,0.0,0.0,0.0,0.0,0.0,0.0,0.0,0.0,0.0,0.0,0.0,0.0,0.0,0.0,0.0,0.0,0.0,0.0,0.0,0.0,0.0,0.0,0.0,0.0,0.0,0.0,0.0,0.0,0.0,0.0,0.0
1988-09-01,15.4895678790309,2.909206835015759,14.359876295131748,15.885949216175536,9.701630273319514,16.559493993259075,57.55607963469867,24.794294461582385,0.4352931183448746,26.657196064550387,12.544684734693632,7.213893158097512,16.084560782480693,0.1549328964393989,0.3315959685049901,7.139408294357386,0.1280113015385904,7.592478665276224,0.0,0.1311368790970375,0.0,0.6690111342069314,0.1359239894983613,0.0,0.0,0.0,0.0,0.0,0.0,0.0,0.0,0.0,9.97498348208318,0.0,0.0,0.0,0.0,0.0,0.0,0.0,0.0,0.0,0.0,0.0,0.0,0.0,0.0,0.0,0.0,0.0,0.0,0.0,0.0,0.0,0.0,0.0,0.0,0.0,0.0,0.0,0.0,0.0,0.0,0.0,0.0,0.0,0.0,0.0,0.0,0.0,0.0,0.0,0.0,0.0,0.0,0.0,0.0,0.0,0.0,0.0,0.0,0.0,0.0,0.0,0.0,0.0,0.0,0.0,0.0,0.0,0.0,0.0,0.0,0.0,0.0,0.0,0.0,0.0,0.0,0.0,0.0,0.0,0.0,0.0,0.0,0.0,0.0,0.0,0.0
1988-10-01,10.571957468925843,5.998580514282272,10.574861845047227,10.233963037711082,8.042799067333965,8.856724217525343,21.33247927903179,10.569074703574874,0.3332650449550906,8.790816004079737,4.382664230198045,2.826255067008405,6.878262306276247,0.3973838305096099,0.9607298359911464,4.870327183788981,0.934811816219414,4.2101578958945485,1.81638447584316,5.120654104638452,12.697444304889858,9.650219262019382,5.935794427042502,1.685137071410853,3.2599298790955893,3.81030758984046,3.880464564880512,4.70156402462192,6.74724938906371,8.106072708100607,3.95271579988048,4.797247035299692,7.336616519264266,0.2112845552744627,0.4427537001799599,0.4428686211921262,0.4414567882165361,1.2704909817722072,1.816026201552844,2.4298311591093364,0.889383554306268,2.061648060445751,0.4282514392213216,0.4791688238698068,3.239921284490341,0.8896705969081735,2.138269925804405,4.747934899677658,1.31277367837697,1.0737136912889145,3.9080512668028295,8.815093971463588,8.468571572391337,1.530248050136359,1.8432049951360556,2.65792273923086,4.816340955537754,3.1004147106210302,2.049968408129452,2.65219975988494,1.6398987732653971,4.917202825424983,0.7563423686530863,3.4901447753403,0.2625692189057031,3.1101389660135634,0.108785116034915,0.1185493970172224,0.0773996598553168,0.0429482941941208,0.1460437107079264,0.029832677033052,0.0303296647717748,0.0327497713127396,0.0090925579581949,0.0989473519252591,0.0373242658381722,0.0033641147385218,0.0167139302645267,0.0714375642012938,0.0934539793115736,0.0834397469184309,0.0836154208275958,0.1017934570532591,0.1020943797388668,0.1005137916651422,1.4069707679336212,1.400673992300363,1.29195494449815,0.9839014118361136,0.4345272994749879,0.8614808666795548,0.3213419193325613,0.2387683310814821,0.5857288888507112,0.556265938017507,0.459777600490327,0.4277681036276429,0.4193155162463241,0.1382104611344073,0.3815322461417904,0.190439436427391,0.1936511236233384,0.1892322498911136,0.153090291501703,0.1385541041367332,0.1430380908329296,0.1488851903105655,0.0657266146979101
1988-11-01,15.702736072764782,9.629101756651712,25.29905989579168,29.49173860469652,19.995258148048137,17.659448712518227,28.2139906046474,16.35439857070238,9.314770841182115,8.97494913387125,8.66162766403742,8.498917440973822,13.98824896916022,11.314116180663383,10.075765908225112,11.921980075159258,9.460355595852922,11.823594231376124,11.989308428433311,12.709812137159862,21.101325514858303,15.287410031538002,17.46933662544443,16.282489343502352,19.582234323436964,17.75203600218618,20.36614033426388,23.654191971198824,23.80184762233908,25.19440760387509,31.927083203147934,31.0263018152494,19.196374194426767,41.15232467753701,36.29986584060661,36.29487541192685,36.07178578601902,25.03288738410971,22.62387172577111,21.54191540545506,19.02727697101844,21.592530399623566,26.159365221005984,27.827120068990475,45.7551956582242,39.45101841555495,42.65522012866182,46.12841614372128,28.67949920757183,24.43367581880153,39.99771927746963,47.12495122257492,46.38029293203917,29.556870587738185,21.69494134737948,20.98891627077264,23.29489132957097,31.92172744895372,16.953455261164855,17.220251302434882,19.089131730773687,21.81863638330981,55.53340333512971,60.65651061552893,60.32765216407109,60.789965182619454,36.58066480934515,52.788744920091226,49.23811063184109,50.0352062207418,46.83523140783467,50.31082846465434,48.44406874810044,49.87156564049644,54.5287210482592,48.20622761607132,32.460534362778816,47.25553002113075,40.81474911443677,13.163573079767744,50.100632233120216,49.03851173634093,44.2991816518853,44.8623412251161,27.451083455484287,40.2440641287785,24.364267290030863,23.79204973056991,20.320219701576185,20.227232907938383,23.67982810065493,20.696927472867102,20.34635841602393,20.650643294342697,21.6437829032603,21.829268772968938,20.66714011364728,20.747392851471226,20.70079461436164,17.35256504360423,20.639864225061075,28.892927544204262,34.19535414818412,31.56740465102264,32.06249822853185,32.321586010254094,33.24845032798173,33.58005051705512,48.20069411511659
1988-12-01,19.67391380222648,14.997671615695005,30.33824514879725,36.86501841356468,25.001808815354888,22.363764995099174,28.15801870419196,20.80419237151804,26.5545880526114,25.04034798428306,25.484321646558183,24.999464352590305,20.95689073542483,21.01359767903748,15.800080497956069,17.81353734677506,26.548963434089803,23.66387685864578,27.116293956200817,18.23037880628993,23.04688675408743,16.36888652759628,22.04217498641373,29.2369379792209,33.92723726565555,18.61319913207822,27.79491731346461,17.34569516189074,29.892283598676663,29.367081295383716,35.06022929838908,34.33693419087942,30.791706327579217,20.71941098343116,22.816905136713352,22.71201527623533,23.00636029384277,29.81264066830781,34.55721924189575,36.56329436854786,31.898793230837526,35.1171175190068,28.09201375186866,30.75945291226573,36.47951763996324,27.3309389240025,32.518333608782626,41.64286021645536,30.391885273112013,39.979807038037535,42.41751162927061,41.78612473359196,41.823270401695495,32.07489318013446,44.34754898556586,42.48962582379775,37.907846296996894,34.88586351964572,29.292487909508413,26.2978975645893,32.26501807943534,31.372081051410547,24.4863919416566,36.989915380500754,21.362650197789332,35.158736466085045,20.058284060074023,20.33608488847856,10.497390061651394,11.390479823080234,18.3727837504663,10.352718491662827,9.744919791032794,11.09535337419857,14.77347642079648,15.861115479084985,9.377489007602868,16.656105284144143,12.35426765746825,4.398320964694331,9.445064865572183,10.220836948204925,10.652991948129916,9.903349836599594,7.619673576637335,9.131825027962384,30.841792688900693,31.115368118118504,29.052633854308127,29.29412488722079,24.661928875325263,28.34253974707516,25.409166999067,24.61811585291716,25.956048560366845,25.436400891962585,23.791997868156137,22.98407698681708,22.13770301353664,12.520973413248605,20.51004120060428,9.866739112623728,19.182791111051223,18.59483235895657,18.156549805540877,16.253989415174065,15.407459938951591,14.540118589643471,11.017598353977892
1989-01-01,46.56089467015887,32.8097339215783,46.63516945149396,45.97470836186198,41.847219373670015,39.58465231423797,55.10226982421936,38.219820776580015,30.23323895807391,36.43392640001612,29.81099061584958,25.40623550075769,38.893091743196486,34.48299838252052,24.59275847655469,26.13932444975641,36.84419217123517,29.230422744676453,27.62264157714853,23.197442660377902,37.79671025650167,22.462427922467107,31.29714161431625,38.06021770527812,42.57544430989077,34.56814084234364,41.06222024109755,35.125584254756234,39.270243370468535,40.523230158885255,40.090524338686016,40.38891379910921,32.60346963050487,21.409718205324523,28.274628312504124,27.800496350656143,28.84924756705877,38.02992847659139,40.29150967812669,40.97315307201659,42.05369678398293,41.297778700297215,43.24020013717343,42.50499458322806,35.03283504592005,34.0318076299306,34.85424957175263,37.030954098388094,37.29344698686447,44.44364784219445,40.47213241279341,41.752286872405726,41.787680455280544,37.98494282278961,43.91407839599838,42.40943604262104,43.30317199796213,39.53244353274481,38.57954528789156,38.4090480386137,39.74148524543448,43.25446611591358,24.07751028373541,33.90041642813516,21.654492670311384,32.602333612854395,14.05020083335062,18.518512710574523,10.03083372671338,10.451038301101674,15.702267788143542,10.156870300421062,10.482777498882475,11.427403510667997,12.624725458694163,14.057490077445507,15.825726206970096,16.567559458093644,16.158671486406995,9.637699397152344,9.051975050538772,10.873425222267713,13.298869910722496,12.316814665638612,14.735862036798691,12.759476779160078,40.1924095859952,40.35799915367958,40.153051650248415,39.99863950913185,40.797745041843726,39.74484053323763,34.733057720256454,32.46356471619908,34.58867264871849,33.33123876721054,28.586816125975943,26.57461051601556,24.760584970625263,7.675426944495939,22.22872270731601,6.25538299873186,14.148606395897811,13.617537733016686,12.738561209732756,10.758548414136046,10.443856711357933,9.918628367214758,10.118916432799171
1989-02-01,33.91813559464272,25.30253671552032,38.135416980369946,40.975376064035785,33.37113855497762,29.71306431932553,29.788217268989776,27.075881553290127,22.458657107062777,27.223496624044486,25.237964482371897,23.42474790589002,18.589657293265585,21.33801369909848,15.375116684098684,14.149781598469444,21.40706474600946,23.475238797994614,10.890545263426754,9.519245138132913,6.1779221207574775,8.746569485819967,8.92218577673794,11.23659202827693,11.862810789040507,9.07517690958178,8.879525698527459,8.917548865874442,6.383575824885938,6.251227663569802,11.887537945585066,11.210227990914008,34.757544072930635,27.61635375176478,23.519410865762687,23.932671993524924,22.998760038709737,13.12549139369684,10.00625734777382,7.996189414776009,10.53920408347254,8.777761719223978,12.048287701154209,10.8131850221764,15.494263164750594,17.810171744542732,16.24958174006181,13.374610275461512,14.109767661533446,8.420772401711607,11.147746965589253,10.142985482670124,10.147951670174256,13.537817197013576,7.0824506477771,6.404998341759839,6.28942493722532,12.239831139459994,11.993355510355158,9.98847638272386,11.090664130988062,7.543772754820944,24.13450445613645,15.793841259802736,23.5398744897551,16.560855390589463,30.2423590590261,27.26234814709469,22.21823846437232,22.523663462924528,26.371084583292824,20.59034763370853,18.21158297349752,18.17313463212074,18.525027074542564,23.58278520621816,19.466754039698213,18.760380856321436,19.012890454400253,22.25642876700603,19.7846648447234,19.67355141710269,18.78464768032996,19.624329097613547,19.892124801799497,19.806244744712263,11.752486156893966,11.535423246263177,13.274123733403716,13.41008781773677,16.22529523437738,14.27226607809084,19.899308059466733,21.50787435571676,19.121319321747023,20.14495429932282,22.570335252850512,23.54796421806945,23.821449077343026,24.6551996445393,23.68361835427433,21.13594184306372,31.1805713200485,31.49743146509013,30.40057263691982,27.45788271117331,26.634575674541946,25.708679144956644,20.090024330049264
1989-03-01,34.054040998318136,28.932488114422164,38.98248976249379,42.88359522867904,34.85143491216741,29.345553899536952,32.98505353281159,25.67534765812578,10.917106726118982,16.18784863780369,12.338016219437517,11.15650787168586,15.962008090712876,11.063452751731734,9.73798103380185,12.765025099500592,7.363979036769843,16.743218257525715,11.038832892283876,12.670453587046074,13.675951948155152,14.289808504120122,13.248620239035567,13.557605576271476,11.850788664247869,13.081029156531816,13.741798931815683,12.821758613347756,22.730282177140783,23.632814575461303,26.86274536970879,26.968656783910053,35.47078020489601,35.1628989943591,31.452601069996987,32.05866218291004,30.88858074836227,12.479692695506737,14.806052926167292,17.580539806981484,14.845604075195876,17.52759217932235,20.14998702692143,18.532900446274397,28.48566429619656,24.518796406588752,26.383681119166635,28.66866884916169,22.663812754524155,16.954435806684668,26.24267609140584,35.73829152632251,35.08315602002035,22.62163257613445,20.23369599268545,24.133380411936933,28.87051625079781,25.571331334497614,12.17381050980326,13.384850526655894,13.234466259043849,17.103630490233307,30.6723211648552,32.71304800006549,33.57156119951026,32.78077523286563,47.92553745515857,35.41282073240696,53.50253300775457,54.04579111837947,43.23552145433423,56.03466458059733,56.72778132283411,51.08732341759625,54.85848495071054,47.29861589740956,29.963086613368468,50.80470954471403,38.7976086369592,13.906979073407888,49.63924241005026,43.80294303709981,38.012084209512615,39.23353101216693,25.355231838413864,35.5565480825526,14.193613108761667,14.32040202812597,14.187005877202486,16.527571914969982,24.400151433029585,18.503794893514826,29.920096742036616,33.327054464068496,26.55417747843789,27.8050492977934,34.04328484681857,35.86745418613655,36.82958121028791,38.640392407971405,36.632492212973325,33.63048481219021,47.83480414618405,47.45486766222071,48.7964714050308,49.82280456586843,48.74701781920999,46.65298784971447,37.50100421156098
1989-04-01,46.10480977034332,18.7372055309735,46.41715569146345,46.720057346790846,34.709850993593754,31.446636069873072,57.963869850010745,31.2780725305814,19.794953111305745,32.747197142717,21.9587281728031,14.882238211323116,20.038415341318405,18.90533674726163,7.808190320514068,9.816626207785218,12.730957907734352,16.829007311366556,3.2846861505505363,1.3478950158580476,6.548317825761527,1.5085174870458748,2.9734329283482315,11.443077949827597,7.032393783470764,1.7376377058541024,4.622539329614148,1.4650967989800747,10.711862019473829,10.712684743409264,8.773401279169093,9.00787904789372,40.439846633881,7.759148583099907,6.872847667829823,6.998340908253912,6.722768579121642,8.309776110730636,8.49022828622928,9.2348624773728,8.259895441918466,8.845119886589613,5.881702796925265,5.624414856524461,10.605495218323664,6.717278530560956,8.725025846607139,12.076753266837732,7.615182050379293,7.518538202690074,10.096010720071304,12.624911832323331,12.392517822239691,7.869382278692941,7.853326918976396,8.58478560558916,9.49683214484704,8.677280281231155,11.45172764145796,5.128117388958346,6.658264855363576,8.662656620761952,12.67260492185846,16.850891189872414,11.919370498355054,16.501388373296514,10.015188743359058,8.541313864476145,9.120992908946624,6.159765148220572,7.662278626122577,3.443743025111202,2.45592092375648,3.1066111461682047,2.763398159316756,5.882054472846752,6.57658873801568,3.385846750108568,4.140828208832502,9.969650585428743,7.606212338206576,8.141367774028033,6.89630741313566,8.048274022538799,8.875013809329854,8.322802938031085,9.288375186328995,9.22760326985238,9.810103668841826,9.036623608257594,5.62633817134676,8.455366219702384,10.800186134154687,10.736323241586833,8.810708315585806,8.66295678588879,8.459892114844234,8.064679900348057,7.763408644048484,5.235019167947503,7.31424569422556,5.950313739745959,13.314302422888332,11.963500566857777,12.051866463712267,11.253943510370846,10.942902323828983,10.392109978418912,8.636196119127913
1989-05-01,21.742949329008383,3.912959607879665,26.357427195220016,29.756888252144584,17.76138970794993,17.120898607164385,38.45846719329485,18.419619611781663,17.925434751657594,20.950902890032538,16.080081520901608,10.24802796990515,16.27804206018599,19.56742361251164,5.438450740145762,7.603879944384642,7.132818520485518,9.07129211724686,0.0092236955184393,0.0498925969746022,0.000759541944745,0.4208870563013339,0.1503203262683481,0.0176410242017478,0.0356586477403019,0.1150869374388827,0.1637347863012235,0.4983217627598337,0.0009697746375094,4.447074731363954e-05,0.3257664899949433,0.2862986557027881,28.077217622617184,0.0125804157728609,0.0385927397109845,0.0403645350402059,0.0363912772943815,0.2499319304273153,0.2144487327311171,0.0926033974184751,0.0256378315480434,0.0756523804606354,0.0001646374483755,2.300496110158432e-05,0.4642189338700108,0.0705799664832705,0.2762286931701985,0.6207924160834567,0.0644554455871424,0.0001100116178353,0.3250355745267159,1.2321674749090743,1.1598857109393217,0.0883300847985677,0.0,5.0281938483403905e-09,6.095575359432806e-05,0.2641794609629242,0.0127875463205922,0.048954172819917,0.1944629502811174,0.0613226589249788,0.2735595502413246,1.0237737299027572,0.1763081488617183,0.9260981179036124,0.0060440399482489,0.0587292163611459,0.0035916773342965,0.0029413758884264,0.0329584316767098,0.0017642683481311,0.0105665034088249,0.0189898476895072,0.0621802143707565,0.0291206772607811,0.0133227079380701,0.0937226312322032,0.0368797169585785,0.0003040056104026,0.0003274775087331,0.0009598758813718,0.007377803974909,0.0026510193003516,0.0047052114647102,0.0028254274395805,0.2856304456214598,0.2565389543372616,0.2811380675850322,0.2319213466680825,0.0099693788479358,0.1948321376114959,0.2884170477968114,0.2649617781874666,0.1709827160522053,0.1612121024620262,0.1245076233208511,0.1121044465943089,0.1015783693296871,0.0,0.0875085810147997,0.0013890070980933,0.0268279991877758,0.061411664755909,0.0525621361681458,0.0421927497742044,0.0367201942267665,0.031183727749006,0.0
1989-06-01,0.0011785421606027,1.2857884593646618e-05,0.0017534337689935,0.0013531615604999,0.0011461734087451,0.3010761195168884,1.9753686707969755,0.6142224766709509,0.0,0.4832743274535661,0.2247149871062377,0.1256431246807586,1.1933724222190352,0.0,0.0,0.4499516969150262,0.0,0.1358240356600231,0.0,0.0,0.0,0.0,0.0,0.0,0.0,0.0,0.0,0.0,0.0,0.0,0.0,0.0,0.0002388204593491,0.0,0.0,0.0,0.0,0.0,0.0,0.0,0.0,0.0,0.0,0.0,0.0,0.0,0.0,0.0,0.0,0.0,0.0,0.0,0.0,0.0,0.0,0.0,0.0,0.0,0.0,0.0,0.0,0.0,0.0,0.0,0.0,0.0,0.0,0.0,0.0,0.0,0.0,0.0,0.0,0.0,0.0,0.0,0.0,0.0,0.0,0.0,0.0,0.0,0.0,0.0,0.0,0.0,0.0,0.0,0.0,0.0,0.0,0.0,0.0,0.0,0.0,0.0,0.0,0.0,0.0,0.0,0.0,0.0,0.0,0.0,0.0,0.0,0.0,0.0,0.0
1989-07-01,0.0,0.0,0.0,0.0,0.0,0.0101188695302065,0.0698264616420884,0.0206793316942033,0.0,0.004209908047119,0.0019575412530427,0.0010945046562804,0.0615187494306697,0.0,0.0,0.0231951611944821,0.0,0.0036894406110542,0.0,0.0,0.0,0.0,0.0,0.0,0.0,0.0,0.0,0.0,0.0,0.0,0.0,0.0,0.0,0.0,0.0,0.0,0.0,0.0,0.0,0.0,0.0,0.0,0.0,0.0,0.0,0.0,0.0,0.0,0.0,0.0,0.0,0.0,0.0,0.0,0.0,0.0,0.0,0.0,0.0,0.0,0.0,0.0,0.0,0.0,0.0,0.0,0.0,0.0,0.0,0.0,0.0,0.0,0.0,0.0,0.0,0.0,0.0,0.0,0.0,0.0,0.0,0.0,0.0,0.0,0.0,0.0,0.0,0.0,0.0,0.0,0.0,0.0,0.0,0.0,0.0,0.0,0.0,0.0,0.0,0.0,0.0,0.0,0.0,0.0,0.0,0.0,0.0,0.0,0.0
1989-08-01,0.0153675851039472,0.0004175838498333,0.0096796675010318,0.0,0.0063657524757795,0.9776055991012822,6.116046492718796,1.9919379344037715,0.0,1.4652718729428564,0.6813284532833452,0.3809458234486014,4.409864671485349,0.0,0.0,1.6627048314145356,0.0,0.4334633872957348,0.0,0.0,0.0,0.0,0.0,0.0,0.0,0.0,0.0,0.0,0.0,0.0,0.0,0.0,0.0,0.0,0.0,0.0,0.0,0.0,0.0,0.0,0.0,0.0,0.0,0.0,0.0,0.0,0.0,0.0,0.0,0.0,0.0,0.0,0.0,0.0,0.0,0.0,0.0,0.0,0.0,0.0,0.0,0.0,0.0,0.0,0.0,0.0,0.0,0.0,0.0,0.0,0.0,0.0,0.0,0.0,0.0,0.0,0.0,0.0,0.0,0.0,0.0,0.0,0.0,0.0,0.0,0.0,0.0,0.0,0.0,0.0,0.0,0.0,0.0,0.0,0.0,0.0,0.0,0.0,0.0,0.0,0.0,0.0,0.0,0.0,0.0,0.0,0.0,0.0,0.0
1989-09-01,2.9005492495863274,0.2455761079586187,5.409920276842196,8.24686053347535,3.566566454342344,3.869315395125998,11.167518712016836,4.571743065811898,0.0003716814240318,4.3275964714538135,2.013594499330932,1.129604389236504,5.58919695530966,9.533991254528398e-05,0.1112754122430012,2.180197908818124,0.9526119303513892,1.7200218974345631,0.0920795635517258,0.0570566180799081,0.0,0.0003828395026666,0.2199853925758272,0.0009343788979849,0.073332922330722,0.0403279568936944,0.5337909116549558,0.0003052371750164,0.0781111602596007,0.0,0.2361800755864645,0.3797724308786275,5.915287310777728,0.0,0.0,0.0,0.0,0.568766579026165,1.0946882529804405,1.273269967586674,0.0,1.0008661294949694,0.0,0.0,0.0,0.0,0.0,0.0,0.4506783488808968,0.0,0.0,1.9267708453086186e-08,1.8008234902505525e-08,0.3789270801486131,0.0,0.0,0.0,0.2645991101259362,0.0257324006369095,0.0176989202505372,0.8948274868803463,5.87264031508591,0.0,2.9942677310454817e-06,0.0,2.626835712535436e-06,0.0,0.0,0.0,0.0,0.0,0.0,0.0,0.0,0.0,0.0,0.0,0.0,0.0,0.0,0.0,0.0,0.0,0.0,0.0,0.0,0.1777585694893138,0.1543836704764125,0.0038536763334591,0.0495490280784796,0.0,0.0403444981362925,0.0,0.0,0.0226559305851356,0.0208011362925586,0.0150837879691401,0.0132541621477629,0.0119594478357403,0.0,0.0102984039107875,0.0,0.0,0.0,0.0,0.0,0.0,0.0,0.0
1989-10-01,15.611429674964707,4.119736651790779,14.535069266483642,15.580400403655794,10.438100575954358,11.670530161059942,29.908768974581303,13.925906967462982,8.0176557089878,11.93496178553148,8.596012011650073,5.959645807830397,12.553524532226078,8.513322563029805,3.844686460392431,8.621857154613979,5.649251955859327,7.623687758905625,7.983041226404099,10.447164723610715,0.3977325571787709,11.886109468784424,7.499434963406004,8.533658785248779,7.186967241193075,10.005134253668526,5.1785416257485934,4.8357926210258295,0.6863091158864418,0.7820987790954146,0.8155959502137553,0.7828098098677065,13.619355841625277,0.005698659985229,0.0150987841981627,0.0166649313284952,0.01408005068469,1.4685207423513291,1.03098085295939,0.7644665821632058,2.0803129421198308,1.0410552122951584,1.390269430917576,0.9177036898143668,0.0931625778793529,0.004721252249012,0.0509362096788579,0.1696152545038671,0.5811436815591597,2.2233777673921344,0.3270232107506591,1.0786409103668049,1.0613854738441144,0.6666871927188184,1.2561367340921274,0.7259222974303245,0.5394071591416537,0.7797620060325553,8.617874494972707,9.426009364188038,1.6644853227875973,0.97615101781962,0.0361806192245411,0.3628591134437325,0.0456600917161816,0.3285743947840762,0.0037658664145552,0.0171970416900173,0.0830806672486951,0.0444785175215512,0.017225979267543,0.0188706789986638,0.0049752296445825,0.0242868873689753,0.4799309776541863,0.0532553071899017,1.288933544157322,4.448485518148269,1.838191331183189,1.5455185207310445,0.0448672503320519,0.0328009941671634,0.034228850126471,0.0603058555183933,0.778597375789561,0.2646605604156591,1.260024991691966,1.2400273178865615,1.9114031806441416,2.1087289613178597,0.8136112146700891,1.851768865350448,2.083713884149104,1.4043095988530403,1.2844018352375497,1.1793701739192333,0.8590320197229788,0.7548618368072337,0.6811981663373303,4.937821122547243e-05,0.5867615083802635,0.0104303289489544,0.0044366157286768,0.0043007675666474,0.0049397361998527,0.0140745375855372,0.0200479598226088,0.0214983641942539,0.0207651541224798
1989-11-01,29.699075289747444,17.626580200406213,45.41957103755262,55.7616464805832,36.3023183623263,34.143261176319925,61.45060416459464,33.58872339886595,25.654851082509207,29.735231872563464,25.922563169379465,22.337795631823894,27.96496528766321,29.04353291014893,22.23968090741419,23.80764516573948,24.883675606501203,26.73177675035039,21.039014279239627,28.39609226408364,25.93187533434864,33.91317597225474,27.86374413274238,17.60599239744202,20.998034501493983,27.260203863644907,23.65695347943996,29.66785313633665,26.203472562508463,26.781378404604467,24.76009720531297,24.845011304962085,38.129930422205625,23.83315617654007,26.148569411734144,26.336682918088737,26.04985615676525,21.530502655942108,21.313144744471245,23.00941091366171,24.04237341596976,23.77239051391896,28.104827909295334,25.850056049853062,28.185495166750247,25.327230514461853,26.87876049152952,29.166016844221016,25.16605976808029,24.05933431748894,26.54756340771453,24.799359470713267,24.806725023243605,25.269413681432173,24.657453036306386,25.44843352805348,25.130361232948616,24.963915441232214,18.30177148046863,21.689300292149312,21.22869104218097,25.548379090173015,25.575645058213556,26.09966328381792,26.439536582698665,26.28616934028969,31.485220023775927,23.02516352262136,23.691878989084163,24.73488734205428,25.675048201402817,21.99333429395673,20.10731622422381,16.440328276219027,18.653448213174624,23.113169526290317,8.594859420350211,17.117427231395354,11.090290999472932,6.814959144067899,17.951032245837062,14.206953630048758,10.306678557908564,12.12799770008491,8.035513258506862,11.174026385822788,21.748693426205755,21.78114832746365,24.16794055436247,25.95313831828337,30.24064224038344,26.78974864926122,33.40414267501606,32.48939067477358,28.485339727314862,28.43616067557821,27.25693858349285,26.69717835042629,25.68075312663906,10.723008928130085,23.323790999233477,8.759607677441895,33.68540005947846,31.478097283025757,31.58665565344664,27.026467088014368,25.33754008517224,23.05206651617195,9.262150610747714
1989-12-01,35.890193435219025,31.51167078516449,40.68313745444304,46.76452788485508,38.57396633034272,34.87588924113851,31.73171259947307,30.840810391072477,14.372237621833834,23.59077881862172,21.149836891057387,22.53057655788523,27.58806865291365,13.908656897966514,24.52314683449576,24.59491693367389,23.90010974141741,26.45920931285035,11.681072080904976,15.339353693935385,19.74881240998392,18.667229221810505,14.064531862149371,9.162084229878277,8.532391278667685,10.161671480335452,9.459746415513152,13.385210274732382,12.820391978447212,15.012770564331108,10.864670754470277,11.549606575432,44.21251306293048,6.534377371257614,6.913115189528702,6.823679164390473,6.95733660947957,7.740555704845075,7.688315080404889,8.534993995078112,6.675770281675673,8.046944520591126,6.051641686245005,7.108141563769051,11.435428956874697,9.20808308948956,10.427044011463437,13.100857606910084,7.718899259412291,8.892323308987384,12.141351414021235,16.75808689209951,16.399042918108726,8.205658006392117,10.76962824031426,11.461698801231446,13.440636818912065,10.229133628064094,8.95447937748807,9.012238070917538,7.908761683548166,9.198397445855296,8.305861262405458,13.564054595140025,8.412448184119325,13.027020677571093,5.708134142952487,6.834228936563793,8.181090190919392,7.200732784253684,6.469220794646421,7.624189015812112,9.02394033281369,10.138957734942723,10.237869028656949,7.523193194650135,12.778535205972169,11.74113170338216,12.069457705213784,12.838347557152275,9.162118152895928,9.839490781842027,11.02395006371484,10.398176294946497,12.160796288829742,10.800399762214385,7.243935391996647,7.237592236528801,6.759683059678656,6.545470483865241,5.228268299613428,6.303678368921696,5.864681755462256,5.679616897625516,6.146351376208947,6.197513377259847,6.6941160154021855,6.9486952426846855,7.337004162724784,15.75487402248119,8.20295459984825,10.95709549903839,6.148418445630955,7.0190818870221925,6.93073029322832,8.067857710863823,8.159447515118313,8.374597727315049,9.34736733832268
1990-01-01,24.692942660528946,17.769161748364734,45.45987648932604,57.22668686760527,36.33373651566077,31.265990385112328,47.39553818087674,28.189470732692502,18.038963155316367,22.3150721028512,19.90308933628329,18.865783663887367,25.82359158166016,18.664888192479403,16.953965550354084,21.31567539447211,17.216767653460728,22.92065583934618,18.093259265372065,24.12938595926905,21.575145867239566,30.831223622741906,21.855052968640926,11.956337411499518,11.065964919030296,19.41654473432224,14.528345378709624,21.002253921605195,23.90853994549735,25.42716922610281,15.752634352441548,17.067889857566055,36.90259543614154,8.550768469834772,8.640844808367426,8.547378073563898,8.710404820999129,8.177887434404118,10.31930092652626,14.099602422138572,6.847943007471977,12.74755596924637,9.696885238550175,10.517364318852715,16.75541393068347,11.724779902342156,14.524266503679383,18.765337107829215,11.255070007172035,10.21201162251717,17.037593557550725,23.27799610873088,22.79313680955408,11.712241752495563,13.69720266545833,17.4409304304865,21.927077038448303,14.414626595008148,11.440527148174182,14.589314329176569,9.90761828928105,17.947720240909323,10.249003513402682,18.01219376202239,6.747499442776571,16.6796050739995,6.782056331368682,5.884378434450994,3.9448684009667594,3.74765402875804,5.780264838538198,3.649625217995928,5.0611501848323694,9.499400723369806,9.436046517427007,6.31022487824535,14.217816847920508,13.838963281525077,15.681071526378531,13.062889695651222,5.010708250608711,9.324879637735284,14.29257887610915,11.207927986935932,12.904961262566726,11.463717922768572,7.6119374566830205,7.6474851757488125,6.2652331606746365,7.444188872879989,8.416332553678464,7.492602825650251,7.591194456581627,6.739170941944209,6.743822422177376,6.585597185767445,5.636812819095499,5.387470833048149,5.158805800035666,1.9548995556787792,4.8851700440708985,4.315008559930254,7.346279514651952,6.473998962930583,6.512888178348892,5.410211362148972,5.102116250957851,4.951010830862317,12.024001032084875
1990-02-01,30.683936306961197,20.261009522472403,37.478191516348815,37.86392491006188,31.027018625650904,28.29328480565076,48.66061032448541,27.63591087915053,21.22727644802154,21.321482128718586,18.099068587386377,14.766819253668883,23.638886103771963,21.473575558879556,17.51399390901443,17.82446661048103,7.773870189739975,17.152373708595913,9.601906126884618,13.478312230919755,15.451579344427303,15.16907031352282,13.009961437864591,6.6916293565113865,7.991303425309917,14.556369448586851,11.062260829407055,16.52970198990132,14.380583693363745,14.182350398144033,16.792717357016603,16.51471267762555,23.792226430472024,15.88108765669346,16.535947301424137,16.552727567321387,16.500708887033106,12.195163987170956,12.643748109133265,13.754689948243737,14.957097669591436,14.071059552952043,15.338265294269386,15.579140910460456,18.749407751639257,16.32842410126057,17.584582046454496,20.15195252285968,15.345197759030004,16.12078239041236,19.41694590065624,20.59018917140996,20.48682595200016,15.769977872222306,15.83658267023025,15.587660295916905,15.326310697542104,16.74340073967471,6.931216098386425,9.75802739724712,10.45955682197192,12.598341617617006,15.29143507096827,20.88160015594592,15.0082864059831,20.26342115984653,15.491356650758062,13.901187691000509,15.3768314083835,14.992829414112316,14.68003056812521,15.520758690309806,17.225936548449727,18.690145860928567,21.6237633127116,16.0268627474397,22.279992009446183,24.20633822815508,22.18320190927786,24.403160026744143,16.22202450725778,17.750325737841333,19.891511223991344,18.98294625186114,21.800761194312518,19.69778235163013,13.262173243913262,13.37376745863676,14.838647025391106,14.916203285567072,15.530567020670288,15.065082346865015,16.914024526490294,17.02130989755127,15.860127422205796,15.937205609529638,16.731712390111174,16.699268974462576,16.53220801266172,15.481902645761776,16.233532590122305,13.480080670602764,15.91379831425468,15.569923049480298,15.10572390624086,14.294490016834674,14.239917015924108,14.195376901490569,16.962836295792155
1990-03-01,26.796552372749044,21.842396583439545,32.99773785342603,40.27825340456091,30.875946884782277,28.972949029775823,30.958849494667284,27.321304856249636,20.03644247785588,26.263192759451066,24.3881584294953,23.8992300583278,19.230400795503748,17.669712892771837,19.64874995452702,15.732987400688492,32.11192317597975,24.63078827483387,36.95768996902146,34.21201179699169,44.00431816607902,46.16719889405595,35.20041484451561,26.340039755420584,23.60526530729803,34.720752946191055,29.58943538068465,37.53539786601759,39.85134597706494,40.17156607806646,29.45180635682519,30.62029713992503,37.47621202376365,19.18043001155942,20.44007681451652,19.708359919297678,21.13899355616637,20.519815497752145,29.14901042756157,36.8066355236415,34.73636041170893,35.16424280189552,25.075889931722912,31.60429039296032,35.04928498507329,31.895526950118665,34.03949209891036,32.97932710429606,30.017518187060787,34.86489240255973,37.19006603280194,22.029000634218992,23.192482589458336,30.99098362662528,36.05259187720584,36.1825931114781,35.87269067738474,30.18525685734538,24.41963448298861,28.44173319797622,21.545293105275245,36.8962579464434,25.08197315511517,21.57644126645132,21.994222544176207,21.423206443730788,13.511484076050053,21.255011032346527,15.747777134463782,17.25509823920716,18.631467149390836,18.825885773368363,15.868254545346602,11.410718747101212,5.586318688844167,16.41871552561772,3.7086219472292696,3.513989605256173,3.8198461717396857,5.503913624286104,16.91973988707618,14.925604278343693,9.081324735793745,12.309816389903288,4.2640367260759255,10.587948277144232,26.993892846124183,28.34411488407551,26.623939781563447,26.09039720441817,16.932902093131638,24.110767160027603,19.411489978196983,18.34178020055336,19.806226241203987,18.94827128382289,19.18885191638746,17.96809215636661,17.37318971127421,18.079290090320825,16.858394206040867,9.142967124003142,11.975494139704589,10.853312017198952,11.09730364328013,10.614012143684995,10.536087926259528,10.081909517007828,14.450788216968895
1990-04-01,62.5816273575462,34.15431425553211,55.40660886717893,49.1162607062476,43.78989764020936,42.13756901312758,70.19558453442053,44.06732562368709,22.393204919610127,42.61237302304852,31.101772706646077,23.859615331307136,26.273281931567123,22.240758590587216,16.475577413199932,23.447448578479342,15.91022780278801,26.64576882154669,9.827564680906876,13.708514298227891,30.37749913652403,18.014800479512257,14.370144366395396,6.522174606179351,6.200831685655253,8.056680962336456,10.060075257806512,11.991120888018784,32.85054241437185,34.251316117114385,22.2085044148862,23.131281359811545,41.64556916509643,11.355563707796652,13.880810221788895,13.938084256974216,14.008766890839802,15.156806051433612,20.61365440029772,27.298776037436024,29.837075722354115,27.47306173059244,25.118175953210248,24.72606443549278,14.721836395161995,13.450897076354202,14.353974875293597,17.159838488948782,21.655444209843605,30.60729525701734,20.382227124482423,19.596557399297648,19.73052792370867,22.04017378945578,33.69118274197799,34.98250405729281,33.96448166258,22.311709514007173,6.399524662000241,6.197679784565553,11.866703503546985,21.589049015833275,10.993221242957882,15.896474466306994,16.28348506962523,16.084557527920822,15.272554426252118,15.45053630476262,3.5597796241263064,5.396120684705612,13.19046274409246,1.1986897611370937,0.1079028428642011,0.1453502063741547,0.819832893628385,8.388611590001782,0.093118597995722,1.2729586826832415,0.3104658862793823,0.0212527189758153,0.4010419820892489,0.2270521855408789,0.031248169556063,0.1387920828307375,0.0386327653637392,0.1139410865500355,22.981021208538536,23.856743120548664,26.8259857101275,25.752909016345814,22.88011030526062,25.099270774669527,24.84287243749666,24.463595620116465,23.883525770593582,23.52842404571255,23.43979185576335,22.477694938354198,21.201957795917973,5.85794612447191,18.626941463454912,1.4017413970750294,18.03866585720731,17.29296386689306,17.025725894304014,12.815824384304127,11.227943955230916,9.690125428084496,0.0061309515892494
1990-05-01,10.223833139041492,2.0489827746438083,13.260685938912877,13.370007606137568,9.187090522813309,13.895574645346269,46.64585617563329,19.617045925984826,5.679808078105202,18.77146255862361,10.66449050978939,7.439037059723453,13.32080370283928,3.845345209954493,2.674250649780559,7.217184164821961,1.71509221530651,8.350726557434363,2.7846961680712017,2.549872478968507,2.0237262837828665,4.629620585491275,2.531240560021221,2.3499776250671687,1.3632856533693036,2.209450516842088,1.0468687141839716,1.6187466085602948,1.7742080797292028,2.738261869099478,0.4483874011241159,0.7911727338213767,7.174897448097334,0.0881575346442979,0.3018241985565313,0.2914899320502923,0.3059996238088318,1.8543454772087589,0.8318009549044301,0.551711323170209,0.4479129676918421,0.5770695016846178,0.6101579102548341,0.1406613702367832,1.033414456873825,0.1910586259400195,0.6082606342516766,1.6379268328630852,0.4615228760538296,0.1311063974457074,0.3998393920290713,0.304981844849221,0.2874131793870558,0.4688300971238744,0.2455964172781757,0.355090253847561,0.5716703185769805,0.4073359380330446,2.424325443741133,1.5931686959360485,1.1335177051923715,0.7859298491360134,0.2782038871452589,0.3250531391200834,0.1083992269595926,0.3009015602198439,0.0011230106433152,0.0296852035365452,0.0,0.0,0.0325344096294526,0.0,0.0,0.0,0.0,0.0200805192470271,0.0,0.0,0.0,0.0,0.0,0.0,0.0,0.0,0.0,0.0,1.0974728298451122,1.0147956889301413,1.3765537773745613,1.248439499236904,1.2994232659785303,1.1884919150753008,0.4006007678755133,0.2372033914498575,0.7185304107501725,0.6601475322819554,0.4787427295404075,0.420673912017678,0.3795809686454886,0.0,0.3268610880409646,0.0,0.0002646451172117,0.0001668679068356,0.0001097787391316,3.991651869035711e-05,3.39345280923739e-05,2.8720408651250317e-05,0.0
1990-06-01,3.81135435995449,0.0603180124453765,7.867047682912965,7.000034316854403,5.143154232296082,9.76729989599596,42.26577038100453,15.164544341972556,0.0,9.326571966418252,4.336709773561156,2.4247569134304143,11.164037346867516,0.0,0.0,4.209312579307936,0.0,3.944410771445176,0.0,0.0,0.0,0.0,0.0,0.0,0.0,0.0,0.0,0.0,0.0,0.0,0.0090441697003847,0.0078048022278337,1.583165101011019,0.0,0.0082676223977872,0.0092354779720408,0.0076670028114645,0.0,0.0,0.0,0.0,0.0041249875071161,0.153108045696666,0.0189139244355491,0.0,0.0,0.0,0.0,0.0172580667721163,0.0,0.0,0.0,0.0,0.0145104571080605,0.0,0.0,0.0,0.0101324349592464,0.0,0.0,0.0,0.0,0.0,0.0,0.0,0.0,0.1798194413061304,0.0,0.0110358686383129,0.029291570790852,0.0569815136604547,1.4194698801580164e-05,0.0,0.0,0.0,0.0351706605136407,0.0,0.0,0.0,0.0,0.0,0.0,0.0,0.0,0.0,0.0,0.0,0.0,0.0,0.0394520987262419,0.3920257237931538,0.093412707322382,0.0496094748872564,0.0271417264101289,0.0723929807017173,0.0707556394970836,0.051307921297392,0.0460644908105111,0.0416363054527235,0.0,0.0358534521655473,0.0,0.0182531326988268,0.077381508194687,0.1772885086546975,0.1774475507514099,0.1509464466338038,0.1277531728148944,0.0
1990-07-01,0.0,0.0,0.0,0.0,0.0,0.0225076415722737,0.1552176210687059,0.0459975281169364,0.0,0.0749631712897522,0.0348566996276827,0.0194891525201664,0.3981599516430926,0.0,0.0,0.1501230819062207,0.0,0.012979416757658,0.0,0.0,0.0,0.0,0.0,0.0,0.0,0.0,0.0,0.0,0.0,0.0,0.0,0.0,0.0,0.0,0.0,0.0,0.0,0.0,0.0,0.0,0.0,0.0,0.0,0.0,0.0,0.0,0.0,0.0,0.0,0.0,0.0,0.0,0.0,0.0,0.0,0.0,0.0,0.0,0.0,0.0,0.0,0.0,0.0,0.0,0.0,0.0,0.0,0.0,0.0,0.0,0.0,0.0,0.0,0.0,0.0,0.0,0.0,0.0,0.0,0.0,0.0,0.0,0.0,0.0,0.0,0.0,0.0,0.0,0.0,0.0,0.0,0.0,0.0,0.0,0.0,0.0,0.0,0.0,0.0,0.0,0.0,0.0,0.0,0.0,0.0,0.0,0.0,0.0,0.0
1990-08-01,0.1737434275520245,0.0017920164732727,0.0691010369009368,4.710609270311341e-05,0.0453119569662163,0.5307206647030811,2.641737286919732,1.0423458220420698,0.0,0.7460236153877755,0.3468892874904885,0.1939534810732575,1.8608783074343545,0.0,0.0,0.7016295471496714,0.0,0.2317205238529957,0.0,0.0,0.0,0.0,0.0,0.0,0.0,0.0,0.0,0.0,0.0,0.0,0.0,0.0,0.0,0.0,0.0,0.0,0.0,0.0,0.0,0.0,0.0,0.0,0.0,0.0,0.0,0.0,0.0,0.0,0.0,0.0,0.0,0.0,0.0,0.0,0.0,0.0,0.0,0.0,0.0,0.0,0.0,0.0,0.0,0.0,0.0,0.0,0.0,0.0,0.0,0.0,0.0,0.0,0.0,0.0,0.0,0.0,0.0,0.0,0.0,0.0,0.0,0.0,0.0,0.0,0.0,0.0,0.0,0.0,0.0,0.0,0.0,0.0,0.0,0.0,0.0,0.0,0.0,0.0,0.0,0.0,0.0,0.0,0.0,0.0,0.0,0.0,0.0,0.0,0.0
1990-09-01,0.0,0.0,1.6007318763935764e-07,0.0,1.0450554386191348e-07,0.0379985498524744,0.2549166093673778,0.0776552783646183,0.0,0.0655513848518251,0.0304803664605777,0.0170422477505296,0.5745980518110092,0.0,0.0,0.2166476815139421,0.0,0.0174738486590347,0.0,0.0,0.0,0.0,0.0,0.0,0.0,0.0,0.0,0.0,0.0,0.0,0.0,0.0,0.0,0.0,0.0,0.0,0.0,0.0,0.0,0.0,0.0,0.0,0.0,0.0,0.0,0.0,0.0,0.0,0.0,0.0,0.0,0.0,0.0,0.0,0.0,0.0,0.0,0.0,0.0,0.0,0.0,0.0,0.0,0.0,0.0,0.0,0.0,0.0,0.0,0.0,0.0,0.0,0.0,0.0,0.0,0.0,0.0,0.0,0.0,0.0,0.0,0.0,0.0,0.0,0.0,0.0,0.0,0.0,0.0,0.0,0.0,0.0,0.0,0.0,0.0,0.0,0.0,0.0,0.0,0.0,0.0,0.0,0.0,0.0,0.0,0.0,0.0,0.0,0.0
1990-10-01,28.372752510047736,18.960406910938435,28.708884832210035,23.41350630116646,23.540341283129347,27.22430295006941,64.18151914815401,32.64753732635768,30.197296063214964,30.30439048499316,24.93395130354613,16.625514298931876,26.48938257298145,29.396548401793524,17.89347899748414,17.498615488986204,9.22037444490628,15.83378910048182,3.0080871431096803,3.8159194183841527,0.0817657657256228,6.240910466077141,3.271685693760917,1.428035498334941,2.0611926926865145,2.558629823395249,2.541089227861023,2.645619870474002,0.9058259340657911,0.6975601772562687,3.11476730790822,2.7581045038786467,14.207262371294556,4.433535648454422,4.183320746632053,4.343448822604102,4.079389611844407,12.435291054721644,7.044740164295159,3.767843282280048,4.302399693510223,3.891300742477633,4.207026928615282,3.74484673755242,4.555802184219719,2.634737560398288,3.647804868665487,5.219541028411497,3.8406532627049295,3.182992810107512,2.8113732496127466,3.49503961159703,3.360421609143148,3.76097308367596,2.291513911763883,1.5682263560281098,0.9174181261750066,3.3542293867291324,1.7736621211472134,1.5922821569523,9.904534862204256,2.094850854048901,5.166829220793867,9.697196068349902,4.479651398729243,9.137956036929046,6.188191030345347,3.040673125445646,5.907160296892271,5.267312465587036,4.427340970642691,4.052110920360151,2.9758471665721253,3.0799507474866097,3.403854807440869,3.941967066605212,3.2161714476247987,5.826470967760168,3.96018117216613,1.1319682878006168,4.467903744607806,3.6672932745282742,2.669819740715385,3.129600201279193,2.383795982704675,2.9047626621045826,8.33908331659347,7.862483888101876,7.89561300833028,6.881550117860717,4.717298244821408,6.511028162386668,5.932167549191864,5.588520701540428,6.029556733560644,5.923618136627062,5.4217315391911285,5.176256898698314,4.939270224546188,2.997661810977065,4.703291397133075,3.467182096874703,6.064619223566548,5.127688653331766,5.166530957104999,4.792109249247593,4.794251491575398,4.628737981216569,3.3265918019568232
1990-11-01,61.469764560182185,39.04961435419846,73.45816695849129,76.99611597859769,61.02323966244085,56.75335092045192,93.62086615918382,55.375863796350366,33.237877946354025,45.775474042649385,37.14418732645362,32.6423671630305,46.00767973084672,33.727679282066866,28.152007194686306,34.04132443929902,32.04968890328936,37.51963105248738,11.947248340089876,14.12657215919785,12.892909594305138,19.232099729420423,12.837418906283384,13.465120700481728,10.210054179107184,10.766564994778433,8.886261487149486,11.231672558586917,5.11028741013224,5.658624693542128,4.604612091585526,4.93539642715143,56.01355907032298,4.684516199034199,3.8460126226834954,3.896383479704907,3.774421819190556,3.0889796924673703,2.5662743895265474,2.9295675931885854,2.060440120706925,2.71652009387391,1.9178099927603312,2.2835552354684983,7.4388800837851425,4.169060113798314,5.889122437343129,8.017113011242515,3.180868753661226,3.3070976083046397,6.379887627114966,8.810742200838067,8.588749735777446,3.5200382306716924,3.3124103908397604,3.288414003079925,3.934808853223932,4.433857639426311,12.564229578987812,11.145839481968814,3.2835860242001087,5.000441674892858,9.365431382696032,10.709883907252284,10.224427898622189,10.655906642304023,5.323051586368062,10.449836616094505,20.0247904047481,18.084623035937646,10.83459357601419,18.17365690772237,16.42173858029433,14.406246946826444,11.973983987634533,12.342684438924152,8.107035142180303,9.754574665730315,8.567882799070087,10.851778920764316,21.98585650358049,18.69489340167729,12.81843729330572,15.8618090505665,8.918092290497814,14.273903577395862,2.38239532078514,2.334107836931507,1.772007570755349,1.6528124424223023,1.3291328137178455,1.6026163050282334,1.519826641374114,1.6264811021094847,1.791786383965587,1.8625753341206983,2.40339628566176,2.6990909006599715,3.593533891947001,20.748889334290222,6.232012679950598,23.48952487511372,4.391349536481551,4.378972753826159,5.364383442052354,9.831499827127114,11.519594229373974,13.443925753197565,21.397241189773485
1990-12-01,41.70818729809439,31.591161538662156,51.58077019567877,51.12418358148417,44.74500094252127,39.66604113374237,45.07852277813228,35.770220595807906,31.933599087673528,33.567154327580035,29.99523725191666,28.53462703948024,29.591898205888597,29.61198929996285,20.312064890691357,23.57861781870816,30.979412124513782,32.1591342349438,25.24226556174225,22.31765762822484,26.793317703349388,20.395340116357943,24.10989892502648,26.59711347807457,25.284525425503183,25.46187490650797,26.408069207757897,25.24542465916519,29.082840433409576,29.53374013214543,26.20769924881785,26.54056370371351,38.48133119622528,22.848425312880348,23.106109800431494,23.265104972866727,23.034262299965903,26.917594388538834,27.025389006865343,27.29442313359418,25.490028562696573,26.68866990747026,23.53721703832925,24.1143729874712,24.525711069330946,22.10157820851979,23.49223521290425,25.454577338329,24.848277628507734,26.596459644129737,25.729676328627583,28.21163218274581,28.06108731056237,25.04113347494593,27.703865582245363,27.938582277702448,28.377334974737987,25.90480965086168,25.873174995474123,26.164748824306223,26.440719328805653,27.88268599334073,22.266528487744004,23.49184339690848,22.99635335646699,23.353879783828106,26.302760357512582,23.76903644877357,36.36455623428331,35.266773204940954,27.44794820163046,39.21432723438695,48.93670285590633,52.93464325013259,54.47271212823182,35.49270156715727,59.71362636675463,60.052256115640624,61.34939996409272,49.10577551781464,41.04290435259067,46.46238514716983,54.897379643910014,49.51263741906454,55.15632947812879,50.468821862576135,27.384861913504828,27.299725751320185,26.40477341218413,25.57564513316256,22.81116408909209,25.19692248087547,24.901732116835696,25.71034390080958,25.85382007261232,25.963778767093867,26.604425145177437,26.766777194954678,27.19273777358051,30.09544910599175,27.679329255327165,31.394703249682287,26.91978260170526,28.07313111102603,28.38832025380994,31.041435793349272,31.429379777657537,31.45983209978941,43.86744479630414
1991-01-01,14.083110494298564,9.44955711352558,25.40948000684457,34.34150150170459,20.192992363277224,15.507628714270766,17.072476446240923,11.52504767677645,10.869587763459542,10.977513542618489,9.820473092780924,8.83900920152313,12.8873420056569,10.644884706343465,10.79206352740575,11.19387190337212,22.45400385526123,13.501002667102524,13.726424907043723,13.51935021655839,16.12724010237907,13.187837335734164,13.523539804125052,13.05335312666884,13.411197902559934,14.235209193727693,13.09595447512532,15.178197456872777,17.46302320412043,18.09138566095885,18.40952724764604,18.402484389589286,25.91352420770823,9.367853872250508,11.248772290605917,10.8965610734914,11.515836877435223,10.938946693032491,13.042976575504037,15.144231501076613,13.59133376895047,14.616952452780732,12.70531761624708,14.84287768869251,21.21455372417093,17.789577079697086,19.674270447067897,23.54497471647424,14.047712476553343,16.52189229204706,23.22643683961168,26.742302478094565,26.50131889466658,15.016644254225746,18.39219467675128,19.34205206983765,19.76688976768292,17.789685332752494,13.196514219561337,13.104556328590348,10.83746824241126,15.559938539430869,12.74526734056057,20.059300968987596,11.4648019913838,19.155033144341157,7.89488167317053,9.2059797902824,11.00511834894801,10.384230760704442,9.208821339600298,11.680324343804706,14.3368186254306,17.277217158635775,17.39702879792471,11.469809347805828,25.483282360388102,20.77846772703588,23.528942083821093,33.386343698710625,13.983950119732182,17.20240237932335,21.746537589904143,19.99184518061319,27.190135345375072,21.924736914344415,13.067193909856348,13.290311172942063,13.02596928281295,12.13355697591474,9.45743656763586,11.449619575194738,7.584800208697484,7.093414488229946,9.568463146163994,9.401967182121542,8.870563354036015,8.747350238030256,8.8269204758924,10.88120147979152,9.217689538101274,12.170729040167735,8.357196773754714,8.456176237259815,8.440709037388796,9.113622179507136,9.487024095673242,9.95567563092731,17.538979560833027
1991-02-01,25.78967611125733,19.046325903503504,26.20251087876364,27.0467114154347,22.884750643812684,23.781379688454727,38.93863927978537,25.47857197458241,17.312137965346743,24.15679510838206,20.32056856421812,17.818152207182482,26.8472248383568,16.65341181340258,18.718546780842708,23.47867557431677,22.933653635838297,20.340493965237293,22.04792009532851,20.634067761333284,16.349361970783598,21.14648738024784,19.77324102312358,19.4209990304736,22.025894001894773,19.2185758440472,19.44140636852207,16.85298489534566,20.618016879380704,20.07039121287441,27.70347390301989,26.41968987400118,19.703737021886248,33.790657401375334,35.997160369435704,35.69443834803417,36.19492548206373,24.300804414771672,23.000418663526865,21.66785333400112,25.43860875148821,23.15361496280201,33.62873643944095,34.08171413704141,36.70659181159677,38.66356405447799,37.61523053448142,34.64975496338736,30.26628113383144,26.19804609716376,32.235331563475235,27.765804892346686,27.89212007206213,30.266648235300583,22.011452472965388,20.891380508077276,19.877710442921494,28.65633789017212,19.38667214423513,20.115091139209465,22.761371510582595,18.98193566406212,33.09694880133482,31.22695649401364,31.938695082441217,31.334019896185943,31.66219886103991,28.77146698393122,19.893708313428736,20.336450471139027,27.68963760573125,16.605205952562866,14.811381230001974,14.754762696279226,17.58934677326219,23.292524894923933,11.039603186410384,19.75821614418808,14.902607021742794,3.993297944034051,14.552342420806172,13.507287437668673,12.181015416834958,12.157975432219484,8.402750505575385,11.06520307037055,24.289466811520423,24.256177067379216,25.4485970266443,26.286229122578003,32.25933358726327,27.09794840169084,26.97137208953047,26.661658970986576,28.08469595173869,28.41408299061045,29.67597952958196,30.09441411502772,30.329282895170525,29.424488880510864,29.428595282680316,19.13177641131261,32.98759242354402,32.622516968154486,32.44794962540237,29.82133871260704,28.074783212387928,26.290436321988203,12.958572346758784
1991-03-01,33.41041279287322,24.470179857936785,43.1655575889686,49.5986299166072,37.159680614438585,32.80511424574473,39.87803694255572,29.13524224455465,14.67544504824846,20.393130823581423,17.4764356483717,17.206284955612443,17.17169289919631,15.11230654258589,12.715850359366293,13.203356628102744,32.23293994735204,23.90823996058556,19.9978709832664,15.70651220192916,25.113763224153544,16.6963047225979,17.930379976510658,25.394464543239145,15.749941077521168,24.774453114787462,17.94316127936039,27.441476713274223,11.997872845433502,13.086448362468388,14.426985389903283,14.386718658068544,38.81836528680344,30.89398826276132,26.82156623732788,27.22381287945152,26.34291473127669,11.415235895422107,9.478035524254276,9.021971654750686,10.160647108268714,9.59986373785079,14.074862810774448,14.6982600753276,20.89516627187024,22.23463242836584,21.35448603354908,19.236600270801308,16.546445033743357,10.615612164746148,16.08423317359278,14.789577079243124,14.747604351588569,16.194718939041685,8.853515480834105,8.685729487985231,9.780189426636223,14.99487753214776,22.72721024519269,23.270943320587,8.963492363993822,8.312939500756585,18.726501709642008,20.829417847174494,19.24715344413478,20.48183869593226,43.747797117100646,27.65641349391645,57.4351755415464,52.25325241849506,38.89404323950711,48.1464353015363,46.23371447593019,43.19860057704247,28.73331384626788,39.51112876186708,34.807677285392984,23.33218100614573,33.987655769943345,21.016226733814197,52.810774609036926,47.98578740648597,41.18279264722945,43.349791507965975,32.01070805569042,40.212446283075664,9.693729465556684,9.54909828102815,10.045979091069604,11.28431196726908,15.150933660909509,12.077902553769734,14.923372822116896,14.035757424425018,14.880314205527272,15.5637186130251,14.211126275498524,15.424968307542915,16.46171286607132,22.064078445469804,18.00193217272272,34.59484444984603,40.091154337101095,35.27308920138505,38.35139231105191,42.95940991811803,43.98648322814508,43.39413464775324,43.9361246555062
1991-04-01,35.215152313516,16.729732898499947,36.75391829921278,40.32490935419575,26.940628188922936,27.171561879567943,56.93369288132533,29.43282635753055,3.554242860347149,17.74727443625007,10.322049120052789,10.767748860826638,26.057568883352616,5.404365671737661,25.325438442445886,28.838179209469224,48.63030701324241,24.64672971282553,5.906551883835973,4.957020740563773,17.127611980310693,6.029284153507289,9.834867026793187,13.586072933912206,25.244212574594822,8.557297171384466,13.655561947026502,12.54292763583202,30.624323482128997,32.96208508362433,19.0811072074246,20.202555943240256,36.41666511998262,10.450424519588775,13.47131287201628,13.726016289352549,13.164475023530096,25.29380746475573,21.753639102523987,24.22875354710311,27.362527427658783,24.61732861479735,22.07995784788616,16.899279658794672,18.548795346149895,13.066372718513833,15.908182705581048,16.680116975032593,18.8303807995288,24.99610962270015,14.327217475154,18.76063883484302,18.47896368715512,18.6728343622864,29.24285681382496,30.758954496226,27.436827601045948,18.85144126999791,16.42750980211271,11.635004381222329,20.14693182410983,17.00159224254012,22.847629215687224,21.90097708114867,18.339063372340146,21.431957615440844,4.51116960251555,15.502317343394196,1.2749100789406882,1.9034617135425036,8.543099540474014,3.3323227169564342,3.3552236566612925,1.858654481503843,0.781820799434059,6.268872731040456,0.0005559381726779,0.5357577829728953,0.0156439512866831,0.0,1.249808606892366,0.7981526766500776,0.3408150982855791,0.5476160815770454,8.107223005645801e-05,0.4220897993422741,26.17070788958544,26.078542369631315,27.126857751474645,25.38103382896832,22.229257423599982,24.816315684690597,27.22309931117919,26.202685606666257,22.01813095492132,20.6150910487873,19.648005715583547,17.433128166284213,15.90179334412874,1.96133161485374,13.765336449457726,0.178992606728459,6.235003697186731,4.064251909737346,3.67313758360644,2.090898476360584,1.8317816999986447,1.5833522592708762,0.044414984315362
1991-05-01,4.200772934820022,1.799558119232426,4.529970644956525,5.2390252941711575,3.620955169230799,9.42034015398165,39.33887381007682,15.633743171728,0.0373406597662962,10.551544770941948,4.992427437978212,3.658919467171825,9.856712055679232,0.0099935828151241,0.4927380642348837,5.312164737153128,9.469613437734523,6.040753863634889,11.912292209387456,13.4928017392972,21.22590626801594,16.073604534893388,16.001951128090518,13.263129354778815,15.58389838101289,16.12371296005584,16.736481778343098,19.18770998636515,19.834616132984817,20.807777183950943,6.774951893717375,8.007395456492093,5.18247643230127,0.0059766198388307,0.3248574039847031,0.3529038450512987,0.3101615829302508,17.586469801107288,17.241286958107455,17.22636838201527,20.42279077478568,17.56247123788608,11.911562287405728,4.793637879500182,2.157003969536281,0.2888341863335942,1.2833638493077475,3.26286197456384,8.864599948669994,8.17364354253377,2.2756601233599456,3.686201025081703,3.5679492420372645,8.090286981608486,7.922184127842836,12.002609355497578,11.536122567359158,6.870640673722897,13.3842490122287,14.642183013364113,16.116958720068396,18.27152574062777,0.1429324109190212,2.444421421158477,0.562502866880959,2.4183050568912554,0.0189049179043861,0.049287700367099,0.0010775448603811,0.0051544057429669,0.0326183353682461,0.5983837676856032,2.065172447919619,1.849200033658659,1.7229779512254857,0.5363343992423408,0.2572399304297608,0.3140705599462429,0.6308717279029089,0.0,1.4144229554237784,1.5663852007620689,1.3177170931308255,1.293726290419329,0.087291050394519,1.010785863154998,19.813929180281196,19.87916534048421,22.21858519566162,21.40581743737176,13.397351171733453,19.573496616285336,18.743480509515575,16.24576252606785,14.3558744398942,13.215056438849333,11.163317083192126,9.815398251411922,8.856784312227816,4.918338425734911e-05,7.62671879799662,0.0013194758719322,0.0677266020782475,0.0731840761113894,0.0556583227866992,0.0279367413953923,0.0240572298862994,0.0205563459660127,1.7057764931199382
1991-06-01,3.1454901941257023,0.0688704986359456,2.5471921462855733,0.6924498779275139,1.6705943817569375,4.666407280397246,21.03063084392663,7.978525171025931,0.0,3.941101148090148,1.832550258450356,1.0246194238167503,3.1386856166931114,0.0,0.0,1.183416754920321,0.0,1.84691345907294,0.0,0.0,0.0,0.0,0.0,0.0,0.0,0.0,0.0,0.0,0.0,0.0,0.0,0.0,0.1015172862606659,0.0,0.0,0.0,0.0,0.0,0.0,0.0,0.0,0.0,0.0,0.0,0.0,0.0,0.0,0.0,0.0,0.0,0.0,0.0,0.0,0.0,0.0,0.0,0.0,0.0,0.0,0.0,0.0,0.0,0.0,0.0,0.0,0.0,0.0,0.0,0.0,0.0,0.0,0.0,0.0,0.0,0.0,0.0,0.0,0.0,0.0,0.0,0.0,0.0,0.0,0.0,0.0,0.0,0.0,0.0,0.0,0.0,0.0,0.0,0.0,0.0,0.0,0.0,0.0,0.0,0.0,0.0,0.0,0.0,0.0,0.0,0.0,0.0,0.0,0.0,0.0
1991-07-01,0.0,0.0,5.602561567377517e-07,0.0,3.657694035166972e-07,0.7388455911459114,4.856682997818576,1.5099344400888854,0.0,1.690513439489324,0.7860622511429901,0.4395048086555623,2.8893336713212903,0.0,0.0,1.089400562774291,0.0,0.3700246588108243,0.0,0.0,0.0,0.0,0.0,0.0,0.0,0.0,0.0,0.0,0.0,0.0,0.0,0.0,0.0,0.0,0.0,0.0,0.0,0.0,0.0,0.0,0.0,0.0,0.0,0.0,0.0,0.0,0.0,0.0,0.0,0.0,0.0,0.0,0.0,0.0,0.0,0.0,0.0,0.0,0.0,0.0,0.0,0.0,0.0,0.0,0.0,0.0,0.0,0.0,0.0,0.0,0.0,0.0,0.0,0.0,0.0,0.0,0.0,0.0,0.0,0.0,0.0,0.0,0.0,0.0,0.0,0.0,0.0,0.0,0.0,0.0,0.0,0.0,0.0,0.0,0.0,0.0,0.0,0.0,0.0,0.0,0.0,0.0,0.0,0.0,0.0,0.0,0.0,0.0,0.0
1991-08-01,0.0,0.0,0.0,0.0,0.0,0.0109869589652069,0.075816815945403,0.0224533944304624,0.0,0.0100206023700308,0.004659423032552,0.0026051865812695,0.0857297231813896,0.0,0.0,0.0323237186508753,0.0,0.0044024535169345,0.0,0.0,0.0,0.0,0.0,0.0,0.0,0.0,0.0,0.0,0.0,0.0,0.0,0.0,0.0,0.0,0.0,0.0,0.0,0.0,0.0,0.0,0.0,0.0,0.0,0.0,0.0,0.0,0.0,0.0,0.0,0.0,0.0,0.0,0.0,0.0,0.0,0.0,0.0,0.0,0.0,0.0,0.0,0.0,0.0,0.0,0.0,0.0,0.0,0.0,0.0,0.0,0.0,0.0,0.0,0.0,0.0,0.0,0.0,0.0,0.0,0.0,0.0,0.0,0.0,0.0,0.0,0.0,0.0,0.0,0.0,0.0,0.0,0.0,0.0,0.0,0.0,0.0,0.0,0.0,0.0,0.0,0.0,0.0,0.0,0.0,0.0,0.0,0.0,0.0,0.0
1991-09-01,2.4828048692075244,0.062017815356751,3.704736208280086,3.780772114351741,2.425550384970633,3.2117467075931327,10.413064228395344,4.301681436153078,0.0,2.693949824560245,1.2526444416790832,0.7003812405084201,2.160084950672908,0.0,3.664819665658139e-05,0.8627595564671414,0.0011711170818145,1.2729780483390154,0.1426283555638515,1.8796326718906449,0.0030754597794778,5.266928443705402,2.189977500074821,0.1248490747850566,0.710558086921637,4.240569801330313,1.4354574562909104,5.618989236805974,1.573531249525376,1.2241691165464028,1.1920373335916727,1.1187020181723324,1.5701487192053916,5.62419054378732e-05,0.0987580307336152,0.1078938701987704,0.0932395581203263,0.1330471538243479,0.0590636700266275,0.5754732621427923,0.0512256201152359,0.4585806983484073,0.0038681429592109,0.0086771747237393,2.317236352381449,0.2840894174172387,1.3729647234499007,3.370585328935664,0.3537778573841935,0.5271955442933169,2.6438979742340782,3.508295885718219,3.4219130733304906,0.5636343378069772,1.176401357805977,1.5767837535276268,1.069486496639356,1.1225858423275217,0.1687281238593639,1.4063438603473928,0.1366546980008973,1.278575301446848,0.0024058019006667,0.5096245889013128,5.102345180129795e-07,0.4470885288768001,0.0,0.0,0.0,0.0,0.0022095594560899,0.0,0.0,0.0,0.0,0.0013637592226446,0.0,0.0,0.0,0.0,0.0,0.0,0.0,0.0,0.0,0.0,0.0685969783904743,0.0629286626070326,0.0489596508125194,0.0375286628001099,0.0,0.030742339304478,0.0409554090734145,0.0280897830143659,0.0221781304635265,0.0203646484846577,0.0149256261130403,0.0131257884690792,0.011844893673046,0.0,0.0101997601394955,0.0,0.0,4.00578467619253e-08,2.6353159877576594e-08,9.582205281231016e-09,8.146191726431162e-09,6.8945103552860374e-09,0.0
1991-10-01,33.284947843978,27.54167267037869,28.667241590937817,25.904164633537007,27.200860567940055,29.784300747619174,42.1269518823331,33.18303692897124,36.0036272264313,41.264250722575554,36.39553187953575,32.50688259559192,39.72316545728324,35.46430261440061,30.55782675877496,37.2014097357737,22.788584827314537,28.35909036521693,13.38109423842393,26.68324210100174,31.60790559128836,45.534493323304055,32.623827370662795,17.183304215180126,36.37796704307823,25.984397621050217,31.810810864823186,33.49686494254721,22.86967635635389,23.71676762665187,8.785809459826645,10.945505855808138,20.98506060363555,1.5161508579373095,1.351339193162852,1.3793506064590215,1.3298067303009675,35.87497432611095,31.784401581271087,24.800687564682107,8.926693577768777,20.81167862133013,2.726090818294886,2.015344788494275,1.239908632085085,1.0965906814768618,1.1520797593126555,1.307641700084725,10.175862949468764,5.663762910111271,1.5230404689120258,2.3997190084008726,2.379150929582823,9.043587135264987,11.390426461316368,16.755563546889636,18.073635231924115,8.092582158522426,21.75134338298545,24.754071452329708,38.8944602184528,30.57408491445197,3.8665739802228174,2.799306590345182,3.795528846388194,2.942599385935837,2.273707550609765,3.740196761118847,9.30949230463121,8.037427539763044,4.328763555982912,7.973906340258614,10.204411760392166,9.58746097196022,9.060016983498745,6.066453011593753,2.037268936290795,4.794306139155987,4.00937105059362,0.0245429386171074,9.50708307408896,8.848223881509663,7.102120388593209,7.391253364147937,1.5178483785746233,5.9706825893270095,26.193710352253238,24.816115320686585,17.1773207167198,14.458428253907588,2.8901953285224744,12.292659449795975,4.123731127251491,3.684704519059616,8.179636238952948,7.711702120273305,6.864239856077945,6.337986663946795,6.154309175685468,5.89554208291254,6.336349923646671,8.37143301359163,2.022677013688908,2.2671906286805017,2.7786081668117717,5.164723717170321,5.826003285731986,6.328933816439902,12.048209147992264
1991-11-01,25.64858008165096,22.542009863439528,35.026924832233455,41.499725481073504,30.81948012998289,26.766058599617185,35.9364736640509,24.075320031743267,19.010099472592884,19.75305557251079,17.54386696056319,14.872326587208612,21.722393834945745,16.620141140216813,9.469856179921392,14.965063312886802,17.995930761779643,18.336482865267502,14.00996351242918,15.428961129576903,18.66345097748102,20.90722485735051,16.270362587225037,14.501611287324408,15.911721770294784,14.822127273016566,14.930624860051235,15.446969451917225,17.97824018781223,18.368918696537285,23.53618721649837,23.110956632422177,32.44919534928668,32.15048438177316,25.873240448187538,26.31193262788013,25.343292617978296,17.159180972272903,16.62552626425622,16.301377909594656,16.389768984320405,16.311897433616732,15.84129164372808,16.071188934782093,33.069373186782144,24.39094401332285,28.758225208018075,32.40134718703156,19.865987754237185,16.778908436117923,26.341288893945816,36.45851444204948,35.6293249045888,20.40173013656937,17.41525403283649,17.530144384046935,18.747940841938995,23.11214716762325,14.92486820258264,14.855999708106324,15.890188168948498,14.897646562375671,52.566339179686366,61.09449541848145,67.26169378693493,62.61618013813876,33.20281874481759,57.54557838737893,69.64307087096138,70.09487549688752,53.49466133252699,77.07453612489724,69.64754147541802,65.76863714683734,65.36931806034931,59.85731354561729,48.05050315672312,48.1844612986582,51.09978982133737,38.70174669077145,70.2592038451724,65.11492990321894,59.05575014476111,61.99704521684716,48.51947957537105,58.71938607023255,18.27094160201152,18.121470778191163,18.324144637672696,17.346562824193626,16.486063685653882,17.143653153171872,16.02130441636455,14.975023204068393,16.896946555270535,17.12550513565976,16.508742471480293,16.890541459048514,17.961085457951842,37.45622197953155,21.768290930747963,53.8005479362128,28.01561921201753,26.10528713626288,28.45116550229793,36.62732439719168,40.19956863295191,43.18699544151679,60.84706536059842
1991-12-01,4.840874248285845,2.914337301109718,16.019722942020646,22.660445490559766,11.599177017192996,10.281621609409315,19.4172897618058,9.73486424918062,12.880638085606217,10.065467369263674,9.24541881064586,8.16248509760574,20.26312739347116,13.559193147145214,13.95001071298046,17.12803198983788,10.77911431484171,10.39410267466732,22.62808646286369,25.80796173457449,31.30399996115368,25.15792808221364,26.41592387521673,20.056805534926355,22.05262182012215,30.178454257135048,25.423614245634205,31.628983358542868,31.47926787714638,32.58083688110533,22.781002263409505,24.16477269276499,12.07715159725691,15.48553083260814,15.563424544923487,15.456420903312516,15.610686447790304,16.525419172994297,19.17186198749557,23.643797577107858,17.304247981738317,22.149597189162936,16.215025142151838,16.644283867382462,21.835466440401536,18.038332296748905,20.057788997038926,23.526055117061052,19.01359934936091,20.17609740554552,21.98388374323229,27.498903588467783,27.094764743697272,19.3414304377783,24.184332721744067,27.036593444386305,29.77735783156063,21.58445552652796,19.84228355670832,24.900677673046847,17.2114257576776,28.15628560185031,18.40824140032221,21.99028981529488,18.551334041931263,21.629977079124345,10.848255725009183,15.975236175439411,5.905474151979174,6.996878635849781,12.353192540240968,7.664715377425927,7.867776374853462,7.66102756643577,11.198640662759155,11.06451213430677,10.931283043776496,14.6430668081605,11.220386476224316,12.146006129115094,5.256974761087994,5.395844859816366,6.813518549168912,6.299331560278771,10.51166048115612,7.313343180044183,17.700715376911983,17.808874500281455,16.319764991289322,15.786887166135475,14.077784873347966,15.203057323738284,10.80076429567307,9.583618152519223,12.354007657703432,11.88238538389932,9.607120183344517,9.001429860707509,8.53373234210601,3.694547981210278,7.889613091734969,4.402796371202902,10.081540697395075,8.41838676940354,8.212467097949844,7.317593389358518,7.106925227850176,6.82945970640255,4.130371954371814
1992-01-01,17.03291810162651,9.972250492334812,24.10877603429142,26.32097317141804,18.79258831620134,19.57903164861009,41.72930474320665,21.53747214808613,23.507400609862746,21.482895355407173,20.17281204627724,17.233904800507183,26.218616692300813,21.063619609593843,20.439574996436555,23.425011495673857,16.028236939780626,18.500683180649325,20.738792178314085,19.45932551832328,16.185887997391337,16.89672217820175,17.285987558893712,15.854749635640262,15.17063224125708,16.41021838616541,15.904525529708062,17.658064113010692,15.28049884997939,15.67880599302905,18.025636083142253,17.688495391958867,17.780614355728098,20.84992337685796,20.24705577915219,20.26047064423585,20.182778547274832,16.915387632704032,16.62595980769431,15.645976085206575,18.559885878440777,16.54019691514078,21.303388679540934,20.86842423943644,17.870376824708128,19.317706999170305,18.427573529401272,18.522562051029876,18.442244603245317,18.68166437841788,18.581021999186447,19.01462497680356,18.949600270433024,18.461740304098107,16.320220153800435,15.27116195506003,14.96595498638327,18.2567757441555,15.61954545427346,15.230974430076106,16.526929131499216,15.909929759485356,20.55030904846173,19.16875520269417,22.13472050532633,19.50281046886432,21.56042655579936,21.39034593771136,19.93000756085713,18.80562169261547,20.27204720704003,15.680054730142825,13.19340808592824,14.467392445643211,16.099070418748866,18.38364210968409,17.31065679110732,22.155551349296463,19.132227923142096,14.832665426070568,15.669961814974087,15.986236806975748,15.56626868995814,15.63259106888909,15.334335644915257,15.460524398370527,18.275219508347803,18.219895778687068,20.310597282758746,20.409918917062733,21.44972040232236,20.61284896238855,23.950944128731148,23.68388558444127,21.05002589736325,20.919925554493982,21.413531990301347,21.104686873465383,20.57934402807327,11.70854035327914,19.523645357606394,15.447040555430508,22.388251695754203,21.403472851796018,20.974116438860847,19.03832396607045,18.716235003327377,18.375388361791355,17.016530734419582
1992-02-01,7.756001083859591,5.323629578132568,12.504444197210246,12.870573577617114,10.042964985570457,9.118388050160991,12.884734790678674,8.657814833577385,15.42142447228291,10.014788445503957,11.869012273092768,11.58243493337696,15.002510983240771,16.70909775250549,18.495615978436422,16.711814501818104,7.0232735214334605,10.335043126512032,11.801202515869456,15.29669417458681,12.684820362846644,15.494177788703531,13.073131720930208,8.097844050661633,7.170169670722471,10.752647346948615,9.593266826481038,12.937872700484816,16.686404374516353,17.509132272632616,16.8436364408779,16.898006368314064,8.949357797789975,10.613739473874976,10.87952036519652,10.995831385746287,10.826154121220744,14.776010989033736,14.492163240197776,14.878170049571835,15.3473277818924,14.611730967309985,12.972582098391102,15.029323641527911,17.437231888085137,11.239578562768031,14.606995215459229,21.061440831727975,13.245936266758797,15.09281406880582,19.44641699441041,24.47382865097929,24.030869466293908,13.910744742856442,17.05073646499976,17.84794257225185,18.82050207627993,16.249280947850615,7.457205461545444,8.965734885580861,10.917022210018624,10.826742865779485,15.09480533760884,20.38215991534103,13.99320884400992,19.627100174730685,12.488916890987658,12.684776766722337,21.208279961403065,19.13344757673277,14.016474507588327,21.606850857885856,27.8848540381083,30.4215512249483,30.165628164587496,18.941025501574373,35.03638604815134,32.08635004461438,36.40983540164724,27.95445977801865,25.535838271613077,28.528326999454823,33.2594078759552,30.55506537637562,34.15817896293222,31.24140860972426,16.203651385031584,16.15939204467086,15.331567653600796,14.25291088927379,11.086568856448851,13.596648429883176,10.29114209951554,10.273941753384698,12.356346625400654,12.327736520289236,13.517620149868014,13.81184956443449,14.436571865247288,18.74676262443914,14.92597931377392,19.17900837721037,13.00044724145491,13.473769195911686,14.048345071615142,16.76763073731727,17.587532667812354,18.20791415624448,27.135057868193723
1992-03-01,17.260214735493037,6.765474106802923,18.086046017634423,16.66551336292037,13.390132692106455,11.850197896266115,19.776442311437307,11.368579372643794,3.411089341093437,10.046239890214192,8.375633586010897,7.483213173011562,7.976618523692217,3.1136461755858904,6.827608773060208,7.059610644208308,9.44128817998072,8.98750479824418,8.105504200709332,6.129666200308643,9.89623108069039,6.9952086184848365,7.480759449466038,9.419252505235583,7.3466484744654705,7.436887048466688,7.389169759908418,8.75984747546563,7.206440079698333,8.016805886832238,5.6805506302919175,5.996467407734024,12.932053874932537,9.027394331508654,7.857934877396245,8.015056302644057,7.721865869667087,6.676262360710112,5.025602836345512,4.502346607304324,3.670432108576229,4.386962998897394,4.135249146656245,4.535598756744275,7.062148345610244,6.230477268703555,6.600527350265661,6.9552999257536845,5.571516994948524,4.153137240307903,5.898447746363956,5.99886808341346,5.964437729561334,5.52573818119692,4.518336038247749,5.247949756700048,6.391876735608644,5.580221125214408,9.202784752084645,7.1550219795009244,6.8889299609767285,4.944413207822897,8.722752264607571,6.0390111309498895,11.916988220073083,6.563551453680344,11.547098967537774,12.595514161625626,22.59153577894189,21.776067937610478,14.75485539601914,25.8988179604549,29.373984090141604,24.97394490976861,28.123664474310896,19.17774258772908,12.57181334141515,28.45547515177423,18.265436240948844,4.541001842155051,28.475810257276848,23.221476372720165,16.61269671681195,18.98724991974257,9.226448937695464,16.424316419471403,5.458712108133266,5.228976378103792,5.006055346547262,5.428793701291616,5.946256968102845,5.775034464289852,10.44773721613256,10.301865337609875,7.332999250987044,7.34526056738733,7.029099488342856,6.981255640103997,6.965562980920199,7.345923717359388,7.212256693163936,11.063351218583945,10.888674121842085,10.336930036179798,11.133896356002706,12.42090587084386,12.834835738565326,12.9362584964285,24.797147497984103
1992-04-01,17.452309761246422,6.625478619314652,15.388746890035035,16.136270534806467,11.887283611983957,14.75632613525248,39.88190928181817,18.45871293164805,7.888005056958959,23.0441826698929,14.58600701737057,9.47494717960217,20.09307115720628,7.263663814616109,10.675229048440467,13.342455347398728,8.09903117055343,10.121839143781097,9.505586876106452,11.596782323717203,32.58082658150251,14.545622224946475,17.735316683726737,19.200102695594094,25.369133945635756,18.313592551710613,21.805034530723937,24.324722763951826,20.145816600518724,21.3669592363741,20.52188100645893,20.924317617672735,11.903608956337974,15.102834373555211,20.042820492325287,19.973500664222517,20.300856845422665,17.517371099142963,18.386573091623745,19.490450845784967,24.452588857058547,20.79737467930202,27.27790103795403,26.648814310458228,14.534956805335824,19.00464595344342,16.822491908818623,14.6424765213343,21.352361932141072,24.704656950354263,17.893644321525713,16.809867770272415,16.99266535351626,21.17400787839783,23.89782721586921,22.523038941385263,21.6853116040408,20.489843471893654,20.35383340303261,18.92331301208021,18.41066894403738,18.303087101011947,13.38973205547567,16.436742750781683,10.279852859267702,15.987407700969692,17.49833528913985,7.094098118368798,9.460599608183744,7.988090924795116,9.89008984638122,5.119680881985942,1.8753761804295848,1.6056906237783006,0.7249347182582511,6.907090949560216,3.797517119632296,1.146023867439053,2.4425228419142577,7.247359429820198,6.021850929704423,4.586509582344356,1.7324144828588754,3.770655433544508,3.882666044109533,3.975389090717812,19.529695597338076,20.010638127076746,21.303394336380357,22.016365121836905,26.488378964448334,22.58585304819854,20.06719711770781,18.4890929481509,21.010145041000413,20.911811670585227,18.075671650699743,18.4716812937224,19.04933659950276,22.543727940298773,20.312532320976157,29.60564457492753,20.6383477900885,19.90347120060429,19.30748259314353,19.239388863940174,19.00015399195273,19.97094776315755,6.257907887161426
1992-05-01,21.02356271720407,8.86308392778622,14.15885712180137,11.732470120661205,10.399894135153504,16.02977266870256,47.20613154324178,23.045798632938663,19.807577627620493,31.8360026265456,22.481565778708877,14.39555328538579,28.887689343371555,19.47529118986765,11.66870028377276,14.44194340065784,3.0043824429855315,10.144243423398892,0.8437198825604022,3.0465342742422616,0.3140820442978284,7.52969515060411,3.177121266094098,0.0007585473855863,0.0002073983610723,3.145678972509493,1.7327900129266836,10.78788948873036,0.1420670411002043,0.2064052722762932,0.0052289128990304,0.0382722208643827,6.878414195611598,2.782571695367344e-05,9.372938788509276e-06,1.0470184744300027e-05,8.692021065502386e-06,0.0264268886432592,0.0067893077653552,0.0183990791661482,0.0397359870919975,0.0183732709704559,4.645783964309989e-06,0.0,0.0,0.0,0.0,0.0,0.0082759710483302,0.0003685856501456,0.0,0.0006584042022207,0.0006153662519479,0.006977057437319,0.0,0.0002459235967156,0.0108262167329452,0.005182720802707,0.0005182581485387,0.8333007559389566,0.0267522241588276,0.6643548051831561,0.0746562144386634,0.0062992271102758,0.1640543754470242,0.0160006105141447,0.0,0.1034954060258539,0.0,7.868663875312521e-09,0.0214942829776727,0.0017794504835319,0.0010394588688572,0.0006389461599561,0.0030607239019122,0.0137739797059528,0.0033662494555305,0.000947924674423,0.1153180038453535,0.0,0.0019850496256248,0.0011038375451937,1.084229743444883e-06,0.000628442907473,0.0,0.0004843747305685,0.001237558054418,0.0027936434661173,0.0,0.0010395941029533,0.0,0.0008464727558868,0.0,0.0,0.0004753467978407,0.0004364311362519,0.000316474765117,0.0002780871662422,0.0002509226099232,0.0,0.0002160720480435,0.0,0.0,0.0,0.0,0.0,0.0,0.0,0.0
1992-06-01,0.7948554070214503,0.0125407679927824,0.2439916854985992,0.0,0.1606823756576493,1.518542459572361,7.569554203669728,2.9535075760832687,0.0,1.9222232508363948,0.8938036814473922,0.4997454276391854,1.110877712631336,0.0,0.0151488703406831,0.9046690647936184,0.0,0.6512787338094395,0.0,0.0200307941529271,0.0,0.1067556373424134,0.020724079550785,0.0,0.0,0.0,0.0,0.0,0.0,0.0,0.0,0.0,0.0,0.0,0.0,0.0,0.0,0.0,0.0,0.0,0.0,0.0,0.0,0.0,0.0,0.0,0.0,0.0,0.0,0.0,0.0,0.0,0.0,0.0,0.0,0.0,0.0,0.0,0.0,0.0,0.0,0.0,0.0,0.0,0.0,0.0,0.0,0.0,0.0,0.0,0.0,0.0,0.0,0.0,0.0,0.0,0.0,0.0,0.0,0.0,0.0,0.0,0.0,0.0,0.0,0.0,0.0,0.0,0.0,0.0,0.0,0.0,0.0,0.0,0.0,0.0,0.0,0.0,0.0,0.0,0.0,0.0,0.0,0.0,0.0,0.0,0.0,0.0,0.0
1992-07-01,0.2183374861431838,0.0022531761396394,0.104614314485093,0.0005028947206883,0.068548295240432,0.2708646158775609,1.3553997859082036,0.4896241185509968,0.0,0.3296594301820275,0.1532864677359087,0.0857058580098648,0.5537917885242054,0.0,0.0,0.2088028433912798,0.0,0.114546339958885,0.0,0.0,0.0,0.0,0.0,0.0,0.0,0.0,0.0,0.0,0.0,0.0,0.0,0.0,5.801009148444909e-06,0.0,0.0,0.0,0.0,0.0,0.0,0.0,0.0,0.0,0.0,0.0,0.0,0.0,0.0,0.0,0.0,0.0,0.0,0.0,0.0,0.0,0.0,0.0,0.0,0.0,0.0,0.0,0.0,0.0,0.0,0.0,0.0,0.0,0.0,0.0,0.0,0.0,0.0,0.0,0.0,0.0,0.0,0.0,0.0,0.0,0.0,0.0,0.0,0.0,0.0,0.0,0.0,0.0,0.0,0.0,0.0,0.0,0.0,0.0,0.0,0.0,0.0,0.0,0.0,0.0,0.0,0.0,0.0,0.0,0.0,0.0,0.0,0.0,0.0,0.0,0.0
1992-08-01,26.81749578019697,17.339538368756067,39.76011172001219,45.688693742024384,31.75360534080697,19.550893882285088,10.41603376314236,9.808462394604591,8.379046218598548e-07,3.8012883368422616,1.7785331313174606,1.385095252601822,3.298929112566406,0.0,2.6522954410211147e-06,1.2438613767565188,0.4274756204416601,7.725327378844607,0.0,0.0,0.0,0.0,0.0,0.0,0.0,0.0,0.0,0.0,0.0,0.0,0.0,0.0,41.756231035278205,0.0,0.0,0.0,0.0,0.0,0.0,0.0,0.0,0.0,0.0,0.0,0.0,0.0,0.0,0.0,0.0,0.0,0.0,0.0,0.0,0.0,0.0,0.0,0.0,0.0,0.0,0.0,0.0,0.0,0.0,0.0,0.0,0.0,0.0,0.0,0.0,0.0,0.0,0.0,0.0,0.0,0.0,0.0,0.0,0.0,0.0,0.0,0.0,0.0,0.0,0.0,0.0,0.0,0.0,0.0,0.0,0.0,0.0,0.0,0.0,0.0,0.0,0.0,0.0,0.0,0.0,0.0,0.0,0.0,0.0,0.0,0.0,0.0,0.0,0.0,0.0
1992-09-01,27.770130032889494,7.177412792284498,13.174192572180408,7.104516266794162,9.492497223490892,15.950856859846995,48.1145643831694,23.733222905067315,15.868591797941988,29.62693412245637,22.113812404364044,14.852837639121349,18.68583843650423,10.804244859420438,5.508419907400121,8.516180042415277,0.0011535143597445,10.003749618906122,0.1127085334194372,1.6123167789038488,0.0050979489944802,3.0124073335596955,1.3064037927023489,0.0,0.0,0.3115377410868167,0.0964445168338403,1.0640922858981094,0.0,0.0,6.233776336878246e-05,5.407506620995272e-05,3.138754936059336,0.0,0.0,0.0,0.0,0.0,0.0,0.0,0.0,0.0,0.0,0.0,1.6612853686886132e-05,0.0,8.539703437595034e-06,0.0001393133788924,4.539029311508023e-07,0.0,2.420165678277223e-07,0.0001572050672614,0.0001469290334137,5.893898532100947e-06,0.0,0.0,0.0,2.9137624115427012e-05,0.0,0.0662356502151232,0.0,0.0,0.0,4.016574621921385e-05,0.0,3.5236934725416995e-05,0.0,0.0,0.0,0.0,0.0,0.0,0.0,0.0,0.0,0.0,0.0,0.0,0.0,0.0,0.0,0.0,0.0,0.0,0.0,0.0,0.0,0.0,0.0,0.0,0.0,0.0,0.0,0.0,0.0,0.0,0.0,0.0,0.0,0.0,0.0,0.0,0.0,0.0,0.0,0.0,0.0,0.0,0.0
1992-10-01,33.26206139767175,22.29621639280388,29.46287369881944,28.4838959180425,25.227350076471,24.501193079008047,34.451851225332604,25.05765992930253,6.702771004891693,17.031533969266818,11.804852699544169,10.928733632406033,12.079804290944404,5.317833626532817,6.456538258363982,10.450238675430429,19.58390574029079,16.064628306764128,20.668376426127708,13.163391835664404,10.51199580819704,8.603778177285433,12.556885662800308,22.843287329572515,15.969301507349558,16.09420044810121,13.686888919644849,13.2894659613674,8.526961450070031,8.583349108360187,6.969741622807417,7.214480899947296,23.67966697190192,4.45996715532247,7.518117219104371,7.657162356046801,7.440937590119286,8.49493448046042,6.614738438720011,6.791876648290418,6.295465048399846,7.180454446517476,9.31821443051193,6.259145332969899,8.539909312914638,6.817740599906768,7.73906454500518,7.745806868232055,7.357506449276102,4.902791541685629,5.322812320213236,7.224861728446823,7.021439830629664,7.064828767102675,5.635323355921551,6.703196030564281,7.317121741890593,6.920037190472041,20.930921766207288,18.40305548947692,6.989989857677708,10.091289892056285,7.334771345324443,9.430682949924034,6.454288755503549,9.367896626441746,5.05060886965945,2.37609716843005,6.194141837388988,4.427894873789782,3.6572488985836302,1.7927374006958927,0.2799792478607532,0.1238245917441401,1.310669881755468,2.550440463457759,0.0107647279832629,4.959090545231122,0.3405023157090189,0.0012068509243693,1.698620704006133,0.9469951197180224,0.0061805384169501,0.5411122821670586,0.0035110997869203,0.4178593940433228,7.35782935952268,7.174195028586609,9.818662326960972,11.307935769325589,16.521753734548646,12.354828845467477,20.285250098668108,17.52119005654055,12.222151245751652,11.578998161654129,9.664548234073834,8.713286617784888,7.97918483574155,0.177188284367373,6.994888432276655,1.5080356091302067,7.335247927503684,5.352390153934903,5.438640191767942,4.956606324432478,4.706865812763499,4.237016594949335,0.0325952777177658
1992-11-01,48.14931079902587,37.25231556913022,43.34550668055435,41.0041780809292,39.76179332117614,38.32444081332692,48.15544205120559,38.09949678349685,23.46024439214648,36.15621212242876,28.92963190401187,26.816759213513357,28.912045957450754,24.024882163258717,23.48704091062547,26.804426602639392,24.802384986413063,29.73157366455369,18.10280929439814,16.879946658387404,34.62545769770931,17.735340721460396,22.922015309343145,20.545107089911383,29.76625444803788,17.51380349390221,29.39268232734437,21.052545432651968,40.314588954519024,42.37278114274184,44.033938886612376,43.80897684737054,33.861226973902205,58.81281195215579,59.61951472953325,60.07794857631114,58.98154124820431,50.79287307874278,47.46644413195104,42.62047235508562,46.484960810448506,43.81939673648385,47.60540378827707,40.893310852900775,51.99240869602007,52.33820533785578,51.60117604250233,48.146500482775295,48.959525912283546,36.94342089184302,40.30158537102804,43.6670764320509,43.14989449721875,47.49694801813769,36.4521489500146,37.4712114025563,38.46075121259033,44.99817052981435,22.370353287093312,20.51678435477369,46.9294441631375,39.25257737180798,53.55148057594101,51.79198894815007,54.22411887124802,52.040925903490255,66.380632965295,47.51632272428011,48.44462896209895,46.29515577982822,50.8402934625784,43.55171480303585,39.9321732046986,30.96742135265849,28.433605218860222,44.95680060733655,13.747418645099536,16.99588630936533,14.992042085509553,17.196017334401038,40.02477334968188,32.183186665680715,20.05799499928729,25.83793164462066,12.963939584609172,22.87362399739113,53.12366440150349,52.51190227059548,57.97922103258812,56.79682842073392,56.16824583017824,57.11041285225639,65.61401669318577,63.572448369119584,58.19913056834758,57.49936168075144,52.63498606568877,50.59194918685761,48.38662138955249,18.629541756402396,44.66546472837732,27.03002577799416,67.9815722336323,60.286735814686175,60.231865413669695,53.27801330173033,50.50032953642313,47.07828024382842,30.229377890030843
1992-12-01,27.21133837421075,20.48976402262693,42.48202983385023,51.745224805899234,35.44331780107779,29.395863312203225,31.3931502990324,24.51974963628856,27.204406411030156,23.90593386775303,24.55699063140803,23.052952134638076,25.90141230281749,26.627986020510125,23.50992234197968,23.61469339894895,27.616910330468254,26.392127534394334,25.358842822513264,24.81175891123855,31.50306213102874,23.29824694837213,24.82827334821407,21.30050558754764,19.26095402825726,25.24119305184821,24.784523025419876,25.3152765295834,39.11757661423328,40.050555799522726,32.118186246338226,32.99046029273375,40.49717750522859,21.988167345776592,21.85555583968003,21.86261835569961,21.94804185364187,30.913242360870445,32.12565818529181,33.32570675282824,26.06298765486103,31.40225137432868,23.95480779322658,26.275606279486468,29.10093373952773,23.860374177483067,26.84169416311184,33.06806230544456,27.238459262064215,30.125108320228087,34.78816208605731,40.64256771662083,40.260484251630615,27.988407654777557,33.656788689262704,36.02657379370176,39.10975131176252,31.159343531461737,20.129806931954764,22.615038517901915,30.84419942615706,32.76283591829892,25.019558713289133,34.19370315232566,28.05527655882513,33.68945908451212,25.457537406846438,24.93176756011125,29.193359007525164,28.284377629600595,25.556163006141865,27.99526354797308,26.79795529854398,28.452956309594267,31.79267507036507,26.793204944567535,26.342825274544328,34.53864724635118,33.36210724566357,15.377412132913925,28.539149667435343,26.90653573623236,26.634172028216557,25.52124373681955,21.41546722282929,24.184049589397308,30.42397257934023,30.258268544665263,27.33133256993441,25.94399478764175,20.171940460075422,24.79386421586455,20.469424941779373,19.651113486425537,22.69240358867585,22.60484193833955,21.20888318446152,21.25619797521756,21.35612346211837,21.13844430637993,21.398080761278067,23.46685851436916,26.09036045584248,26.56327944682533,26.928894629326443,27.697752742803207,27.68862902101764,27.43409838980346,28.00206122986398
1993-01-01,13.096291601537274,9.450786803510711,19.866104903146805,23.92212600796023,15.98685768921094,13.594047694436805,17.759154712241305,11.922595624690109,5.663526063387081,9.31702526594124,7.10158242717565,6.257280049670003,8.501226782228724,5.241880025152304,3.3880525910419714,5.826947886806339,7.69276055547038,8.630689321227836,7.231061013291753,5.880442453411199,13.442175926493997,6.452423448625598,9.4385764432935,12.92544368533489,13.866250028259296,9.381219674353613,13.459379938297747,9.191685820438066,14.60959768340424,14.75677939138443,22.95259816584211,21.87986122299913,19.768966580191883,33.398356816048654,32.09445381910458,32.17487265387061,32.05345980567391,20.59114898207309,19.6849581048,17.73276675821185,19.91245592715953,18.812991104595227,26.390548785217028,25.56680445548401,30.019317362151675,30.864883968073737,30.35557441264978,27.291937299113403,25.121137980490943,19.30641035258412,23.405285657600608,22.33830712623196,22.282022256377783,24.713331244105213,17.6011044580102,16.940093013914378,17.165874015170512,23.46450345563436,13.138983881610336,11.6949876186158,20.436309920704783,15.70687998178146,34.8287475910543,32.603280177904395,38.314004273705976,33.15843447067784,34.7641871378768,36.78375044663101,28.317246107970004,30.496809485956938,34.11128590914095,32.91500138900767,36.51495600989571,36.09045741102579,37.99928022795323,34.82457440015231,32.18914338904722,37.141583188972334,34.03129012128301,36.00529096899633,29.391035935559177,31.099864444762904,33.5593197422898,31.930535776443215,32.42411515214735,32.14494335549408,19.997261631467754,19.84180551892157,20.43705330564473,22.50539069853487,28.975387451762067,23.75532369793403,29.27139993467208,29.156137830679423,26.06585408734005,26.1410786511308,25.21984941917004,24.884970268283983,24.436284333655063,20.226038372776927,24.19068863899207,22.97870357873968,32.324273320676944,29.322796982180364,29.28600182543621,26.612533773163918,26.12961321705002,25.62618591652729,30.53937438235186
1993-02-01,21.152803311083648,16.154570551514418,25.760068642774826,27.765438704979008,22.256101148312684,18.3874782026156,15.62675864913947,15.23220234560872,10.91407623940296,15.14687553247134,12.954889603337502,12.03999837535238,9.939084695453737,10.04382139923302,7.632071520894506,7.492493235417667,10.593696667172775,13.181139097240663,6.968466822131386,5.498359616722892,3.615077778810541,3.778471606278195,5.629006710116006,7.772436450239358,8.338410135502023,5.429088301220445,7.113146304699906,4.612012546781618,4.901007887011949,4.560516161861452,8.217832921176248,7.644042366778503,24.429056189027207,16.087396329750458,14.051369160340354,14.434423332055845,13.775346265342,14.237658389359536,11.531520833143986,8.70407869781111,11.620496264232534,9.43084613168875,11.708260016570469,10.202817592629374,8.686406491425556,9.742070198627673,9.140127836603073,7.460034398285477,10.891564240727568,8.71535846561297,6.907363242239669,4.696287437123246,4.806973605642957,10.397915805135236,7.289120786458202,6.601471357559037,5.31646486053796,8.805966028872165,8.006941020593935,6.806721052846947,12.264851766752384,6.732564161170354,12.456040325641467,8.465872297708664,15.15693364143776,9.18621635464708,25.542675970039973,18.37357742482145,34.84294337771081,32.949750926013095,23.70160371256632,32.055313605762365,32.56069082748998,34.64932882207103,28.28069197270459,26.695177142604063,37.70065208190032,27.23843348824792,35.65470476310874,43.022020689464455,36.28783107638314,38.91300433148714,40.65651881744847,40.366382034018514,40.58429213591798,40.55160509141727,13.556493847611303,13.29384202830802,14.567937616285308,14.52537148946598,14.743317660242424,14.786484806275997,18.426140707937865,19.368466375138688,17.213678111082057,17.657459872577036,19.761260907470223,20.80026038330162,22.17332424016642,39.29623396434262,24.623887471953307,37.1825122905267,25.071417259450754,25.429068519898998,26.355341789963003,29.63541694143109,30.30913171028481,31.348933778965822,40.382108838300624
1993-03-01,40.60744934099972,26.004492674852816,48.69786067634036,50.17939244042799,39.702305140090985,35.40540290905854,49.59799124525145,33.58704645527265,27.76145697238427,39.21902217968241,34.61316736650216,30.0058599602635,25.32801115364065,24.83907983262018,26.85781459079245,22.442964409580785,18.346190652834984,28.185976996027943,39.25513187209616,29.616271077060368,11.748217674375594,18.534338676532908,26.4720159315758,42.556493757421606,27.225550164376333,33.53270907378727,27.28641715414821,34.16112638639239,14.109149293679437,13.7774679048779,14.31038574151614,14.239618417902514,39.067054162228594,10.970762060321592,11.31812658940494,11.198039488159404,11.404460937090612,18.956195921550048,20.38252087409977,19.0971111803677,16.18919808332136,18.249470766419996,14.658078173186036,15.378227863648638,13.198952653672627,12.677500259835275,12.921242089074616,15.161827021042296,15.074908182727311,18.58921771318953,15.339271377804744,12.380244958632776,12.54440307378433,15.313361227121367,18.744183669218728,17.28855943020674,14.745033983355134,14.72617115388482,37.32834890491726,34.61170707861508,21.51088571613039,20.641753235096346,14.486166622658263,13.76757164350239,15.835914988758136,14.011643131619383,17.084899836431873,13.019961165573209,33.30148268177586,30.49545730263101,18.11512963130939,32.76271833293613,35.03239194022056,35.27808905871598,30.63151632904472,23.60554525556333,37.66403195567521,29.676787313366525,34.64775074261281,32.83175717757717,38.13634794503858,37.38469906243441,36.72913398369081,37.12613781768674,37.17304848097521,37.01729213171404,19.486071140945963,19.282207046678653,17.739986071570225,16.268854197323456,10.847534457180894,15.115914683486643,10.915090250487436,11.091898307105218,13.77885205827945,13.91556366072398,14.98665490915428,15.600675835873702,16.596194081623647,27.461349148543285,18.2019747016198,31.505402130630443,18.876195429588027,18.86469195661708,20.06593120912502,24.09792948230425,25.17032752748768,26.263435403257912,37.81074020641432
1993-04-01,33.17665301967792,10.258189734327576,32.58781043030751,28.72907763120342,23.884410596360325,22.837550963833287,43.50968942892773,23.649879683443025,12.404766842334368,17.350564392615524,15.22570559828819,14.414767268193607,25.90335794331329,18.46094769702436,26.38895004091604,22.20566707879424,2.1935277930874792,13.815136607974068,1.537137118456057,5.813122668071716,0.6105549134915352,23.480706130979268,6.860359985717599,1.1744807250784275,3.954237227135905,3.0883090446588435,3.774254829207989,4.52936643301181,1.8865791928545657,1.8441235186141305,2.5998083793508573,2.3921135016397943,17.91500051774567,8.682136103197037,5.787269332907616,6.070166860255975,5.482665869563829,9.594284790722169,5.454773072521055,2.839762411785472,3.3490329450994247,2.9517720252651825,2.876445689923202,2.1728445368099263,3.758379184838856,2.873272608975502,3.156099360521946,2.8746802115802206,3.4717611220799096,2.043674025553932,1.5843299969920872,2.2106313524137016,2.1317433764478286,3.2256831185663324,1.7867721923896558,1.927836020048621,1.9725457092868235,2.8010225129054582,2.093454060307581,2.1336444741820864,8.97684921738398,1.695637849073997,9.957677873322856,5.593864866579101,9.024335592314776,5.911506018972604,19.866971703183733,11.755012844205051,17.64749596512645,14.211136770591636,13.883723044107144,9.514081207792096,12.823119198257942,19.042845356801596,21.75463045153675,14.554932286233488,34.737704970623696,34.94296175132118,32.809224460241865,27.77163226051064,13.584390912451717,17.83051758070575,24.47539362461281,20.61395968505126,29.70656785384952,22.365736086785542,6.774843190321214,6.333043270080742,6.867328711703832,5.386878589924948,3.2788302620674425,4.977233927827932,4.885902815637263,4.661574816407901,5.806297098700687,6.179860953479426,6.63591931886098,6.900645918209701,7.110667454510116,10.463328268846558,7.010818098183516,5.713461046464721,28.446050425101067,25.093488611271315,25.26695616840774,20.311811595922794,19.207190376276586,17.469791927067938,14.441980354471422
1993-05-01,2.1294941111754278,0.0448430127414064,4.288530663275687,3.811596780033076,2.804783790206056,4.1393624717366295,15.844691652967263,5.843737456084431,0.0885713041523238,3.5528520663547614,1.658424301920152,0.927282470139526,2.7898999910933155,0.1432740364869043,0.0075869826964681,1.0910819773211349,0.0,1.64414755023514,0.0,1.2015151047625223,0.1861779771283263,3.0456609909735253,0.9102098696917054,0.0,0.0,0.740965698037746,0.1189905979337941,0.9035033260280474,0.0168217518470991,0.0369632622635895,0.0007329237196795,0.0066371405997759,1.5432321163289433,0.0,0.0,0.0,0.0,0.0,0.0,0.0007777732101123,0.0,0.0006113761278022,0.0,0.0,0.0,0.0,0.0,0.0,0.0002752955422341,0.0,0.0,0.0004770872654068,0.0004459014711255,0.0002314664910256,0.0,0.0,0.0,0.0002377305551326,0.0,0.1579793930261707,0.0,0.0262532462213884,0.0,0.0011901456168451,0.0,0.0010441006918091,0.0,0.0,0.0,0.0,0.0,0.0,0.0,0.0,0.0,0.0,0.0,0.0,0.0,0.0,0.0,0.0,0.0,0.0,0.0,0.0,0.0,0.0,0.0,1.947865551797836e-05,0.0,2.530661272801055e-05,0.0048824911249311,0.0031405532461033,0.0005983651309178,0.0005493782122153,0.0004015383118027,0.0003528327170907,0.0003183667460641,0.0,0.0002741488894607,0.0,0.0,0.0,0.0,0.0,0.0,0.0,0.0
1993-06-01,3.168386029298454,0.0432720778378596,5.674520857508603,5.599376902058232,3.709469351198908,7.730547597542202,33.16402111268733,12.339152929162898,0.000161948665027,8.2646625354619,3.842950242277317,2.148678566443051,5.938058337494504,0.0003136925132625,1.641749912050585e-05,2.2389009375268456,0.0,3.1860445677964204,0.009137209243825,0.6670751672157622,0.0,0.9199836864987674,0.3289613460376939,0.0,0.0,2.4117179590054097e-06,8.684219487947489e-07,0.0,0.0,0.0,0.0,0.0,1.5777367461444358,0.0,0.0,0.0,0.0,0.0,0.0,0.0,0.0,0.0,0.0,0.0,0.0,0.0,0.0,0.0,0.0,0.0,0.0,0.0,0.0,0.0,0.0,0.0,0.0,0.0,0.0,2.348317747998807e-06,0.0,0.0,0.0,0.0,0.0,0.0,0.0,0.0,0.0,0.0,0.0,0.0,0.0,0.0,0.0,0.0,0.0,0.0,0.0,0.0,0.0,0.0,0.0,0.0,0.0,0.0,0.0,0.0,0.0,0.0,0.0,0.0,0.0,0.0,0.0,0.0,0.0,0.0,0.0,0.0,0.0,0.0,0.0,0.0,0.0,0.0,0.0,0.0,0.0
1993-07-01,1.9442637331943629,0.0240487180317708,1.226989515276438,0.2449568981255767,0.8037186004883848,2.2908583925545174,9.645391694759764,3.9321720924939134,0.0,1.336939119651209,0.621655734574711,0.3475814852115434,1.6702005500490005,0.0,0.0,0.629735996651869,0.0,0.8631984215943276,0.0,0.0,0.0,0.0,0.0,0.0,0.0,0.0,0.0,0.0,0.0,0.0,0.0,0.0,0.015011738060344,0.0,0.0,0.0,0.0,0.0,0.0,0.0,0.0,0.0,0.0,0.0,0.0,0.0,0.0,0.0,0.0,0.0,0.0,0.0,0.0,0.0,0.0,0.0,0.0,0.0,0.0,0.0,0.0,0.0,0.0,0.0,0.0,0.0,0.0,0.0,0.0,0.0,0.0,0.0,0.0,0.0,0.0,0.0,0.0,0.0,0.0,0.0,0.0,0.0,0.0,0.0,0.0,0.0,0.0,0.0,0.0,0.0,0.0,0.0,0.0,0.0,0.0,0.0,0.0,0.0,0.0,0.0,0.0,0.0,0.0,0.0,0.0,0.0,0.0,0.0,0.0
1993-08-01,1.171890098305776,0.0196986170089796,0.4520985269951979,7.462727707707782e-06,0.2973404228344687,2.9863422412333938,15.428615531106235,5.825720278993935,0.0,4.055445517269436,1.885718597809876,1.0543470138077446,3.2909300578798684,0.0,0.0,1.2408193254694888,0.0,1.2935205921346995,0.0,0.0,0.0,0.0,0.0,0.0,0.0,0.0,0.0,0.0,0.0,0.0,0.0,0.0,0.0,0.0,0.0,0.0,0.0,0.0,0.0,0.0,0.0,0.0,0.0,0.0,0.0,0.0,0.0,0.0,0.0,0.0,0.0,0.0,0.0,0.0,0.0,0.0,0.0,0.0,0.0,0.0,0.0,0.0,0.0,0.0,0.0,0.0,0.0,0.0,0.0,0.0,0.0,0.0,0.0,0.0,0.0,0.0,0.0,0.0,0.0,0.0,0.0,0.0,0.0,0.0,0.0,0.0,0.0,0.0,0.0,0.0,0.0,0.0,0.0,0.0,0.0,0.0,0.0,0.0,0.0,0.0,0.0,0.0,0.0,0.0,0.0,0.0,0.0,0.0,0.0
1993-09-01,17.32807080658572,3.02819207026416,21.225939256472493,20.718101596046605,14.301324576100374,11.9898579249969,24.72140543293703,11.165544352442058,2.002257394881545,11.341994714954058,5.707297395812012,3.237849924443225,8.255235807502718,0.7174700725245844,0.1083970209699637,3.2504073059396803,2.8255256747886306,5.5871359771046185,3.2211786342934734,6.346264893936604,0.0,11.513473491370652,3.890035517488729,1.3136901475340523,1.3045100516790438,1.6467740331166236,0.5436847795044643,2.148910047484701,0.0,0.0,0.0030587352489058,0.0026395815730877,10.77336411878408,0.0,0.0,0.0,0.0,0.0,0.0,0.0,0.0,0.0,0.0,0.0,0.0,0.0,0.0,0.0,0.0,0.0,0.0,0.0076800563025972,0.0071780335631784,0.0,0.0,0.0,0.0,0.001220010751937,1.339824393174049,0.8766295011206884,0.0,0.0,0.0,0.0243440579275974,0.0,0.021356754470957,0.0,0.0,0.0,0.0,0.0,0.0,0.0,0.0,0.0,0.0,0.0,0.0,0.0,0.0,0.0,0.0,0.0,0.0,0.0,0.0,0.0,0.0,0.0,0.0,0.0,0.0,0.0,0.0,0.0,0.0,0.0,0.0,0.0,0.0,0.0,0.0,0.0,0.0,0.0,0.0,0.0,0.0,0.0
1993-10-01,17.429410298783957,9.073677302044,13.691110928530096,13.691334679337851,10.905740979056668,14.5483863408937,33.87104609090044,19.267824262249928,8.472100760138531,18.747878611508128,15.028248990884777,12.720907431439942,8.827574963847395,5.09944836592426,3.7299320575329857,5.0451490830227605,2.5779770392279477,9.798176439390778,2.402752791705926,1.4647546168209669,1.492880227840391,1.6961950985868772,1.4812587106491524,0.7922191021669385,0.7021133823525993,1.3353055888115877,0.8597178784524826,1.585073213204418,2.30904626285352,2.881693942474417,2.00234735760024,2.088088184272264,11.438891848465452,0.8129630526769542,0.891150282386854,0.8915373739183238,0.8900572762777237,0.6947046195854198,0.9263684802021552,1.1574374628315005,0.7926915560451554,1.0643095198485104,0.7273460507613465,0.8490131217807748,2.356770389082776,1.1138937800098236,1.7663676322778603,2.747370663823534,1.0089111559248003,1.1686946673350052,1.8875986391910908,4.672268922481432,4.44880712906442,1.1103641280987004,1.502115617957547,1.6931886291291869,2.033929435770087,1.7533760466028523,0.757526867172733,0.8906491002734348,0.6108360200912807,1.2132230480934472,1.156642390331865,2.9313492825850904,0.6458319948111831,2.6886811192182694,0.7150342896256189,0.8061517890996355,0.6185241504716583,0.548577580910953,0.742268206953015,0.523814970563742,0.4976520160003143,0.4726941661412818,0.5703167634638824,0.6501616588723749,0.4158588236379035,0.6060271526944869,0.4796077926443012,0.307233723983312,0.6002650335812008,0.5289596004843155,0.4170136576215233,0.4688882633114501,0.3750327069832767,0.4427395918124156,0.9419163877328838,0.939797496692084,0.9961850541387632,0.8159236882084163,0.4947072761637432,0.7501558107594376,0.5322656392556491,0.4605302732419074,0.6512019164259055,0.64525979121312,0.5203238333465424,0.4926153028545584,0.4676843418452069,0.1660459526707076,0.432163535459068,0.3845329559218054,0.8688620824537849,0.8871510891706261,0.8535904432632293,0.7835173476268399,0.7577921226265102,0.7278972097444669,0.5427721275143459
1993-11-01,28.977381577086312,18.909530546574818,34.81720006638028,33.88800029330258,28.95600632677136,29.03181612975214,44.55466435041861,30.22629868098128,33.347114308627944,33.06463333071422,30.021040495257097,27.315709260734504,32.376978567345056,30.79995917409323,23.859629177318187,26.86685207615749,34.32057095951099,27.10206379827157,28.568481786010505,28.239864641678658,11.965113973423858,22.848123706385337,26.26794998693491,32.78716037379966,34.04991909688998,27.5054386933888,29.541730183390133,26.6187996604117,29.704106698531515,29.37375649452511,37.7088809006416,35.893983166470285,24.910575596780347,71.49376957298733,65.35433486242913,66.10268386040953,64.17928164199861,51.999489461374274,43.688309818763045,35.72263603808318,38.266581610657546,36.78769253743577,41.70005746308526,38.19853203227432,44.84770412766744,50.29022628208455,46.3947966764652,38.5529849927214,46.148732849166265,34.99322358372903,33.80132865673724,29.29187107200056,29.39992758552797,44.42748927662622,33.0853491434557,32.22052049680654,31.12056360333382,39.67998158492533,33.262360589298844,29.019032159692628,46.72067528635597,28.306080951517533,64.08874412056196,60.35975524140599,51.81621427655249,59.52342738994047,71.43009116227903,45.27233001047623,37.09870070994915,37.353221182276506,50.93048969571444,32.72901788164512,30.61562666021358,28.379617790592828,25.040157795915256,42.4124851335869,20.00173614569684,21.95646063798277,20.96264264148512,8.333942042904525,32.31841786006325,29.89953834414757,25.906134573696335,27.27462333790367,18.431460309509948,24.914997875229428,48.58577282755483,47.33284339814955,50.16798177268713,48.79986505270863,48.46772696440269,49.05274223189684,49.96664445511614,50.01139556119557,53.24295006544722,54.4383800493017,54.88411942187336,55.48989246732915,54.48531727788959,32.17365697786076,51.20789713082039,33.02156161512286,68.86305652705485,63.45777806573486,60.42740670777619,50.48635813501848,48.21424352372264,46.12959992445039,29.380421188584958
1993-12-01,11.311996064238931,7.899464066871888,20.39304992493157,24.202746036190888,16.578579218908548,17.2301218260927,29.8065226410218,18.055604085084703,11.55671284396134,14.452203814998546,12.63117105480382,13.885222230731134,19.303243186483005,10.994287882413298,11.585602218419686,16.198807850279398,20.943510457135535,17.59209559613186,19.92354839221637,21.100125618927542,12.665836894260188,19.302540634587128,20.364165705309933,17.250178528984968,20.63846055321894,22.767725461926425,22.05642752076912,22.47608455933993,19.945083300830856,19.43642426907829,29.080228554400584,27.765857996848847,18.52064184019783,31.426748672196226,32.07439515968952,32.02244406062963,32.08655355354368,35.6731341697894,34.04211622372604,30.255506590153445,32.26750556807289,30.734263582807863,32.195278569550034,30.09088620692391,29.70942452936485,32.78389732235813,31.15637610384355,29.767708986511924,31.24740297397213,31.83029294359916,30.112522275868688,24.570878330376537,24.952000981816337,31.17496396765785,32.99960092321121,29.835012511927587,25.051665739459143,29.76448718590549,17.500091163104187,19.67271520970151,31.748158994987055,23.583566514459108,27.90134197965913,28.87791503496207,27.24802933414909,28.74641966527789,26.78348139879784,27.09280164381534,26.74151610815049,28.17511740353257,27.82609672006398,30.85126325810728,30.10801230957171,27.460631639441218,25.276197479968797,27.92703738563836,18.127507328151594,20.33380286299954,21.626492129108005,9.66490568298018,27.993620659559895,25.168517467303957,21.80852641482332,22.40112642056023,14.835149718942786,20.297343228177056,36.80421481478983,36.52655626437095,37.18454768304297,35.62849377242829,34.91481505036991,35.36064371913591,32.79681792298334,30.25366026342833,32.57496492421272,32.19217773755687,29.535588141974376,28.79699290372882,27.77931291569116,13.782112632632035,25.88812920688992,16.11641359973924,25.930453856409635,25.761773743917804,25.3343729701636,23.79569016697124,23.293474203414213,22.34148977654109,21.66756784436305
1994-01-01,22.706429964887043,21.187991562327795,30.29819839936882,34.54812838986106,28.23227906144539,32.22316354474262,46.55536175581574,35.79048901444157,60.498268707777626,45.76136949279108,49.28726122762642,46.102042384912544,52.17256919983143,61.568318971154746,49.26651901882558,43.55523322468649,37.03588870137221,38.568606694584645,44.10454970070992,31.263080552317295,16.618495883161085,17.280305830006043,28.924572926448228,42.671698403956206,38.8627699098383,34.918653226305146,34.16536027464537,29.86586688584625,20.44182230624531,19.23354813190112,23.051895118486257,22.35932503820571,27.5657497185758,29.584967174716496,27.497719115696025,27.83714381149168,27.285846822617405,34.356052206326915,32.484307991919366,28.080430160342125,30.702349640568013,28.548476990432043,28.32232664696186,25.89625859955681,22.120780773947725,23.583594606320656,22.81493431418044,20.666579582038576,27.274966869552877,25.357884103947622,20.395591599133173,17.126011062355023,17.319302637001044,26.50640228478582,23.781694308727253,22.55480874705877,20.08822151744848,24.042397896294936,41.33036059217112,38.98385734522875,34.17648362000422,28.375283216782453,28.65035606653383,23.934920190738072,29.057129071538096,24.52810708348849,34.21610858080791,30.57317114392797,37.977240918598746,38.94789411822566,33.71407773755716,41.43258996911632,43.00893996994863,43.89199045176548,41.82881996817784,37.04955033514671,44.16740136644054,41.229959152361126,45.58602705612274,31.465351276207134,41.39158985694446,42.61916947147646,44.505680446163424,42.67911652677904,40.521864883458825,41.80765927627255,33.94777841190883,33.63197692448912,34.54183349084881,33.784382440672765,30.42369749642132,33.22030494207605,32.35061702567507,31.561371507642583,32.15358526155043,32.03011321265684,30.52528173136402,30.526483241024565,30.468396915956475,28.526134197115976,30.338372511559268,30.175684373441165,33.650539350780726,32.3851771253028,32.56639201369509,32.099212320450846,32.22592693809267,32.27344318654967,42.69230143673886
1994-02-01,20.775740627115415,16.889518767307802,30.440423055235826,37.261900524164446,25.97965704849714,25.57516375774101,38.40867968364769,25.756973649275917,17.07554012621139,20.428335063784143,18.157238726056388,17.139915143279715,24.58470365149677,17.19229859832422,18.96017678094743,21.307997552168462,19.058774372783944,20.700328721054326,20.949857122498035,19.40737405117409,21.07666724248069,19.2853888653915,22.000593154108373,30.933395198689656,27.254656128984376,26.339114908831856,25.35075959496873,25.4911508553196,20.27049878629798,19.47510137802481,20.978357087144005,20.58460598023168,31.704747503833865,22.755983511778904,23.011460960840225,23.009897402543128,23.013176738699304,23.286376359757995,22.25021113012037,22.625415388666504,22.75076095866514,22.64626025372522,22.89316695587751,23.189316134714307,21.733814292577616,23.01854547353345,22.32259813349406,20.30792536674418,22.76644401234454,23.995027626405125,20.25466011880212,17.359336834045827,17.556736839196997,22.64900495744901,24.609323104780344,24.2343517287911,22.34447541712849,21.64770574029133,30.79473285577775,28.55206906547748,20.861777906148923,21.04644557039561,23.101877751965,21.02490036236923,23.28345219026445,21.30238133983958,23.999042401250342,22.51098095296104,25.332407178172502,25.026763371931004,23.46969004968413,24.52554365308312,24.95371703825885,26.42992495172745,27.06791286902352,24.353029075718997,31.722001848406244,28.6296227033772,30.872419403023148,35.29629274495584,23.23868775344076,24.978152463909108,27.946125048824083,26.72250198020692,31.55675285573156,27.984335557450105,22.781811262503563,22.78178590616968,22.81895206488638,23.189733167856872,22.79621101604594,23.17612435425833,24.09926086412179,23.5739896735676,23.239689415582585,23.246374174709125,23.126405354125453,23.196641951553097,23.493465003182333,27.237308313007365,23.951922072375343,26.13596248930212,24.241558973745967,24.132898811735146,24.08038490764395,24.86319977545763,25.03456224624486,25.09862227791604,23.411245215798285
1994-03-01,13.327166458621072,8.40134769130183,13.796986092203255,14.6626695632252,10.838491646464812,14.86933824839998,39.89745368904052,19.82092356906613,7.132641243701212,17.443949208740417,12.041514477755452,9.63498679593549,14.782707305078192,5.1033633222065,5.4428811322397,9.469989216935772,7.346958316446483,9.48529774110425,4.498613931803469,5.221993349250155,10.436242603193048,9.58435907727512,6.246344198031328,5.402413598558291,4.510688836271964,5.088127831581155,5.04890987398704,7.0996208315391645,12.74048706540211,13.863543851525598,15.535158602641822,15.239261913975977,8.338324253179131,20.16157424689392,21.6595571145407,21.52801980337112,21.589486310304835,12.321609326136477,8.557861916206294,8.447021744540232,12.838297691329233,9.87704301673605,16.696360069673418,14.85007016840544,25.431344052329614,22.99685722303869,24.07692278694804,24.377278700699467,15.539815292394008,9.48201526885068,16.695258768832364,20.13259050822892,19.5971206063683,15.427878429536731,7.554851646039395,8.56702373891825,10.8267705618003,15.38344977160888,5.606084807706672,4.290169766525447,8.07741709187785,6.552015001285878,19.95610067972714,25.834240416470188,18.728597234811996,25.159472277042497,15.815852445954995,13.787884330059615,6.192807967087658,6.32286054731315,13.004266962299727,5.08147980562317,3.5585850369211056,2.516182637156245,3.173105026829667,9.4751517718375,1.0970878441848635,3.6166117970564495,1.8188156801054665,0.5330194901264949,3.885013831453484,2.620525379960612,1.1416848363902787,1.900697303862544,0.8068102428481869,1.633056418367416,11.331246851807585,11.118615331644332,14.463320193671098,15.099183875849103,18.885120650618138,15.835430706758856,19.910454970746255,19.53363092665164,17.303984320582376,17.271458531435517,15.87021114882046,15.23879818102468,14.365006697411768,3.981315351569296,12.841480642346388,3.453472340661843,16.592664414501055,15.404330335701609,14.717939231731163,11.307629938207366,10.3866263381574,9.313927434351784,1.5983102900352963
1994-04-01,40.214832338845966,15.33999675699706,38.85381010014481,39.57796259671295,28.9707316915008,24.6949493995389,42.2218434598828,23.09303171330743,3.2755556566102557,18.125853365104117,9.867579761660684,6.144842989295008,9.267649916810836,2.217749573826133,0.9723595964186524,4.45364476834549,7.053852724244798,10.89663932369906,3.0500281436919114,3.4409426251125064,10.103919717257972,5.750911007542153,9.80494398069358,10.43046387093468,23.38586435226559,11.573048231229231,15.059256437299862,17.767237772528823,5.611048122988449,5.252711160872599,19.234810086566146,17.286812808110486,34.56793529858376,20.639153932994198,19.69960401320519,19.97291039108865,19.389545189726785,39.36619177224184,28.8078852259759,20.128932050892075,31.00238280323973,21.36991398714935,19.784166340839768,16.837337241529543,20.24977692499437,17.17225473931104,18.582680955404182,18.723186046987603,19.645929888723533,27.054912273625927,16.268923630252868,21.074865757996083,20.83732321528636,19.872857531164748,25.919254682445438,18.95424671599763,9.97154213230296,19.99520960076299,13.98170485435852,13.214497360303325,22.57241924931786,7.351441941103794,26.8091286727972,25.39571808467337,26.135841945656423,25.5478021718081,25.689065354899185,24.781974079805835,42.87731669288514,37.10936837144837,27.397378265848086,37.144487752814605,29.984771170236225,22.441661359703478,17.094199278390214,26.732934793368067,5.23671991819234,11.778876704693872,8.204568479900558,1.1974717309472371,41.89755610896778,30.648798663381445,14.090009557930946,22.157827110054704,4.0951411341041455,17.875225540482532,41.92666762352128,41.00859442424841,40.87327958663301,33.26531416002636,17.74213544441337,30.325887634656077,18.500586072824923,17.647879061127203,25.310289351444883,24.9490249322882,23.864246181233543,23.92293059372232,24.34424514596885,29.04895785315456,24.89353218037197,29.90252509810289,25.256470233059854,24.15499756465216,25.63707633413909,28.17183142326518,29.333678775333933,29.927991430095872,33.625982408376665
1994-05-01,6.9909429179264375,0.3174200461814665,6.241899087905059,4.298145331408421,4.110267650399375,7.496383828827444,26.81407347044375,11.48683622124372,3.121809530656852,8.720024598157817,4.838869258994678,2.74577030840757,7.5499370736023,3.469852923916117,2.508749700800144,4.87943388917296,0.0003164398587345,3.348828930914063,0.0283950639393726,0.0277689634893424,0.0016052224355849,0.0716822475491701,0.0182556806693997,0.0,7.044625273578122e-05,0.0002976491386293,0.0003144113764883,0.0005317474109845,0.0036913279568801,0.0067721902966649,0.0035452328124479,0.0046418804556312,2.075812437332512,0.0,7.974919069930955e-08,8.9085054183202e-08,7.395563559691324e-08,0.064430785053125,0.0218791495247357,0.006469151045978,0.0036488519734344,0.0054756770947806,0.0,0.0,0.0,0.0,0.0,0.0,0.0024656548512233,4.20716069193572e-05,0.0,0.0012057585063942,0.0011272824388447,0.0020757530723454,0.0003907766460977,0.0011762180421922,0.0042785719213869,0.0019956232303044,6.868395176795009e-06,0.0001140022306506,0.0020288533796584,0.0002194936652251,0.0,2.5824784767030103e-05,0.0,2.2655778637033856e-05,0.0,0.0,0.0,0.0,0.0,0.0,0.0,0.0,0.0,0.0,0.0,0.0,0.0,0.0,0.0,0.0,0.0,0.0,0.0,0.0,0.1462870689471058,0.128160346523369,0.2863945793922479,0.1192374111423078,0.0012808931774483,0.0997457356778153,0.1162342672295856,0.0690704024014308,0.0675870848162048,0.062053869630099,0.0449982699095716,0.0395400921154864,0.035677673458623,0.0,0.030722412683306,0.0,0.0,0.0,0.0,0.0,0.0,0.0,0.0
1994-06-01,4.835935445753866,0.304797270621624,4.941897506932975,2.0922868014122864,3.2641763128003145,3.4534963974183244,10.723502583206615,4.013663408677945,0.4591859471287633,3.65135551745372,1.7326802886625394,0.9728799482942788,4.947139964309604,0.2550543610290932,0.0134008555700211,1.867475585939824,0.0,1.4269159400882208,0.0,0.0,0.0,0.0,0.0,0.0,0.0,0.0,0.0,0.0,0.0,0.0,0.0,0.0,0.7255410567849203,0.0,0.0,0.0,0.0,0.0,0.0,0.0,0.0,0.0,0.0,0.0,0.0,0.0,0.0,0.0,0.0,0.0,0.0,0.0,0.0,0.0,0.0,0.0,0.0,0.0,0.0,0.0,0.0,0.0,0.0,0.0,0.0,0.0,0.0,0.0,0.0,0.0,0.0,0.0,0.0,0.0,0.0,0.0,0.0,0.0,0.0,0.0,0.0,0.0,0.0,0.0,0.0,0.0,0.0,0.0,0.0,0.0,0.0,0.0,0.0,0.0,0.0,0.0,0.0,0.0,0.0,0.0,0.0,0.0,0.0,0.0,0.0,0.0,0.0,0.0,0.0
1994-07-01,0.0,0.0,0.0034946014110815,2.2833918475668127e-05,0.00228148902656,0.1804113976419707,1.2361415842621553,0.3665684156816931,0.0,0.3977840308843561,0.1849633392326934,0.1034170982178228,1.1039779772986975,0.0,0.0,0.416246223721763,0.0,0.0892608669624929,0.0,0.0,0.0,0.0,0.0,0.0,0.0,0.0,0.0,0.0,0.0,0.0,0.0,0.0,0.0,0.0,0.0,0.0,0.0,0.0,0.0,0.0,0.0,0.0,0.0,0.0,0.0,0.0,0.0,0.0,0.0,0.0,0.0,0.0,0.0,0.0,0.0,0.0,0.0,0.0,0.0,0.0,0.0,0.0,0.0,0.0,0.0,0.0,0.0,0.0,0.0,0.0,0.0,0.0,0.0,0.0,0.0,0.0,0.0,0.0,0.0,0.0,0.0,0.0,0.0,0.0,0.0,0.0,0.0,0.0,0.0,0.0,0.0,0.0,0.0,0.0,0.0,0.0,0.0,0.0,0.0,0.0,0.0,0.0,0.0,0.0,0.0,0.0,0.0,0.0,0.0
1994-08-01,0.0,0.0,4.30525932609202e-06,0.0,2.810735976305373e-06,0.9980349643690036,6.8237373002542485,2.0396220629983173,0.0,2.798030144618764,1.3010401590829013,0.7274403591294297,1.2212644191192388,0.0,0.0,0.4604681552325907,0.0,0.5372634069726671,0.0,0.0,0.0,0.0,0.0,0.0,0.0,0.0,0.0,0.0,0.0,0.0,0.0,0.0,0.0,0.0,0.0,0.0,0.0,0.0,0.0,0.0,0.0,0.0,0.0,0.0,0.0,0.0,0.0,0.0,0.0,0.0,0.0,0.0,0.0,0.0,0.0,0.0,0.0,0.0,0.0,0.0,0.0,0.0,0.0,0.0,0.0,0.0,0.0,0.0,0.0,0.0,0.0,0.0,0.0,0.0,0.0,0.0,0.0,0.0,0.0,0.0,0.0,0.0,0.0,0.0,0.0,0.0,0.0,0.0,0.0,0.0,0.0,0.0,0.0,0.0,0.0,0.0,0.0,0.0,0.0,0.0,0.0,0.0,0.0,0.0,0.0,0.0,0.0,0.0,0.0
1994-09-01,0.0074796087974144,7.424718735918541e-05,0.0134300047818551,0.0399705768025825,0.0087761543274736,0.1809228601567615,1.1266314154122457,0.3615569837973983,0.0033545373260977,0.3360922378859001,0.1565205878254296,0.0875141261868132,0.6226154954540449,0.0774539595420929,0.0123293070677367,0.2375105156051966,0.0,0.0849812828500845,0.0,0.0,0.0,0.0,0.0,0.0,0.0,0.0,0.0,0.0,0.0,0.0,0.0,0.0,0.0078057893482165,0.0,0.0,0.0,0.0,0.0,0.0,0.0,0.0,0.0,0.0,0.0,0.0,0.0,0.0,0.0,0.0,0.0,0.0,0.0,0.0,0.0,0.0,0.0,0.0,0.0,0.0,0.0,0.0,0.0,0.0,0.0,0.0,0.0,0.0,0.0,0.0,0.0,0.0,0.0,0.0,0.0,0.0,0.0,0.0,0.0,0.0,0.0,0.0,0.0,0.0,0.0,0.0,0.0,0.0,0.0,0.0,0.0,0.0,0.0,0.0,0.0,0.0,0.0,0.0,0.0,0.0,0.0,0.0,0.0,0.0,0.0,0.0,0.0,0.0,0.0,0.0
1994-10-01,28.14732044943684,17.32421103204474,46.84615255124334,69.48663973638256,37.23593765112389,30.93127656060408,47.37164726117529,27.05904098030153,5.469489608525031,19.033753220872956,12.421019141045392,10.138953629352176,14.783421078307851,5.910028084288652,7.634889858957052,7.633389501707168,17.8546337130784,16.19771017082754,0.3883018862813095,0.3116889864233904,0.0100630669190508,0.2897278867014092,0.5928668741248583,0.1876155742665333,2.3159572066177385,1.5596196830642302,0.9498681904429286,0.973592948495722,0.0208583900870776,0.036067925289235,0.480342587355513,0.4337579576064675,61.48104370025323,0.0031574089392823,0.0249035537236316,0.0268516263791363,0.0234974755935082,0.0,3.223863561463528e-07,0.0016254325602479,8.259432413571882e-05,0.0013112539352652,0.0010748193693803,0.0057382367430092,0.8131695163706583,0.0369784388099682,0.4398435966345952,1.3446616458634384,0.0373977626957641,0.0094263002240222,0.7263406133051244,1.700114068973059,1.6045456758082957,0.1050344922476578,0.0142805332350657,0.0175388761968888,0.035812885122765,0.3715543464213951,0.3094285765644609,0.9943577877124322,0.0,0.0099619176611579,0.0600246265787844,0.8302472220733705,0.0048080288823096,0.7297198830307714,0.0002226012625888,0.002423116549531,5.116748854334755e-06,4.743166935369098e-05,0.0043102537178481,0.000314927518478,0.0002864512959736,0.0002133092027468,3.5116619469590226e-06,0.0027232951176996,3.836639182722942e-07,0.0,3.3602386383201565e-05,0.0,0.0006039687879552,0.0004459049030486,0.0001341961842134,0.0002917675471497,0.0,0.0002248809324741,0.0,4.070449199330191e-07,0.0,1.723439324242888e-06,0.0,1.4032827141392412e-06,0.0,0.0,1.918361037443199e-06,1.7613087773305232e-06,1.2771998496516491e-06,1.1222786966387258e-06,1.012650470092425e-06,0.0,8.720037667872142e-07,0.0,3.122545529493602e-06,3.786255822779737e-07,2.5781465350020484e-06,9.374536367953998e-07,7.969644602502146e-07,6.745090108989082e-07,4.397247128561452e-05
1994-11-01,27.38268770124437,18.759333329151964,32.483624055608225,32.068165411276915,27.641802293014774,24.68817801265966,32.60871978401664,22.86529854488897,16.154424107273186,17.800452317010315,15.57567062203862,14.768354837736023,25.75094029345867,16.834183764301542,17.141184250184594,20.41631267352736,15.37178146276278,17.750680841864998,11.39614776173906,12.127202311477324,18.61688388144524,17.100295431532373,17.31398462390632,12.521644187662067,18.60269906086648,14.25035532808019,21.46509213952051,16.62549190175735,37.75270697224656,36.884922784182606,24.658758182898417,25.77115136097397,20.425184019053184,17.065534350115456,18.302046389382745,18.3785515827948,18.26918426642291,35.77632551187096,39.04515460648104,39.66794262141936,40.55819419135942,38.55636227941888,24.870726770182003,20.59617485974544,18.13872739085088,17.098668323971772,17.596039211299445,17.941036074508865,27.761880263151085,26.72291538195082,16.220536495305627,17.28038326515264,17.19410745088186,26.570438811542022,32.601404649648735,35.49185252512369,34.06291839266336,24.815227580213232,13.555676375836098,14.268006133481377,32.27717487139475,36.513327269655285,17.56107124392232,17.935186638149265,21.045544071068317,18.456223889516203,18.817397730422712,17.444805364416464,19.77677953172224,19.140293632937716,17.844648717858306,20.832172966522087,22.16694026114473,21.49363603965969,22.256388399902946,19.1812474321426,13.225466728178151,22.455448336096996,18.74528841725517,2.383833811088944,22.721643843625703,21.72675045467272,18.47875115734684,19.01141689297311,8.951976747210578,16.337150212957667,43.029848957356286,43.19518006350146,46.62574509416709,42.39669101860511,26.48488205279773,39.36743683415264,32.57150390069616,29.563394047166327,32.548354327976035,31.36948657896465,29.0455716048375,27.53731599517094,26.433462487938726,17.336696065447093,24.79166866026521,15.516425508934375,19.322033362422367,18.76644563361516,18.660731418763373,18.33420689790271,18.46358550082318,18.636678137905506,25.5266120242113
1994-12-01,16.795523561284526,9.385338757093946,26.96165724163161,29.78982605111244,20.427293003125502,18.4367259425074,36.76596683342883,18.03484573195441,16.212371679699064,15.331021094008827,13.64139104003388,10.42012026104686,23.05371161389528,17.78575318532969,14.731232193949076,17.52202484334359,8.737511054137867,12.17662501952216,13.314831071602546,18.963928157947347,14.330133954757477,27.71752802552517,19.37412485067525,18.613648201527887,17.772660153160025,18.822947074109106,16.838416576561027,20.80241366588485,12.743216917987697,12.538171826055926,11.09629511475597,11.320143441968748,18.272429272054072,11.957085053580826,11.872408467666393,11.939671153009288,11.742968719774328,11.230109970238043,12.024895494995286,11.823144838957209,7.697861469391803,10.946714943629688,7.749947756668746,7.64772539956383,11.814178325277355,11.291072412072806,11.46655378099313,11.008552914681598,10.739493815087544,8.192078393486785,9.761054829482076,11.957280368469304,11.806297265886242,10.522182084155787,8.882738828864484,10.442981177418856,11.944678539615651,10.75153642592732,18.883857364171355,18.39064233321504,14.171242749670787,14.83593512698277,11.320631740886732,11.857333712729048,11.130147462290791,11.776919844425256,10.83885982063954,11.18338227913595,12.622852450927097,11.92744636840996,11.16685152508202,13.237316676486948,14.847247639969542,16.49257026544863,15.97847888382597,12.694684562651457,23.403229850887524,16.06262493346449,19.914028395819376,32.056795704483854,15.376597324694238,18.1311956080608,20.86404767940584,20.357146652147403,25.76462987140889,21.907318774238654,9.989615329808773,9.801068389766476,8.70574035004202,8.692245935567056,8.837369269280606,8.854291685320222,10.42268672761706,11.825851036969288,10.858468505901314,11.186978655982829,13.1871035492255,13.349688185083773,13.557318002394094,18.370730159052208,14.120202324672626,17.072741381780958,12.242623881779334,12.968786542995986,12.276826859334074,12.070521599097038,12.27308081761756,12.858537652115304,19.995072981937657
1995-01-01,4.422912506279462,2.761988933569097,8.221748205691656,8.638152704532935,6.382622497253534,6.45080266201132,12.980212693799524,6.815445866261364,13.83234560762097,7.917814225850284,8.786678144341119,7.804611062617491,9.816893583204404,13.37816389423738,11.129368276505552,10.726792972132545,6.798145433864276,7.464563205625601,17.81253817615999,17.002877110988965,23.00333600569353,20.373040181284185,19.808188065217795,23.428188462840048,22.25268256896724,19.86521048907356,21.644641559028123,19.53145931106653,21.569325669077752,21.65438931693893,27.22254072428646,26.626286791263777,3.7726186586080166,23.66136525849369,27.669440158016403,27.346342447299115,28.035005144456285,21.65618969892806,24.189772002949766,23.972949521527152,25.26860735225508,24.606124591796146,30.272056723061414,30.106001908673694,30.636034546528062,30.44237004987782,30.724609755704837,34.20534923207911,27.41073104959752,26.659866109770142,30.987556161650005,30.009009135763105,29.775502408026547,27.725326097987278,24.24021107022523,22.482631667861632,22.101734850520906,27.54314364061106,23.13049707356556,21.572880719361496,21.401417784548936,22.169858586937856,23.50888008572841,26.20091826843483,20.17427618210007,25.44970200118512,17.86230325189169,18.349002183030517,5.162079354955865,5.607321673405589,15.270799193219716,4.198011968993818,3.855327978346791,5.645408962358588,7.057173773767381,11.600788999834352,15.91687033524876,9.80348153094878,12.3628372360652,19.32163314790997,3.2844076478730626,6.387496450592349,10.768306459733935,9.28956075655834,17.676872280754235,11.317495345745272,24.92908696453341,25.0233823894173,24.755307047052323,24.395358017830677,28.08843304082343,24.73042593852337,19.700800116745462,18.504124819839816,22.872186311380297,22.784181663543134,21.19038234875263,20.853882213820228,20.42044679856865,16.19539702383451,19.79614884726316,12.505070170583696,19.180135955751062,18.812249268347983,17.55640170264777,14.491196946841916,13.316320603619127,12.44921979427458,4.0425029876001854
1995-02-01,20.08264286151349,7.572274660459199,22.25403546754745,20.44107453960943,16.38264520388346,17.309001365587964,41.27647582413157,19.679401860363733,9.84439846235016,17.59698653372776,11.409936334639962,8.0268551256869,19.343158935237568,9.674215436436567,6.965190372601316,13.691171212379745,7.36393416759965,10.314818741638607,8.267866620936035,19.40173951949043,34.49961441102606,31.45703793901451,22.848802656072746,7.641051860470774,12.230740288657715,20.901236538016654,18.811774746618887,28.774471435968213,34.43504843016995,36.45447471411543,25.220290717133125,26.274211146930305,11.319288151644669,18.42105469674897,18.81443328412376,18.961993510042625,18.701710928586326,18.309036116609647,16.443081935063656,20.49940759901076,15.47561097956772,19.51373197360074,16.563815264954286,17.583369239937145,27.88097307638357,19.661104933349076,24.133874293210365,32.71440188822466,19.39148831538342,21.534279180588,31.59796539133966,34.5804378985459,34.38454231025514,20.64885852360027,26.78853737372591,29.79361605794437,34.26776410946165,24.52813899657629,7.811425163486909,13.459514270066563,16.24714055507415,23.37526842411257,18.129713239311783,27.64612123114604,17.964220394875866,26.52423214770853,21.881962361152,17.251922497780374,14.608165163796215,13.558854023829005,16.722187542375973,10.647915000466512,8.142777172989172,7.487865920762739,6.365585569166087,13.425237921686596,6.568684002569773,6.44002716690966,5.849229656137814,8.012050694092578,11.6241907599484,10.384201750658235,7.899359977096755,9.34396907369483,7.603372524276936,8.992672325227781,17.47409543805019,17.199383686907836,17.997705545718436,17.559995236230158,17.13015238921433,17.728425921896076,21.04550403400625,21.70457360697145,20.220795958217856,20.69834579124717,20.2390488475149,20.06529027225761,19.302442314704784,10.508164833573272,18.00177886077152,10.604919075193422,25.1182854276084,25.201654894354345,23.61427260252865,19.24872075063705,18.41126953952761,17.315476955966076,10.2256204202558
1995-03-01,9.731501625051454,6.734274821883403,12.82195376400851,13.266312422261112,10.668239246601145,12.034444450324196,26.715598357913997,13.65182071267142,10.04869958620402,13.337745460661171,10.688203722255883,9.4891446698855,16.7906171991618,9.44938328343462,10.835856140210948,17.240061953620106,28.76221073007529,14.949200315634686,22.92916194494766,32.93134295482428,36.875566715460295,58.19380479563717,38.85579202507802,26.29484941356147,30.776999589352524,35.252325179711804,36.33269172174263,49.98854603163384,35.663164556124386,35.281166868092505,31.756250499226127,31.58821073558943,10.45278004443784,39.27240160760235,43.97027225274019,44.418111722010245,43.52969993744245,42.56627185202565,39.94155556467145,38.28041928318497,42.25717808187046,39.59015954206153,47.23400068736022,42.23902485940492,31.99418910114596,37.35031164550092,34.19689103387896,24.566763337728855,40.72382970737288,41.33320973560892,24.76454288227345,16.68311707981774,17.304575334173975,39.23150011875141,38.31404820239336,37.2343561470006,32.84411175248783,33.75439439733475,26.18828032057457,28.994673307437687,42.17276630109704,36.42508936880751,46.91996250349904,31.258907438467944,44.37265664738468,32.95897104636224,37.24741662334529,30.1690999762004,23.480711505832595,23.624073732056004,30.01661762901792,23.38642457206231,21.029771320227496,19.57025398971596,18.681304052420145,26.4543507465171,18.33966541279736,18.18989777656618,18.11038200331415,17.024832518034458,21.509252664685032,19.894314582957907,18.02994540452419,19.09396057312597,18.37487997117911,18.910593541035745,41.982247393599614,41.734189991933576,45.224681455568685,44.57594843601711,48.15179293699801,45.327607391955645,48.21300294685424,47.16733421140161,46.61882416948042,46.31725082182488,44.627889344261646,43.050080255075045,41.60251768628007,27.698342419752237,39.04876765330408,19.54154305971246,44.70338998343711,36.13330502898749,32.91093644963607,26.193719634548536,25.188817995300248,24.181105438481417,17.655963415837856
1995-04-01,68.39274025814811,37.10868927285442,54.74986597835334,45.969027968097,45.186765466880864,41.38284970509908,66.2734109744015,40.67250335255844,14.945297638357609,32.86679561418604,22.31107856436373,16.57524638649918,24.12061661977333,14.246388948870406,9.312622398730127,16.77522450578194,17.960837756851202,23.131811820248387,7.187042476700019,18.773899956730894,16.41354594086718,30.46059191521864,18.925615822747403,11.629499997901911,13.25362891582846,19.75018276737094,12.350935038978742,21.816361836915085,11.495051095776931,12.903623637372446,18.827662513837208,18.01343101725818,40.58333239413406,42.46216554991448,36.23084344783505,37.01372411144123,35.50063964085508,5.882814329813664,5.843496058666863,7.489711476312116,15.140345454713843,10.006825427430844,22.442286854489904,18.89585160016657,21.750843375434386,26.26145242129669,23.650016328310038,20.58435076811418,20.56970686278329,12.54690210796756,18.71558282701559,20.196951856528656,20.066992313662343,19.910364769317688,10.024256909571644,9.345004926009764,11.539211056616644,19.206041853831625,11.413218118265814,13.830483792317237,3.703658831300752,12.540389346998053,33.09658781786043,28.59367980713243,36.2667833733362,29.49497969489243,62.42041095942476,40.34882741106266,55.85520098107811,54.03387543522746,50.27954585721428,38.73243884496115,16.71033701511056,13.359463721211664,9.88589935566723,38.52866823119182,10.373828685948745,15.824210594077831,12.608274952592769,1.964414905673259,38.85799336321649,27.347867150003957,11.065895044023076,19.55505225104471,7.266876941223357,16.49445685315641,8.350934181197102,8.514279675782372,13.593682605221913,17.37744576778062,28.757199716768906,20.008541532867422,39.16997197941383,43.026066662691946,32.26923935899726,34.49792455968712,45.488304072605125,48.14599803990709,50.54154262885208,81.1632063029253,53.15729256352194,59.95216823372513,66.80513385370715,68.60422068313082,70.73391729732312,69.95164976210823,68.07112565910225,66.16423090722964,24.358735110518683
1995-05-01,38.75309553358324,9.46646433192964,30.733659633772422,27.61804505840861,21.501230258657674,25.296544526206645,63.64945578050233,31.60472793949213,1.406198540046247,28.680837190873117,14.129994512968592,8.760103832632346,15.39162660624411,0.9174308269921476,1.3184355854765075,6.324874929874431,0.0008190344917626,10.977586440690017,0.0005485828960363,2.5005793622276338,9.945798209497438,13.105947320425043,4.836125702298292,0.0059772212537115,0.6304720714895801,2.7280065724738414,1.888555936880033,9.457037717596062,0.0185372242724444,0.0170068532681096,0.0040190062436819,0.1089648364978593,16.619084716731408,0.0,0.0,0.0,0.0,0.0,0.0,0.0155750174017827,0.0,0.0122428925369886,0.0,0.0,0.0,0.0,0.0,0.0,0.0055128317679012,0.0,0.0,0.0004148184056898,0.0003877029440081,0.0046351488824536,0.0,1.1444368887730504e-08,0.0003026902357467,0.0033145010153977,0.075692360695456,0.7364375824566997,0.0002594131374346,0.7860478308296546,0.0,0.0,0.0,0.0,0.0,0.0,0.0,0.0,0.0,0.0,0.0,0.0,0.0,0.0,0.0,0.0,0.0,0.0,0.0,0.0,0.0,0.0,0.0,0.0,0.0,0.0,0.0,0.0,0.0,0.0,0.0,0.0,0.0,0.0,0.0,0.0,0.0,0.0,0.0,0.0,0.0,0.0,0.0,0.0,0.0,0.0,0.0
1995-06-01,1.279963974137877,0.0204631160569029,9.118310152240593,19.40668063219159,5.955256862093805,3.4538902358731614,2.9819827153296443,1.5048744399384897,0.0,0.4970436484125526,0.2311175055227737,0.1292229144848949,0.9831985842772294,0.0,0.0,0.3707073024005179,0.0,1.1909762968533482,0.0,0.0,0.0,0.0,0.0,0.0,0.0,0.0,0.0,0.0,0.0,0.0,0.0,0.0,9.096352503125615,0.0,0.0,0.0,0.0,0.0,0.0,0.0,0.0,0.0,0.0,0.0,0.0,0.0,0.0,0.0,0.0,0.0,0.0,0.0,0.0,0.0,0.0,0.0,0.0,0.0,0.0,0.0,0.0,0.0,0.0,0.0,0.0,0.0,0.0,0.0,0.0,0.0,0.0,0.0,0.0,0.0,0.0,0.0,0.0,0.0,0.0,0.0,0.0,0.0,0.0,0.0,0.0,0.0,0.0,0.0,0.0,0.0,0.0,0.0,0.0,0.0,0.0,0.0,0.0,0.0,0.0,0.0,0.0,0.0,0.0,0.0,0.0,0.0,0.0,0.0,0.0
1995-07-01,5.368698978303208e-06,0.0,0.0008228109929784,0.0,0.0005371812205708,0.1267597051284996,0.7165298018999774,0.2585503136185785,0.0,0.2183444646802095,0.1015267536015477,0.0567658558312406,0.304152069696163,0.0,0.0,0.114678148524273,0.0,0.0582672233713791,0.0,0.0,0.0,0.0,0.0,0.0,0.0,0.0,0.0,0.0,0.0,0.0,0.0,0.0,0.0,0.0,0.0,0.0,0.0,0.0,0.0,0.0,0.0,0.0,0.0,0.0,0.0,0.0,0.0,0.0,0.0,0.0,0.0,0.0,0.0,0.0,0.0,0.0,0.0,0.0,0.0,0.0,0.0,0.0,0.0,0.0,0.0,0.0,0.0,0.0,0.0,0.0,0.0,0.0,0.0,0.0,0.0,0.0,0.0,0.0,0.0,0.0,0.0,0.0,0.0,0.0,0.0,0.0,0.0,0.0,0.0,0.0,0.0,0.0,0.0,0.0,0.0,0.0,0.0,0.0,0.0,0.0,0.0,0.0,0.0,0.0,0.0,0.0,0.0,0.0,0.0
1995-08-01,0.1473793359788799,0.0021970670729114,0.1654086529607275,0.1792448616361692,0.1082323310580365,0.7137104215539185,4.084442598160261,1.357634156811132,0.0,0.7892980723877044,0.3670112316831552,0.2052041055891162,2.4134015064326104,0.0,0.0,0.909954078825965,0.0,0.296049781689747,0.0,0.0,0.0,0.0,0.0,0.0,0.0,0.0,0.0,0.0,0.0,0.0,0.0,0.0,0.0309750583376302,0.0,0.0,0.0,0.0,0.0,0.0,0.0,0.0,0.0,0.0,0.0,0.0,0.0,0.0,0.0,0.0,0.0,0.0,0.0,0.0,0.0,0.0,0.0,0.0,0.0,0.0,0.0,0.0,0.0,0.0,0.0,0.0,0.0,0.0,0.0,0.0,0.0,0.0,0.0,0.0,0.0,0.0,0.0,0.0,0.0,0.0,0.0,0.0,0.0,0.0,0.0,0.0,0.0,0.0,0.0,0.0,0.0,0.0,0.0,0.0,0.0,0.0,0.0,0.0,0.0,0.0,0.0,0.0,0.0,0.0,0.0,0.0,0.0,0.0,0.0,0.0
1995-09-01,4.643054310406725,1.3496707788946365,3.0836013251908985,2.8786607962251463,2.2214434734223016,3.652938808424085,11.283832604748042,5.362676252211056,0.0494636082661268,4.423417881897093,2.2611690695176057,1.507062829258928,1.9620310176302604,0.0218052026589024,0.0432802622220979,0.8412148571082765,0.8769948917660773,1.7601281305066288,0.2069337245416488,0.3744719500723193,0.6911405188255584,0.4102949837015446,0.6270325765314676,0.1542422751125228,0.2584072649373917,0.7259347117312485,0.7037999148891453,1.008642840128967,0.8969353756299241,0.9007734819024305,0.568912455185008,0.5988118031302025,1.7846970583771888,0.0550959334427298,0.0976860633174737,0.1024861741275748,0.0913900650409765,2.3741730601765583,2.637234935732424,1.5305343407258143,0.7169339452108854,1.329328180961275,0.2276248123846361,0.2574091069987088,0.6109655372843961,0.1292477148296058,0.3781808279674601,0.7755462841404035,0.6817390266395206,0.7074684613110668,0.5630106999606775,0.3200838801613847,0.3292125533138118,0.6788231126473472,0.838440263238322,1.5853980972885968,1.986725496844311,0.6168073745295368,0.1837720457177564,0.3263450774118885,1.8960358707060936,1.1261588416358483,0.1714753404841063,0.2785617907988164,0.0642999573880229,0.2593243039581632,0.1182327237038022,0.1106805368138629,0.0,2.908573435879808e-05,0.082904079575572,0.0,0.0,0.0,0.0,0.0511691155467374,3.6530188741105296e-05,0.0,7.998258189131043e-05,1.6360061383096232e-08,0.0,0.0,0.0,0.0,0.0,0.0,2.9952684799410814,2.797665340820437,2.44343670623464,1.5755987246070349,0.1265047779218554,1.2968012635889563,0.1629728629044279,0.1080592198561873,0.7784516813701228,0.7208147418019666,0.5374415917654016,0.4730545248252935,0.4268498118673891,7.433743390931012e-07,0.3675647981049776,0.0,0.3156037724480476,0.2329499281585753,0.2367123845677663,0.1353702269069167,0.1150846466131493,0.0974016220652001,0.0
1995-10-01,17.850339813157387,4.027812189706082,20.48670725349981,26.116762890239418,14.025580321032882,16.9435321332302,51.19614864048561,21.4510635726901,2.7713927285793405,14.263704035261515,7.689904012432438,4.786722380562232,15.414301153412593,3.050984319659039,2.1878666022651387,7.556238363664126,0.4617789206257852,7.553194579322057,1.860375104423651,4.236910154289648,4.336946789599418,11.53601324049808,5.539531328104854,2.371101620416714,4.704677714172085,5.730979717458643,3.570360708925466,10.785847422920195,3.979251567296625,4.957082585966797,2.627760689726916,2.6956658234890742,18.17962770580572,15.15683488922295,9.194782922686622,9.76398870029279,8.687251757666164,1.6359269119867366,1.721857137113865,2.1622748751118475,1.8451409365675424,2.13035455035161,1.9412467309528745,1.1277854831254597,4.521426234672946,3.1133760779713344,3.6179176593104168,2.176739657342755,3.9596514467211192,1.2925630106984474,0.4757077645311001,1.3292780069538823,1.2605138067565451,3.509056474202369,1.4245190249665045,2.188365419631911,2.6708506715965283,2.797247075197454,3.026945082781824,3.236109244683132,1.4984037813875934,3.5527464295037525,21.146271350141564,16.098264239271195,20.13019462698054,16.50598845944122,26.338481276151704,20.71878465561539,46.96802117131801,40.987884849110905,26.262575878558508,20.54286838624214,7.472525603153252,5.477720272013513,3.6264349208958144,19.545644023980387,2.542757096157818,2.5809769299604235,2.508196110268407,5.233796290985426,18.984884932326487,12.756368076433027,4.341091760116265,9.247671194415028,3.630330758195408,8.13920317838781,1.6975720497467433,1.6941817019069565,2.0750496710987734,2.334628253291513,2.800256099244887,2.5249914623829417,5.065033683783953,5.8832530889787495,5.2923088822998325,6.03810648706339,8.210327563994463,9.477609003998312,11.272130450864331,33.28506531088146,14.971900360650922,39.371117937645415,26.780733545583008,26.00532804974703,28.54998384754829,34.159065755753886,35.683865140561664,35.996210482173474,8.537531608650863
1995-11-01,35.429289952836484,22.95966564790616,44.35304680696557,46.64126140513068,36.81515709580079,38.33194796740584,71.81523478360005,41.55294708557753,48.97007246330456,41.60838928353069,41.884722562537725,38.00061280572416,49.15048114970512,52.02493590392651,42.26925732518211,41.79894333141509,19.062035984755703,35.48217081284835,40.53049792113819,40.70008275183402,56.76757936898837,34.87464206547134,42.10204599537477,27.607015697583563,35.99916652978058,45.43612382936307,41.402258487844925,49.742706574753065,58.417744474477885,63.09887559448247,41.10444152928803,44.28617788347752,31.81595505911986,14.837420901665366,16.855048600847034,16.474397620822565,17.225098667093018,24.71851271660124,33.04176303592074,42.27081786589242,30.11017294592841,38.888075452258704,24.624570477122383,28.34306640416944,32.915294210379386,24.740112920107016,29.415102187255386,39.49640219869023,29.51874938079017,37.5832874863746,42.1211266599998,54.67822748898437,53.97432743918514,31.01477698122924,45.23993546781436,51.58028724720703,60.35708020570859,38.024737521331566,28.34649410749923,36.98147174161948,27.902040204566163,47.79132616852225,21.26648810324996,32.40290405217077,20.71359951756628,31.12568746218281,14.08254843825002,16.919809274527328,33.813749703254246,33.26816930991974,20.18571332796179,35.900677219663166,24.39742359037665,18.31575108913535,18.585006077045435,22.02286406714546,11.769492320017012,15.617150986970463,12.165119384224546,16.00230906819963,26.952878545595784,19.63484770790486,11.603190227726785,15.993811485510305,11.642794582551542,15.121385745452075,28.87807223940099,29.515002915857576,25.256578908102178,23.852545404913343,15.522158735468135,21.97133639864678,13.086840225638271,12.354040705448448,17.668764976218124,17.259222232779045,16.083678475609357,15.67677377574761,15.646706281545088,16.872851557574073,16.158299943423852,22.371795575001254,14.570272397701268,14.265553943685216,14.45470733875107,17.014912638967996,18.171448156792188,18.9162250298424,12.885438553350465
1995-12-01,23.362325300143134,22.947427550275552,31.417970540177084,32.940445940734655,28.83050785749961,30.39781406841244,41.18263974503317,32.40244852451053,23.21386643239873,26.21626373961244,26.891153746128687,27.186698842103787,24.198990004249296,23.474342904367766,21.60880878052281,21.465679360503295,23.737692716518527,26.869090455473327,21.635086043740834,24.78413180211415,22.83645096945714,29.47650083429883,23.28707793529846,15.768555906662172,14.504798081909884,22.876884953865027,19.55793572677785,26.17527395467437,24.18184777910853,24.735883282080763,28.316318027271663,27.73728785945099,21.254704128312063,20.8751238805546,20.819666277241037,20.64635721617048,21.068903698117904,16.952128076970652,19.85284198415583,22.1951034409844,22.75376144988378,22.39884820381656,24.636239253861188,28.548831709557664,31.234734028855478,25.63860176747901,28.850756348051643,34.56185116617873,23.21566459510403,26.9823852021994,33.92269427472631,38.592612868412616,38.21695427550898,24.456602417928902,27.278145349360702,28.52189544615196,30.92564394838617,27.64698573006321,15.044292791924072,18.288996625998596,19.980833026986957,19.493329802638364,27.05302668809359,35.9065764781682,31.177989458939425,35.46672462609309,19.47570768232089,25.86011858554662,14.325487211497814,16.46664831530203,21.72386960058571,19.98575439474607,23.52630826162848,21.80604321966892,24.15540822692083,22.209960863043367,14.952534254760977,21.33521105534909,17.789734611354778,12.419955867377226,16.29301431143783,16.77743487102671,17.786969757381875,16.752022774893028,14.250992353855333,16.112984358909177,18.68549359259097,19.085849552096303,20.372561825379197,20.888254767558767,19.24853207089157,20.37345232014512,18.24160776250672,16.898445622943452,18.22080656689788,17.74257044938818,15.136479629836462,14.390348228169533,13.733841217275002,6.218982656242037,12.666346858313108,6.119490099849632,17.370662946725876,14.639031520320858,14.715900291449376,12.765445120231972,12.32209152063147,11.514938935054,15.915377025929136
1996-01-01,32.019441148923406,29.28077717456246,44.54731937010614,49.06332043017804,39.60159992015315,38.43224569678775,48.85559312922041,37.76743444378536,34.40411058432648,37.69809378951473,33.10549450441744,29.605368840541136,28.186629784123987,32.34090121839779,21.62438267029192,20.417519451359915,27.80769679748836,29.796762200980755,16.990912655791924,15.226998906582558,17.916571556255644,17.258312333063056,18.372836433641577,21.02967477965033,23.235629273529288,16.849724234733042,22.21633530218308,17.20984255174429,24.808262398193385,24.13788414760165,36.04156565360008,34.28051933663036,37.971405468268685,47.01648886935361,42.11607982431548,42.34547996362725,41.79992800842725,34.28597225361452,33.34266954260264,31.23185862748448,34.281436347142964,31.76933651554585,34.047863080755114,35.287609321826544,39.72973022290418,39.6427614041603,39.547786031369405,38.97464422339316,35.86870090116404,34.29032838257184,36.7686551782556,41.19387351614117,40.84759954166131,35.91332813594847,33.94784304698878,32.6695602402448,30.17646295449983,36.5478626558397,21.581135958686264,19.87905491095179,32.95295879823728,23.65907185057769,47.71115992184632,48.755154797990016,47.23992087059715,48.5588453574052,46.47554143870363,48.35732345352979,41.43987160597902,44.0127114112765,46.78520952173636,38.82249296640548,29.549621759701328,30.6514224905058,31.96514841914204,41.48179807225976,41.79523758681384,41.526536115103134,40.76770598836605,43.72819697613527,32.987630689342865,30.781857358273484,31.08308655930757,30.92881982419343,38.90599907015992,32.71601018437092,34.67735272115496,34.67977230544739,33.95846814503228,33.26431666010721,31.93497931131624,33.01547457747704,31.772501156121294,31.4022847821431,33.11820666233642,33.32352574652391,33.25426206520955,33.84476877272535,34.375598784105414,38.56644273548537,34.5897901367608,32.226599672608884,44.06455404261531,41.05044844633011,41.12349717170953,39.26712572326591,38.57298514417684,37.531873975666194,24.797421311890638
1996-02-01,14.13285561516543,6.722525619897165,26.95846841812162,29.37463923558456,19.661756152673156,16.535428335531382,29.55232265941388,14.914568876378926,5.725655201959112,12.224554010398167,9.060518958803785,6.897946770384241,15.084462925619103,6.473868949548294,9.087566921699253,11.539161010650188,8.863127851844823,10.25325580306234,15.545072600973732,16.913636321942775,22.8946876242436,8.58429339996707,17.29649901488278,13.023938449178136,20.52765669463278,22.449397024885613,19.42606206135684,20.27599720695776,18.83073277639412,19.059089088130097,23.42115641886728,22.90919760428293,17.138084887580927,17.31212258683775,20.045580809042637,19.97103612036901,20.119978300742897,26.0755562266954,24.29777173363007,21.99819496437465,25.92273645428648,22.73342054987288,23.18364813439479,21.446380592936737,25.56133994471333,22.260341579685733,24.08164593005547,26.535260428661896,21.932546713564765,23.07075378704601,24.67172303759708,29.84446484569533,29.41097204280433,22.26317087400302,22.88772365722413,21.68411850113922,20.02010875210588,23.39046153587076,14.122626907440594,18.68627037179488,23.58754608064,20.393558664006576,16.91585371292398,27.57171721316159,14.301238987299058,26.13485020052367,16.03082152353102,13.187834660705,13.040093303154052,12.706885363471512,14.024527931997904,11.355428563053971,7.861231142609781,6.86866878480684,7.326491199643093,11.89931370901516,3.980826844840149,6.231528164490182,5.342967819789457,2.8940646481398087,9.236048745265382,7.280749638321768,4.728780740883273,6.036094402286808,3.388437250984358,5.423621557143977,27.35929104881017,27.251971037431986,28.097265667014657,27.791036608422576,25.725109213339916,27.384897889052503,27.421970239806928,26.11597421913946,25.48245638365444,24.954718146878403,23.067909971715437,22.285118368344197,21.3868957967149,9.547975749142417,19.65803277412561,9.339235712898407,16.714761740553236,16.46898354290688,15.905421550519987,14.656261197762202,14.106257402538194,13.46062702598205,6.015242400063117
1996-03-01,50.50611558411342,32.04147989254172,48.32147950325766,48.24458568021065,40.71159495188108,35.224943710925785,42.61431059293634,31.86060524333473,17.68744940214863,27.249618436147657,22.468075665822536,18.836512886178745,18.84501388322007,17.943892988532383,15.620422365018424,13.680042156109325,26.062365650991588,22.702152031246392,11.646297767348994,13.342966452646367,24.68405589328291,15.016258304199631,19.17342986515903,19.81720695212755,27.335796997331297,17.653774234037336,26.146728583586,17.764416091041095,30.33452178495075,30.92059281623561,26.883012024912645,27.34599381379721,42.11075118490548,24.70790145588021,26.485641580561712,26.56504720325835,26.455338430766137,40.14608915380332,38.166373415314936,33.69490351973365,33.63036527499409,33.62396784969326,31.6880809337451,28.47937155705195,25.703090563139163,26.2694550308048,25.99255048859341,24.59476299536833,30.007094756992338,28.98218321315542,23.41020673878022,19.900688971313755,20.109532370382414,29.35637492056526,28.49459005810757,28.22994396198986,28.372245796961963,27.27750152918198,21.921837359175164,20.137529815728648,40.82664155976516,33.23537865746477,24.41886239031025,23.6046908137363,22.522243696323493,23.363573199168343,25.20715843840662,20.743314469923003,25.193128783648262,26.03404237093504,23.70094662775293,26.88918724587157,28.960027928885683,27.431110571056426,28.79637416348965,25.26254507303862,21.405225583758643,29.508922540546504,24.94765142842622,13.35501202225092,24.956843682878887,23.92335186553565,23.466611125639805,23.12623959097775,19.68388792160449,22.16454637533753,38.99918873263147,38.55969176856152,37.84794666765729,36.14840964554975,31.707548744420837,35.10754027780055,31.80868334122927,30.075448015710656,31.94087632335359,31.25428955081664,29.13244586914277,28.01943985876566,27.26802867975576,22.849040117119976,26.61797996067379,21.30382666726601,27.04227672403019,25.017551780291345,24.813709388922632,23.653857711955624,23.208855797619226,22.718143512426664,21.784938302437777
1996-04-01,29.41306597313104,13.258760061820803,31.234751906888043,32.146114481815395,23.740389046156945,22.36753651290017,42.89291792971712,22.740346079439348,10.35884771384891,15.86202107495823,14.404041891984903,11.666977354886876,20.46245835549768,11.4317341529004,12.973984025438222,20.059046896462167,10.26613543188384,15.524299200873063,21.405697965490518,28.62233294510296,36.16366585344223,38.08301740475724,30.681717064457345,22.333049193867076,26.04036740309934,33.27311288637127,27.67482935756373,37.60229335165042,28.43061012857213,29.448534625157247,13.753831970811609,15.838461787059952,25.43103579813102,10.331292744530488,8.531355901939547,8.814223048293021,8.294084237590656,17.27383164857245,15.681161224160691,18.490912691397984,12.096191035695597,16.724364194300627,7.647468647139256,7.232507341058092,6.660332804659582,5.820466265732896,6.189528256885203,9.078519387057192,11.579928676286274,12.388478865898358,9.814853171883396,15.028881561185148,14.727960323387409,11.370241778371646,17.331768738127884,20.615146672842208,22.85604900749105,12.736081370002482,22.2667676927338,28.473680452428383,16.875616704886635,24.62487047944819,11.032425170851182,11.617339602501277,16.679159144786365,12.366521561933007,15.013074863855309,13.938301358703598,11.700504647419384,11.464067622124908,13.181809050690516,12.037161140778966,6.702023368491427,4.993464265542717,4.411553285184803,10.82442087897448,2.571492354134367,4.582495012285738,3.4809318634797086,0.9425230969847253,12.26197109841644,8.096772489705351,2.865670795952928,5.553311175725424,1.7444949269057428,4.628747274843471,14.629225588579551,14.51092529949448,13.85398312738463,12.405862729034796,6.1799093236404135,11.37269229263366,10.206207595364155,10.454587353928911,11.271176235647388,11.29402233184979,11.645730285843015,11.45321841942143,11.04856853391179,5.817713749670428,10.309933483812657,6.6985439391053125,14.727818424081011,12.681943176760443,12.616615943173043,11.0325974487103,10.743649153488915,10.40519061186198,7.866328212206694
1996-05-01,57.13083240124375,29.728706446762217,50.85339649024392,44.57339047303689,39.24582037039196,39.14012724437146,73.7425764577308,42.87853776841308,17.268788441969487,42.41534832354312,30.70602477107108,21.44071151126913,25.137736052076896,14.401826350267342,9.14627146367136,14.98194053759355,4.001480889636927,20.84303923836552,0.5879362031176564,3.2467965231689777,0.0151675774483139,8.968113725870891,2.19298014253901,0.0572527023580822,0.1411272743778827,0.0570189564295322,0.2187095186236803,0.0580324556826794,0.0258549899766461,0.0242321196635827,0.0666088998307813,0.0614433911736854,28.693495832257906,0.0009898730839261,0.0035877481716904,0.004006762238116,0.0033271083263961,3.137606407612944,1.0483460082497702,0.3491538222706262,0.0012067070003695,0.2746931281766464,0.0004018518978908,0.0,0.0,0.0,0.0,2.6037194759074897e-06,0.124722728741974,0.0005912080216733,0.0,0.0070438099106188,0.0065833767304508,0.1048960311418399,0.0033308172545982,0.0100623411512568,0.0034991340249027,0.0745867757836907,0.0898729963242028,0.0500452910613374,1.9959691424517247,0.0408717808238444,0.0,0.0434841981462882,0.0,0.0383542660693694,0.021989333476215,0.0,0.0004422068399392,0.0001557604479894,0.0039646730146557,1.2224061815669573e-06,0.0,0.0,0.0,0.0024471318881115,0.0,0.0,0.0,0.0,4.528894104260704e-05,2.51842446281658e-05,0.0,1.433115260145455e-05,0.0,1.1045789677185625e-05,0.8105322700940264,0.7076127437296187,0.2589192879082759,0.2926364260558796,0.0107845085302096,0.2429077102608351,0.137266218497486,0.1599452255673954,0.1961049528124362,0.1884341432196572,0.2657517409395693,0.2345536321064498,0.2121621933381283,0.0,0.182979289582265,0.0162139423300727,0.0745298974256323,0.0862596992171273,0.0697104708021126,0.0363704890838488,0.0329471424064036,0.0315785218482696,0.0
1996-06-01,2.4343152296145574,0.0639268926221866,3.139085113611097,2.8708416605410334,2.05647039462194,4.795739552773953,22.129228396434204,7.882982387805422,0.0,9.294740952774267,4.328268245527427,2.443779666985678,6.187304992888004,0.0,0.0,2.3328747414022226,0.0,2.2873185685620108,0.0,0.0,0.0,0.0,0.0,0.0,0.0,0.0,0.0,0.0,0.0,0.0,0.0,0.0,0.4824000649186186,0.0,0.0,0.0,0.0,0.0,0.0,0.0,0.0,0.0,0.0,0.0,0.0,0.0,0.0,0.0,0.0,0.0,0.0,0.0,0.0,0.0,0.0,0.0,0.0,0.0,0.0,0.0,0.0,0.0,0.0,0.0,0.0,0.0,0.0,0.0,0.0,0.0,0.0,0.0,0.0,0.0,0.0,0.0,0.0,0.0,0.0,0.0,0.0,0.0,0.0,0.0,0.0,0.0,0.0,0.0,0.0,0.0,0.0,0.0,0.0,0.0,0.0,0.0,0.0,0.0,0.0,0.0,0.0,0.0,0.0,0.0,0.0,0.0,0.0,0.0,0.0
1996-07-01,0.0,0.0,8.943812359945733e-06,0.0,5.839066421172884e-06,0.093569382047153,0.6433263688653572,0.1912167344161355,0.0,0.0568165893018039,0.0264188234447484,0.014771349124205,0.4034678913458768,0.0,0.0,0.1521243988730989,0.0,0.0354178300966819,0.0,0.0,0.0,0.0,0.0,0.0,0.0,0.0,0.0,0.0,0.0,0.0,0.0,0.0,0.0,0.0,0.0,0.0,0.0,0.0,0.0,0.0,0.0,0.0,0.0,0.0,0.0,0.0,0.0,0.0,0.0,0.0,0.0,0.0,0.0,0.0,0.0,0.0,0.0,0.0,0.0,0.0,0.0,0.0,0.0,0.0,0.0,0.0,0.0,0.0,0.0,0.0,0.0,0.0,0.0,0.0,0.0,0.0,0.0,0.0,0.0,0.0,0.0,0.0,0.0,0.0,0.0,0.0,0.0,0.0,0.0,0.0,0.0,0.0,0.0,0.0,0.0,0.0,0.0,0.0,0.0,0.0,0.0,0.0,0.0,0.0,0.0,0.0,0.0,0.0,0.0
1996-08-01,1.0737397956606417e-06,0.0,0.0001729448217243,0.0,0.0001129089319638,0.4609726133261978,3.0765458899931666,0.9419570116273176,0.0,0.6651489971874655,0.3092838577093028,0.1729274526649382,0.701632714660925,0.0,0.0,0.2645451031839203,0.0,0.2025168232122604,0.0,0.0,0.0,0.0,0.0,0.0,0.0,0.0,0.0,0.0,0.0,0.0,0.0,0.0,0.0,0.0,0.0,0.0,0.0,0.0,0.0,0.0,0.0,0.0,0.0,0.0,0.0,0.0,0.0,0.0,0.0,0.0,0.0,0.0,0.0,0.0,0.0,0.0,0.0,0.0,0.0,0.0,0.0,0.0,0.0,0.0,0.0,0.0,0.0,0.0,0.0,0.0,0.0,0.0,0.0,0.0,0.0,0.0,0.0,0.0,0.0,0.0,0.0,0.0,0.0,0.0,0.0,0.0,0.0,0.0,0.0,0.0,0.0,0.0,0.0,0.0,0.0,0.0,0.0,0.0,0.0,0.0,0.0,0.0,0.0,0.0,0.0,0.0,0.0,0.0,0.0
1996-09-01,16.711046525111804,8.7041022712869,7.798498942825742,4.276450346909765,6.267270309174282,11.64642394642429,32.134269223005774,17.911445249740233,1.3609962038381411,14.696029164510762,8.44905261807511,6.670342229501356,8.558869327933092,1.39714760028809,1.9851968110830804,4.62152043822596,3.0705031300851693,6.487426966124128,0.1419904140288855,1.2876997691514975,0.0010878322377164,1.035140879434314,0.7500232022784072,0.2199539734336578,0.0004782239508208,0.4668302676861909,0.1362726361823602,0.8866920124306424,0.0,0.0,0.0062684573546937,0.0089428081809865,2.1960774681532462,0.0,0.0,0.0,0.0,0.0,0.0,0.0020414289853697,0.0,0.0016046849287574,0.0,0.0,0.0,0.0,0.0,0.0,0.0007225709141854,0.0,0.0,0.0335919001030286,0.0313960961860307,0.0006075323729052,0.0,0.0,0.0,0.0057653532459535,0.1533556883481286,0.1897129753024802,0.0,0.0484644410906251,0.0,2.99934371767846e-06,0.0,2.6312888156515368e-06,0.0,0.0,0.0,0.0,0.0,0.0,0.0,0.0,0.0,0.0,0.0,0.0,0.0,0.0,0.0,0.0,0.0,0.0,0.0,0.0,0.0,0.0,0.0,0.0,0.0,0.0,0.0,0.0,0.0,0.0,0.0,0.0,0.0,0.0,0.0,0.0,0.0,0.0,0.0,0.0,0.0,0.0,0.0
1996-10-01,20.47232581560587,13.519230561499596,24.930577661106096,27.262977049464293,20.08756805911414,20.87472210065797,36.16976292040705,22.701036653479434,11.808155429378814,22.534968226659807,16.45108396481256,14.19876725832371,15.024218705118049,9.254724405813857,5.950232141101644,9.664332739085996,20.519896455963824,15.750538551050616,20.638595043564592,14.925649034179454,14.1445484643565,16.06980917340899,21.440448343103,21.457201108483183,26.50233387249936,33.19955935720453,25.740447744808368,42.86817014306416,8.008737507292972,6.763314038610824,3.8596383502465295,4.413624458710345,20.304100133676528,0.4219807486702051,0.718293665978168,0.7787412741705793,0.6688055296675534,16.487936320252512,13.822154456173047,9.777504236282764,1.9365624177431104,7.89131053272139,0.0847926805086298,0.0755232444216123,8.905622503235465,0.5878718088408971,4.875983433856429,10.109878587595825,4.051739061882622,0.5931488219161428,3.03223641855523,7.955213087542088,7.45952705901953,3.916821388204892,1.2376154327475142,2.3436396633814947,2.3989929444170923,4.118421954123224,22.318210291234525,26.938385504272627,17.47935325181711,18.54465825721282,5.698765129323383,7.397724607763206,1.5369314860026932,6.611590466872402,1.377017134139353,1.343252105312716,0.0292899585778466,0.0370412857035556,0.995610695957735,0.0132458429110248,0.0301683619540417,0.0299963309016377,0.0001559111532012,0.6207990820165906,0.0047247488832116,0.0001871648354422,0.0003246454833544,0.0,0.0238363104853839,0.0859838507749383,0.2707307842581385,0.3190623821735401,0.2041571448485973,0.2886533690566183,13.89965559980883,12.770770638964557,9.354097874033316,6.543329596225824,0.025819249426989,5.334706189739631,0.4510536511516403,0.2680834824206266,3.1867183172668563,2.9681029793508134,2.163053425862796,1.9064542448900632,1.7257258346590831,0.0120646966878742,1.4865659843998562,0.0046833522352672,3.6204179274293993,2.689353028080383,2.71987450423699,1.5401114519872006,1.3125380503398802,1.111047548277297,0.0076502679687932
1996-11-01,44.86126685141278,38.48064765106492,57.93711351513654,59.89742189963356,50.14597052618902,51.480389684455766,70.38982431391052,54.39044809507606,63.33317749273788,67.61841315891206,64.23898056208749,57.322600137841526,56.26429558133223,61.161358123377326,51.01132927547827,44.96215603109729,43.49192023156471,48.53712654682921,46.509162873094745,33.3388623040622,31.74094438621008,26.52214291756965,33.13690102963893,49.79191773487008,43.90679023484533,35.24879777802929,38.13975585408316,29.2347327717921,47.138981091208464,48.3571920554714,52.2364489864131,51.96834825678116,44.28647098057544,66.02105438546921,62.09750859188269,62.11363342904541,61.66635927728715,43.01484383436451,42.06805366029372,43.85634843245376,44.96709496293857,44.00838020278952,44.69335263223667,43.83817224357819,60.92396487866012,62.02599875023919,60.99984475418529,60.206033053700246,51.02294998406125,41.956418968792605,54.87926724045346,56.56964449653545,56.1759728700712,50.81774787490294,45.11522401784256,48.373831754032935,50.091220313615096,51.38551313312948,47.97462040214021,42.02453564205967,41.88795577398073,38.356222950586144,55.92121500829207,52.47407106658597,39.40490932115675,50.475045488874585,69.92449096930068,44.95502542343877,42.779710694414334,41.31054139061935,51.68752593439694,38.19438185123544,35.10480157998978,31.684980604729564,30.76801278798081,44.78527536968438,22.42877021822212,30.43574457290305,26.456095401365435,11.125328652553325,39.94853581619328,33.214560267171166,25.906995043292504,28.379769847054572,18.673705783536896,25.715923112126763,42.914661974500966,43.2418151890041,45.86376042765328,45.64051326096427,49.33949498089506,46.5148801355213,49.942953503039696,50.33053596028415,49.01684760197208,49.28248063925663,48.53363479072366,48.77341392108337,48.66377621915753,40.08135236835117,47.66177449249009,43.47310368745368,67.1967512535049,63.32959211686224,64.23927254250889,59.83167968986424,57.83399127264637,55.69193894244608,27.895425016363504
1996-12-01,33.85299638187788,26.9677594972984,56.69296810125813,66.66877086116052,47.16169045532874,39.61645043045636,44.441305991034696,33.646930449842124,25.33207351882639,26.598929493994184,25.791116173144587,26.30804270297004,30.019282525520243,25.81516881087825,27.67311197123369,28.453641429469616,31.41276537316439,32.469874565189784,26.94868071234298,30.47884835925223,36.38964300912045,38.14598473014299,32.0504217345831,26.54612926121096,29.3047561346674,30.197019093787475,29.99836316671657,34.97588934714052,34.73354174608893,36.982154540880224,35.47773667143385,35.97560841202972,49.87094346680773,26.864811941097333,27.80679509845011,27.421713153687964,28.15815095266384,25.18859783132141,26.940594491838528,29.980251974084677,28.99380203265944,29.61819423457257,29.40329157975137,33.64217137363876,38.47547370562184,35.26445042069814,37.282343647624735,39.70157646907654,30.274130285846688,36.13700423757564,39.94124820805803,40.82522156835669,40.79755413109751,31.58856909611013,37.884279957685536,37.46028891415354,39.76365851115458,34.496612875552174,26.39296759001595,28.77205216393852,26.621265258378045,28.25429307139739,28.55149116402635,36.999564136645056,32.76182807211852,36.66645348947044,25.521576292299358,29.85526445113041,38.31760574821036,40.554644963950544,31.479723048255845,46.58182116428716,45.60480709940691,43.03736027749735,43.53249100368826,36.545152466316765,28.20882471849642,33.75468369167216,30.527681147465632,24.361598067664342,40.4858377010262,38.50674107322663,35.055399156461064,35.63262607936955,27.436837645008207,33.58276884197716,25.566663383545368,25.90878414075072,24.631650690647337,24.034807838146826,22.050497428363585,23.380889684392592,19.24312141726988,19.98922920786756,23.17304020941637,23.55347258162208,26.1427135408357,26.55269701979949,27.12902434636523,35.49487052287707,28.29820610410646,35.69528687755757,25.902929356756616,26.31381333551064,26.033503122109305,27.9132840923272,28.86872334596613,29.80147949532365,38.11445405209674
1997-01-01,26.434869931707063,19.341545807625675,32.93711256624228,33.7624250459133,27.33714681470604,27.3988364337481,50.60456728120671,28.954227530648268,21.538355021536866,29.26099257956357,22.093200547827543,17.299464851509203,27.015849702486133,20.437092830191062,16.36635738833187,20.75137828512214,14.848779064591882,19.802102389928027,23.03108515684183,23.401707471405548,27.33394749779575,29.693445338752703,24.309700179320167,20.584843834565262,25.218389304111675,19.98038211139113,22.354629367803398,21.20485641241684,24.371640313270724,26.435466612145337,30.71965648570322,30.122372816252977,22.46039944096605,59.97142504198673,54.23349585556244,54.855533147377066,53.38150987623515,25.944919832366704,23.270763734049737,20.99491113348133,22.06527938460195,21.865588076152328,28.268798393065804,26.7932778332172,44.872625521325205,46.23173759567485,44.986623459404456,38.94306628541166,34.4392966511197,21.13554177360519,30.24181521998173,28.19914643319788,28.08472141703795,33.45175046390066,21.059037319638563,21.275315245313823,24.239581289996075,31.285753726284376,20.457984431361123,21.449255377706308,24.764945452662943,18.835120319578454,57.5161417309844,51.34455051443637,57.54809449364871,52.07046522782444,59.23271168352636,51.36747309142744,30.91400678148961,33.418992474076376,48.45655887082382,28.784893777912647,25.54802899247956,25.50547775140402,27.3222117673376,40.184226946801154,28.70380079310333,29.962930378725943,28.319974927395585,28.51716925892985,24.18479843733387,24.92290502708489,26.28912157030259,25.734582234360527,28.861125974608743,26.398575966820637,24.26536437646065,23.90132087040638,25.23659678266865,26.787744929578142,34.88233234816724,28.797781212216425,38.206025091414254,40.19482315389695,36.16517712754095,36.90123235707073,37.97354193711838,37.54407786136435,36.75115307916874,24.896274161452595,34.986020045742734,23.179669308857957,55.844047517518426,47.11769464637507,46.22836094251842,38.14507760887454,36.069819557408366,33.89693775441986,21.052871122556567
1997-02-01,24.186499030916185,16.31957075958046,31.615335266201857,37.24377909050126,25.943952054093916,22.19393907344792,26.52357611653565,19.679281908628067,16.010614361729246,17.318955672271507,14.675908250664408,12.967502563272678,15.160266249636454,15.10869780418411,9.694794867536846,11.743302277524466,9.629705414515085,15.174120613921271,9.500520217857336,10.581917770459937,12.157348862724335,10.499502893689026,11.992184175165791,9.304903743330357,12.964280690809897,11.106805390725253,13.955192859874346,11.48541455172256,13.328806017732909,13.074993415035156,15.619770191435084,15.310960686390883,30.032455406441947,19.16052194398351,20.64620321649556,20.768005018232824,20.63346418934071,19.47772350262056,17.14103906436211,15.551814505552128,17.964920942806252,16.595934108080588,22.30100995841032,20.084330500507544,16.263950779151063,18.82323239641336,17.465916796645114,14.960386982978791,18.634844079240622,15.72777544855436,14.220333374046216,11.759583223879218,11.866521873807368,18.0636892203805,13.901473519433878,13.218743372818864,12.407827296242756,16.25216483068529,10.018111837068773,10.741239055922618,18.856922183487285,17.10642439187656,14.034047863735656,12.422703762862447,13.093048025253063,12.391276457842013,22.20936233157911,15.093329521577257,23.021386255330626,21.76323301565054,18.4720976282564,22.05687915416091,21.685254603878004,22.99711217440313,20.939777643270745,19.773612256533347,31.226407405116877,24.65743769418837,29.65127433876052,34.38733034688872,22.673684607973552,23.701724570435687,25.985852988896315,25.07809351989517,30.5496579264017,26.39022378376675,18.402505978369565,18.15504534407531,20.06678124390615,21.49916377901128,27.031109181803977,22.76296172905865,29.63183767903617,29.91196371807536,25.240079300904497,25.307743587585687,26.87072812425086,26.89048166550636,27.115945902476906,30.126995693268,27.635923951222622,29.97601334205186,23.017945446032854,23.27225957425325,22.75967872971573,22.726879591468368,22.76254691837735,23.458604885880952,25.1030325118794
1997-03-01,38.59862876693019,31.979674820914617,43.60460275203241,46.668071715661895,39.08335632201727,37.734481499513976,52.50937175462861,38.01220578620816,25.04808003739186,30.7570975403946,28.277331258376503,28.085644238440207,27.03590549153489,23.086972077433327,18.288201140731843,22.224447328994717,32.35961390518384,30.87780912187463,29.69046530691638,26.751548346090942,30.031625006593888,24.7272824593046,29.452786289692543,33.934309334018586,38.30595744587653,37.38338707647094,33.19142858010536,38.66352925115916,27.860591767997494,28.615557520137823,35.988256615922964,34.86483520093834,35.02688184035699,37.478171076566326,36.680964013847536,36.63317494591843,36.79588408227005,31.330554625490212,29.791990376204865,30.25945162576106,36.295558789745606,31.859652020185333,40.85634946570893,42.29939445054773,39.5656674970987,38.30588220455851,39.1697174841005,41.18638674147312,35.62859958364833,38.89190996014506,41.04507514958692,38.28714927564379,38.37636297319154,36.36105313756082,36.453584855009694,34.02884168653999,32.63775369888699,36.567797807694895,34.71323089636081,35.375351159142056,28.21208121857758,27.11392096759286,39.8572622016521,43.89902114078749,40.51344231451456,43.54998884173033,36.79200987132064,35.84614097367714,28.4655092061475,29.79882621097527,34.61686137976965,30.16802533908621,31.411900555157985,26.46544983945062,33.23143495680254,32.92926031015038,18.331915504924144,43.04640480287262,24.74624970213284,7.720121853368283,22.18014913781456,18.85179960572708,16.839192204580478,17.169990107279094,13.800027870129522,16.07145525457901,32.601450806632826,32.75184230157852,36.661639215480285,35.688353006421984,37.28552409151839,35.596561619067785,32.06707406654844,30.9792304460365,33.613081858594875,33.26967512973875,30.174505385406864,29.355589457109343,28.22941505217227,14.227860559449471,26.317519434032025,15.788512566838364,36.83063085592244,33.59153464458608,33.97772517208072,29.65128688986252,28.214897286461948,26.35860381779005,12.83907695301731
1997-04-01,17.880851726050633,6.534215529409995,24.7141971005916,29.99223601089361,17.9879237083279,14.395776049469896,23.562801587403342,12.258885595260486,7.752337198544004,10.701922402174016,7.942919673471299,5.908511666737565,13.817661589728596,7.596988558566502,8.838935843528784,10.96828903702223,7.692287077988088,8.887850592992857,12.6784920364659,16.75289690397085,37.13314406988168,14.175182374226443,21.05265039265505,5.603346539165082,13.901857139166022,9.99624689596507,27.04767705780206,10.720139903544924,46.913732082277015,49.10999623639605,24.7491495838809,27.98581677081965,25.16499972716831,11.401215954516037,13.86536449251738,13.914994001387935,13.883378810752522,74.49493307090712,62.56534231151879,47.08846195619869,30.60439226061928,42.88858437478757,21.47462520087852,18.961414512660298,10.86528978898723,12.84699060651516,11.877779281035592,12.053277631494254,27.61397286314477,23.48747347480016,15.983158346870075,14.892046215549527,15.116187783384444,26.117413705553336,26.555676007762447,30.650289688146863,37.50674008852546,24.35537123544369,6.632388719803196,7.791511496604475,77.20100521481952,54.97933674976502,5.92981026241047,4.714765946610087,5.060792178505903,4.672433217903803,12.071391438809382,7.067289555726626,10.988303352521816,9.887651802411105,9.06034169700954,8.61579336777228,7.110485701622237,8.690727272729829,6.361364501154388,8.564786277823265,20.09346598355529,8.381412822532914,14.114152248592651,28.66577251435376,10.66925766272316,12.796611409493345,15.228338165468472,15.148679966990468,22.951748107989843,17.246186232939667,55.16694244564,52.58725366855106,43.66407691929347,40.92995207826184,23.792215502644524,37.75766978044862,27.42851464455204,25.760638277681636,31.092143706263688,30.21817990020391,28.01395952273433,27.001712170547087,26.166208656943137,21.13808022189667,25.23920540224285,16.58981586656256,14.720940650632445,16.04938763993181,14.967780563547755,14.07489050903051,13.856573487052753,13.97707313802642,13.980140901572446
1997-05-01,43.23341476371736,24.64209096891357,26.201781951352096,18.08132784901833,20.4976367429746,26.33042255259536,57.200100775041086,34.6882581090191,32.03797022164939,49.32644990434548,37.55720129859167,25.729928955679032,24.45039601471584,24.646712781326645,17.112809554625912,15.83750273787939,2.50892936930428,16.92398937837941,5.744284026628547,6.90506629895407,1.492922078698548,6.977124053439061,6.300921848552719,1.8512394095967148,4.018110750439336,6.792309362063032,5.275617081280791,7.508388467207734,3.805461976509145,4.14526329515113,1.2972271339874526,1.7428885053960133,8.327721782982563,0.0043005703969983,0.0760100656312229,0.0759062940825855,0.0797685831931086,1.936273364601882,1.513505273619405,1.510681493268376,0.1343829444451252,1.2028446247339617,0.010016726636646,0.0206989534059667,1.269525740839662,0.3230130701700012,0.8467585997904933,1.9210212845530572,0.6533153306465032,0.1540547643533366,1.4174089146206796,2.753225521541461,2.6435798042233856,0.6982602931951759,0.3356131768844798,0.6511415874636066,1.1438616325555448,1.0729394788892204,1.78371539833535,4.263483808075829,2.619813382435953,5.661930806326555,0.034560071341718,1.4117088126611916,0.2325853928536125,1.3126337581205492,0.0060528660554829,0.0028359104508694,0.0,2.220211840037475e-06,0.0176698984465445,0.000422146702512,0.0010845953613817,0.001271744022886,0.0229973030832278,0.013413944866394,0.0001790576630274,0.0491201700376533,0.0034371201037806,0.0001024936034214,0.0,0.0,7.253176391149042e-06,1.9882131797652938e-06,5.73544418420354e-07,1.6219014812820495e-06,1.1975051752973964,1.1098415564925157,0.7878176143133455,0.5469764882403046,0.1159954792426995,0.4583419937255739,0.020105069377463,0.0123427697854355,0.2903891411265535,0.2699525360027256,0.1957625315261957,0.1720268249127104,0.1552226248596809,0.0,0.133663803618129,0.0,0.0187263917368149,0.0126046259337192,0.008733667029465,0.0032859926397326,0.0027935454594458,0.0023643106797514,0.0
1997-06-01,0.3265246040611604,0.011655724153377,0.136289816465087,0.0035770217695483,0.0902699434483053,2.147122071655587,12.387223826915347,4.303763098011322,0.0,3.850956483546184,1.7906344024241798,1.0011833406444677,5.794102818980515,0.0,0.0,2.184620950643948,0.0,0.9980578318912784,0.0,0.0,0.0,0.0,0.0,0.0,0.0,0.0,0.0,0.0,0.0,0.0,0.0,0.0,0.0005166427711881,0.0,0.0,0.0,0.0,0.0,0.0,0.0,0.0,0.0,0.0,0.0,0.0,0.0,0.0,0.0,0.0,0.0,0.0,0.0,0.0,0.0,0.0,0.0,0.0,0.0,0.0,0.0,0.0,0.0,0.0,0.0,0.0,0.0,0.0,0.0,0.0,0.0,0.0,0.0,0.0,0.0,0.0,0.0,0.0,0.0,0.0,0.0,0.0,0.0,0.0,0.0,0.0,0.0,0.0,0.0,0.0,0.0,0.0,0.0,0.0,0.0,0.0,0.0,0.0,0.0,0.0,0.0,0.0,0.0,0.0,0.0,0.0,0.0,0.0,0.0,0.0
1997-07-01,0.0,0.0,0.000248858321653,0.0,0.0001624698966294,0.5202479820659969,3.567673887077971,1.0630483388374663,0.0,0.8028561654417058,0.3733155324347978,0.2087289797221849,2.278445876093269,0.0,0.0,0.8590701185895546,0.0,0.2323541825538937,0.0,0.0,0.0,0.0,0.0,0.0,0.0,0.0,0.0,0.0,0.0,0.0,0.0,0.0,0.0,0.0,0.0,0.0,0.0,0.0,0.0,0.0,0.0,0.0,0.0,0.0,0.0,0.0,0.0,0.0,0.0,0.0,0.0,0.0,0.0,0.0,0.0,0.0,0.0,0.0,0.0,0.0,0.0,0.0,0.0,0.0,0.0,0.0,0.0,0.0,0.0,0.0,0.0,0.0,0.0,0.0,0.0,0.0,0.0,0.0,0.0,0.0,0.0,0.0,0.0,0.0,0.0,0.0,0.0,0.0,0.0,0.0,0.0,0.0,0.0,0.0,0.0,0.0,0.0,0.0,0.0,0.0,0.0,0.0,0.0,0.0,0.0,0.0,0.0,0.0,0.0
1997-08-01,0.0006711013952405,5.453451727877546e-06,0.0002249323183852,0.0,0.000147453870755,0.5309851117172291,3.6153233139311705,1.0850051737839128,0.0,1.2870389254742192,0.5984529264508759,0.3346082814586999,1.4880840626645166,0.0,0.0,0.5610704057523562,0.0,0.2711726092115182,0.0,0.0,0.0,0.0,0.0,0.0,0.0,0.0,0.0,0.0,0.0,0.0,0.0,0.0,0.0,0.0,0.0,0.0,0.0,0.0,0.0,0.0,0.0,0.0,0.0,0.0,0.0,0.0,0.0,0.0,0.0,0.0,0.0,0.0,0.0,0.0,0.0,0.0,0.0,0.0,0.0,0.0,0.0,0.0,0.0,0.0,0.0,0.0,0.0,0.0,0.0,0.0,0.0,0.0,0.0,0.0,0.0,0.0,0.0,0.0,0.0,0.0,0.0,0.0,0.0,0.0,0.0,0.0,0.0,0.0,0.0,0.0,0.0,0.0,0.0,0.0,0.0,0.0,0.0,0.0,0.0,0.0,0.0,0.0,0.0,0.0,0.0,0.0,0.0,0.0,0.0
1997-09-01,1.3962583218728437,0.2559010520894738,0.9819334408237932,0.6262864073471672,0.6694239281585647,3.556017019223924,18.59792618926044,6.642941942958303,9.086758893817326,14.179334650159296,11.10267456472818,6.784905783215847,11.554967531867618,6.786225989071892,6.3648654668271645,6.862827235432842,3.704846254064535e-09,3.1573237337320488,0.0,0.0216782260099178,0.0,0.1108512569482553,0.0174399229600286,0.0,0.0,0.0,0.0,0.0,0.0,0.0,0.0,0.0,0.1451012838129904,0.0,0.0,0.0,0.0,0.0,0.0,0.0,0.0,0.0,0.0,0.0,0.0,0.0,0.0,0.0,0.0,0.0,0.0,0.0,0.0,0.0,0.0,0.0,0.0,0.0,0.0,0.0,0.0,0.0,0.0,0.0,0.0,0.0,0.0,0.0,0.0,0.0,0.0,0.0,0.0,0.0,0.0,0.0,0.0,0.0,0.0,0.0,0.0,0.0,0.0,0.0,0.0,0.0,0.0,0.0,0.0,0.0,0.0,0.0,0.0,0.0,0.0,0.0,0.0,0.0,0.0,0.0,0.0,0.0,0.0,0.0,0.0,0.0,0.0,0.0,0.0
1997-10-01,11.41099248248149,5.388114209298302,17.19714103999584,17.517582419191445,12.583302493775228,12.203647772406978,26.638899404957737,13.031861480666032,10.001704159824929,11.866459023434729,10.672363610982934,8.563317995319968,19.044129669317645,10.725555990704375,14.385597524368126,12.850373592930566,4.55962402118862,8.551058029294227,8.545825257072176,5.835936395918937,9.122305032337698,10.54322786583,7.934086394838885,6.632483898261975,5.363295399384968,7.266267073926607,7.847794993259704,9.902360974846578,16.071945268876703,16.29791797801486,7.52216163631671,8.199639006147878,9.612365426110504,0.2370343875112052,0.8732428395672333,0.8955439352031649,0.8669734743510306,7.629832830774953,6.492678487945024,9.65705541428227,6.315450307312853,8.602520374831196,2.6755503082874106,2.0546117257829337,6.674060818335181,1.7983164591173044,4.422297243395805,8.905580929516185,4.811139655504383,4.749255878771957,7.183402872475547,11.778287245885664,11.392098361106228,4.942035881508854,9.254189493007836,12.52359474156336,13.35016262668682,6.677276570544555,5.675113133516328,7.130072952260501,5.8250525908070845,11.5042318461395,1.5905441694113345,3.3905899062230263,0.5259913731354035,3.034275194705111,0.3951586357386573,0.3157793085894001,0.2867100799863712,0.1721761485448179,0.3496072776628765,0.094469191273998,0.0525242700915054,0.0575035064251707,0.0338032163078911,0.2364675942602261,0.2932613618563076,0.0723943758761439,0.0916839960976473,4.339234098373365,0.4144754578881972,0.3675959954650606,0.2024894040814037,0.3989062331499229,0.6572267954298601,0.5391607067511616,8.068982629306452,7.933110082341963,9.898243971850494,7.527885404828127,2.7670841943515887,6.660467870631348,4.944180254129152,4.332518715322684,4.85803948716722,4.563044156510239,3.777805454979528,3.399873214097912,3.1223731719614003,1.3318136947670385,2.913701193454362,1.1678724328447223,0.9247468333132643,1.3434689117656682,1.2888071599791682,0.973388511515168,0.8841087899879199,0.8414416505747966,0.7603264236728456
1997-11-01,3.553562534221128,2.279613101490103,13.245588977266031,21.490326591348524,9.816885099693154,7.828194824510212,15.514186118287322,6.606935131830828,4.51720258249497,6.937178512608846,4.781617703317273,3.4062420352245333,8.276789251501915,3.978986970768098,2.105130607514227,4.514035574547896,3.474319612306095,4.592308886683202,3.834145176286704,2.4199303380525694,11.269916626314386,1.7428055347416167,4.219884904735949,5.208627374838364,6.100065085985959,3.0564690148626634,5.93833041847048,3.8313053892983,22.545425634641862,25.932157129855806,28.26288154068551,27.4459645746922,16.913251572641663,27.060023805232387,28.563708240100038,28.722062291022784,28.472708509253327,17.998454946599992,17.296579400606227,19.40444793590857,29.6043017008563,21.750498116091585,31.78320896168141,31.318144891122547,39.13056960343285,30.074895668864848,35.047330352537124,40.22802730785471,26.29355953511466,32.0748014310194,33.707844878916895,34.88462017675422,34.535630633369635,27.492374332283685,31.14151074322565,29.39061925457108,28.06539244983872,28.662242260467607,5.320081686444496,4.079412136001784,14.081760788594782,9.241743223372207,32.49913766979543,37.05758530506229,31.74777776491294,36.39342266551799,30.022455502199417,30.24957696614995,30.384248963541012,31.66305236231157,30.20985303335591,33.766864942202666,31.173457157631518,27.55373552467477,22.428230060033457,29.486837363641143,19.93627367739029,17.988313347233863,17.891141544829193,13.74042617351132,31.80270320930949,30.05683915292618,26.1171963362527,27.813014915700908,21.043822316269036,26.015149799640326,22.042002549538747,22.602926745114985,26.0507139407548,26.109504593927294,29.25284049544756,26.44017926962889,25.980300480062184,24.26977735543205,25.568635151238176,25.24916765017632,22.13295292990821,21.07046293629997,19.97325210374265,7.296062761155896,18.316439279023275,11.347477970723142,30.133224711547403,25.48890171997859,25.371180870527457,22.889732015875843,22.68241378293796,21.762942002105603,26.452585046686757
1997-12-01,6.525782772625576,4.006778384400922,11.559868147077964,14.139199485194377,9.049898305109934,9.062079086082369,18.67264066508368,9.477911283390885,3.311961706119276,6.631403273857077,5.469709922290384,5.152964017356797,6.938528682085007,2.835186853748512,2.9218219103182,5.173343816775147,4.805129794930347,6.163937801535801,2.83235875594573,7.076562151203921,15.622752157777883,13.019599795420952,9.026773219119036,3.112609944567529,5.97438249737121,6.575570537465126,8.27367708049708,9.65904440249233,14.398967742987232,14.92132334054804,12.627742168597097,12.804113959923546,8.495149982652716,13.59006874672254,13.779800209883623,13.932512744626626,13.684024231794744,11.982486308651389,13.105976464176427,13.92721918971318,14.504889416192844,14.036115509010596,14.64539343462312,13.913138052339194,10.464808075918818,11.79429188410932,11.093178079925725,10.700790629744294,13.6943877999372,14.537399766501744,11.296195717762476,10.350156297767567,10.421732445940576,13.52438605963795,15.236548727395087,14.79194457926017,14.483711953708974,12.876186398952598,3.7788776472401695,5.050753686681054,11.174829752912958,13.401314427533022,9.280589095995674,8.832827449301472,9.231884255714988,8.834590881866982,16.926918394179715,11.630241046350584,22.32011429763842,20.81136246597646,15.683188873363076,19.435808490993534,16.405753548161766,16.37607203836357,14.84038796706775,15.955878828790022,19.57061898913476,14.604246429208128,17.11968648482076,24.8606129522635,21.30477021247588,20.311944265165792,18.54707386450743,20.304211818341745,21.48410467215264,20.806099850503266,13.762488971715408,13.964843872769748,14.126683151243144,13.843827787255284,13.56999845269478,13.679134657283646,11.5750071282764,10.76701858928271,13.0125459152965,13.021885566467107,11.724526472013494,11.71119360374054,11.736942842883629,10.975958369138096,11.634778897599192,12.487688287686446,15.928034889331968,14.397616776528375,14.794300103966435,15.567077571966175,15.856163291805013,15.7339902785756,18.93395889577021
1998-01-01,28.75042813544136,19.400680653809747,35.31667452814581,35.35909622344941,29.017999679690725,28.11434442103669,45.86560479777011,28.74178561690722,18.77307406123009,24.760721118643552,21.262491148453925,19.753749502225485,27.04427183949844,18.998043749121955,24.54649213494394,27.319682755529342,15.140750472707772,22.594511951378955,27.19289976683189,34.191475251114696,34.3282191269558,41.23902529665156,31.459743234852915,23.181148490196588,21.476026065488448,30.017601911068898,24.601568296222275,34.19796499625353,26.57238663989278,28.350599248327125,23.93519742195356,24.757464075743417,23.604724288314205,29.38056594160116,27.907708019482573,28.044203074788715,28.01363105908797,14.739732669503075,16.31070489551818,19.556780973156403,19.8094897557206,19.850594915933705,23.806860383562316,26.73354265694945,21.03991319681761,23.56333550641037,22.256768348371008,19.67375500562829,23.68719761867752,22.60165748205976,21.57462931118312,21.566558204056715,21.69576489983652,23.50134628248177,22.604968181775806,23.695228950045514,26.40275972442688,23.512381155384592,22.12463848192792,25.755792190002296,14.025567842028618,20.939775018859983,27.66994689885029,24.730802786414177,32.57717261779848,25.559429244755837,34.69565511910329,32.76399824892572,28.154571851074383,29.55729991449896,31.932963748098,29.23932010317865,29.481442369091575,26.159239898271025,25.24289888604426,30.25603425220767,22.161495929086527,24.192607795605205,22.42202374447824,21.49150335180991,25.52470413878525,24.560887844612385,23.10882189764109,24.078535062206683,22.58843833244637,23.83366173077196,16.68142303455904,16.98857023065141,17.143357852241042,18.016326653648346,21.17826096149974,18.502760336887302,18.57108805775285,19.02182022494572,20.00923618969226,20.366978869222933,20.33809038119886,20.870832770056094,21.30652506931355,20.82675834567973,21.166776031936347,20.348168692026043,32.70297095766547,29.797452352609,30.274818022996985,28.592170228752668,27.87999191536032,26.85984878674507,22.74789972952962
1998-02-01,4.699044861502756,1.70842387254162,7.645537281843576,8.642605368977817,5.878244715690035,5.08367038599766,8.395354463645985,4.647989219608653,1.8644745726215184,2.386346449154653,2.271327771865291,3.203933145661543,4.309237602769747,1.9809056900316155,4.87149027767836,6.147007894433189,5.601284918279419,5.394587199442653,21.199131042630896,23.56279631927184,82.77573055438262,30.6134275322357,44.71635371075499,39.402593437235794,65.90710157708723,42.832411948647,63.69569129922778,54.81712951501138,50.95773472027437,51.52064073296923,27.82701192723721,31.192095334419893,5.74303190674404,27.278734732673065,27.39021171543197,28.073008955173048,26.884310386954706,65.49350549849797,61.25812000790024,52.62999885160186,36.28446090111087,48.827134757186,29.93828986813168,21.69001231047099,16.280434109448173,17.861590608311463,16.975667060503994,16.203224450623022,35.58384361607855,28.780341183178493,14.903886583020912,15.629236112636615,15.534803711725653,33.16708579821399,33.796803409129225,35.81339253661233,37.25797792536493,28.904250219472544,44.99589180136013,45.35561073009647,81.96130790424358,72.43379751829114,20.174170517451326,17.55650755852049,18.467495062066263,17.385363035400843,37.0742429523736,22.03027539227048,36.85142008490401,34.59316374554187,29.00892875450163,30.44474213023716,24.729770861085427,22.79953528532064,19.61476718008892,27.07773344224981,24.905726790423728,24.869592076179536,23.37953393366447,19.80080807750782,30.223822812338486,27.20637300113709,24.30358958658612,26.38357735517025,26.41516408361201,26.33012671210035,53.03341615945755,51.4561654529582,45.639849721348384,43.43388903927216,35.898541290333945,41.79044713788343,32.62700400209721,29.061058071343368,36.08584932832208,35.39585956242602,30.04805358923541,28.662920323652745,27.21267202098191,9.0795763436695,24.943041863387823,13.733896569843326,35.36238803767697,31.23460230679608,31.561602073564845,28.712202648782245,28.17364936902044,26.368418210643394,23.654446743799262
1998-03-01,70.11950154659468,61.40550973583135,62.423102578998325,53.21855000114274,60.8174736092903,60.93977456589058,63.25408182948118,62.26857272361395,15.315678446669104,40.62675239976402,29.75938935218551,33.81912778776767,23.410221649504752,14.459390065848291,11.436464293921706,16.885683411513845,32.691364220149964,41.87587270318568,22.899400801380565,15.541590404601228,13.272988454330603,12.00718297877371,14.093793612202711,16.30289818941162,10.559750324980092,12.841988392950624,12.996270816835994,15.15821125693765,9.211744106784272,10.08666448983266,11.43077053098916,11.417458890420194,40.60831787921543,21.979310264092067,19.67030582424229,20.46136757895156,19.073406722629787,10.636132957714128,10.905041533994632,10.253239405940104,11.476732235822968,10.883876323376402,13.46719215114711,9.550245994179749,12.87402242036087,11.2083972469101,11.94655813275991,12.141175102689347,13.4620872099684,9.565047635880944,8.77591703580615,10.448917163320017,10.22153624130932,12.849021165251315,8.813079137009115,8.249374490998822,8.692205289553051,11.762828195339628,14.507443865259194,12.768866593719247,10.626798799262492,13.830361971238558,19.19233410016807,13.39746092688512,23.34124102569786,14.33202903137209,43.613300368198416,29.03385232446428,57.19205149661943,54.27655130646095,39.04355785857272,43.182866961261695,30.717077445564907,32.10631225389852,31.28377793332622,36.95426212543596,36.59389672729482,35.34140533940052,35.54452894692902,35.09102105426885,42.35216973541845,39.85644129361987,36.536343845185925,39.192828442432,37.79067931732301,38.89422167011344,10.591730741469387,10.547481686769386,10.85537909956858,12.396615830518698,19.79021863916451,14.13697495323602,23.03963329976109,24.709044963884267,19.72320295749349,20.420657257231007,21.233707378865176,22.18502857159338,23.559648718260668,42.0695713943386,26.93027975658591,52.070528432637545,40.64965130591816,37.12035141820648,39.51083172287645,43.86850014471165,44.89770168921975,46.03183373699707,32.17604575662266
1998-04-01,30.962139618338817,12.170104244840129,23.870487701550097,23.77237395182416,17.572212066870172,16.63685125420166,30.80895279288096,17.398455098265323,4.033375405014817,18.043209931628358,11.820663875320138,9.853496130876705,10.250049934877822,2.555334005528945,7.869264952640464,6.37329270004795,16.565262406375798,10.013898208832462,0.292635450328615,0.4254224343742358,1.920630074460043,0.6580067723335965,1.3333091648429851,1.3121853246848003,0.9689862159404488,0.8906146901518084,2.4562238389738584,2.5726070132608263,1.5300284567909197,1.968357903314081,4.416213259603158,4.06394470482296,20.886283411333267,17.220024915333877,12.959174111843252,13.233842926117507,12.463391997145711,3.107006010886018,2.183903684905223,1.4060668986244835,0.0001492128988166,1.1151444166458735,0.2143184149547152,0.5549511760218979,12.214221883026616,10.193777252378334,10.85653873400106,10.44558854888397,5.12964191417784,0.070406237434087,6.111106542730948,8.311156833968665,7.975784234336914,4.959068727058844,0.0002055809837798,0.0041444594671076,0.1025509159897406,4.854393684519887,1.012411911033343,0.8196990900043492,3.9520079142127753,3.08589668850339,19.359829936716142,15.761102373801958,16.361501548765595,15.925101049592756,20.8775814499131,12.92917919284689,8.393389524287548,8.680175808331752,13.775918233979851,6.05638817793038,4.756000682146281,4.096621376764788,3.7222904645809303,10.315287987335982,1.976803165389616,1.801399046821062,2.668378077853001,0.7078374328062438,4.6273707760625165,3.6502870124189393,2.623855849854311,2.984006946776226,1.52788257609415,2.6022869832503983,1.264100946874783,1.0998303299493328,0.2202817959892757,0.3886358222385114,0.1676363838426952,0.3809162614649113,0.0972053780636285,0.1760550484102346,2.30691164617106,2.9622815569396943,2.8614545897288486,3.648410000174395,4.297368938700476,9.372765138831056,5.103000679877166,7.984444178773367,21.14442784929992,17.644488768557057,17.44065506020359,13.734673643783918,12.637294875639103,11.61090073892169,2.4082965198606674
1998-05-01,4.2101348267827605,0.0486147981022123,5.189132235865977,1.7535294782581552,3.393169431358303,6.390597324050876,25.00942661219638,9.895743311950788,0.0,6.219808601047555,2.8921135061161705,1.6170446925595767,6.008504315882426,0.0,0.0,2.2659048447240537,0.0,2.589178513468154,0.005673212297343,0.4978125341187747,2.618139649418917,2.774956276330056,2.051990047229119,0.0886805606400852,1.5125581179829162,0.976178795585764,1.924785514264007,3.280370719590993,0.5420579341872246,0.3935824540320558,0.031009443960032,0.1650101808562713,0.287348997221017,0.0,0.0,0.0,0.0,0.0305117164290427,0.0706393213594585,0.1652678435750251,0.0,0.1299103812543626,0.0,0.0,0.0,0.0,0.0,0.0,0.0584971300365081,0.0,0.0,0.0,0.0,0.0491839617697404,0.0,0.0005744082900399,0.0144286129535422,0.0346180632731521,0.2918585326657982,0.6313362572590784,0.2651394029940961,1.5060288539717444,0.0,0.0,0.0,0.0,0.0,0.0,0.0,0.0,0.0,0.0,0.0,0.0,0.0,0.0,0.0,0.0,0.0,0.0,0.0,0.0,0.0,0.0,0.0,0.0,0.0028681818622984,0.0024905605981365,0.0118822501108338,0.0031488904406871,0.0,0.0025639338864341,0.0066421382788238,0.0042239340593953,0.002328850552607,0.0021381923628226,0.0015603193760642,0.0013710565313542,0.0012371267895911,0.0,0.0010653026413135,0.0,0.0,0.0,0.0,0.0,0.0,0.0,0.0
1998-06-01,1.877294045354672,0.0273036009621837,4.327251653730771,4.151576577119338,2.828119579236012,4.636341531909364,18.33972408677712,6.837621558957687,0.0,5.061063756387694,2.3534125533740533,1.3160045994402472,5.444494773132338,0.0,0.0001975233529433,2.592990866808824,0.3903528724907313,1.935640345822914,1.5450942917258057,0.6263871553693591,0.0,0.2335444057583904,0.807387757062837,1.9178399579335268,2.3497461630314573,2.542961271942758,1.324816358784973,1.6851341378345497,0.0,0.0,0.0008084524905337,0.0093520269580081,0.6602009016503747,0.0,0.0,0.0,0.0,5.749686867664662e-05,1.3308045090176215e-05,0.0043584467731578,0.0,0.0034259990917152,0.0,0.0,0.0,0.0,0.0,0.0,0.0015426874468224,0.0,0.0,0.0,0.0,0.0012970803928298,0.0,0.0,0.0,0.0009057318194311,1.795202266328169,2.2035997540391845,0.0091618545422659,0.3465505706652417,0.0,0.0,0.0,0.0,0.0,0.0,0.0,0.0,0.0,0.0,0.0,0.0,0.0,0.0,0.0,0.0,0.0,0.0,0.0,0.0,0.0,0.0,0.0,0.0,0.0,0.0,0.0,0.0,0.0,0.0,0.0,0.0,0.0,0.0,0.0,0.0,7.771202567001182e-07,0.0999577339456814,0.0030697715904765,0.0,0.0,0.0,0.0,0.0,0.0,0.0,0.0
1998-07-01,0.0,0.0,0.0,0.0,0.0,6.386347769814159e-06,4.4069751690222126e-05,1.3051399017674944e-05,0.0,0.0,0.0,0.0,0.0297000745434048,0.0,0.0,0.011198179789054,0.0,2.1352082091676388e-06,0.0,0.0,0.0,0.0,0.0,0.0,0.0,0.0,0.0,0.0,0.0,0.0,0.0,0.0,0.0,0.0,0.0,0.0,0.0,0.0,0.0,0.0,0.0,0.0,0.0,0.0,0.0,0.0,0.0,0.0,0.0,0.0,0.0,0.0,0.0,0.0,0.0,0.0,0.0,0.0,0.0,0.0,0.0,0.0,0.0,0.0,0.0,0.0,0.0,0.0,0.0,0.0,0.0,0.0,0.0,0.0,0.0,0.0,0.0,0.0,0.0,0.0,0.0,0.0,0.0,0.0,0.0,0.0,0.0,0.0,0.0,0.0,0.0,0.0,0.0,0.0,0.0,0.0,0.0,0.0,0.0,0.0,0.0,0.0,0.0,0.0,0.0,0.0,0.0,0.0,0.0
1998-08-01,0.0,0.0,0.0,0.0,0.0,0.0862745698327902,0.5953478289731384,0.1763142059516767,0.0,0.0814466246479296,0.0378714038133234,0.0211747403785896,0.7451560266217307,0.0,0.0,0.2809552260487599,0.0,0.0347709140624707,0.0,0.0,0.0,0.0,0.0,0.0,0.0,0.0,0.0,0.0,0.0,0.0,0.0,0.0,0.0,0.0,0.0,0.0,0.0,0.0,0.0,0.0,0.0,0.0,0.0,0.0,0.0,0.0,0.0,0.0,0.0,0.0,0.0,0.0,0.0,0.0,0.0,0.0,0.0,0.0,0.0,0.0,0.0,0.0,0.0,0.0,0.0,0.0,0.0,0.0,0.0,0.0,0.0,0.0,0.0,0.0,0.0,0.0,0.0,0.0,0.0,0.0,0.0,0.0,0.0,0.0,0.0,0.0,0.0,0.0,0.0,0.0,0.0,0.0,0.0,0.0,0.0,0.0,0.0,0.0,0.0,0.0,0.0,0.0,0.0,0.0,0.0,0.0,0.0,0.0,0.0
1998-09-01,0.3033480631966818,0.0043993593651446,0.1797307381944101,0.0385776806000783,0.1178267110865409,1.1070775611971937,5.979141335751695,2.1525875611021665,0.0,3.102528653523052,1.4426275111090356,0.806698871407437,4.466319574370556,0.0,0.0,1.6839956841955042,0.0,0.5959014935049279,0.0542252905608954,0.1985843960808831,0.0,0.1319115962672668,0.0867961802798475,0.0026046276449528,0.0,0.0134288867505343,0.0019102451030197,0.0121373787106837,0.0,0.0,0.0,0.0,0.006760022591079,0.0,0.0,0.0,0.0,0.0,0.0,0.0,0.0,0.0,0.0,0.0,0.0,0.0,0.0,0.0,0.0,0.0,0.0,0.0,0.0,0.0,0.0,0.0,0.0,0.0,0.0017372107835481,0.0031828532217028,0.0,0.0,0.0,0.0,0.0,0.0,0.0,0.0,0.0,0.0,0.0,0.0,0.0,0.0,0.0,0.0,0.0,0.0,0.0,0.0,0.0,0.0,0.0,0.0,0.0,0.0,0.0,0.0,0.0,0.0,0.0,0.0,0.0,0.0,0.0,0.0,0.0,0.0,0.0,0.0,0.0,0.0,0.0,0.0,0.0,0.0,0.0,0.0,0.0
1998-10-01,10.61451326349185,1.3624678359268236,4.578236593785324,3.032425552303605,3.3369997369284388,5.886352946281784,20.52159086060805,8.704145990751268,9.278346954118408,12.252543633161595,6.9118853159340645,3.952672233001974,20.997914156700705,12.237768044067174,3.057775082772234,15.923197598238216,3.184992330063977,4.914780745879946,15.33694985370234,20.36883184037862,0.0063419400069887,25.319736700359027,11.870002721986932,12.044157104681176,0.4681376136495089,10.585686932888754,3.744228976100125,9.145243712438536,0.0116806476317889,0.0140429277991227,0.2515351140215621,0.2214403813965777,1.82883826654058,4.128779930105089e-06,0.0385417652103423,0.0429912561460132,0.0357465064475835,7.401372508653131e-05,0.0184552941810403,0.0625016250619022,2.380857192290548,0.7664369321169888,1.8741738283210372,0.3898927842021497,0.0025545356035042,0.0002077607254349,0.0014391386382286,0.0089218402082509,0.4551354669070339,0.3424727944894285,0.0029697719230225,0.0042449891323444,0.0039819804056848,0.4005851302569066,0.0040586614004298,0.0022616424954284,0.003088534776793,0.2806583046143472,8.204517259200049,8.382621332261268,1.4731173112197091e-05,0.0212064006076551,0.0004982433468681,0.0041263396865976,0.0001836214370909,0.0036318393182156,0.0,0.0001137786735241,0.0,0.0,5.870837898734337e-05,0.0,0.0,0.0,0.0,3.6235319701325805e-05,0.0,0.0,0.0,0.0,0.0,0.0,0.0,0.0,0.0,0.0,0.2176579978373308,0.2773755887129585,2.2243298910829514,4.244212412703912,4.641259387368268,4.306518556035977,10.476750856241708,8.516198665774764,4.029967495736207,3.7000425190969786,3.180653542158711,2.794848252074988,2.521837405251779,0.0,2.171580206153193,0.0,0.0,0.0,0.0,0.0,0.0,0.0,0.0
1998-11-01,20.442485318318024,9.519640962782889,36.90301643955802,39.823353534056,27.14234621344102,24.841735951679752,52.96458925929276,24.774184657396837,27.28402685074712,22.017277109300814,20.57685221204279,16.640303280119046,23.685202955328005,26.936712242588708,15.588047543221128,17.04562903171118,23.14981944896236,18.59501774978191,30.636570776177624,19.44593983626754,18.890671579320067,15.063862270390532,26.26331078717828,30.35391785189603,41.48227821826016,29.201831459846904,39.64662202686304,26.540956841607017,35.28330426784318,34.82383536903698,43.34395276120329,41.76742159110148,26.80797708465488,33.51559163455199,36.68401483655747,36.59745667019983,37.00302742101877,49.10684767727793,48.5116405883626,43.87721814772552,39.00680130696647,42.775856194012825,41.01711297528548,43.89714673560654,46.61402425375632,39.51689957992013,43.53092553466116,50.724041892812,41.27194492180535,45.48755912066762,49.43298965300633,50.27589860848905,50.13722103330938,42.360434056012494,46.09200070080978,43.038301443133626,40.62689670218496,43.9209003146696,32.244163184910846,33.230910301743776,52.30072848032651,45.41939399813917,37.61460539847587,44.35008259790171,34.046539361418695,42.61045620200214,38.66553201208414,38.6463354373406,55.726948765381046,50.16586929185221,41.10228684153621,39.110605715816526,22.941144260784952,20.21543333990184,14.59355369071251,34.39561283943023,16.699507948211696,19.018197043839425,18.782352630973563,9.954110406059932,45.025348055353774,34.934481009993654,19.63285012160202,27.51584182703725,14.44834379181687,24.27839161615543,47.34404889597504,46.570907515169885,45.563099166070494,43.32966660478138,37.077319987377,42.16969251713381,41.060664443722295,40.62419200483204,40.11406107822269,39.579832658198185,38.87872582288994,38.31826137034174,38.2212293274499,37.51217382632469,37.7430063948105,38.23436944659399,39.744692072829366,38.420792940357885,39.03475690565345,42.34609901704999,43.859109025322496,44.08638478855464,34.957914253026374
1998-12-01,26.543820096031887,20.842410191188183,47.38550848918319,54.32126137660552,38.96578225631025,35.24209828003278,48.46256002199296,32.73268134921333,24.291487984810114,26.825684590151457,25.344345244978072,24.43574614762234,26.524758689582715,23.77412845595297,19.032632256195253,21.284642605530337,23.178719132962293,27.252134821562247,22.546398002825043,19.26451762297845,27.74489465985984,23.564790587226785,22.09631122487188,25.73514906054026,23.34815566309273,25.384476359820432,21.424549347715438,26.721154824118823,18.72963365160129,20.77323647350076,13.195951671358833,14.351837098990975,34.0786831552964,6.009096027547462,6.849121710936646,6.7886637202543385,6.930210656487424,10.944377867442457,10.873448021183597,12.781641896220425,10.043691298997368,12.112877927142016,9.466946926059084,9.723783373868391,11.323168151758892,8.367010674503026,10.01781658701146,12.236160868654242,9.913010307014382,12.662685186088549,12.598966568451926,18.362889742719627,18.044021628278607,10.29778458371498,14.587230389232966,15.90181473954196,18.201009148994547,12.418798278273323,25.343815349091237,25.19389291863993,11.62062256600004,15.708881914389703,6.527561397604412,14.78734784186076,6.982381319651565,13.95648600640457,6.943982049704574,6.576692981874473,9.746139689920213,8.743827629145944,7.084448976776875,8.592937949644213,9.093138240750427,9.55349097858912,9.55360081612364,7.878153704734795,9.801778745336003,8.79268672228423,9.355122642896218,9.920116309645902,9.845684487275667,9.948485047009084,10.017009058442309,9.94803266178098,9.919439531625963,9.926830799931292,10.269352488247732,10.28899665531167,9.685735086470451,9.370255361496314,7.913072504411677,8.98926848394755,6.921848396912709,6.598605944077631,7.953334122488575,7.879441746748068,7.890182191827749,7.888433078379734,8.015832083879339,9.163031805891675,8.304586922081274,10.768352799097013,7.235972500359339,7.807145160838768,7.872269215480606,8.675893750347296,8.915209298115686,9.238629452368786,10.166785438006364
1999-01-01,18.46745102351573,12.3147556313721,32.70025264532136,37.55206806395709,26.387000024674936,25.726184204315015,44.07657707454184,25.763548834873987,41.3795227090152,27.85413837023785,30.08498754478743,26.87271454171778,43.45368526547409,43.44139321008692,36.67580499048988,37.00066098145682,28.389567358069797,26.070896612931,34.66009396346832,31.81963439758625,21.237417394408588,21.545813434729496,31.965149261204672,38.31107432076594,44.00798575111666,36.413584574118815,38.38988409649949,35.26618645974792,25.058757244486955,23.960929844307675,36.535045013748544,34.63749332519334,26.32857886575064,41.42009976997863,42.77281542836494,42.764939163389045,42.91637184990815,36.194915920951054,35.987959505803374,33.113499783153244,40.10375546851783,35.06825863315764,44.36113256706418,44.21026694704366,39.94799532991168,41.746180249209765,40.926919807926616,40.16249661372312,39.599333063165865,39.28983585693795,40.8135925067848,35.90842697544524,36.242346907355866,39.72301402044936,33.355915146933285,29.963737327349588,25.92943773013385,37.96524159744707,38.99844945928975,39.119827417087976,37.44579156010855,31.96065531054622,41.454651231711466,30.179438341673077,40.14968355730572,30.99789938897225,39.443064097339565,43.30322325469115,34.93212682372392,37.9820143415956,41.17773336921305,38.77861604386374,39.430752980051935,42.86032290053858,45.80411042612609,41.49166235739413,45.49233861008013,51.51128787631913,48.54319759765259,35.29508405849122,35.0224712427953,37.42242782842162,43.17158673187104,39.12984589013745,42.19263578042258,39.46314761883954,37.5023916297584,37.50951506217779,40.25448661423962,41.486969884869765,44.89256373405042,42.01663704377078,42.71898878325297,40.81674348439209,40.7223347302569,40.23772592315453,36.10181384704285,34.97546837553345,33.590054975190704,18.83052631680796,31.422975934079947,18.850629462070536,36.793365301709386,33.81026339312919,33.489249500102304,30.53633986103589,29.87302501571759,28.513016059310488,32.298068377764054
1999-02-01,9.615599333817569,4.0107237994126255,25.550091430636027,31.18431904493919,18.17857074937244,15.71697047580112,31.23383070645136,14.310416924053705,4.3864939793225135,6.315625373955601,5.481213656892722,5.330288132684077,15.637304899394625,5.458103629711124,6.991109267330275,12.25126941345679,27.50888650903005,11.164296459590172,16.56826350479201,17.61800288480743,18.272836306086276,22.60239831314929,18.491904172712463,13.117094458581189,19.248443658044067,15.218783513182348,18.17084596599148,15.157525839014998,17.439298584345607,18.624530827795216,16.374452475762787,16.731192163481005,18.001929427654886,12.450988474367165,13.691717144372474,13.62479614384578,13.693473497004048,24.031422148366456,23.486223200378287,19.27313960186561,13.999641522109297,17.933655029749485,11.859199821088568,11.583252544804768,21.42929640081682,17.19481553987575,19.53857846455209,22.575847580120243,15.853816739157391,12.57377132044116,19.256308859460525,20.94750506973278,20.697311111682097,15.98572547370119,13.32919908225154,13.77630035758732,14.920045074512084,16.51635868554366,13.63147412102068,14.589420588861758,22.39848883905229,23.44597771582041,12.736122229145671,20.154381642308053,12.485283708465072,19.342162482650107,13.273245915497291,11.97873409152236,15.769798690601444,15.06968833134142,13.278567874419153,14.247659614395143,13.25149923679063,14.302304687558363,15.55463610975494,13.683976203200734,12.704004166975952,15.74695862463226,14.34001019142002,12.484668505721832,15.902734077754412,15.973224164878484,14.922260756185452,15.741755501726754,12.573279715406647,15.10326714229575,21.99380009130361,21.34844510515044,19.890398771008137,17.847091477101234,11.956598487689188,16.803299105093476,14.514524431935374,13.97237399026302,15.32171892743431,15.160733016734037,15.180024000343424,15.06795614992752,15.251121466392869,20.379695942730606,15.93552340407114,19.380251288216623,14.191624140436511,14.487337852304844,14.519245504355244,14.806388291080768,15.078140977616991,15.634557712524163,17.6518066636963
1999-03-01,24.82466844461788,10.453930725775242,23.06764169043973,19.72685061874673,18.15492716123683,16.651164685047483,29.0673398789368,16.4959842088732,19.244352675232246,16.35722511887105,17.411383247480316,14.775904006572564,16.413266099209267,21.1993646863861,17.864518593406316,17.026774858926228,8.881071501500935,15.45007954047852,32.11619771371838,24.476344934378243,20.17647512913266,17.369204749901286,22.99893999510592,27.101898681666,23.16195661636513,27.52794043839962,23.37240329768527,28.769471796966958,19.12911056701305,20.009434298567708,20.516760084895378,20.28205487783368,15.773324427345267,14.272485173699462,13.97164682153573,13.889501345769787,14.01980998027347,12.717048303706342,13.464669000702193,15.927044577931808,13.913713785663225,15.27384465619155,13.126975744380251,15.411998250723116,23.45318590907973,16.961752701849953,20.447977368217984,26.999581908063966,15.216810823234114,20.135857256732116,26.368115486799407,29.93966002878696,29.7522275163583,16.583502391769343,24.90084550409144,25.335417027718343,25.85319792088409,20.27440425983376,24.78443599480179,27.01966517358111,13.955502514677436,17.278516648207532,16.727764392537658,19.396115299955923,16.924102691897055,19.12700807425614,15.10647114765749,15.553605752452334,18.30483668397366,18.43241738314446,15.955943597014386,18.05816668958524,17.755004318552615,18.021483853839477,18.33602036420135,16.729077416065508,20.159040218182373,19.20543861791653,19.91306854490342,23.52995162983011,18.471050236786468,19.42319258045834,19.769589304525677,19.905010269190704,20.802102029345026,20.286707562296534,12.358767477741411,12.569938890706547,11.644226859308487,11.017916286573424,9.463382708551013,10.65025305484993,8.039616409248277,8.29612190223981,10.077899971344726,10.090265499627169,10.270241991111403,10.442100298565595,10.854153362848132,15.700269883340638,11.911807239530845,20.763859203890608,14.662021862237244,13.711161135891668,14.18491639752734,15.621975136963425,16.146105779107728,16.776091902840157,19.195156225309656
1999-04-01,48.34566908410483,27.64837568984837,38.85934692374652,41.55805904113991,33.16601755449283,33.561758456494374,58.992090928265206,36.21261722794991,13.167512696329752,33.05964510197104,23.435605320635048,20.03665025650644,32.306635767415514,12.965400762505672,28.829802267306054,21.44431072962624,7.612679897585909,19.15279934232641,9.86765092161704,12.01934569289151,26.34121443403271,17.692674767329354,16.231365287113555,10.718418719795832,11.07377005111717,11.228720412355509,18.32026536987953,12.341705729599385,43.6319877313195,45.45332140924207,24.631450251087728,26.655733885839663,41.50049393367514,3.875697996018107,4.693874860913284,4.962006815675751,4.507104035078701,50.66902361779455,47.61394451493153,45.01247012569429,32.15931366068227,40.84075202014333,17.160246765278238,11.018676791207286,7.555755203679774,2.920593418956901,5.366115252495135,9.622544559096184,21.862704814726115,29.907179882216404,9.743477348343806,18.329982353399807,17.86686736919022,21.12754579687428,47.31400329041618,51.93972020600005,51.54824421049996,22.79771222789273,10.56034783867075,10.64355934665624,45.52354839406975,30.035455098110237,15.495106010248454,19.626933350369764,17.72255734237628,19.499383362124505,6.08493352333381,13.281912234746112,23.42170013954049,20.655740213845995,12.160498106953018,13.917125095183335,7.489231659400049,7.473697454731236,7.622912482395744,10.946756579214073,5.427870183278742,11.531116594393987,7.631151697202013,5.923247941914363,11.895205282851276,9.881171453674993,6.822080070403458,8.685981719693645,5.557867342813707,8.060836923548948,50.6125134647089,49.82747376872444,43.37500038515575,36.76970493219656,15.44331449397986,32.5861376176725,16.471597350141128,13.709413158989635,22.97098781072228,21.83588825242996,17.85094222422124,16.72955156904426,15.900850230863888,9.441438402606604,14.988321013535543,11.24102769881548,8.575692029357933,7.756854667002787,8.434082342594015,10.977625874654166,11.91498223328979,12.14007946600114,5.999362224414479
1999-05-01,25.862490090192743,9.726886364136556,26.597931022561443,31.42934605919053,20.102185848212244,19.9222412694442,40.10273674018854,21.191861043876507,2.9095304796401327,16.25811668180441,9.652795405994864,7.985201370568125,11.04849266289268,3.7693036737437007,5.273154452720213,10.395365436016789,26.394109431050044,14.406114637347748,30.981818518969508,18.94576578890962,0.0512936356298009,2.886832786023644,9.36897462653608,33.486706435199814,2.756462763264525,8.107751117000971,5.052518148098312,4.220757216527695,0.0347802441841293,9.915767157054738e-05,0.1192447522801051,0.1067806614279098,25.59493745561301,0.0,0.0,0.0,0.0,0.7170914594555543,0.7070244409115058,0.5041398371404308,0.0148045807948303,0.3978155194693544,4.87765450740047e-06,0.0,0.0,0.0,0.0,0.0,0.1791318988709197,0.2225694682026296,0.0,0.0,0.0,0.162034073644705,0.6827309176518994,0.5728369335430976,0.1689248375807806,0.1333656425285853,26.39311468190314,12.632743083347863,0.318704966235561,5.204409309794973e-05,0.0,0.0,0.0,0.0,0.0,0.0,0.0,0.0,0.0,0.0,0.0,0.0,0.0,0.0,0.0,0.0,0.0,0.0,0.0,0.0,0.0,0.0,0.0,0.0,0.7934025343484605,0.7050384774167219,0.0561893387554181,0.2381047334682336,0.0,0.193872944600174,0.0,0.0,0.1088716473894175,0.0999585502450502,0.0724841929975891,0.0636920413562774,0.0574703732805002,0.0,0.049488331323926,0.0,0.0,0.0,0.0,0.0,0.0,0.0,0.0
1999-06-01,4.354316712036211,0.6779615969217551,2.6909154729703717,1.2334319753278389,1.8319226149497403,4.527367403927978,17.022971585432433,7.543931415636745,0.0,6.485748545682675,3.044469151526607,1.8156480180122607,4.323341342579322,0.0,0.0,1.6300818899595857,0.0,2.0218022479893247,0.0,0.0,0.0,0.0,0.0,0.0,0.0,0.0,0.0,0.0,0.0,0.0,0.0,0.0,0.19804325881097,0.0,0.0,0.0,0.0,0.0,0.0,0.0,0.0,0.0,0.0,0.0,0.0,0.0,0.0,0.0,0.0,0.0,0.0,0.0,0.0,0.0,0.0,0.0,0.0,0.0,0.0,0.0,0.0,0.0,0.0,0.0,0.0,0.0,0.0,0.0,0.0,0.0,0.0,0.0,0.0,0.0,0.0,0.0,0.0,0.0,0.0,0.0,0.0,0.0,0.0,0.0,0.0,0.0,0.0,0.0,0.0,0.0,0.0,0.0,0.0,0.0,0.0,0.0,0.0,0.0,0.0,0.0,0.0,0.0,0.0,0.0,0.0,0.0,0.0,0.0,0.0
1999-07-01,10.00495411924833,3.488767796763016,4.903666651305405,2.783699124630385,4.125357687291085,11.133706598194644,48.547747815847146,18.904332143219296,0.0,18.642130996809996,9.134208776732358,5.991128264616245,12.694739986523055,0.0,0.049971560546977,4.835950256997156,0.0,5.4176230069394204,0.0,0.0,0.0,0.0,0.0,0.0,0.0,0.0,0.0,0.0,0.0,0.0,0.0,0.0,1.5108279156085815,0.0,0.0,0.0,0.0,0.0,0.0,0.0,0.0,0.0,0.0,0.0,0.0,0.0,0.0,0.0,0.0,0.0,0.0,0.0,0.0,0.0,0.0,0.0,0.0,0.0,0.0,0.0,0.0,0.0,0.0,0.0,0.0,0.0,0.0,0.0,0.0,0.0,0.0,0.0,0.0,0.0,0.0,0.0,0.0,0.0,0.0,0.0,0.0,0.0,0.0,0.0,0.0,0.0,0.0,0.0,0.0,0.0,0.0,0.0,0.0,0.0,0.0,0.0,0.0,0.0,0.0,0.0,0.0,0.0,0.0,0.0,0.0,0.0,0.0,0.0,0.0
1999-08-01,0.0169108698627208,0.0002301144917377,0.1020338988568159,0.0487867632952072,0.06663945517558,1.830351033388399,11.649338453850245,3.678434211304841,0.0,3.779186097020421,1.757262297665941,0.9825242476076396,3.6330773083169374,0.0,0.0,1.3698232584099748,0.0,0.8869267827204784,0.0,0.0,0.0,0.0,0.0,0.0,0.0,0.0,0.0,0.0,0.0,0.0,0.0,0.0,0.007424441116462,0.0,0.0,0.0,0.0,0.0,0.0,0.0,0.0,0.0,0.0,0.0,0.0,0.0,0.0,0.0,0.0,0.0,0.0,0.0,0.0,0.0,0.0,0.0,0.0,0.0,0.0,0.0,0.0,0.0,0.0,0.0,0.0,0.0,0.0,0.0,0.0,0.0,0.0,0.0,0.0,0.0,0.0,0.0,0.0,0.0,0.0,0.0,0.0,0.0,0.0,0.0,0.0,0.0,0.0,0.0,0.0,0.0,0.0,0.0,0.0,0.0,0.0,0.0,0.0,0.0,0.0,0.0,0.0,0.0,0.0,0.0,0.0,0.0,0.0,0.0,0.0
1999-09-01,7.340483089276824,1.2013937798632222,8.298045328244607,9.32261161492632,5.578219347107392,6.476080897101784,17.73007674003585,8.028548923199486,1.877152982574973,5.429241010362847,3.02858307001618,1.851633919560716,5.077161487825224,1.5339060555843724,0.3526446733226727,1.9859018407155955,0.0055377077301357,2.6878479285277006,3.3230290657592184e-05,0.0065400703124876,0.0,0.1067451865060716,0.0221936262413299,0.0001895534733407,0.0,0.0021954778987009,0.0006586941950637,0.0068712210695761,0.0,0.0,0.0,0.0,6.107661704699807,0.0,0.0,0.0,0.0,0.0,0.0,0.0,0.0,0.0,0.0,0.0,0.0,0.0,0.0,0.0,0.0,0.0,0.0,0.0,0.0,0.0,0.0,0.0,0.0,0.0,0.000126426646275,0.0005131426796709,0.0,0.0,0.0,0.0,0.0,0.0,0.0,0.0,0.0,0.0,0.0,0.0,0.0,0.0,0.0,0.0,0.0,0.0,0.0,0.0,0.0,0.0,0.0,0.0,0.0,0.0,0.0,0.0,0.0,0.0,0.0,0.0,0.0,0.0,0.0,0.0,0.0,0.0,0.0,0.0,0.0,0.0,0.0,0.0,0.0,0.0,0.0,0.0,0.0
1999-10-01,20.11059630160745,12.160512056946358,21.75672119913601,21.637832671709816,17.309349067273807,18.55340682427398,45.7171598189936,21.28857332686592,11.813494001135195,17.430540019018366,12.943481832758856,9.322000630133736,17.67765391635763,12.60159827919624,12.367414846921372,12.068688381226044,4.508905752553371,10.176395056352236,0.5357989085096106,1.139728048469065,0.2251041400427316,3.208266436639168,1.655114930162913,1.6085445199963122,1.9244493328415115,3.0892495984948973,1.4165309160302595,3.289396435147188,0.24529715838886,0.3089834158886109,0.2117383136640765,0.2289234272227921,16.527529632935266,0.0197950822972032,0.0744453820666083,0.0790184221462915,0.0719135569667784,0.7679940671305248,0.4223782038808013,0.3236303147164115,0.2952565607788514,0.3124713797301922,0.1991771347467004,0.1224719823809488,0.3566966935179118,0.068917378869627,0.220709767569062,0.4355436484340427,0.1961522347688854,0.1841827979198328,0.1731496831634924,0.2037015456233208,0.1970774421790321,0.1994894485914826,0.2428208001728284,0.385280955334549,0.3549967008430874,0.2053116111005555,1.719865023274305,1.9811781203482213,0.4137283602745684,0.465236244599249,0.1017745281823661,0.1269305893472737,0.0145173364996912,0.1122839998710808,1.1347076551825397,0.0214254322404351,11.747089279246492,8.483653798409126,1.974532574422584,6.874363981356435,4.0791445584647,3.429859121892887,2.5790064225077987,2.7509738659941565,2.1255201763068503,2.442691256694836,2.863335468374957,0.0329272150471545,6.906521572645098,5.110077569476228,2.8047342039958534,3.782739367059459,1.2286022129737304,3.1114616182594586,0.3220621958099132,0.3135902750690136,0.1759673028395076,0.2327311423538198,0.1838185183611011,0.2185408660871057,0.2987488482112077,0.4523780758740939,0.4470401483216733,0.5862070092161004,2.3144259141056187,2.842663754002762,3.434560118967968,4.764389951522085,3.4053470756484367,3.364315040757279,2.1839252531571938,3.641880434943825,4.339541248364963,7.822526934559356,8.074839048601186,7.569887234000753,3.2751312711029787
1999-11-01,25.80556430263021,12.395309112871995,31.92790651850267,33.442858796322206,24.09937383656389,22.065238393563963,46.60585247544222,21.922903139509707,12.812480527252234,16.62493979152114,13.216504060277304,9.387805075510965,20.3492044915342,12.250194876981125,11.123595938677088,13.786389253096036,6.697619585049697,12.629066288366284,6.654373880557732,10.87269622565338,4.027312122811411,17.037818208348014,8.471383134454996,3.23304108136029,2.5404056490618974,7.840153210734665,3.734937571860598,7.986549475860507,2.189608058810295,2.418508144172349,1.0122890672385885,1.292074584079816,24.707114419513744,0.1571417907647686,0.2888456709702307,0.3088899412028029,0.2766839292956996,1.5486776711788328,1.2019764051744208,1.3677038368751582,1.0095156031798995,1.282794349352722,0.6797910750010415,0.6170552897446794,0.5142778842222555,0.1428641128392267,0.340178449906033,0.646876505197552,0.7676158035617263,0.4418245873039109,0.6136052820270087,1.3403002581121577,1.290786870289642,0.7215787898602004,0.7359518039415371,1.1262921814075169,1.3996757091090222,0.8439574927595941,2.8639773914983184,4.910083033311895,1.2063813581847935,2.6287686463278024,0.4580452821383489,1.7523059579629008,1.7560646024884852,1.8066834453985217,0.5736220621099616,1.0727490034834275,4.180577564704348,3.831146876709712,1.615044459343947,6.327677193556236,9.32039424886786,8.526675889647297,7.396845733484818,3.906860228159444,2.410102555756521,5.319076819517005,4.273863819511586,0.0118117640429069,7.384132979247854,7.56887435083667,7.005051525233993,6.711249377476664,2.0979657588789267,5.555766139695613,1.034391162623633,1.0397858503309538,0.8798165495031998,0.999023644295288,0.9605710341713788,0.971821553599531,1.0979204978527706,0.916070397294982,0.9018757192844702,0.9094760498914256,1.049437063782006,1.0704002260528631,1.1816148955099322,2.676869876392074,1.558723451183027,5.501712493556943,0.8265446122714291,1.118065728892483,1.2383964939188896,1.968857431495098,2.382246987696173,2.9096635464111045,9.324125669238098
1999-12-01,10.69909363413858,4.620331014347335,20.55420862561904,25.529279296770177,15.307617545216807,13.800265518036944,25.09383194843935,12.890322471952071,8.734299066039933,10.105545962627495,8.966544938851136,8.495994465227254,16.622756157774546,8.67848304605998,10.704628688956028,17.0288368166305,14.133749583310257,12.31924223203272,15.252390949117483,15.587905544203094,19.534266973300777,19.230812149438204,14.56129237059319,12.592105833911496,11.122068844832311,11.4545318270042,11.580499359501696,11.821808228343317,15.66025579205354,16.367594891890192,13.995590389020968,14.549800568996968,16.75025607670088,9.719982897430286,10.510784877619615,10.367904541689107,10.672924376456292,9.518033508684324,10.67437599718272,12.312747304491277,10.16987603298803,11.9077429949416,11.76309357259442,13.56344488775428,14.760110182504777,13.317184743506235,14.202561462593527,15.920920931848851,11.93136557287488,11.616924400182803,16.13441276608562,16.896087582311882,16.861182405128808,12.284042702968774,12.328715858060072,13.567563775335453,14.716888117851717,13.44042834071439,12.352276600095628,11.10198468892683,9.745829708423017,15.199896480363392,12.04961860751967,11.770019817113084,10.04307115032336,11.532796008187438,7.504910435892215,11.010138516034788,9.325485003260166,9.477981728486208,9.9279436611751,9.644963415765446,10.334414970505264,12.028786388120782,12.062936549667254,10.315223946184489,14.427815303771466,12.42438655568335,13.89493941283162,13.30329305678949,9.659104682418269,11.96236838910444,14.405820977251944,13.25399187229872,14.599805789054502,13.52583806000362,9.601286208791628,9.738157764683493,8.954699226526408,8.969374317161405,9.41954150408478,9.012323011872402,8.809824017248562,8.940602974993675,9.105210560649976,9.124534410463491,9.253290893483989,9.15260829858849,8.986111784178846,8.314325449658236,8.860024281870908,7.64512986722421,7.496012560428634,8.100895697099162,7.956363389896824,8.11776457003313,8.13201610062,8.037164409193792,10.27958119219831
2000-01-01,24.72916548119906,17.197106559310768,33.636286003109824,34.94489477769832,27.984748927263336,24.257178996811355,28.65060092483947,21.67691613917907,20.83744998897566,15.928721025443007,17.812313954110035,18.62178068994435,16.170305080145464,20.839284123377084,19.023647162153274,18.66062159991356,18.01166691022114,21.59751562874169,20.267233951936134,22.957033764145574,18.974155575968275,25.81293354144652,21.17310270901273,16.122852037460454,18.09557431177063,19.92340369571471,17.845417203026944,21.448767145376053,16.040428125060078,16.097758072356186,14.483140778216423,14.73434290978285,24.07282407981001,16.744343903403884,15.428253972559586,15.636143254158508,15.239006797149466,14.8909704930023,14.80259890873894,15.3034165298083,12.90892456710275,14.730957942970784,11.991758957639608,12.017157492316,12.98611077568375,13.89223115768074,13.474940144537726,11.454188846525616,14.37121205621143,12.741032423132811,11.5704387996297,15.160673189277002,14.96186533602779,14.018467999119284,14.30704772898722,15.13795065874907,15.72413437095634,14.28399205408734,16.50666807127981,17.999781835260702,14.489118596647376,17.146170249977576,17.63806992831721,13.440541919378465,18.76757337963785,14.01460546591048,16.903039144891757,18.547372014492037,17.391178452104015,17.310542034875784,17.567806352968816,18.69098398033671,23.04467678776196,23.47367965364705,25.039385790643426,19.361604943974893,21.827431228371896,25.406446585531075,24.04591574438693,16.92824892144182,19.596613025093024,20.092387214062715,21.979167971322227,20.23069731371921,19.821162029260588,19.942063591858226,15.026778415887108,14.845259579173277,15.300843603158006,14.557220978186798,13.204652838857232,14.390383741239784,14.119306359495225,13.894385933111764,14.35319212699202,14.281829038746643,12.622976074296329,12.182214098326943,11.951963671404943,7.920920286066904,11.829351006590889,14.733152071567629,16.049978260352464,14.375671570442035,14.370885125977754,14.22547518908866,14.608456667713282,14.856385068107064,19.63316119277437
2000-02-01,22.75785354313101,21.6387615765911,28.073139445914997,30.556811680450963,25.90196397401523,26.291083532946583,35.64081363545624,27.58921154144824,10.707449507088524,19.795311100981525,15.93886397814295,16.60548966266831,12.87890766434376,9.4578614585636,8.02830610840522,10.329074078426926,16.208774373026404,18.82839738184502,13.196905198516127,8.445950626313913,14.584952115762718,5.44327188239108,10.24442391852678,19.34603992603329,15.042958232186042,7.572527760705465,14.229771811286392,6.221837058442719,18.255262810022188,18.461170659934783,14.519703985631166,15.16803572935466,23.614791067514368,20.1021262301482,18.713497325122063,18.87145572333167,18.445957443250627,32.284219288189604,26.4481495735731,20.80898388901976,18.82351827629617,20.05783310401278,14.281988074316011,12.04168805961346,13.656350974891218,15.671113854337674,14.36013472227978,11.929545366466987,17.836865810715462,12.87975342961179,10.695340347696533,9.02862314156852,9.107133059090057,16.84984249922707,13.63953187536652,13.898014162290991,13.9108512729917,14.88212826756048,18.43167637575091,12.21991276165634,30.712899087752824,19.97269188147059,21.263835886304417,14.08007358771032,19.14599318977945,14.775174166814647,15.891461271650504,16.59706797901998,8.851930159683796,10.29224703266362,15.16164268830562,10.81208005439523,9.469134732252083,9.41078181991721,10.965746055105877,13.354298853838277,14.057304004979764,12.426351301691836,12.655719530161331,17.374000479138413,7.881117336399398,8.822644845757987,10.487467993445192,10.08359657275706,14.332266995239758,11.1952119849673,25.927930252639385,25.263534508413656,23.718722528531877,21.462425556973876,15.066400923663592,20.332507873886005,16.937466403813787,16.56339910362391,18.53031280161862,18.120869899464548,15.63530397494108,14.612830851015993,13.661648548168037,4.792653599499493,12.37349579772902,4.171791409920995,15.105158857343698,12.391712737066166,11.562234059454598,9.207740756218447,8.661099295177829,8.01536744023968,6.690536425331582
2000-03-01,51.64067698073352,27.827795851935218,45.07847689949877,41.35144265562936,38.27728401352629,36.90270289628511,58.51176294960506,37.42677927159731,18.168523779329647,29.79772191508417,24.27753753504958,20.73543536094572,23.347554195575945,19.101987824172117,18.5754793559491,20.933908589499595,22.585413031004435,25.47223272840092,11.290974160747528,7.474818392329928,5.239788348876179,5.903153073234221,6.37367256760224,7.193027533549824,5.238335168276695,5.161483703112738,5.680413892507699,3.604727529281723,5.377360430538737,4.999635809807566,10.60105307579476,9.818971527336805,34.57394131176293,4.794282646163302,7.881819579889536,7.698113904079723,8.235016858376461,14.020427082227004,10.411482269379164,8.432983219431486,15.33334724328346,10.579628956294837,20.154416440421688,18.509939792864444,12.418832392558851,11.188414341648794,12.156652399901214,15.590286808636854,11.407298133351931,12.498604183213496,16.645142456344523,13.047864233466948,13.137532844620557,11.868995946274955,7.60617622610669,6.459982515766527,4.867843309196786,11.321524836444372,6.500346290093461,5.290054894720935,10.716615883682296,8.384598663417062,3.778740959390729,8.910996842229201,2.9000705188178384,8.239917810812537,4.853559832094729,3.035624491607974,7.418993992589322,7.463548379538842,4.977651097383793,9.6194476248754,12.219017394611834,11.508778403534748,11.506956694251963,7.232660681489348,9.014359894353037,11.171102742281487,9.875431878015185,8.125739138519643,9.526975084286168,10.204461981658296,10.462379753650437,9.917485560478791,8.050828237433603,9.418012381359365,12.526380653088914,12.271233563002845,15.758203700536852,17.849815213609826,21.202629121584437,18.262062148998343,23.623365432501743,21.35859826693248,16.4108604224852,15.499189800747232,13.655546669316909,12.423434171884525,11.482222261595126,1.7034218584248246,10.224310218149524,4.079751892784272,5.062458347944076,4.440497328288652,4.512246334766869,4.645370089752709,4.822436155646447,4.947689661180692,10.501562669465358
2000-04-01,31.85568143451305,18.36116536732648,31.91786852683823,32.09220501160856,27.620491734940387,27.79166868465077,45.8901034575323,28.978956439866163,14.018543616137295,25.81144968568012,18.907175765834104,16.428560695210027,22.59152285008838,12.952144649087623,13.150651921427604,17.701132692185073,26.75634616303565,21.598382916798744,27.271886254342693,19.115146687809144,12.221392239006512,17.337718864997665,20.29046220895263,24.288814872273388,23.49418009814537,23.020236260480853,23.512642595940253,24.920583747440077,12.445617496957574,10.866457760404726,15.825152258910403,14.901078887434029,27.701224741286406,15.24080371636166,13.155675830680735,13.357828607613676,12.984903116966388,32.37983365765094,29.015138298851003,24.053004304207462,22.065490678659177,22.95134959489361,15.57920045724699,15.783128324664924,16.024087587971596,11.58678561919577,13.868691004036986,17.285366155561768,17.66804853964902,20.702509334336582,16.335081964573238,16.825661125108535,16.7586728242955,17.70185998251562,19.918164967545167,18.345195693381488,12.93579015263662,16.97469292385364,23.42808713476712,22.24159853377593,31.56836782643973,22.800106841608955,18.319643011571998,15.682896346140836,16.6355831197187,15.73948026035652,21.088908938070624,15.221739661830808,15.949748703015434,14.35511221128346,15.478150460597348,11.261039959455942,9.251018767268222,12.302538097851436,6.690273906562621,13.334779369015743,17.19713812717061,7.511565776242085,14.722972822962156,6.787571062240727,19.99878670167293,19.346450092371025,17.741407919830504,17.786481085686383,13.848813011580232,16.53848698009233,29.140731183030667,28.66857062262592,25.615001798931537,21.75447891437288,10.795425657783175,19.55547310914525,12.26572070886189,11.845958985606762,16.196586483639287,15.96832485570726,14.68645778659642,15.345165263422867,17.270542706802882,32.82388867975173,19.20888330293281,27.14082728409566,20.36343172907344,19.916012787867555,21.26752736801318,24.735172712344976,24.65423339000225,24.81380211906964,21.519151657668388
2000-05-01,5.541331814906404,0.4955983073792333,7.370191771258116,11.31088480123887,4.867312323517554,9.042784057760729,37.57101610999931,13.938119179090345,7.917677891253204,20.85926187943593,10.486832103562682,6.051779519226744,15.140684504855829,6.639095292626818,1.0557335799424297,6.176032876925674,20.430085715535085,7.754500531524181,24.81265779023464,18.858787181446523,16.87564553686026,7.122589194901235,15.464929724326849,10.306398466774231,8.038575545268628,27.82131587147626,14.201313836891444,37.92585887912174,5.032568744623756,6.195924942363984,0.5810085396472112,1.4522357819204057,12.2558434288787,0.0032666455050257,0.0443911815893797,0.0481472984889011,0.0414508983407169,3.4214655081232124,2.3726436728493145,2.1701844089001074,0.0463550977887784,1.7115990541454622,0.0074810579659463,0.0012384543612763,0.9336348996862366,0.0849617304879522,0.5291364047683196,1.065361050172526,0.817701505345734,0.0509365689786374,0.4335225756608575,0.2448533968568646,0.2396632606869027,0.7449778070324801,0.2056948614717446,0.6689447728159298,1.3330740105561971,0.6083819743543198,9.269799559946032,15.010907293435125,3.825532216901354,6.575118143078374,0.0209819862649399,0.0766500615600199,0.000880036678548,0.0672995611609578,0.013974445374554,0.0011761084329493,0.0032450125418332,0.0022815121608859,0.0079417450223938,9.656183232392496e-06,0.0,0.0,0.0,0.0049025146056412,0.0,0.0,0.0,0.0,0.000125550682561,6.981612959461936e-05,0.0,3.9729029877053765e-05,0.0,3.06212989495377e-05,1.852876865281339,1.6648213440416708,0.7264687621420343,0.6725183194020191,0.0154994695848787,0.5504764155023513,0.0529769720871539,0.0357708694230076,0.3214640682669412,0.2980613185384013,0.2162693239574155,0.1912930050104967,0.1728027428157427,0.0,0.1488748873909646,0.0024799111966174,0.0497808361502388,0.063486432126231,0.0559800788329636,0.0366842163893575,0.0320405726602388,0.0275268988906599,0.0
2000-06-01,0.8870610626959601,0.0195746313281514,1.0091686315193595,0.8232994540669116,0.6610160346140866,2.522885692861089,12.381997897081996,4.539433051746842,0.0,2.627281028957337,1.221644496734284,0.6830484827939972,4.571879249061358,0.0,5.486064993498681e-05,2.0458187609562986,0.9503358752113792,1.0801872748878387,0.0,4.3684606450587154e-07,0.0,0.0,1.6519359422294468e-07,0.0,0.0,0.0,0.0,0.0,0.0,0.0,0.0,0.0,0.6016382093410387,0.0,0.0,0.0,0.0,0.0,0.0,0.0,0.0,0.0,0.0,0.0,0.0,0.0,0.0,0.0,0.0,0.0,0.0,0.0,0.0,0.0,0.0,0.0,0.0,0.0,0.0,0.0,0.0,0.0,0.0,0.0,0.0,0.0,0.0,0.0,0.0,0.0,0.0,0.0,0.0,0.0,0.0,0.0,0.0,0.0,0.0,0.0,0.0,0.0,0.0,0.0,0.0,0.0,0.0,0.0,0.0,0.0,0.0,0.0,0.0,0.0,0.0,0.0,0.0,0.0,0.0,0.0,0.0,0.0,0.0,0.0,0.0,0.0,0.0,0.0,0.0
2000-07-01,0.0,0.0,0.0051151033811108,3.25725554047694e-05,0.0033394515885897,1.1184208218187792,7.514747683054433,2.2825358608020085,0.0,1.6177847095229851,0.7522445317065924,0.4205965730400837,1.213562676816378,0.0,0.0,0.4575642738005637,0.0,0.4916401052179959,0.0,0.0,0.0,0.0,0.0,0.0,0.0,0.0,0.0,0.0,0.0,0.0,0.0,0.0,0.0,0.0,0.0,0.0,0.0,0.0,0.0,0.0,0.0,0.0,0.0,0.0,0.0,0.0,0.0,0.0,0.0,0.0,0.0,0.0,0.0,0.0,0.0,0.0,0.0,0.0,0.0,0.0,0.0,0.0,0.0,0.0,0.0,0.0,0.0,0.0,0.0,0.0,0.0,0.0,0.0,0.0,0.0,0.0,0.0,0.0,0.0,0.0,0.0,0.0,0.0,0.0,0.0,0.0,0.0,0.0,0.0,0.0,0.0,0.0,0.0,0.0,0.0,0.0,0.0,0.0,0.0,0.0,0.0,0.0,0.0,0.0,0.0,0.0,0.0,0.0,0.0
2000-08-01,0.0001882255892764,1.4324544695792752e-05,0.0005167216608818,0.0,0.0003389348154318,0.5096678050272287,3.1733423068663504,1.0412616945824142,0.0,1.880851498936181,0.8745664653018453,0.4889894731664251,2.2361775901609016,0.0,0.0,0.8431331934295161,0.0,0.3072500596028376,0.0,0.0,0.0,0.0,0.0,0.0,0.0,0.0,0.0,0.0,0.0,0.0,0.0,0.0,0.0,0.0,0.0,0.0,0.0,0.0,0.0,0.0,0.0,0.0,0.0,0.0,0.0,0.0,0.0,0.0,0.0,0.0,0.0,0.0,0.0,0.0,0.0,0.0,0.0,0.0,0.0,0.0,0.0,0.0,0.0,0.0,0.0,0.0,0.0,0.0,0.0,0.0,0.0,0.0,0.0,0.0,0.0,0.0,0.0,0.0,0.0,0.0,0.0,0.0,0.0,0.0,0.0,0.0,0.0,0.0,0.0,0.0,0.0,0.0,0.0,0.0,0.0,0.0,0.0,0.0,0.0,0.0,0.0,0.0,0.0,0.0,0.0,0.0,0.0,0.0,0.0
2000-09-01,9.859202884403697,3.871259245021722,8.5730583496249,8.059450155612138,6.2759330544038,8.022314258958179,24.373297957659272,10.514890374529449,1.573897307028834,8.835726659046601,4.592837062562518,2.8339367921231404,9.17194696467746,1.1884222672769107,0.4689561311411991,3.71144109232562,5.302802782808685,3.793573525921663,0.3009144290519918,0.2450927531222005,0.0006142868742866,0.165918988011348,0.1465889462911029,0.2698986218408614,0.1204179724828743,0.1722222728787929,0.0731753644451027,0.1570319613821023,2.5009984922761107e-09,0.0,4.400231598752736e-05,0.0008513927301623,5.689191413275043,0.0,0.0,0.0,0.0,0.0001183408648568,4.242783335374224e-05,0.00023358524844,3.891995470839642e-06,0.0001856742990508,7.276810343590877e-06,0.0,0.0,0.0,0.0,0.0,8.391851358238141e-05,7.733687140834362e-07,0.0,0.0,0.0,7.059727315435226e-05,0.0,0.0,0.0,4.929701891604806e-05,0.2254521116268298,0.1283451356926732,0.0002178674712805,0.0225312997225478,0.0,0.0,0.0,0.0,0.0,0.0,0.0,0.0,0.0,0.0,0.0,0.0,0.0,0.0,0.0,0.0,0.0,0.0,0.0,0.0,0.0,0.0,0.0,0.0,0.0,0.0,0.0,0.0,0.0,0.0,0.0,0.0,0.0,0.0,0.0,0.0,0.0,0.0,0.0,0.0,0.0,0.0,0.0,0.0,0.0,0.0,0.0
2000-10-01,8.211075537657804,3.371967694045892,3.672704804505081,3.485353456174788,3.043959746472428,5.027757033206849,14.634576793631698,7.363449149304337,5.587164412049878,8.293287386385497,6.366168030345729,4.828963007956621,6.818758795562,4.398163682710508,2.2586165089805905,3.350518503958368,4.246507375451193,4.0075341060297,2.479823095553448,0.9582766684985276,0.6971991498227404,0.6471596277029483,1.573733598467183,2.8581324975122517,4.254326474452744,1.6195529143219978,2.782583960578625,1.124649690007318,4.09093554979237,3.8037512888087273,2.9573510348744616,2.9647864413538274,2.2781741953702825,0.1814882153235627,0.2273425386464559,0.2272162446258133,0.2348849979958044,2.4333186239844307,2.885598598802394,3.752214460302227,1.5513458170313088,3.1842664532561447,0.714686789682635,0.8851715528811279,0.8204059450235786,0.3580400410198848,0.6180805002257626,2.180720667778722,1.689035020964762,2.973740547604725,3.031326173618542,6.005147616524452,5.843510333174868,1.8518334461844184,4.338399727355519,4.578157039670248,4.371290776907305,2.8451787616713724,3.1499161585777875,2.6487393055584065,3.3682644092246425,4.096273098077817,0.5460939149231556,1.4275661820175929,0.3390602123592137,1.299449493724589,0.3834620998753429,0.2359926848184478,0.3273294816207375,0.2551655262840134,0.2613872326260305,0.1837389088349152,0.1433485667240155,0.141081124993134,0.1551186063689517,0.2189469214405854,0.1112810546224665,0.2091270988309878,0.1381160404871017,0.0572970003067127,0.2816220334900936,0.2330851045477519,0.1411341914608037,0.1916593858978612,0.1012128898869693,0.1699363960434625,1.88497466303615,1.9278186925318503,1.15750228182253,1.1260399751996033,0.2961907836509519,0.9641052947514436,0.2928011681483528,0.2588747360938253,0.6544622073420375,0.6221037875504125,0.4756885886601767,0.4302142619280028,0.3935255397367969,0.0162049353573183,0.3439471525055192,0.1161709396631218,0.572792988314704,0.533251396338423,0.5190455597079248,0.4363221257761683,0.4199405789893717,0.3914986204290072,0.2515195468731949
2000-11-01,12.691096512263284,6.5085385184545945,16.85709314978324,18.886515266266077,13.040493544011117,12.064577198342215,17.87723034607638,11.614555969557234,14.293715972599225,14.247438535777356,13.4623073366638,11.748402074589272,15.629803216396578,14.488895872529843,11.7262900509827,13.461689003570465,17.869459835522225,12.178977338832444,33.02840155307626,39.0991177221218,53.02095540342734,48.551729764961394,54.43260467264079,73.39055728018492,81.66852889802314,76.20503461284214,65.6949178729275,97.4721632511802,41.66442832022007,43.90707155567996,30.78346477467474,32.41035467914683,15.289784231995998,35.664193758084565,36.96664356431057,37.45158003892404,36.46983147081583,60.739565907253,56.30403994046336,45.54838632048207,39.346865976613394,43.572295992971,30.3868446375129,26.853861790901814,26.457344982237466,28.51065854427773,27.01904422733336,24.782888809916752,37.46667690366071,27.893542703908217,23.00777941471988,22.60341970344884,22.59943951152352,35.52578173526657,28.79535645829528,29.612395085613983,30.66021575583476,31.919920856345374,78.1449857226047,74.35125629136647,59.31006169791943,46.52280151835451,31.28774999549564,31.31686436196035,30.8629692513785,31.403693387547165,41.31047305250457,28.85416809536694,31.369980342166443,31.50959993368835,33.19154477784001,32.16932345199493,31.15274590077567,28.84230662986993,25.14017364009511,31.472999499585956,18.761868222477062,19.639712693347203,20.77733919936092,8.466160506184515,33.73918301644593,30.87497849391056,25.652798582200177,27.690547370750814,17.587387522201702,25.08442569838449,60.4952987829155,58.96607586788077,57.93562264674125,53.82230273842978,39.68907110447669,51.81610237614356,49.74745851416564,49.229965524880846,51.29696808507087,51.51231420391402,53.015949276723006,53.55064286729564,53.43205692117484,44.13120404578382,52.23259129577232,42.00949178026225,44.11564739931162,46.238997134762,44.05400860089576,41.06966040571389,39.446441275473255,38.63459128329148,33.34886701014072
2000-12-01,19.358393316939672,12.72065963062536,25.307643481140047,27.71312536907327,20.82662341713815,19.382129724953245,28.926679007051813,18.683140180549007,14.210236337220786,24.125896272536338,19.5858226814445,17.48085184616299,21.030475880124843,13.730746656458304,17.223262551590825,19.96814470250119,19.06663102880579,19.15845134756698,32.96648005808821,35.59511404826367,36.20646712885287,34.346679132679974,33.92791930967086,25.79874185874649,24.083756152552603,38.451397114460406,30.420290625638238,44.06753234617474,31.12631251819232,32.437594026595065,25.46091024541633,26.30399534055914,22.482579955769708,27.256470142684908,25.3989901351207,25.54275239862545,25.22310824846035,18.857441483878585,22.26397899576416,25.40396690388339,22.12488468308613,24.55326958732056,21.177471862217946,22.470390772164883,29.303978958023503,25.665793955870548,27.578791989383557,29.435767813105123,24.559285886224885,24.16405791957452,27.816522049686267,25.60793024222896,25.73576267619259,24.893149372849987,26.822172147329518,28.068922875183542,29.253186617333355,25.451689334397,24.49285301373993,30.654009532203823,20.029395760683283,28.974268551086368,26.504668508370973,26.804721010435088,26.747865258152647,26.838822516201496,29.345576502515893,28.096294808451784,26.679510385268777,28.902008039943432,29.26668507352495,33.0053877432335,42.69192717629028,48.00342240488577,52.70338479342139,34.96279847810008,58.72324988285428,55.26472099788569,58.566401636270136,54.79820840847548,29.52245246128081,38.00648504018192,51.64847994421236,44.02810497290683,56.55874624791263,46.71380832476058,21.132791801978605,21.381249025613943,19.79197424197478,20.10759062592761,20.18966613622029,20.11857998702713,18.647748403329143,18.749430707384917,20.40588941759204,20.529537288422183,19.380338555131708,19.36636283322613,19.429477193649937,19.73004213098401,19.385591106851088,19.72987443647817,27.242327798269773,25.39064365122542,25.693192454242496,24.329918411833063,23.97070333629959,23.479402748633877,33.0835342865359
2001-01-01,8.72340475159724,7.03344052499847,14.269380890323616,16.554203755729326,12.418717929631528,9.463326919340515,10.970991788173242,6.952474069462433,3.8360774336040224,4.6568275147628775,3.661948717424476,3.390340134515756,5.125728769303693,3.89052851427202,2.4174244997064216,4.629090555539252,6.526652665003608,6.587840724200749,10.573779024612064,6.929104603427025,6.429321804045279,6.338492276268422,6.9079914686993895,12.225523316218004,9.739809626449013,5.391545920151002,7.229044592712262,4.827342329488135,7.811401335219455,8.453228008143975,10.929337936816284,10.496510367144792,12.91715536850434,25.505397738413887,18.414319067954324,18.93698902807861,17.82572266741217,13.09069490801161,10.026232296506974,7.8476127925229,8.578183787569778,8.009281307361514,8.248009866915696,8.292658542181316,14.308431630639864,13.14075157538313,13.491988275223784,13.447650074166342,11.314540151068869,8.444990203463837,10.93047897966403,12.82472528163146,12.626995240358362,11.151836450738106,8.26628510555439,7.931664724279745,8.319566434268578,11.07675334661853,12.184571298466064,8.297694116437226,12.195386216075397,5.316874416998646,21.24697772855797,22.250457377742872,23.30213679438461,22.39794231717432,37.16989512829948,23.383960532548112,39.62644949923583,37.720126407122095,30.06758498243757,32.898230065420606,27.01488187376407,22.61065491621565,17.83745336482452,27.87740753988402,14.72607481403783,15.072325779605316,14.555362734371462,16.387547339169632,34.13537764891624,29.160160269186484,19.266536149823427,24.77375266652067,15.209835664614888,22.68012011787222,11.538653901075486,11.16365937729686,11.917388275260697,11.14030284617876,9.11830478283052,10.846741576312144,10.37901129930764,10.211108743722743,12.162572138847803,12.789226319958722,14.975598708581405,16.963061794172674,19.92967933048984,57.03632311335187,24.994360111207367,50.77356823568953,33.98855827032631,30.7193902161532,31.36833010598472,32.38282261563642,33.32787663567218,35.39162755363945,33.40481374184334
2001-02-01,20.093918007254278,14.140002194969007,27.80161079090807,31.254547749017803,22.96967158397034,21.369639344983884,30.3254261712178,20.752653307336413,11.211651318345186,17.530441297072077,14.12470142880508,13.444806191185371,12.864260283594977,10.397331902304812,7.806923938561191,10.08008937755296,12.871105984476488,15.625736208293096,9.56041487445587,11.264242635768612,12.972661833473431,12.652366386429703,11.265030047359817,8.440242250832512,9.742345814157336,10.714299810034689,10.71218357876086,11.7550524613977,15.987935684412449,15.980327168230996,24.261280373451477,22.9283338925208,24.73550214034438,43.16245256968928,37.63111326904381,38.09718389607563,37.10410288590411,15.378085581147111,15.074518396178952,15.64080174972051,20.050601471613547,17.232910182979516,27.091251577184455,27.34713327132641,34.00356478755773,32.83489935700983,33.2376186386054,31.153419789266835,26.11707984739484,22.640936552225703,27.49249092271664,26.123137540068196,26.06025374984203,26.14347608621868,19.108609691717263,17.509978626612615,17.075169237099807,25.17814062418113,8.866904055362012,9.725545972306923,14.518016625835411,13.101099020416475,51.91337883624983,45.28504939503163,51.86449728738733,45.92605433326672,47.92995479854465,50.75838483139767,40.93452436985038,42.132428825426025,47.28159400921281,42.36751929110763,41.13879628029805,36.49048277440498,37.01727989057535,44.18682151080189,28.355301203110876,35.89744681859352,31.946514969165577,29.28237998733546,37.25146716091451,33.93475997238085,29.69828735229686,31.397592653374755,26.66457191044173,30.30172890582581,16.00401540588725,16.104056630167246,17.98919663098459,20.164290114825945,27.31445914260585,21.6241837481026,28.61305604401235,29.636591964597127,26.62787974024669,27.44709005803475,29.902916691715237,30.848606904493373,31.613800473967977,38.81730574722852,32.16939930343615,31.84328741843296,43.56972630085997,40.48122400576223,41.417053269301526,40.638619663649656,39.803044500929175,38.46884867120243,32.31793482268405
2001-03-01,22.896320219190297,14.28234814112444,25.42899667201685,27.485534998000304,21.233711643203375,19.976963630240625,35.130625431297005,20.050010071209,12.09266821004872,16.772279908451935,12.495475309419732,9.846820241294171,14.15297223030237,10.276472257889454,5.888366491360288,8.702213834295518,15.842847576239327,13.052414051183758,16.67601251897668,12.478078107072166,26.514529178615074,10.263740910391968,13.89030554502944,12.007086634212028,7.793685656350566,22.823601535040872,12.6214680558201,24.489509693713927,15.490575974462171,16.665676020547124,8.716857045578376,9.83285869608145,18.9887574203826,12.334225293792349,9.491267467027985,9.62893341520232,9.265573465354278,4.961023577870382,5.1336135846124265,7.486417650815036,6.295389381041667,7.1999022370761,5.566765009072629,5.432400837552836,10.520833689012605,8.774468107970426,9.573970993770743,10.389088421199189,7.633175032855162,6.016325312390131,8.806200242113373,11.262278363343594,11.079494646793858,7.6442326706141,6.299386175114245,7.847458424439349,10.28703920706502,8.361123540102781,10.278863039084856,15.485576996686625,3.916233066139253,8.967138790878703,19.38211589724866,16.939802073586932,23.36542929576736,17.699291496458084,10.293290670888725,22.74807251619209,19.708470977872423,21.009136475720517,18.81047540635828,25.588873610709925,30.259776322321613,27.21191018456893,29.81162202253412,22.32096206352459,11.817512600982694,28.768678775793127,19.54242703893846,10.30093051073142,24.796047794392464,22.39847560241253,18.520815042047477,19.519784423977143,9.764911784981464,17.188335610957914,5.444889227091919,5.4844538517009935,5.655014577388813,5.716524293567364,5.127521365853775,5.579315325741851,5.719218897905,5.331056696601518,5.682497002709988,5.821229468357734,5.54224932382082,5.606044792890147,5.682157431722978,5.2258370170489545,5.95308116298983,10.777018595550937,9.837014633893205,9.225551674092657,10.075218418734892,12.50614366330164,13.07351640225126,13.18064442609294,24.51812173041628
2001-04-01,73.86486945641836,37.63746420351117,84.10376550611994,84.02923123075992,65.90283747338368,51.64979713467682,64.90785889668811,42.068875426442986,5.508559829067658,36.47192041217282,19.186761918954826,14.40475071575088,22.891223503215222,3.038759686752905,10.12113459633567,18.15728701283556,16.274715352927043,26.54276690416433,13.93682084180532,10.710276405664953,17.99304115782952,15.550500396124065,15.772471478125762,19.59626178114328,21.75698070574683,14.905383577861386,20.62043701259085,16.377078470713727,23.07730740846161,23.58867874455149,25.07772743146348,24.46442733178824,73.77450287814438,27.75738977168164,31.94677933729926,32.03981999971077,31.50867433232928,22.50837375013204,18.05970906613809,18.815538684581423,15.37402548363012,19.220167082121375,27.323251677405977,24.675742518792376,37.35549719433208,28.901058411610578,32.679355248511456,32.901496623909594,24.51659088495469,22.287211692284824,20.402138477222454,31.69514579136252,30.850012225422194,24.402827320844363,21.610996443453296,21.90294437332155,20.333374879152185,25.13959608464025,20.10318124015793,17.299137199032774,24.72276540332462,25.883466224562653,17.237197792036294,27.90679897120195,4.656003044338661,24.897436205244357,31.383266141143157,8.395250933065196,6.472862511939835,5.36066323819382,13.500916971131964,2.6495153712780706,1.8909199984252083,1.2603390256716296,0.5548503809255003,8.874221565225573,0.2416839473071775,0.4743466968001462,0.2836145277567833,0.0791651665334936,3.666741675375623,2.453401837846936,0.6897831156990542,1.603086890303028,0.1633081785517273,1.2678375212510682,16.501326685856753,15.877922478253296,15.9020626735463,18.256689793130526,29.258137915049463,20.551629966538517,29.470318885084485,30.204418812130942,27.116387743780752,28.231572194112665,31.89524473408048,31.97576644617468,31.237532675903164,20.675083574021084,28.835632776130304,12.789867795665804,40.546705325581904,37.124359027514814,33.191489078203745,25.773690580266614,23.497564457957413,21.62148601234917,2.5888881030312896
2001-05-01,2.733514729320247,0.1479319854322733,3.8656087163251263,3.2978830316091075,2.541331979748146,4.624232632508961,19.28821336723808,7.078827284323578,0.2660590766364708,3.797840816394848,1.808105952052789,1.0360451756473452,4.828358056984992,0.2153341694649429,0.1740992438299937,2.048882345537341,1.6122706478442566,2.0955333243156096,0.118144531829939,0.302572107527903,0.016227027231803,0.2555240521582131,0.3862997653010687,0.001336686300139,0.0,0.0309628075170934,0.0060770619212975,0.0286951930970171,0.0,0.0,1.3596590629694805,1.1784043623060017,0.6606775327305591,0.0,0.0261612593603095,0.0289093072050093,0.0297242379485598,0.0,0.0036051210128271,0.0018462855820875,0.0237220586165258,0.0036220559572047,0.0,6.562412911969152e-05,2.416145034209384,0.0517936346456699,1.2742960182594412,5.811928156893551,0.0869606381524014,0.0,2.1673094256060565,6.140618367577503,5.743918772268129,0.352636484647392,0.0,0.0,0.0,1.24011201593551,0.0008915308333312,0.0113900114739701,0.0,0.0,0.0,3.309013526392452,0.0,2.9029584821879357,0.0,0.0,0.0,0.0,1.0412294975697718e-05,0.0,0.0,0.0,0.0,6.426558589707679e-06,0.0,0.0,0.0,0.0,0.0,0.0,0.0,0.0,0.0,0.0,0.004295395747519,0.0128025509128505,0.0074346285208688,0.0107349103156523,0.0,0.0087407278410613,0.0,0.0,0.0049084592045653,0.0045066137767747,0.0032679371795662,0.0028715445586539,0.0025910417402749,0.0,0.0022311727729869,0.0,0.0,0.0,0.0,0.0,0.0,0.0,0.0
2001-06-01,1.5922432173838987,0.0198277701009036,2.349913881817459,4.552830611120714,1.5363643938748934,5.0976228441632605,24.94145858309313,8.98495400128435,0.0,5.62125355349981,2.6137947911519697,1.461430539474276,5.498392133915769,0.0,0.0,2.073125559881212,0.0,2.1133313872357,0.0,0.0,0.0,0.0,0.0,0.0,0.0,0.0,0.0,0.0,0.0,0.0,0.0,0.0,0.954671958415326,0.0,0.0,0.0,0.0,0.0,0.0,0.0,0.0,0.0,0.0,0.0,0.0,0.0,0.0,0.0,0.0,0.0,0.0,0.0,0.0,0.0,0.0,0.0,0.0,0.0,0.0,0.0,0.0,0.0,0.0,0.0,0.0,0.0,0.0,0.0,0.0,0.0,0.0,0.0,0.0,0.0,0.0,0.0,0.0,0.0,0.0,0.0,0.0,0.0,0.0,0.0,0.0,0.0,0.0,0.0,0.0,0.0,0.0,0.0,0.0,0.0,0.0,0.0,0.0,0.0,0.0,0.0,0.0,0.0,0.0,0.0,0.0,0.0,0.0,0.0,0.0
2001-07-01,0.0,0.0,0.0,0.0,0.0,0.1950126943120318,1.3457082709140702,0.3985358421926873,0.0,0.2764544959721554,0.1285470072974512,0.0718734779250677,1.1505550192213565,0.0,0.0,0.4338077314792605,0.0,0.0853148971846917,0.0,0.0,0.0,0.0,0.0,0.0,0.0,0.0,0.0,0.0,0.0,0.0,0.0,0.0,0.0,0.0,0.0,0.0,0.0,0.0,0.0,0.0,0.0,0.0,0.0,0.0,0.0,0.0,0.0,0.0,0.0,0.0,0.0,0.0,0.0,0.0,0.0,0.0,0.0,0.0,0.0,0.0,0.0,0.0,0.0,0.0,0.0,0.0,0.0,0.0,0.0,0.0,0.0,0.0,0.0,0.0,0.0,0.0,0.0,0.0,0.0,0.0,0.0,0.0,0.0,0.0,0.0,0.0,0.0,0.0,0.0,0.0,0.0,0.0,0.0,0.0,0.0,0.0,0.0,0.0,0.0,0.0,0.0,0.0,0.0,0.0,0.0,0.0,0.0,0.0,0.0
2001-08-01,0.0,0.0,0.0,0.0,0.0,0.0086278392467435,0.0595347642767243,0.0176322018042695,0.0,0.0055813120029896,0.0025952225962349,0.0014510464140912,0.0791810394628034,0.0,0.0,0.0298545888998638,0.0,0.0032907119605641,0.0,0.0,0.0,0.0,0.0,0.0,0.0,0.0,0.0,0.0,0.0,0.0,0.0,0.0,0.0,0.0,0.0,0.0,0.0,0.0,0.0,0.0,0.0,0.0,0.0,0.0,0.0,0.0,0.0,0.0,0.0,0.0,0.0,0.0,0.0,0.0,0.0,0.0,0.0,0.0,0.0,0.0,0.0,0.0,0.0,0.0,0.0,0.0,0.0,0.0,0.0,0.0,0.0,0.0,0.0,0.0,0.0,0.0,0.0,0.0,0.0,0.0,0.0,0.0,0.0,0.0,0.0,0.0,0.0,0.0,0.0,0.0,0.0,0.0,0.0,0.0,0.0,0.0,0.0,0.0,0.0,0.0,0.0,0.0,0.0,0.0,0.0,0.0,0.0,0.0,0.0
2001-09-01,0.3531423025677857,0.0064080455715623,1.1451304986338728,1.973929492765443,0.748321173536243,1.5172362464027962,6.443543385296117,2.402830578160627,0.0,2.6656321728457923,1.239477177501361,0.6930191330735137,3.552661410215964,0.0,0.0,1.3395030757613782,0.0,0.7012194675014682,0.0,0.0,0.0,0.0,3.555308612280909e-07,0.0,0.0,0.0,6.055329977225758e-07,8.126730154106955e-07,0.0,0.0,0.0,0.0,0.8646173104348112,0.0,0.0,0.0,0.0,0.0,0.0,0.0,0.0,0.0,0.0,0.0,0.0,0.0,0.0,0.0,0.0,0.0,0.0,0.0,0.0,0.0,0.0,0.0,0.0,0.0,0.0,0.0,0.0,0.0,0.0,0.0,0.0,0.0,0.0,0.0,0.0,0.0,0.0,0.0,0.0,0.0,0.0,0.0,0.0,0.0,0.0,0.0,0.0,0.0,0.0,0.0,0.0,0.0,0.0,0.0,0.0,0.0,0.0,0.0,0.0,0.0,0.0,0.0,0.0,0.0,0.0,0.0,0.0,0.0,0.0,0.0,0.0,0.0,0.0,0.0,0.0
2001-10-01,8.028249285482332,6.672046189072358,12.936246299173629,16.714665958336397,11.377502771307125,14.202537430587544,35.905891210862926,17.887667949102987,14.718294189054935,18.508563116132063,15.518926752562692,14.158581666087146,18.31382721689855,15.124306424907038,11.21664910240803,12.346196807020988,10.145352976675982,12.862039730231553,13.317555680412264,9.066004863452063,6.011508324984522,9.877221335532695,9.80940138166574,12.990146629768525,10.875663853429316,9.056700781036447,10.722907649787588,8.414463458070994,15.786723429455453,15.468809276089546,20.76997493065664,19.9645225949336,7.451054136160551,6.502109556927884,8.203992974311603,7.887913187881439,8.509867405166666,8.076530560939958,11.993888873921506,16.20226345370564,18.304699996669825,16.28171610563455,15.708831108997996,19.347692686078084,18.21685668760938,14.940211144977972,17.02437761390844,20.282321788092908,14.17815264228797,28.90994042382313,25.016077180863725,20.48363077281837,21.093531878181626,16.133249821532957,30.467864779052668,25.518502816301023,24.09636205446419,19.3257326378398,12.337459386759184,10.991690318478083,9.89121231954552,13.09955005734583,7.246327981652486,9.258613214394927,4.5930424086916135,8.660684252999838,2.880500501204187,4.413195304868895,0.5562575351694643,0.7679661478331857,3.323801899563326,0.7214150304687742,0.5500781227951673,0.4148602540788602,1.0494039078923336,2.3321668894792147,0.1008677937908648,1.4051273537506077,0.4064003575747749,0.0002555712932173,0.3016664536180551,0.1886743370214205,0.0864879573418045,0.1312071384454653,0.0236165229546252,0.1048286568979846,10.655423782064526,11.342901538695576,10.19207747936143,9.732769686355825,7.80269458864125,8.993863725220624,3.110262812476799,2.504590317746604,6.274618327638088,5.988138468098956,4.465424487356787,4.049707701727621,3.680200067187185,0.0419367350685271,3.174387075502012,0.0900266953225549,3.390168749444689,2.902406029828866,2.531174591431318,1.49855721150612,1.315810076978771,1.1308760430652565,0.0470258569450747
2001-11-01,24.701339755696488,16.698004887381952,29.541710514172102,28.839717971619283,24.884557561402552,22.89363137387072,33.9594661250007,22.1305518340072,21.190167724693897,21.041632441866096,18.997604501915617,16.255367923716314,19.39385438042963,20.62158877825114,15.222569890461443,14.616805517676758,8.694441753512514,16.397705842446577,6.159670751681739,8.829615394704934,8.730496525809611,13.497564100959975,8.022382765758138,4.27588309202987,2.291117671530818,6.391449165938752,4.681661618323731,8.19519903491123,6.900243143240328,7.453448194309426,18.208933742412977,16.73191627424182,23.89234666690496,38.164256113572925,31.43440903655694,31.882031400755096,30.929762892377315,4.7885120897334685,5.358681908860294,6.919106225859909,12.66737911313422,8.451600096608763,15.995364524655011,15.709706906050055,29.462958268357166,26.500335827125014,27.776886326607737,27.66900618150312,18.13731237068553,13.504596910295383,20.00115411485594,24.870819589902396,24.285712605824774,18.21950562455233,12.960775717412272,11.608535020499469,10.847968543803848,18.57497520654267,3.510437107332803,4.299609612972114,3.681665412232804,3.684735372390869,40.93344015053318,30.967280080053172,40.67576444766726,31.959725305775176,42.38781828743752,42.689533620301965,53.35998763572734,52.35966277979329,45.24171536107212,42.69578231224867,25.10958983789515,15.412351374780917,8.115392755874751,36.44925210211367,3.353086539776501,5.333131806641197,2.7572726674098385,0.1449348347666999,39.00772547639262,26.531834600702236,9.149862280042992,17.990740735176722,1.7576031295379024,14.153070969819389,7.650889880491183,8.082092963664032,10.940860321243653,12.286974632976962,17.80580850576453,13.486110816676096,19.795333876782397,20.27604658376825,17.807128200621435,18.42749859229732,20.484238927136875,21.360745162033997,22.480340312297137,35.96200540252607,24.85762773563693,40.46020743745841,36.56766060522556,31.193538073881165,32.81398352849154,34.72446120646687,35.60287601316473,36.16308668906125,18.45577438277144
2001-12-01,10.254005517860891,7.89396301070898,15.751354988036825,16.62436592293676,12.902406940994496,11.80462687125488,22.10972576479625,11.436795076398557,8.179466634829234,8.635650565456478,7.616913234308943,6.315490633647521,13.038584331919925,10.468065229978023,11.38200916489045,12.126355641349884,4.815319275214887,8.184981906255311,9.016042697760774,13.030725697103817,29.13937630405601,16.2188654569656,18.14568883588884,13.737716265026693,24.051460325338603,16.629774127293803,21.90008876504293,20.182681678002236,20.634095361863693,21.648654354958456,13.057689246186662,14.656884549507032,8.374615046990806,6.87526753013091,7.089678765366807,7.16811118120849,7.02156312930073,18.007682887362638,18.095672400458067,17.967428331953244,10.256800290803191,15.878015618681404,5.977174678304673,5.762083189791294,11.449633687334003,7.486715854985413,9.63352991738549,13.101507178442526,11.049161465104122,9.293630090964934,10.880811599681673,14.086478197314545,13.810525095749624,10.942408716945389,15.145067512087206,17.68627614139996,18.97802377689732,12.164300564676305,16.120541722339947,17.364996498887795,20.036026566766303,22.21313984087546,9.948053775439366,14.894716224767794,10.75841233075153,14.485600344632308,7.075422452157481,8.293144223899885,9.443128091200402,10.011733930240675,8.463186963049202,12.455323970020023,12.082281210016802,11.201110607143432,9.815449231980866,9.554591292410873,6.362233552323685,6.800608430513334,6.886672067514995,3.652986476067184,12.237148079592018,11.89207081735973,9.93787469362702,10.449326743440388,5.730571717128271,9.238729905269604,16.34179430630131,16.163488901852027,14.175630917082277,11.819814220951468,5.966198603026367,10.63238798925932,4.981064775805598,4.339496825906906,8.28894527639792,8.164401394378759,6.932810531929789,6.739550772398393,6.524567992167382,3.76626325526891,6.2227466143862245,5.024476840186383,6.789258518596026,6.624980317546923,6.365582531191894,6.0175716825790095,6.016050359163061,5.877134136162532,14.006572403892784
2002-01-01,21.11305685640652,13.107242917592284,30.46466103750584,33.902268628635454,23.575944593791814,23.655064472923648,46.20791867001877,25.382653884469818,13.440442360723264,21.48596635452835,17.087690117311162,14.66355367426738,18.14674113853532,12.610265034137674,8.878362837248577,11.973015156343312,16.488252869574094,16.193013026411293,14.526558828610296,16.01719026697209,18.259347589840104,17.870924801705467,17.00740843812714,14.249587562699194,15.294547716509229,18.475631747562293,17.406604064263412,21.630909842130144,14.446595422939044,16.0755227682967,12.206972051873423,12.855139103236349,19.3106793671496,9.384388959513368,9.71532733197971,9.795479756945904,9.694779030753814,24.278910692515264,19.26933216521716,14.569566802437206,13.482574604491454,14.135743155332442,10.918313413766375,10.184620836753906,10.861955004753913,9.782667618205815,10.399779988574627,12.04540267699636,11.919689544825683,10.768086658223195,11.827086366426594,12.773155132990048,12.685427445107315,11.824179015394412,11.321120386473709,11.060549368075112,11.75582931335331,11.995684536428476,14.261619348941036,16.519856456755758,19.531583778754666,15.257048066104153,7.859116831318246,9.510261143092192,8.682558023077345,9.349546073469634,14.046825538603938,9.66016377460556,9.877367085449963,9.493191753608787,10.486530919876394,9.663188333024886,10.297617320697814,10.891430831969243,12.682671093857753,10.649267854540373,12.286472147702712,13.316513056244546,12.34980073173472,14.948327554988069,9.679440283536447,10.29121977138876,11.271870313990885,10.93964717923446,12.637510455172611,11.43320478944003,21.197118352959883,20.500392895087224,19.717739289269986,18.745005693325343,12.43534406929706,17.796244607495268,18.67315260125975,18.13141466234392,17.26997801638877,17.3077043184145,15.76612637906735,15.943888371266508,15.374472175263657,5.695248999377967,14.070409153403538,7.524350538488593,15.32709590701931,16.88025085734405,16.472691998077497,15.069954060383925,14.303945534473376,13.461957315651873,9.57866134429199
2002-02-01,37.21633663324391,24.326408572742405,51.23361831298388,54.74629430157804,41.909220333077975,35.10751855124433,46.06007797326341,30.422790203504004,19.107917591098808,21.705292345469093,18.419715914405863,16.339739072601247,17.600679922035045,19.56718818336218,12.820627653494377,13.529681205302827,20.50645672456337,22.01933745359435,10.837382194965302,12.392138189621026,9.9189873250089,12.069862106241931,11.08482499676003,11.98380018157616,11.407314516550567,13.19505006499768,10.351651602998365,11.623326630750904,12.335122308524326,12.957074822844676,9.93101152849323,10.173506150686144,40.57653081751518,17.80127938938855,12.42426791976306,12.898306518582793,12.021989292359264,10.961721412764875,10.388383482727322,10.277266172631515,8.15804873053099,9.82340770735592,7.7068697788297555,7.273910582498228,10.86566516420294,8.792769059251162,9.82927104100679,10.56495974368617,9.925814909565789,8.440062646681541,8.980773366102273,10.358017725610347,10.226270836271624,9.740532075852158,9.923030285771272,10.938299838566104,12.6227808183298,9.905734150820518,11.695470565545904,12.014762664958562,11.01581302174675,9.991676657920546,28.46592871684227,21.268437808122982,32.0982021603159,22.97259993824369,22.946370566080518,25.07675472069206,22.31916363035633,23.33691834616045,23.495935576855302,24.41210372909727,25.165688934949767,22.63939940017824,23.29987586624203,23.483979794821973,17.368955625716335,23.849234633922265,19.709214215323016,13.205725063467844,21.92334277304007,19.74442098727218,17.90075763205689,18.56798908853633,15.976736855523754,17.89309151825362,9.939678025586108,9.776274200131152,9.970425998349526,9.705299398156797,7.700315418897006,9.31341201064946,8.773091295310127,7.901162487789106,9.088118108706798,9.183058325064948,8.48779343171726,8.547583299814681,8.592662624737544,8.459665218624963,8.557078168028022,7.845668806161471,20.18313173525235,16.148696858118466,16.7794229159521,15.235035316662517,14.911472054599123,13.94981843484057,17.0623211420895
2002-03-01,37.15830343668964,24.669063742990847,48.13102628472596,53.14917229510029,40.65655926559326,35.537354989304625,45.09529124500371,31.66467673610348,33.46899773174496,28.96925193664796,27.663436220813537,25.090326443173076,29.870622636479077,31.1129243085978,20.9960908323601,23.10633419145326,27.83499991513762,28.027110981778364,20.865796671620323,20.89567329607339,17.437509423900117,22.875888849993387,20.55902020176654,20.628761295382347,21.70344081365044,18.967399888543493,19.650918115603485,19.187416169187845,19.620836355653918,19.863683320141647,22.531698325147577,22.106467827361325,41.76553592669572,29.64701347058525,26.11674751480621,26.43921073022933,25.821630403043592,24.20334777496896,22.49261929131081,21.62229535236322,21.78463025713336,21.66168311673849,22.080759466802213,21.445740412705216,23.97982571441954,23.04094029091769,23.4544436439656,23.9286936314058,22.95755545290813,23.23717150623918,22.96916846505615,23.032797164745748,22.984109265542536,22.975651302119264,22.32734374830318,21.44364604849604,20.33733561390904,22.7279577168225,21.093872993603373,19.22494876764113,22.7939846990078,19.94401151507233,34.33503576179712,30.617150742078945,45.25243291698421,32.54382523643951,38.2536739846918,41.532172869238686,56.30099042975973,55.98985459638883,43.54674600802214,55.61957456896497,50.67386551591263,40.4190148015093,36.40340548665877,44.15379168157443,15.153888431260652,29.234391993542907,21.08215106483828,12.593159634990393,51.977150957796994,40.681619409587015,24.876829761612825,32.255484277214364,13.690089872938994,27.93290078257067,22.707845358003823,22.54508544979155,22.07144980929587,21.68983055511495,21.36563971923653,21.680717180149685,22.054556210108974,22.17701002275485,22.98734003332423,23.494770710021303,24.386353161681622,25.53715562227631,27.15418083930646,48.19867874242794,30.007205338687086,45.73904825520541,37.016469337105136,36.707670863918125,38.44510551218885,42.75795572974174,44.19633221511545,44.79800688252659,36.60328361350584
2002-04-01,44.21238002864558,26.396216172326817,47.70097336546768,45.975617643082415,38.13136806793207,35.76050809351515,64.24983871224997,36.5183121522043,35.55968473983866,42.115078634214655,33.542047127496005,24.68713654924776,41.22456027548259,35.27413402160374,22.45026501570181,26.391210151273835,9.973951688248595,23.81512100101541,20.05932002610601,16.27642268119294,7.006412668250636,13.665494960313836,15.828032718418685,15.855105775550998,16.45352792224017,18.34529913034395,17.715000941131645,16.98271354824813,12.039268336952514,10.914765200178053,15.081814705324556,14.221912754539996,34.58700548441332,23.649372601908865,22.103121237409677,22.413634385987997,21.77798722821331,32.862189788542366,26.78620193401337,20.121327176464792,23.23123897531673,20.870624971722552,22.610215261413387,18.21773562909505,17.37503281200165,18.44382419308047,17.752898884874526,13.970483669551768,20.456998324742777,16.43417260933503,11.277218773374846,7.888055215011271,8.046431570766796,19.37339210872292,13.881040782318712,13.014296766538358,10.842840161097826,16.099984349917904,15.29696517102405,17.113110509420014,28.32458115343851,18.380466131859627,32.26001135291944,17.56577940322293,34.084198987919734,19.39125452283569,26.77917513757533,28.843608875893693,36.02405696245955,32.80351167844785,28.086450204951845,32.074674548128634,23.405700586333428,17.812431330661845,16.704858659325705,25.91841911328597,10.729577767810405,20.275387488891766,14.01757684961778,2.12540740488358,29.14926664272453,20.913239635131237,11.490178128703167,15.70895634443347,7.012804124700696,13.42601879555437,29.46753062567984,28.752772462998983,28.845379345083156,27.010993529250936,23.70401878378389,25.991777603995537,22.00438951141207,18.088591923999157,21.791681865482488,21.131186228090264,17.765838704905562,16.860858423317122,16.281693397173193,10.2209972800738,15.31525050579715,12.588619699614386,25.867421725304688,20.824130487988626,21.90635347409872,22.39168009569078,22.927362924611305,22.09766551613532,12.090719199681969
2002-05-01,83.28746284167894,64.92645270894208,84.45286359725311,92.3428097028686,75.60772921470462,67.05598203286127,74.27993302193786,61.71665666823387,17.854127504616866,55.47441762876954,35.276111234473774,29.53803006995432,23.97581646980631,8.191840575665454,3.0390292453124648,11.834672807587724,33.58616675175148,38.55488390360653,20.958344130304454,16.210404293480124,24.860385489390534,6.861194954255365,20.523751270893005,31.515391852853146,33.95946482801834,23.87092082517536,27.51089655594876,29.56845643160832,30.050578940887224,32.407807847721294,11.28399958538528,13.807519266515063,84.4780685764195,0.4872874943253651,2.83896568828262,2.765152475790551,2.793174667360822,31.834392327608036,26.77185723198013,24.094003122832103,10.523121607914543,20.677847009023075,4.982139353586741,2.726220229719226,4.26270640004013,2.3618833816484184,3.217524642199502,5.165602246553983,10.989897160901826,9.815056939419334,4.117363080989841,7.165730970433195,6.929302099376246,10.189795488567205,18.80530611604132,23.66763789256717,26.01684616676793,10.259119415715082,33.41754836747641,26.675637840828223,32.38014290775084,28.210164713988807,0.4104096859452935,2.5601716057679544,0.0817300564582178,2.253681485907518,0.329841616469106,0.0517505918727831,0.0070841002159002,0.0041391691439453,0.2478844863764336,0.000304287166127,0.0,0.0,0.0,0.1530216890336101,0.0,0.0,0.0,0.0,0.00118737382865,0.0006602739423186,0.0,0.000375730447907,0.0,0.0002895956534909,24.5803470525767,23.39123252562366,18.522249860549525,15.81790983176112,4.620126862687238,13.719292313089424,7.030595516165344,5.564118637244984,9.101406015074986,8.418086158948366,6.368100413460856,5.601665529536144,5.056214154303346,0.0965265458303891,4.357167543808112,0.0026432253397865,0.9852602419981852,0.5181383935403084,0.3789153671285349,0.1569230211442411,0.1353312693482382,0.1153542057904416,4.399109017833186e-06
2002-06-01,25.158394112365208,1.518304876863067,50.29106361448528,65.75307103166853,33.00316407037708,22.587930989912987,30.99544808581744,15.38177904709758,0.0,5.428152193275487,2.524005685445383,1.4112274555108355,2.814138181263371,0.0,0.0,1.061048693967905,1.183778735456842,8.337467188199277,0.0,0.0,0.0,0.0,0.0,0.0,0.0,0.0,0.0,0.0,0.0,0.0,0.0,0.0,46.82530601290309,0.0,0.0,0.0,0.0,0.0,0.0,0.0,0.0,0.0,0.0,0.0,0.0,0.0,0.0,0.0,0.0,0.0,0.0,0.0,0.0,0.0,0.0,0.0,0.0,0.0,0.0,0.0,0.0,0.0,0.0,0.0,0.0,0.0,0.0,0.0,0.0,0.0,0.0,0.0,0.0,0.0,0.0,0.0,0.0,0.0,0.0,0.0,0.0,0.0,0.0,0.0,0.0,0.0,0.0,0.0,0.0,0.0,0.0,0.0,0.0,0.0,0.0,0.0,0.0,0.0,0.0,0.0,0.0,0.0,0.0,0.0,0.0,0.0,0.0,0.0,0.0
2002-07-01,0.2754841085568091,0.0031864870231598,0.0937509676366273,0.0,0.0615594652369454,0.4583962536804444,2.2272192107973394,0.8793887757185663,0.0,0.3280116881113348,0.1525202935008302,0.0852774725896865,0.94630587653129,0.0,0.0,0.3567971967662612,0.0,0.1771256034775742,0.0,0.0,0.0,0.0,0.0,0.0,0.0,0.0,0.0,0.0,0.0,0.0,0.0,0.0,0.0,0.0,0.0,0.0,0.0,0.0,0.0,0.0,0.0,0.0,0.0,0.0,0.0,0.0,0.0,0.0,0.0,0.0,0.0,0.0,0.0,0.0,0.0,0.0,0.0,0.0,0.0,0.0,0.0,0.0,0.0,0.0,0.0,0.0,0.0,0.0,0.0,0.0,0.0,0.0,0.0,0.0,0.0,0.0,0.0,0.0,0.0,0.0,0.0,0.0,0.0,0.0,0.0,0.0,0.0,0.0,0.0,0.0,0.0,0.0,0.0,0.0,0.0,0.0,0.0,0.0,0.0,0.0,0.0,0.0,0.0,0.0,0.0,0.0,0.0,0.0,0.0
2002-08-01,6.377664022191323,0.7634660503369135,3.8232446433436302,2.8231805997241537,2.5811317300274994,3.779014866906043,11.777721293444555,5.315885985600128,0.0,4.564119118684667,2.122243849183367,1.186593514882005,5.382453614770901,0.0,0.0,2.0294118520262496,0.0,1.5983983245468396,0.0,0.0,0.0,0.0,0.0,0.0,0.0,0.0,0.0,0.0,0.0,0.0,0.0,0.0,2.085511012136368,0.0,0.0,0.0,0.0,0.0,0.0,0.0,0.0,0.0,0.0,0.0,0.0,0.0,0.0,0.0,0.0,0.0,0.0,0.0,0.0,0.0,0.0,0.0,0.0,0.0,0.0,0.0,0.0,0.0,0.0,0.0,0.0,0.0,0.0,0.0,0.0,0.0,0.0,0.0,0.0,0.0,0.0,0.0,0.0,0.0,0.0,0.0,0.0,0.0,0.0,0.0,0.0,0.0,0.0,0.0,0.0,0.0,0.0,0.0,0.0,0.0,0.0,0.0,0.0,0.0,0.0,0.0,0.0,0.0,0.0,0.0,0.0,0.0,0.0,0.0,0.0
2002-09-01,18.75502454727285,9.32099560912676,8.80567112519233,3.6014812184882445,7.412037155625962,12.333428990041057,37.12875737746192,18.19140879673008,0.4724659911266571,19.08938416489205,9.406085020672968,6.197119199380893,13.27664485172044,0.087035946874929,0.0445225774324299,5.452846286252414,0.1179631138366235,6.576202415407868,0.0001627318070734,0.2340303193904306,0.0426674788579264,0.9414013717728444,0.2678106216541085,0.0,0.0,0.1907307195823635,0.0704734973519297,0.0979902327765892,0.3203827438196651,0.277226576869109,0.0166261729387309,0.0472377383758926,1.129843146480189,0.0,0.0,0.0,0.0,0.0,0.0,0.0858647313162442,0.0,0.0674947995950156,0.0,0.0,0.0,0.0,0.0,0.0,0.0303921213268327,0.0,0.0,0.0,0.0,0.0255534747176032,0.0,0.0002027938730279,0.0283296116635168,0.0183712229761092,0.0,0.0417637701332967,0.0,0.7276172814274682,0.0,0.0,0.0,0.0,0.0,0.0,0.0,0.0,0.0,0.0,0.0,0.0,0.0,0.0,0.0,0.0,0.0,0.0,0.0,0.0,0.0,0.0,0.0,0.0,0.0,0.0,0.0,0.0,0.0,0.0,0.0,0.0,0.0,0.0,0.0,0.0,0.0,0.0,0.0,0.0,0.0,0.0,0.0,0.0,0.0,0.0,0.0
2002-10-01,24.428341464619795,14.57675744347133,26.05866990666592,24.35050514672674,20.77844248878864,20.63526308291357,33.030821737594366,21.853887820453064,17.101355520760755,27.330680623618388,19.72831234024954,15.866433015353778,19.548805853805085,14.502033887251184,9.51479323522819,16.138736399774054,14.443925568372904,16.126396956303584,17.45013103282495,18.83445922241286,11.481235994739434,15.301840566590988,16.555042635069288,17.16341152109837,17.96559501219696,19.35447176074239,15.81926325982018,17.738776880291304,18.946456065532583,19.46030723291236,15.877991331418468,15.880290839720224,20.30619755501271,11.593076081197443,12.892151768187365,12.833784280173722,12.9115318942155,17.02594477043274,15.9502063113741,17.95722539163082,17.991301860100123,17.98962398442453,16.328879591890043,14.772223847906156,16.164288348456825,14.37819846689489,15.241318523326129,15.905111681921255,15.577396591474248,18.321205674156538,14.939999643109765,17.15619589283903,16.975107632053884,15.65495977639453,20.7498384399663,21.05785034247677,20.19346711412308,16.076449423645563,16.812875725089018,17.289381610227117,14.942376638294432,16.252143951145158,19.68172579031916,18.475551179277232,16.828882143636548,18.391777374990557,12.97029125979595,12.928447429649378,13.10364800476767,11.294738568518234,12.212313424669713,9.53450052149697,6.892166378316917,6.952476089828653,5.072697792495711,10.225993971695074,10.882694189898093,6.4694551929390505,8.916370657295003,11.926038176379784,12.062622569951785,11.55253032753124,9.505215408372434,11.261541455193257,11.433355825508396,11.385103681430724,17.841220024670253,17.851934543809325,20.98556456861169,19.268848699521637,16.43773212766619,18.407852437855134,14.308093960826506,12.474134624089194,14.983403915147228,14.373108852443185,13.384001245495998,12.891348015767994,12.89703858588199,14.018762804253512,12.90908887916247,12.631488484184716,14.10419510364247,11.493725668531836,11.924557700455836,12.201459633153814,12.101588087449397,12.169063997423873,12.63128043200434
2002-11-01,11.897336399422352,9.53881733968398,12.16408349798709,11.494195897529128,11.2323539233029,13.155427536113947,22.73938054138118,15.412194068137968,6.531691685109216,9.883979020374554,7.94577759765403,7.897869142770159,14.118676495996016,7.914013933764925,10.352778374727084,11.219705249682333,6.661190562543439,10.61810114000738,15.139850325631256,15.851012198263868,13.00322387045635,14.993610540491003,13.84940234923556,7.595232193588771,8.609676442574358,15.30456130806992,10.635068788543904,17.521137254415567,9.289640185214504,9.710227396632511,8.563681761181531,8.79338345811608,5.704300291630075,3.801729247343807,3.7223899241733593,3.81419767534868,3.675359834407627,3.692788417826176,6.074010891278382,7.021722997444279,6.186047370158579,6.741614659298793,5.320963749390716,5.460128627393759,7.877510846082235,3.5364688650930005,5.888501485128223,10.951757667458946,5.4385857149359165,6.938236448366475,9.5799913337373,16.175400423144723,15.657971368338533,5.900740886397733,6.846099537385179,7.48755377233007,8.126816980827272,7.890244102918253,7.042202121475704,11.24344014818102,4.615440328707111,8.04346740683473,4.539554420664639,10.189145715102669,4.280255598597958,9.473047315336975,4.255334970390866,4.2380428047618,4.259942495263562,4.049265573461879,4.196675161745859,3.728706067554453,3.65943196305546,3.621541677749609,3.0799321520344574,3.874365784541829,3.0759359589848194,4.3323298712102725,3.4843080239346085,2.5831449976434544,4.353868388776668,4.160322856593545,3.8815151219510575,3.909059398775609,3.1973523361429352,3.7158400798125952,5.163098474377361,5.322726599059342,4.591380668816029,4.670156930403496,3.637309310026439,4.45465373952442,3.5800627546118893,3.387276551916192,4.062861177357378,4.032208329211008,3.778665771948492,3.705743100229193,3.692689833358437,3.094716315072307,3.6281600108612864,3.3236202171784592,4.016938736120134,3.762811259148037,3.779143029211936,3.487749564727812,3.4129671725216566,3.3303706581821158,4.0275270283824645
2002-12-01,17.356388048319833,10.761165621595106,25.01061758669012,26.10571554607688,19.861612793435885,16.071000249772858,23.42606032804279,13.72039590598266,11.169014736465709,9.856230970226058,9.029056602262994,7.964405738507196,10.23165923733352,10.498205744508985,7.87817450359636,10.232530695197497,8.425202750878707,10.94948713228506,17.223495368084436,26.07622405615568,27.59778094426911,38.981269558930975,31.794066625387355,21.77135152144153,31.630231583163454,32.113996873599554,32.53636725559713,41.5471118305669,19.059780198590623,19.48433246831924,20.13208306108148,20.2891553454854,18.304921669594577,13.84059628010811,16.662950507118847,16.5671192951617,16.74623409279025,29.672769754180774,28.759560969601218,23.213655294360805,23.637094520274463,23.139193893614465,21.22568430978907,19.972198191822223,20.90534794403689,17.73299073232482,19.41856250533699,21.787890370922156,20.326229371588028,19.375995826297,20.420811773505005,21.278199982356128,21.136960329151897,20.255846410657657,18.148865771147165,17.388427814244743,17.486746160151093,20.163184998600737,23.724582822706207,27.571392147660177,32.22831311691413,28.470961768930604,12.825089349194927,14.085431951892067,9.28548318805544,13.466770930468495,12.771908577716388,9.832455879936925,5.3735412620607566,5.6872210407342685,9.579103317928356,4.8623354021994185,3.782597598982594,3.342180743171511,4.286933778533263,7.475201746472579,2.911163918302893,4.819561971933233,3.483425825718748,0.9674464914285748,3.8591819910829335,3.1088996558853754,2.42363592128312,2.6887953684461827,2.2139915695402075,2.5067129583492664,28.05128289830499,27.705461280926805,26.15880950938938,25.193058506328477,22.16653155669549,24.54376416266084,21.40445415484908,20.19073270532909,21.824571859131613,21.260614041192397,18.10414039018395,16.818100976808907,15.500401536182554,1.3769484508271363,13.568425050104286,2.503942613397267,16.519131127146988,15.801199869056385,14.29904409231635,9.929061860418264,9.054767404760996,8.121361622172428,2.333597784676644
2003-01-01,8.19944338539027,6.095616074666777,15.816517141632907,20.053010526365863,13.24045821760746,13.42095283516096,22.788410754354988,13.730720000413342,25.232432615610804,16.692319837661614,19.03539463719416,17.699272708642507,24.681810820167843,29.587759419290297,22.80155846896973,19.21467013577054,21.54851985428841,16.273701593390854,18.700199790744133,14.609470484939996,15.363740880544608,11.197568233465775,16.463291815667787,19.39722114383131,20.90573318162709,20.549115618782437,19.670262039489486,22.573469096061604,18.874858940103955,18.848299300820194,15.627130310926953,15.90638932724166,12.133310979822928,13.954521899532809,15.565803956620524,15.716942499313586,15.462750964430988,17.669337332371,16.67519988892461,17.911020802384755,16.188956057111675,17.620114081348525,15.600361199318652,13.930159621906173,15.568275740132554,14.186772073632962,14.931999414020993,15.848938932461486,16.275513379962057,15.024483687802068,15.102297983306867,14.044022849216171,14.087868223243923,16.093111864354185,16.279850825307914,16.814808827380336,17.287582181823797,15.724245526616665,19.806002747099,20.391588614542435,17.001730462595727,21.23978860051012,12.770727754269744,13.052352444319409,11.645645941640453,12.824872962726896,15.868055800597164,12.632231075483874,12.016640277090804,12.448312599984774,13.42617893169546,13.586130593751797,14.128865025922298,12.833256134495148,14.21368772307794,13.55863563075205,9.330188967695571,12.204613744810397,11.740925842053995,9.149061346662114,11.867638637101187,10.61087005245984,8.91976619649862,9.815101472887823,7.921936970403427,9.42302404584182,16.49921990640858,16.444868303906876,17.149829928884802,17.635751050219863,19.31667197042387,18.027872846622387,19.42953841923622,18.804189990427854,18.372658296765373,18.34625934725467,17.798670037908018,17.507980065837728,17.293732370285795,17.436502667683886,17.162521768305826,14.847596141781484,17.72836456167604,17.27019227919915,16.53227772659658,14.585336459931632,14.139754688691683,13.97001427098344,10.644092430215196
2003-02-01,29.96973106099776,25.18842434850008,32.8802288923446,35.19394814046515,29.54537695956556,29.930552779022957,34.11665131785092,31.02701523703025,44.577843227990016,41.33343281332676,39.87123230503327,35.62364073071756,33.01771454488852,42.25837322870261,30.515138883122624,26.08533450195613,23.18427648245723,29.10833760117586,21.564238894329733,19.616383238095224,16.302963544030487,19.103019119067053,17.615369130515784,17.571016912757102,16.599640041970613,15.60918323293754,15.83501643579589,16.30010898704689,13.19992005881864,13.973064223563348,13.294945106822786,13.651519024675236,26.81824152793831,12.17426354560678,11.791653611919216,11.941291853445891,11.700071274670108,17.450667453794665,14.966613562219084,12.70204025897342,11.831371040660764,12.448955121705524,10.83408949938587,11.117933746313286,11.870871208888628,11.262165840285874,11.656431195323664,12.211366209884703,11.90856036777516,12.325485433838388,13.003600587131531,14.284761288363908,14.286779579405753,12.035681041979345,12.557060712144686,11.924859993049798,13.223851941814996,12.786296305712582,17.766560509324705,16.030864338450417,18.085036182312383,13.70091617354588,11.18096890310174,11.130341161697547,13.332239436072754,11.300980090790288,21.5962166375208,17.457872140894647,23.05473647041637,26.17139074616083,21.793723414726777,23.52161130855508,18.781434312524308,19.03523661710076,16.809773756319203,21.179607495509355,20.458438751065277,16.56254740419573,20.566314040440883,22.40400259663581,20.077042454175253,20.46241570597994,20.63012974514718,20.672245349302663,20.260004802727877,20.63565330832651,15.349609758507118,14.990353008101312,14.876655039835043,14.23035387766694,11.667006366407511,13.880327864307,13.634253418031523,13.32936286751878,14.274507963489262,14.595969688972948,15.20731343015754,15.896128256186516,16.550873224356984,21.53383379855361,17.529717828295254,22.877526247590406,20.672525203891887,20.37014458029905,20.660272197738703,20.92265893761756,20.743074053797173,20.829498465677656,20.18445244449125
2003-03-01,30.759609803464677,18.500190155383518,44.91266363941863,50.49813326435712,35.168639491299885,31.568437969588217,52.047280708351714,30.18191551214041,21.23807109228056,25.609106979607564,22.486155443521863,17.585386491081806,28.91448410082007,22.208035423358623,14.549914188458736,18.17982074693424,12.312352973715088,19.19952712281863,7.653507670196594,11.228477238686606,10.696538592386734,14.623095711316902,12.643008156791602,25.23737104881156,12.770690340988404,12.875437206094114,14.044037109752818,9.627515749206848,22.08025667542326,22.765185141582144,14.31204080753275,14.873907529466234,34.33600281327902,11.671451973130432,12.65844144685366,12.59958033552078,12.688028890683793,16.521875544690868,14.386883297400704,14.437977518303155,11.934425624669467,14.040769538528163,12.766098853415194,11.840185539348798,13.644373753256849,13.502318923878438,13.547750044213243,13.336391465693904,13.265749169216864,10.412574386681404,11.299138593947507,17.338330410373313,16.84828083844403,12.917972846915116,11.201152163827643,14.713025824120752,19.06595539845858,13.666436332157678,22.15520663238196,16.17559098335989,15.655123753125002,17.11777271021213,13.522000866837132,20.007845335652384,13.954832684563774,19.47742685821825,9.311469266875488,11.617775723117814,15.706821358506584,15.492355789040303,12.144337960927698,15.375400043698374,14.912831335013678,12.570838705720387,13.293557673282589,12.821415949363104,9.610154331268712,13.328759270624412,9.919602090081856,9.60924960079679,13.424752353390542,11.544900361240574,9.261660291873188,10.390188113289827,9.239079917238609,10.12592960802842,15.369410732028587,14.900129506276503,15.316792947907526,14.512684473963894,13.441122293720916,14.206570060911274,12.81183672896426,11.64878867059271,12.608390342917918,12.301105936005438,11.235101788840186,11.014182244066642,10.958027491093349,10.398109796185947,10.84083186727331,9.605959623442208,9.343855552883229,9.077743766654985,9.19415962290987,11.084643325367251,11.2796138856089,11.02121292508109,11.88806837506044
2003-04-01,49.70093113831354,35.50601041506442,38.70053622217144,27.69315921762785,32.63493809535239,40.0660105546515,77.79141700466377,50.59889189375589,42.16769250627032,61.98125713405037,57.61907159928883,47.954334046965,45.9768524859288,40.9777026043683,41.80890078401524,37.83582350940184,27.409321232409894,36.37415298045632,37.045504177324325,41.705948757782046,29.14634800478588,39.068383693928325,38.8885879720226,42.77716967090284,41.432269587404186,42.11561940102163,36.37211538106347,43.318913088788975,23.23249633112168,22.78901646368858,23.18218523372506,22.943847873171293,22.095359160868608,15.877976827229368,17.795834984642777,17.292442193434372,18.135072990150228,17.657985295157964,21.68290179276031,24.036409338323747,15.273742482103126,22.08813678698658,18.014568623223298,23.13633896781519,25.86054214288468,22.644145083707937,24.289525803562384,32.1851100687818,20.977864669816668,26.09598044035652,29.635692187303484,29.243047019566674,29.037213399572888,22.156112999085558,27.26057834126412,27.13879160969268,24.66122230414657,23.58765324517908,41.36443855858379,41.52464253458506,26.08088341749191,26.37770337591077,9.583448630516516,27.10844921809033,5.804902373362893,24.58253715465895,12.19662366680534,5.015952813151891,5.630482563474083,4.441259535165604,7.360390848228103,5.747669130762565,10.03037807059466,14.701020672059604,10.738270011768993,8.43463699166277,22.81285815579461,10.999593071003916,19.97530014322828,21.195993048258018,12.60899315373193,17.217699335585205,22.46192279202347,19.90668135675008,23.70725442420177,20.820856707131934,18.05427633594688,18.117405702387472,15.422502341505712,14.701292307962158,12.500684253666062,14.218522071596524,13.727564326610144,13.453189209947444,12.83127391447634,12.188704095492964,10.354578373337445,9.447991139233146,9.107550997243074,11.913318335337964,9.54049016650498,12.22338117533864,9.72515816939351,5.769688968065059,5.6738402029472255,4.655719148247531,5.25150241372702,6.395700120185295,19.161941987522432
2003-05-01,41.07818463472344,26.900985998232446,39.01836520156365,29.65230348878085,34.56814534020567,36.98260930886163,42.7942045372278,38.97072828478804,39.41008814895197,36.09212533067905,40.963721178670696,38.43564976665698,26.62332247372129,41.78110676231744,28.53305808687575,16.865553205477983,4.935379455394148,26.107194957226405,0.5934000867928845,0.5120959842825306,0.0,0.3214653161635169,0.4442680509619726,0.540448546895117,0.3030839534113377,0.9575842672802872,0.3692503596921896,1.5389085986157338,2.231630300078629e-05,2.0006424645574144e-05,1.4327796524847844e-06,3.711731396017512e-05,26.820585557813647,0.0,0.0,0.0,0.0,0.0,0.0,6.437312400872555e-06,0.0,5.060111453993307e-06,0.0,0.0,0.0,0.0,0.0,0.0,2.2785091912239266e-06,0.0,0.0,0.0,0.0,1.9157539674719167e-06,0.0,0.0,0.0,1.337742314302558e-06,0.5968032130440863,0.6958888968209943,0.0,0.0010377076860082,0.0,0.0,0.0,0.0,0.0,0.0,0.0,0.0,0.0,0.0,0.0,0.0,0.0,0.0,0.0,0.0,0.0,0.0,0.0,0.0,0.0,0.0,0.0,0.0,0.0,0.0,0.0,0.0,0.0,0.0,0.0,0.0,0.0,0.0,0.0,0.0,0.0,0.0,0.0,0.0,0.0,0.0,0.0,0.0,0.0,0.0,0.0
2003-06-01,0.006838888372518,6.0799214041210176e-05,0.099127300283141,0.1601107157121412,0.0647230874594144,0.8269165713254765,5.08540925301093,1.6295620398162758,0.0,1.1571524370330752,0.5380577452519943,0.300839998447381,2.649605537345152,0.0,0.0,0.9990129531123702,0.0,0.3606636865660427,0.0,0.0,0.0,0.0,0.0,0.0,0.0,0.0,0.0,0.0,0.0,0.0,0.0,0.0,0.028414272549013,0.0,0.0,0.0,0.0,0.0,0.0,0.0,0.0,0.0,0.0,0.0,0.0,0.0,0.0,0.0,0.0,0.0,0.0,0.0,0.0,0.0,0.0,0.0,0.0,0.0,0.0,0.0,0.0,0.0,0.0,0.0,0.0,0.0,0.0,0.0,0.0,0.0,0.0,0.0,0.0,0.0,0.0,0.0,0.0,0.0,0.0,0.0,0.0,0.0,0.0,0.0,0.0,0.0,0.0,0.0,0.0,0.0,0.0,0.0,0.0,0.0,0.0,0.0,0.0,0.0,0.0,0.0,0.0,0.0,0.0,0.0,0.0,0.0,0.0,0.0,0.0
2003-07-01,0.0,0.0,0.0,0.0,0.0,0.012801307975021,0.0883293705253948,0.0261612715674284,0.0,0.0238971873922333,0.0111118175571556,0.0062128632217284,0.1268449101714386,0.0,0.0,0.047825876913215,0.0,0.0060187061644415,0.0,0.0,0.0,0.0,0.0,0.0,0.0,0.0,0.0,0.0,0.0,0.0,0.0,0.0,0.0,0.0,0.0,0.0,0.0,0.0,0.0,0.0,0.0,0.0,0.0,0.0,0.0,0.0,0.0,0.0,0.0,0.0,0.0,0.0,0.0,0.0,0.0,0.0,0.0,0.0,0.0,0.0,0.0,0.0,0.0,0.0,0.0,0.0,0.0,0.0,0.0,0.0,0.0,0.0,0.0,0.0,0.0,0.0,0.0,0.0,0.0,0.0,0.0,0.0,0.0,0.0,0.0,0.0,0.0,0.0,0.0,0.0,0.0,0.0,0.0,0.0,0.0,0.0,0.0,0.0,0.0,0.0,0.0,0.0,0.0,0.0,0.0,0.0,0.0,0.0,0.0
2003-08-01,0.0,0.0,0.0,0.0,0.0,0.001544157284795,0.0061923460882463,0.0031557023820669,0.0,0.0003960807094269,0.0001841713214539,0.0001029742635417,0.017871824497012,0.0,0.0,0.0067384310293053,0.0,0.000545090805557,0.0,0.0,0.0,0.0,0.0,0.0,0.0,0.0,0.0,0.0,0.0,0.0,0.0,0.0,0.0,0.0,0.0,0.0,0.0,0.0,0.0,0.0,0.0,0.0,0.0,0.0,0.0,0.0,0.0,0.0,0.0,0.0,0.0,0.0,0.0,0.0,0.0,0.0,0.0,0.0,0.0,0.0,0.0,0.0,0.0,0.0,0.0,0.0,0.0,0.0,0.0,0.0,0.0,0.0,0.0,0.0,0.0,0.0,0.0,0.0,0.0,0.0,0.0,0.0,0.0,0.0,0.0,0.0,0.0,0.0,0.0,0.0,0.0,0.0,0.0,0.0,0.0,0.0,0.0,0.0,0.0,0.0,0.0,0.0,0.0,0.0,0.0,0.0,0.0,0.0,0.0
2003-09-01,23.29204006709722,16.20516320589355,12.462794448741796,6.0497659541572775,11.36199440934758,13.630699801303583,24.654013340505216,16.910965856846946,7.401162038083743,16.474173691043685,11.455665125961636,9.339117918323854,7.188514448363315,4.727892171194348,1.666320017584262,3.20514484177113,23.66923847734004,9.319494324933697,0.4421881310449945,0.0670627340362307,0.0,0.0046406073083228,0.0296672048402387,0.0,0.0,2.293859336601749e-05,7.322101893350342e-06,0.0,0.0,0.0,0.0003814949603383,0.0003686885364032,3.810644860494216,0.0,0.0,0.0,0.0,0.0,0.0,2.839737248890692e-07,0.0,2.2322028332033685e-07,0.0,0.0,0.0,0.0,0.0,0.0,1.0051349102431981e-07,0.0,0.0,0.0014039306166504,0.0013121597927977,8.45110127077659e-08,0.0,0.0,0.0,0.0002247732156612,0.0,4.84675925691818e-06,0.0,8.172661332632984e-05,0.0,0.0020673100865847,0.0,0.0018136267201562,0.0,0.0,0.0,0.0,0.0,0.0,0.0,0.0,0.0,0.0,0.0,0.0,0.0,0.0,0.0,0.0,0.0,0.0,0.0,0.0,0.0,0.0,0.0,0.0,0.0,0.0,0.0,0.0,0.0,0.0,0.0,0.0,0.0,0.0,0.0,0.0,0.0,0.0,0.0,0.0,0.0,0.0,0.0
2003-10-01,26.91398923678552,23.514250598022524,26.083524568035845,27.862225286289945,23.9081905352508,27.67400306949296,50.27157698856929,32.27277232659856,12.157088747870676,27.91548021862036,19.187979191006608,17.597265197275583,20.1566393700765,10.521125432097085,5.105290191484452,10.198207548147751,41.05579078030405,21.314076388735884,17.109936172352445,10.231699299929572,15.069395588744618,10.986974607482669,12.559071679651815,21.578877639407875,19.459910955223812,13.450855730018551,14.47063619878379,14.63462772001568,17.92364645467988,18.3150948870867,12.228218917787236,12.906903440857242,22.5193768117893,6.935992922492252,7.188065396249415,7.32920707867925,7.053271510581694,10.492790279973486,9.866690937217864,11.462047223627758,8.121136498663475,10.661095889948736,7.1600436208977225,6.380562564937657,14.23384743119192,7.581055284213232,11.096067304026567,15.804429967365262,8.805905758784222,9.924285184794153,12.415281099943162,18.70227365205413,18.230191487666243,9.226711870437136,12.643282536721982,14.0899567660962,14.926108263494742,11.353552962764944,21.722206857302005,16.481220882565978,11.275626042463204,13.783438049322594,11.961422951681277,13.920540152955418,8.084892416004713,13.241115294157565,7.702643853067764,4.43969220263553,3.0142891962588374,3.3137179642287187,4.918534994462792,2.5504616023011613,1.319651831858789,1.0138521657315782,0.536231919240599,3.5603269561838187,0.6264074835567742,0.6163470637082377,0.7787282192431484,0.0330402996701881,2.0674211424355526,1.5418096185855017,0.6291740295944274,1.0789812289208436,0.1752602905937799,0.8628685576360524,9.157237502590236,9.12996623884144,8.425183230985946,8.085226853829337,6.998728044678836,7.976655280113438,9.181038856256684,9.523008880362536,8.33750483996444,8.184871979422967,7.562297646612693,7.025825178203409,6.486567612411824,1.0779405128100712,5.6930018916574205,0.8253354501659264,8.687928766909597,7.336881894523198,7.044028689295958,4.79385334087532,4.349895570104188,3.8078036472036687,0.6565512154519935
2003-11-01,42.69429092827148,28.955349798497505,48.67812813040472,45.87387932491288,40.88243669972972,38.54401258581946,56.34640560786232,38.04416854487943,19.03087042252496,27.42371214862101,20.813175766323035,17.03019019419015,23.549164418906727,18.814972579570757,12.207535703514802,14.797643679350111,22.18457520629472,23.212455279675805,12.96743119863207,12.925785639772757,13.433764012067412,14.43421419718669,16.282164938535107,22.532047350841264,27.55027016069217,17.709747445406954,21.009562060864507,16.45874659456824,20.661513862755864,19.341857134510647,23.125811592400467,22.358047798735672,31.26590150229664,26.095104493029947,22.644140562444232,23.021866434114493,22.30100068334953,23.68475538071533,26.23460437415032,24.956626462331364,21.35396120155913,23.81820256919993,17.874799114872673,17.613070309567203,22.78233768735793,19.172239870625614,20.99540144896661,26.281914889249588,22.066699466779657,23.39075667468297,25.124869167237,29.013237700010023,28.69494555560293,22.388972304663408,24.19898414436621,23.231050002975287,21.74371852521075,23.44270839170958,24.79112565146417,20.660991451171444,26.699178325344263,22.24981565830212,27.682986244606607,28.406400595984834,31.915105311176674,28.85789159844851,33.424092343237334,32.373349856622454,32.7033164946268,32.73048187149682,32.55198800818011,32.11406905552711,29.23858371489248,23.064351158410524,24.51834136690319,30.249318134164373,10.83155925247831,18.77607651576113,14.040489655895636,2.5049763344684526,29.893605477333324,22.025806323645487,13.861522079983796,17.688980863623332,8.976165124098758,15.50804314488819,24.04689779381579,24.05322427657721,21.284295946749594,21.358487390494485,17.88143321338444,20.91871779141454,21.77519754117089,22.398076699489703,22.179184821671704,22.474565557899457,23.336490350639945,23.657407349412683,23.837001710729933,24.68686844550222,23.924583188871058,24.0575664958308,31.1113234517734,29.53631942536275,30.165327946266935,29.297224009864205,28.81854770396141,28.33263998627109,16.659954467612984
2003-12-01,9.438255641478657,3.887193487982044,13.836613876971164,14.980614570075517,10.381861901621471,7.973160049666794,12.167628044895116,6.182205277754449,2.4192148317586417,3.525594283319447,3.0810081251577763,2.940163094283811,6.334034177582746,3.347772699387268,3.705635729080216,5.553172199167588,18.49457632103375,6.636560246872078,13.742053310251562,13.469819376022818,26.51462914208651,13.561747998150029,18.38352125342988,22.223025960275763,22.254793244856486,19.228607312762808,22.936794667535253,23.11276703376854,28.298562963252525,30.47744914128816,22.32047928660692,23.223866293982127,9.527423316194293,18.716210523153684,19.91201879782656,19.666218137690198,19.977891921484733,26.39053957541059,25.003281635387538,23.663943480658777,23.76215234842944,23.422072881010443,20.75894148330628,21.083916766571896,25.899693212611684,23.65023363019365,24.81620056816177,26.16241005258236,21.93578774447444,23.579456201730952,24.648776214458284,24.210657210941783,24.191865237227425,22.31537620042322,21.86610851993657,20.91979999416275,21.494061395519715,22.482117724672136,21.849825221313367,20.36094543572633,28.59696160128904,24.94834129308928,14.212904170672983,18.33294895101216,10.373418398312886,17.274970410054642,15.458340453439376,13.426814312934756,25.844453953597068,24.19193206361766,17.29985966650865,28.615522519745447,32.478549203673964,32.95853507733649,30.78825438793957,22.401347722095235,34.10580271711832,28.078671338216992,30.934475941318112,39.60983911869815,31.083436783381615,33.86591235435408,35.8264688360252,35.672064828507544,37.88272722274736,36.44472947860488,24.18806297859616,23.833158920666488,22.85714698562812,22.102938182231448,17.532064368438334,20.975276763047155,14.908066191139191,13.41258711904674,17.99033415913814,17.79202771081249,14.817823038554923,14.32395214879802,13.806329797687756,7.9758749890317935,13.646827220925216,17.456807335784376,16.531106081913563,16.522009626950183,15.976618131118125,16.69566722466437,17.568411963775294,18.10469645961042,35.05030361250815
2004-01-01,22.969595545319127,19.597931149544696,34.81677807449825,41.349638914946446,30.195489390180697,28.69582814003146,36.578811346360354,27.73857860787168,29.204744780650152,29.339993754114403,30.16093139532474,29.32965944839774,32.3366729997347,28.10879087327374,33.20887636949303,31.86718802506528,35.836145931362886,29.27567082058987,37.93577873035944,33.32168829612199,39.70761922913782,27.976649352310574,35.23223647223693,41.21570325241248,39.381357672780624,34.890429160091486,38.60740601609256,33.901962771386366,40.94965242062015,40.90821688110221,32.28056007290629,33.38135652847822,31.656266321194995,21.3114298831658,23.323310274646413,23.17733156276408,23.47911534397893,34.72884916336545,37.44920133025673,38.87736420417193,31.790475878373428,36.95375993894133,27.616463027864786,28.03199811665705,30.73602756968967,26.89345632210488,29.080003837318824,31.505209080801315,30.68283723547196,32.76068286025017,31.054444281744143,32.58337723183795,32.48558561502822,30.844840431797376,35.64776584519262,37.33571961866191,38.84618439020004,31.630187379399903,40.66915209790936,38.24137654155246,38.95292966734188,40.60239104808032,23.9291449338944,29.81834054326425,22.099764314823872,29.0214702219885,21.02337848828207,20.31772709715515,23.809781196417365,21.99083752118981,21.038110291941937,19.686900732834125,18.518666319867457,17.895646626490418,16.692534756316284,19.880378061942853,16.155697351250453,16.448552967835226,16.41806634314637,17.360354373452946,22.228323032069117,21.16558806319628,18.126103636352823,19.92512840234716,16.49612122591401,19.20140352911988,34.649010666962745,34.531601248985154,32.7042080028732,31.469461168531232,25.207722552684835,30.133581980374803,24.374637577997408,23.082669169147312,26.44161319079732,25.870391298169896,23.81517447382097,23.059817597319046,22.61052746273656,17.270983972264197,22.28772274852523,24.78072531528696,20.991283278367167,20.16309450701434,20.382273943455075,21.917395453259346,22.65809707834709,23.409719744466848,24.45667388145416
2004-02-01,3.7349561454336273,2.6651290234885843,5.904452876283221,7.086438715006828,5.039795350330429,5.529912030113823,7.625153352674253,5.805209922316464,6.540690498119711,7.233952863188535,6.863404932782994,6.296147759740016,7.776632425183092,6.454821858245822,4.64892208660137,8.3690777103974,6.42697337038481,6.645840459950814,21.36218485782129,21.085122498754107,12.23175330348361,20.048877043977345,16.071464182600206,10.582181697508494,9.524322515412544,12.57816432752756,11.300730955534805,14.244778903035344,13.254868633950052,14.004811911240648,15.363484394545749,15.217185563717594,5.167403402783519,17.924166330334764,16.06173853195532,16.205661971433027,15.864149749903492,18.22517900141705,15.53508017701301,14.068802511683051,16.98158039040755,14.315783937650686,12.870638712718018,11.885288136067492,16.068950393293473,14.59049460705412,15.316026169211144,16.158725826508334,14.490906233961596,15.30916766421906,14.686658194524636,17.751256128524926,17.55599990568596,14.601788352044831,14.974768494373324,14.353638900490802,14.874710744059923,15.207917505583278,9.867511808839655,10.398427123152462,17.418545538599734,11.039973397777144,23.34476748507465,22.63116501233325,26.3810277718228,23.193819006728543,15.711247247513716,24.146319269988417,25.224688069601875,25.593037062695625,21.879903368098688,29.505761304546265,33.05225834375873,34.672273919023624,40.117138101769406,26.503690403508884,37.58016874737335,46.03324803805078,41.08405510073543,31.527938199816717,29.8297756972412,30.729686841516767,33.69935243061679,31.88242441732176,34.82077547758577,32.41594831138057,16.319557153283295,16.309719501381892,17.25247359890797,16.72434618900723,12.678560255526136,15.904622994342056,12.499714767593636,10.826366998347574,13.916659993286732,13.842091859629235,12.24074898585273,12.152912092178886,12.13184963725276,12.787049713810864,12.695333544879508,18.89505512611704,13.938752621029508,13.70343839933162,14.088694589899442,15.48987463801257,16.369583686646486,17.089489114491947,29.873483014189016
2004-03-01,18.25608086750545,8.83032020627811,19.480399814043256,18.531318989310787,14.793513301057844,16.437175745759337,38.768545602245744,19.203005532201164,18.65959687473946,22.314000996298365,17.438819940675483,13.031297671140765,30.912101874875184,19.73001950114732,20.62847205908116,28.862956655807825,11.295927404003567,13.39167056154131,14.367350722557177,24.54569565317668,20.797942841077425,32.283481640646656,21.75993000729933,11.100123338298266,11.549246136686628,18.61256887706642,15.025664843891088,20.195397127994905,21.54773146502667,23.01818779954427,23.63780834813361,23.714698429235355,13.241590303143113,15.503547725961544,18.127774585027005,17.981815134629276,18.18797449078695,19.782021796438297,20.15265482631725,20.86378600084678,25.073838588196548,21.650956978907463,22.250309092766745,19.686573643725783,26.69846388529058,23.283739483884364,25.254254189218702,27.49508470195198,20.66959625963936,22.663194337089145,24.12923714260021,27.95093113340369,27.574984816724022,21.189655206770954,24.33642508828794,23.932746923613337,26.109698225904143,22.94995707026535,11.194818707318287,13.997657535255094,14.506272264314497,17.5893448974037,20.667614564312487,23.519453022963223,16.540709190888084,22.68185171154133,12.549402488085084,12.929475184830462,12.914527046621696,12.034807472453982,12.645304048617437,12.918513812132698,15.03079052186991,17.15709404742842,19.631135379294257,13.897586097520325,19.121285032704776,30.05675948351372,23.086769490930045,16.16239677945808,15.648194253498026,17.425423914953868,19.05990247854907,18.40757420172244,17.618984889948372,18.311556719919626,24.131177183493392,24.280192383371134,26.95160811979097,25.692655585486648,23.82866682843752,25.323264882074465,25.054193834230485,24.50078503430257,23.16286075142237,22.294428914426124,21.222222754962743,19.68912804874865,18.65184137681552,12.35691992752626,18.285738128113294,17.06703856021331,13.911962789467935,12.652557159632556,12.514586842944292,12.102434458922588,12.311016756307644,12.839090576243578,20.60419410552863
2004-04-01,25.929535362673032,14.096476779004044,23.279919238988786,26.153347703051157,17.65935430471896,18.79953270723625,35.81256138618131,21.727029836426244,14.923587725391377,22.466302266318987,18.534350586380352,14.828881556922806,19.803334510807392,13.34854575056606,9.21066970035961,11.389465413874309,10.3730684735684,12.301910354033774,4.1125339004354124,6.4906550734995525,12.1234220269445,9.839857338989164,6.925693745214469,6.195903251188871,5.204897496998512,6.863298565760081,5.460866172208171,11.202333791391643,7.617710473929773,8.809928726090288,1.5841097312041368,2.3470687958763623,23.678036959746112,2.060791214349362,1.9066126946163375,1.9119881817828408,1.887266501643988,0.6820584279793038,0.8656954559838881,2.070069016236111,1.3926403799488625,1.95137503523173,1.5511789665525564,1.3776413455707812,1.340222916251714,1.704166217279952,1.4809459533798377,1.2064537276854332,1.794275057147717,1.5362769403442882,1.0824248713237177,1.2534494513484489,1.2423110112377107,1.7135359837285655,1.7356243762203662,2.206618775859453,3.09021094235284,1.5962526189169175,6.140573307907689,5.262397693731056,0.6981629552767622,3.674113742453101,1.6702837847457197,1.6359163034586972,1.4395818677053638,1.578874525599749,1.4783855972160949,1.7417271658158169,0.5960588202924091,0.444192639072803,1.2445169953760646,0.1901592877966798,0.0316061241922964,0.0200192555867877,0.0132988731275396,0.7995736044922285,0.0008699822106849,0.0209082057216505,0.0012437679464177,0.12935932269091,0.2898272602362179,0.2194981872596068,0.0248597399604897,0.1772016323403526,0.0233071185476096,0.1533619435189431,0.9679471531887198,0.9975775481543192,1.1773115711927076,1.1322975126566672,1.5383748059655866,1.1786636579168592,0.8792145802366835,0.8037077881514268,1.0836562029996328,1.0524071479908312,1.2559553157630503,1.241456020169707,1.3611132940299198,2.917609973240591,1.5273455256293125,2.2144986349745928,1.4541321735114494,0.9352382465691654,0.8929624182920926,1.0305019357261065,1.0490082546938175,1.1571581627978238,0.718395446279406
2004-05-01,64.58252916960802,30.10868108675048,55.3222156273895,54.90049443291618,43.5791771892498,42.86134450865,74.05023179251161,45.50092465263768,13.692796948736497,45.42487991721959,29.739503266779167,23.89853129806971,23.581248352120998,9.684291394786356,4.999721545224487,11.856082734001294,46.39096124177145,27.022155512797635,16.019223456671803,10.473010379076552,38.10483404329206,19.46739028593974,23.4394929175909,38.3972772631109,36.291059012653726,25.13670124401935,34.15350811547307,28.007241806187604,30.489508722903416,35.78422082832771,4.653183493742467,8.859246236489636,47.78399191232151,0.0178513686629848,0.0136741402710266,0.0143088369678864,0.0132662849371638,11.462686026242515,12.883215259665535,14.946837485246624,2.256986367458884,12.0230179119477,0.2041592531221062,0.0346804790919316,0.0710274446759598,0.0175954135725887,0.0451326175458245,0.0635564983475559,5.432738876220484,0.9644715012085052,0.0497766219133594,0.3544945835656042,0.3356647973606394,4.626268728705631,2.8682219478511337,8.557802234293648,16.6785410855113,3.90140174385797,37.41673155234233,32.56645145351692,15.00279242215103,40.49870757976373,0.0090782427935767,0.0309396567590255,0.000513358321555,0.0271757091453728,0.0021619308680609,0.0002165620854963,3.628589788200814e-05,9.63545593427472e-06,0.0029736044007964,2.3102842018447298e-06,0.0,0.0,0.0,0.0018355259954296,0.0,0.0,0.0,0.0,1.2184116444091097e-05,6.775335480186769e-06,0.0,3.8555203114574455e-06,0.0,2.971656756495425e-06,8.248824257644648,7.815853096513877,5.376352033449754,4.345588882981663,0.1584848752021023,3.563498208013997,0.3350016385696405,0.2088776935784858,2.0395847940206124,1.8731972330788504,1.359099221070788,1.1943014393712743,1.0776729034081964,2.261646886416492e-05,0.9279959095740408,0.0,0.0090910938083039,0.0132007104782172,0.0098612544760641,0.0040877361362538,0.0034778181481577,0.00294344327282,0.0
2004-06-01,1.649688889139458,0.045191498463564,1.913833636761195,1.5663692357126615,1.2544752947573503,3.0428399720145216,14.051574291086348,5.048595511450271,0.0,3.093080768774319,1.4382340744976911,0.8041485147319501,3.5331991372786407,0.0,0.0,1.332164978641883,0.0,1.2429424815355603,0.0,0.009493078278628,0.0,0.3347584261225742,0.0332470925912915,0.0,0.0,0.0,0.0,0.0,0.0,0.0,0.0,0.0,0.2388012507725131,0.0,0.0,0.0,0.0,0.0,0.0,0.0,0.0,0.0,0.0,0.0,0.0,0.0,0.0,0.0,0.0,0.0,0.0,0.0,0.0,0.0,0.0,0.0,0.0,0.0,0.0,0.0,0.0,0.0,0.0,0.0,0.0,0.0,0.0,0.0,0.0,0.0,0.0,0.0,0.0,0.0,0.0,0.0,0.0,0.0,0.0,0.0,0.0,0.0,0.0,0.0,0.0,0.0,0.0,0.0,0.0,0.0,0.0,0.0,0.0,0.0,0.0,0.0,0.0,0.0,0.0,0.0,0.0,0.0,0.0,0.0,0.0,0.0,0.0,0.0,0.0
2004-07-01,0.0,0.0,5.938242313815702e-06,0.0,3.87684690822359e-06,0.1870469759049988,1.2586303451001275,0.3822531618512622,0.0,0.351199347658029,0.1633021917314159,0.0913058710527892,1.293409758841031,0.0,0.0,0.4876699888160808,0.0,0.0880899709253611,0.0,0.0,0.0,0.0,0.0,0.0,0.0,0.0,0.0,0.0,0.0,0.0,0.0,0.0,0.0,0.0,0.0,0.0,0.0,0.0,0.0,0.0,0.0,0.0,0.0,0.0,0.0,0.0,0.0,0.0,0.0,0.0,0.0,0.0,0.0,0.0,0.0,0.0,0.0,0.0,0.0,0.0,0.0,0.0,0.0,0.0,0.0,0.0,0.0,0.0,0.0,0.0,0.0,0.0,0.0,0.0,0.0,0.0,0.0,0.0,0.0,0.0,0.0,0.0,0.0,0.0,0.0,0.0,0.0,0.0,0.0,0.0,0.0,0.0,0.0,0.0,0.0,0.0,0.0,0.0,0.0,0.0,0.0,0.0,0.0,0.0,0.0,0.0,0.0,0.0,0.0
2004-08-01,0.0,0.0,1.3516643616429237e-05,0.0,8.824489679715046e-06,0.3878871381777483,2.6364606745567447,0.7926936395264813,0.0,1.1574116791713092,0.5381782887827403,0.3009073970043628,2.052437120671603,0.0,0.0,0.7738552928350445,0.0,0.2138977718797579,0.0,0.0,0.0,0.0,0.0,0.0,0.0,0.0,0.0,0.0,0.0,0.0,0.0,0.0,0.0,0.0,0.0,0.0,0.0,0.0,0.0,0.0,0.0,0.0,0.0,0.0,0.0,0.0,0.0,0.0,0.0,0.0,0.0,0.0,0.0,0.0,0.0,0.0,0.0,0.0,0.0,0.0,0.0,0.0,0.0,0.0,0.0,0.0,0.0,0.0,0.0,0.0,0.0,0.0,0.0,0.0,0.0,0.0,0.0,0.0,0.0,0.0,0.0,0.0,0.0,0.0,0.0,0.0,0.0,0.0,0.0,0.0,0.0,0.0,0.0,0.0,0.0,0.0,0.0,0.0,0.0,0.0,0.0,0.0,0.0,0.0,0.0,0.0,0.0,0.0,0.0
2004-09-01,1.064902948624601,0.0300859069275148,1.3291522346101716,1.830474021629759,0.8710856680440399,4.334805788739979,22.45902392333477,8.046443664873767,1.663169073498093,7.36644891888812,3.550470667426855,1.9854146874672003,9.48130231202038,2.314391045657568,0.3007246978341286,3.829917822825237,0.0,2.0067915598923998,0.0,0.0056192309822561,0.0,0.0,0.0021249154751596,0.0,0.0,0.0,0.0,0.0,0.0,0.0,0.0,0.0,0.923542344071382,0.0,0.0,0.0,0.0,0.0,0.0,0.0,0.0,0.0,0.0,0.0,0.0,0.0,0.0,0.0,0.0,0.0,0.0,0.0,0.0,0.0,0.0,0.0,0.0,0.0,0.0,0.0,0.0,0.0,0.0,0.0,0.0,0.0,0.0,0.0,0.0,0.0,0.0,0.0,0.0,0.0,0.0,0.0,0.0,0.0,0.0,0.0,0.0,0.0,0.0,0.0,0.0,0.0,0.0,0.0,0.0,0.0,0.0,0.0,0.0,0.0,0.0,0.0,0.0,0.0,0.0,0.0,0.0,0.0,0.0,0.0,0.0,0.0,0.0,0.0,0.0
2004-10-01,18.59185557076609,10.577516878767971,20.990917355124463,19.793043265203657,17.133910655873258,17.42038801315432,32.60697393698885,18.85581616156159,27.53884471947808,24.02836157301758,25.07737433513714,20.874998325176968,30.707369329748246,32.19702126579619,31.26716943180895,28.253072766364884,19.4878509064996,19.030718535561785,16.765703745783085,18.896227760176465,7.337276581042381,20.314209558608944,14.538887701756895,10.776248316696316,7.585657668041715,13.44996440535147,7.827597063948367,14.829504068499803,5.269335702811164,5.771843518177045,0.9766584662034948,1.542832577524802,11.176340734232316,0.310436506822895,0.4802926025082377,0.4949342368275484,0.4712054721307844,2.454950004945554,1.5806782874203351,1.8029092564667288,1.2615926401560886,1.6179840894793118,0.5408948280817704,0.3813643918882527,0.781183526973658,0.3751216112617988,0.5862250252843546,0.7477705716841334,0.983990029664958,0.5378081856018649,0.4381971693651814,0.6001339011419883,0.577314544251779,0.9065305690288352,0.6621894940200987,1.3721301926632108,2.4395118944471,0.8763358725630679,9.790877467724284,10.84407749486219,2.224750832104936,2.7451777014705385,0.4580650894619769,0.4442755993778936,0.3117396056067718,0.4251172791788095,0.4125223305080015,0.1639696751750577,0.0115439533087543,0.0263017947200239,0.2074044513384889,0.0096470735417346,0.0003404151139127,0.0001396032478055,0.0009985156681964,0.1291081410529043,3.836639182722942e-07,0.0008709247738394,1.884533764015137e-05,0.0,0.0019695925454815,0.0010952493909455,3.4813905595459127e-06,0.0006242091429512,0.0,0.0004811115406667,1.603661834767683,1.582644797209927,1.846543993444458,1.6412684907145243,0.912478275505012,1.5559331585769527,2.078768809607049,1.8820200447190591,1.4500707830736703,1.3785324613881853,1.0237815178203822,0.9070754292326716,0.8184735223049932,0.0,0.7047971800350047,3.2415417220027e-05,0.6063408736487319,0.4141084740444357,0.346414411899356,0.1507645346671883,0.1283517241026461,0.108642327820743,0.0003473952786038
2004-11-01,14.91504509069371,8.237249202900662,21.92720374097769,24.10037698945369,17.08312142557301,15.555957226268903,28.848738716009382,15.01060990986295,7.224750116726968,11.711252798208942,7.894512127859505,5.631175775131543,12.585427001635829,7.239466207156157,5.20648264298753,7.58283890607366,4.541529863104121,8.476803105383967,3.3326385699410457,3.06460014072241,5.70316929243295,6.168840528509249,3.681013564873711,3.3188080995697278,3.1343858256372408,3.2969486327373487,2.9189159185620404,3.336870447306801,3.1428995247158644,3.492473065472244,3.672082628120791,3.678225597356084,17.103863087019292,5.570691193295355,5.670084566870879,5.6446375523063095,5.611723052900079,2.8289400886536384,2.7990680203103824,2.7325154167883845,3.183633948221966,2.8894379593810027,3.648043735265004,2.970484549235125,7.216067659797506,5.729610321063577,6.379493030909348,6.314222276720092,4.033138671757081,2.7841236229382877,4.037643991230167,3.900591590553964,3.8392062147657153,4.004547389212039,2.6563161076049555,2.6389040866804896,2.6658385883711837,3.767818882279194,3.3278403349910834,3.0266306846019866,2.4048986027877306,2.631651007700279,7.0327025209983525,7.394310298124876,4.644283509267283,7.060843655966594,5.038269306688687,3.2589123620052254,2.7621370543437527,3.0327668313197624,4.089568836964228,3.13595572514481,3.9888014807055,5.867778949133641,7.899502149119793,4.561661091714507,8.001692289267108,10.430187096700132,9.458324191406636,4.070173531111403,2.5621534475025456,3.895530146997264,6.709807175134158,4.84280391131216,6.621568572242841,5.1177585398677445,3.08000186558698,3.090572970983142,3.376079272188412,3.649708180057317,4.675789213431547,3.839018353225799,4.90176924557684,4.250908553108959,3.4980677353391862,3.2943188401234456,2.531516098213143,2.265423724795142,2.0697670549773366,0.4173429584759259,1.8263797121040013,0.2175212380406433,3.9147751297848448,2.1699033251551363,2.3526609566557646,1.626474474939246,1.529324813956046,1.3478638975570507,2.631542769487419
2004-12-01,16.007658299873746,14.985054623231568,20.47136932280649,22.49323862021937,19.15785789054166,23.640459368375375,40.75652087147077,27.768586383218327,27.447233507780624,27.531294913179604,27.30955196932348,26.78403440377804,32.44489473856731,29.52137383001657,30.667520891384765,31.649023195334756,26.636480521505675,25.676655565329117,44.648344692796265,42.60079404571224,47.18212729759125,36.11579006834274,40.79615240691407,42.83180897615365,35.13269853777052,52.1806298108714,39.34945386387788,53.35959083630661,39.1865722299649,41.73822307272862,23.234180070369263,25.810430014748103,17.42218383163448,8.275063069839677,10.271967872674235,10.10583457037184,10.44938643207937,17.518970014472238,18.79275198254112,24.08299982949912,16.00822337138141,22.14498066880478,15.212889525859454,17.38876889112622,17.639736355108962,14.098136267464197,16.116853582607973,19.647010540874938,17.063404146653646,22.59971743338013,22.00168243961356,29.67093559950667,29.33235598187657,17.802148087848398,28.136363325076296,31.615692483577703,36.481048353307166,21.626358046152287,39.51627223874662,44.79334379741909,19.185379637298844,29.923414853270494,11.89980927506232,20.523050439377617,11.794005123631074,19.64246630177976,7.606215345334488,6.603000812637509,4.48553417854842,4.29158311492022,6.100099783840552,3.830239440651387,2.6424213804555943,2.59366042505775,3.7906102880774455,4.983609618463985,3.728788421337153,8.400027122035203,4.421457575643846,2.739427720157622,3.48054425583483,3.174399547011891,2.73329454497217,3.0010847146998283,3.3555248234725243,3.0574145287190904,16.8859647071334,17.009794942819166,15.866237169747032,15.013667081994615,11.31193314405092,14.183374581797151,10.813024469150074,10.268272038183367,12.02183175250913,11.64537135155829,9.662205342424352,9.10875496031469,8.659861509548108,3.424353856328373,8.041438617840578,5.925781624160449,9.152696169152817,8.379154799739814,7.992831006416469,6.94583538520075,6.67418866077753,6.5304364917853945,2.300125398222612
2005-01-01,16.704603352233278,13.07208419344996,21.260237941071978,21.485650308356053,18.532425888785557,19.659305706557323,36.8436871940853,21.399945459822387,25.698309976586287,21.35159782744152,20.709712532472462,18.358035366033988,26.20032781281241,28.24027564872584,24.859047593291123,23.158281749420908,11.52555666705436,18.17074998000105,22.12355689137731,20.060016079758512,23.760167833598857,17.09971594611866,21.60013000347197,20.901007377568707,24.724206003794727,23.96466379330582,24.48714203241376,21.765056650079597,29.434901187493324,29.57926773175589,34.55844478956581,33.7973038179659,15.345787408126355,35.76296955651538,34.79034960798458,34.53895468211328,34.80679982446417,23.06448323100073,28.114664127941843,29.62229515371672,31.05391457574629,29.839918939276178,31.46873351544383,32.553716895833915,40.12814704986853,37.46442779222211,38.70348140069139,40.2236063995161,32.40828831378256,31.24586309663772,37.34907535223428,42.11532622222682,41.67441441067234,32.82021233115906,31.2763373356536,31.73349129907856,31.5135550468996,34.412022857819224,21.27513619206198,23.903641514713783,25.622543025417517,27.597912979269864,42.108124275750505,45.94898037038651,40.17295649735893,45.3726842248356,23.69130771594347,35.88343279375232,18.757025814583244,19.508066937976253,28.751073590748195,19.70418286940085,19.616038313860955,20.43881763284297,23.5218000098983,25.876136580355613,27.8369212659468,28.306235146772647,26.518388558776778,31.58337480505749,18.284788698199826,19.439032579406863,21.68488105453553,20.99311745447488,27.73299520942541,22.657980923874536,27.934445927402237,28.422865433929232,28.521204735042247,27.52312803931257,27.478325407104865,27.14177840739156,21.35514270990643,20.13675022611842,23.9931546395632,23.391294596754378,20.233597866347136,19.37172658807537,18.84531405949689,15.784801683256646,18.68065660906757,18.77199050567584,20.7805273941012,17.58453602488681,17.46558074926745,16.988432345906315,17.22740522288605,17.537336009606694,17.958478765200287
2005-02-01,17.57211876005071,11.459909294432096,16.041598393239276,13.588672346840957,13.485557900453964,13.526134411820664,24.50935467918517,14.54472376383082,24.295766881967328,22.677832491952337,20.276007952252648,15.045669896816255,16.814187690312476,21.79862973599505,17.27660402617231,18.15132078772441,2.6078585234224234,11.217509145287227,3.204237407084456,9.19120623233044,6.396840212952339,12.97355323455749,7.352638613158533,2.438044260212833,3.2405604689372804,4.288646998839366,4.329075775021827,5.0644615626372005,7.458261642191091,7.849619395454293,9.245438878443904,9.130900865095107,8.361448025554761,9.70331100420969,10.630028243136003,10.714063020789805,10.586225427901104,5.817667493142999,6.952167279070325,7.137959897278633,9.464528883916175,7.6805033733522095,9.701172718029431,8.90764839542053,11.95402139043834,10.493582023661077,11.285036408262249,11.312990492083337,9.128773632632912,7.899274649106299,9.280958141180868,11.376460642011962,11.155065410903498,9.104461237728527,6.646739979798181,6.594519172302642,6.861435400207063,9.18636948429508,2.4935114275781234,3.3762952052048107,5.193101927623359,5.513667281041413,13.14058078629778,14.421109089229455,16.889260091406094,14.905128783641665,10.353928674925934,11.987731131575682,14.775164223233144,13.463718009363305,11.101167299166622,15.10012180508539,18.359711324703326,18.80925984103884,23.38666126627276,13.92824972931392,15.554129047198678,27.8111901587278,19.371443617923084,12.32217652490904,15.71917332420854,15.500294124190692,16.17452060370942,15.45988111268199,13.996895541531345,15.003343197886998,8.273980661549288,8.406152152006344,9.686049770874735,9.471552326338744,11.210194367796776,9.984773858043054,12.753552330634204,13.993868062805934,12.0655111635647,12.184297688859369,11.708468833145556,11.618448080685742,11.477735126505497,8.341956139603363,11.021218869608653,9.489637989394373,11.519546532551654,11.62695573454061,11.246937721105889,11.661133870080816,11.897495464411646,11.826821367792736,12.07097481541711
2005-03-01,30.59261642308074,17.67771303937717,37.76849083969869,41.65410976899891,30.435240486060923,25.904379035984945,33.19229932126196,22.481227183603696,23.586443231907644,25.438622555652344,21.1421438013446,16.96532217271842,26.07153901770609,24.68227685825612,22.430265075231095,26.21123308895339,28.01762396945524,21.395639376442148,24.18392743986792,26.43575039650903,22.88251585267745,27.297959899188434,26.30421934659538,25.032998158256227,29.84479362506085,30.19975361109997,25.635934305096484,31.82951448845055,18.46683070474161,19.73593322508654,10.44545264975517,11.647468175519526,34.52589333931334,5.325804800860772,6.077099704656758,5.981135532182618,6.134444365762864,20.08095790946646,17.143090460851163,14.966810862002628,8.224378590759132,13.279678792460158,6.103337085916149,6.837841866283951,11.592486132072322,8.712203948200166,10.284489016447978,12.302019624089414,9.722258794255945,8.371728968403874,10.112063401207548,12.702554463946107,12.45063445008871,9.708798910048984,9.365719550630642,10.376711345595076,12.435018391582089,10.21005205762902,26.19094411053019,28.12386344478297,20.22363625190981,23.466060925322363,6.962314463276812,10.05169450873342,5.993984492014421,9.641567060614316,5.102489633602231,5.3271467331304985,19.250059764887155,16.435533217112816,7.903078445492915,19.61142148690137,25.868244154446188,28.039801322550467,30.51715888260515,14.49360407431073,25.73895493996409,34.42999786587138,32.09299111495175,6.23806444112537,22.908925659888208,22.99150206828543,25.158858144405,21.86407130633632,17.24422878321803,20.062452913609548,15.049485479519737,14.447961876386804,12.173593731727983,10.701179879022623,5.083952851968926,9.68088537875101,7.352438632140512,7.146348115772625,8.3028476073057,8.167512649943557,9.01057691730023,9.1606350869571,9.665626178443574,18.212947442990163,10.760931118601157,18.453868810772644,6.219225706824038,7.055164349380056,7.3875899547534,11.254635619028669,12.631940403553696,13.933470209280731,21.50766753028393
2005-04-01,16.448927842522526,8.976642576231887,20.33647170287668,28.72317297059545,16.08663392981522,15.594588330939578,25.10286195633661,15.793760303501823,4.591056762683675,9.896958839588798,8.814852887559786,9.209978844559712,12.325758724818249,6.065591846657414,14.221962961501,15.342011604974385,39.25851930682431,13.984770111079175,4.303797658674522,5.332063206188597,3.742654192237549,7.681437966661048,4.723741597053038,2.3165059444746565,5.985595150854569,6.508186825559684,3.504925243947029,7.245320461873732,4.051946166576908,4.973333962423509,1.9629719383513704,2.194493798023249,26.48057749271957,0.0988986895581288,0.2178685530672829,0.2182086847233089,0.21923665816352,1.8759387792108224,2.363229206250799,3.038687548714908,2.3357656109785863,2.7814241514883733,1.0860867592950174,0.6690907086350222,1.1392701373169272,0.3178385710880975,0.7523315188350697,1.8754638926489016,1.4845321592491605,1.505528683808758,1.6295440270809616,2.7738995334273366,2.679233312649531,1.4736498923724588,2.1285489393488133,2.7696146182386387,3.1719510247658613,1.7849542835194137,2.97050168018183,4.124303441804575,1.5945751343971168,3.6791618083113247,0.2870316879190315,2.1554067372714925,0.1588053202884203,1.9412640768293128,0.1037769697031451,0.0793305633814673,0.0254135752660664,0.0243596603330507,0.0782201681239262,0.0079660630339684,0.0006121714526516,0.0002538442628564,0.0017615771050333,0.0491798155708061,0.0001989834409382,0.0041033621391653,0.0004471654616438,0.0001132959187928,0.0040917266734959,0.0022763677131095,3.95916525273172e-06,0.0012964590480574,1.3396850893793528e-05,0.0010013407668414,2.09166067961507,2.1598123620174765,1.8510784236277165,1.7008887230607637,0.72218713538568,1.4857961009756455,0.6008745373473574,0.4144339633318427,0.9479033446782396,0.8802248198241316,0.6466901297226763,0.5705959318689766,0.5151350512940377,0.000238489733109,0.4436688576814747,0.0008177554855451,0.236007090009652,0.1830789638421481,0.1689825680110824,0.093914819819392,0.0811684025522271,0.0688591132831358,0.0
2005-05-01,3.2499021641526564,1.02902909017304,1.3768510234271003,0.6532741273262654,1.0191866187002656,4.557753926239011,19.60901526309448,8.35908117689483,0.0821713083163726,7.171722822483582,3.375637680955068,1.9776127806740789,4.316845947506934,0.0747012793874482,0.0968850212497556,1.694618360992465,0.352033836538962,2.137539610522668,0.3619876637867018,0.5316848437982614,7.16523502133175,1.0727877574986593,2.3056873687164434,4.058955093729838,4.661042039752229,3.2904231495994374,3.6997144133411695,3.4869058447561825,7.863310650885289,8.316494173049488,3.693130768835912,3.9945586370467936,0.1556635939850437,1.853301755055208,2.554975963868547,2.306731819275351,2.7749908220881783,6.05630387596216,5.4305161337831045,5.569491254801817,3.867462739111039,5.183536419729023,4.990152960666312,7.132328136547849,2.158385056209983,5.27430548579881,3.5862089065449587,1.898075878192768,4.297829427527595,7.815717002028252,1.8117977597592023,2.2481545021048,2.219539425462073,4.244153539291292,7.273965425191175,6.83927746587053,5.349462429643307,3.843047618972781,4.397990637993291,3.1849250355423213,6.04651041923606,4.193788876811508,2.468098566426959,1.436495348006667,1.1721006194227963,1.3677900792425972,0.5508065344471766,0.9100595916910216,0.1369028626682237,0.0990879245835739,0.7195888951321411,0.07183462285806,0.0520104977638376,0.0440844987050029,0.0863362514876226,0.4670541659878907,0.0289076158679278,0.1714737703519292,0.0550816986631336,0.0058519574061229,0.096370596523685,0.0640343474020228,0.0242820058245954,0.0442381089021919,0.0196728342006266,0.0377804751102902,5.953213347267647,5.805473522187619,6.350189688395904,4.510617366924198,1.7791513939554482,3.90466365183948,0.7427701653583535,0.5743375163872269,2.479824152957491,2.3246228142469643,1.7305633382811942,1.5340764047075446,1.3920778075632556,0.1284823770200305,1.2102541059411205,0.0720976981106963,1.026648043567434,0.8068400923392391,0.6991921583364685,0.3927723113812666,0.3502456789177642,0.3093815265974854,0.054641247760009
2005-06-01,20.11362632155187,1.2809157451791688,16.503435242483466,6.788460520628402,10.9163947898931,14.410239603331842,44.169515694236246,19.26914592434763,0.0,10.65945367487467,4.956478875528818,2.771283778350446,8.159117852959612,0.0,0.0,3.076331290145269,0.0,5.593481043158757,0.0,0.0,0.0,0.0,0.0,0.0,0.0,0.0,0.0,0.0,0.0,0.0,0.0,0.0,1.3192682183382964,0.0,0.0,0.0,0.0,0.0,0.0,0.0,0.0,0.0,0.0,0.0,0.0,0.0,0.0,0.0,0.0,0.0,0.0,0.0,0.0,0.0,0.0,0.0,0.0,0.0,0.0,0.0,0.0,0.0,0.0,0.0,0.0,0.0,0.0,0.0,0.0,0.0,0.0,0.0,0.0,0.0,0.0,0.0,0.0,0.0,0.0,0.0,0.0,0.0,0.0,0.0,0.0,0.0,0.0,0.0,0.0,0.0,0.0,0.0,0.0,0.0,0.0,0.0,0.0,0.0,0.0,0.0,0.0,0.0,0.0,0.0,0.0,0.0,0.0,0.0,0.0
2005-07-01,0.0,0.0,0.0,0.0,0.0,0.0169122012991864,0.1007432165186173,0.0345624596997719,0.0,0.0154147821538459,0.0071676320801042,0.0040075817937348,0.1798200662596837,0.0,0.0,0.0677997433546076,0.0,0.0067759668913511,0.0,0.0,0.0,0.0,0.0,0.0,0.0,0.0,0.0,0.0,0.0,0.0,0.0,0.0,0.0,0.0,0.0,0.0,0.0,0.0,0.0,0.0,0.0,0.0,0.0,0.0,0.0,0.0,0.0,0.0,0.0,0.0,0.0,0.0,0.0,0.0,0.0,0.0,0.0,0.0,0.0,0.0,0.0,0.0,0.0,0.0,0.0,0.0,0.0,0.0,0.0,0.0,0.0,0.0,0.0,0.0,0.0,0.0,0.0,0.0,0.0,0.0,0.0,0.0,0.0,0.0,0.0,0.0,0.0,0.0,0.0,0.0,0.0,0.0,0.0,0.0,0.0,0.0,0.0,0.0,0.0,0.0,0.0,0.0,0.0,0.0,0.0,0.0,0.0,0.0,0.0
2005-08-01,3.2617835049793715,0.0783686206983136,2.604485700130476,1.0340131499449885,1.709051651594412,4.264531457012327,16.782619890618047,7.121371431113539,0.0,4.927019331383238,2.290986759751577,1.2809414199215317,3.4954925787851425,0.0,0.0,1.3179480169766995,0.0,1.7842841510564251,0.0,0.0,0.0,0.0,0.0,0.0,0.0,0.0,0.0,0.0,0.0,0.0,0.0,0.0,0.158262418319851,0.0,0.0,0.0,0.0,0.0,0.0,0.0,0.0,0.0,0.0,0.0,0.0,0.0,0.0,0.0,0.0,0.0,0.0,0.0,0.0,0.0,0.0,0.0,0.0,0.0,0.0,0.0,0.0,0.0,0.0,0.0,0.0,0.0,0.0,0.0,0.0,0.0,0.0,0.0,0.0,0.0,0.0,0.0,0.0,0.0,0.0,0.0,0.0,0.0,0.0,0.0,0.0,0.0,0.0,0.0,0.0,0.0,0.0,0.0,0.0,0.0,0.0,0.0,0.0,0.0,0.0,0.0,0.0,0.0,0.0,0.0,0.0,0.0,0.0,0.0,0.0
2005-09-01,47.22393432972496,5.334228876571673,40.264332907465885,27.10798788316693,27.127299001298177,24.54108900877416,51.10558598058744,24.855030890707056,0.0,14.950756130396636,6.951867596482682,3.8870527671920314,12.460113402132812,0.0,0.0,4.697987874244927,0.0,9.37292954241217,0.0,0.0,0.0,0.0,0.0,0.0,0.0,0.0,0.0,0.0,0.0,0.0,0.0,0.0,14.415810292613363,0.0,0.0,0.0,0.0,0.0,0.0,0.0,0.0,0.0,0.0,0.0,0.0,0.0,0.0,0.0,0.0,0.0,0.0,0.0,0.0,0.0,0.0,0.0,0.0,0.0,0.0,0.0,0.0,0.0,0.0,0.0,0.0,0.0,0.0,0.0,0.0,0.0,0.0,0.0,0.0,0.0,0.0,0.0,0.0,0.0,0.0,0.0,0.0,0.0,0.0,0.0,0.0,0.0,0.0,0.0,0.0,0.0,0.0,0.0,0.0,0.0,0.0,0.0,0.0,0.0,0.0,0.0,0.0,0.0,0.0,0.0,0.0,0.0,0.0,0.0,0.0
2005-10-01,13.12292297765935,3.453997697014216,14.341119228986756,15.54994746261184,9.830472960087018,11.891786576906844,38.25289879351638,15.096334192612034,0.8694285163808669,9.788065851770902,4.726198620963958,2.835134193077518,9.964451860904596,0.8963399590189078,0.5506719328887365,4.133514517141526,0.3223842443577089,4.845787300680156,0.034003106154641,0.144524592945448,23.52340418918993,0.2812081937244716,9.915183342015936,5.11187542279067,24.82952602009884,3.8489960634623017,21.81907124273137,4.873293470922275,35.330806596749134,38.711055151275325,7.179204578352219,10.915932760277755,12.84255522746354,0.1490551753542121,0.1824747003632514,0.1788064398777078,0.1794763171957738,32.9341573064962,26.77998360557459,23.64692899658634,7.043628547827702,19.666396373670768,2.667033385932382,2.0445484142808525,0.6337035451006698,0.3942246693878476,0.5240420466886573,0.6993335574348585,9.187872387385724,6.446135032615927,0.7682304194045942,0.7276097058029949,0.750798266807846,8.17769335891296,11.800296368975532,18.026889282813062,21.384805585103976,7.039410223442849,10.86984349026261,8.127886263498262,40.04971517268699,42.79614679912099,0.1007746795303531,0.0731682543848002,0.0226853891531989,0.0692680318546989,0.1073686121752657,0.0447288521003782,0.2595006718763306,0.1608588085602584,0.0926084135496751,0.1336726862582783,0.0173075036818345,0.0097760757110358,0.0011426338966554,0.070707204532454,0.00049182273887,2.5501495527790352e-05,0.0001120078956283,0.0035032740107717,0.2595503581489669,0.1584121912998682,0.0074557405513934,0.0945078690377692,0.0015541534045746,0.0731778661587006,21.122722924328915,19.793436552621717,13.670402720892747,10.767485476379823,1.1753266849565231,8.911002018853294,0.960395224161584,0.5936148742075152,5.148235022077271,4.739798306400799,3.44280059883061,3.028337981788426,2.732871274038483,0.000213972817952,2.353380034336108,0.0047411981957985,0.3518965767111187,0.2861997543185857,0.2443051402919407,0.1631337475377476,0.150395322290906,0.1287989647495122,0.0966335692131209
2005-11-01,31.33565510066165,20.119173197071888,35.03990265588256,35.21148248529226,27.15350763791801,23.75116247621169,34.20199960902728,22.496529858583145,8.680511437786778,17.715511319555436,14.412647923257152,14.02760037746406,13.354481665989145,7.890138395477816,8.599657689836807,13.657610710089791,19.24085717897485,19.202150758877245,26.878883417024205,31.43684784356345,39.7292952768448,37.57323962388247,32.85810183974346,21.433078743436017,23.65899719436939,28.09649770242529,28.12744104001621,39.13343542215571,39.93493566016003,40.794026655417206,35.79005305240268,35.87992316761313,24.16022262901094,36.24683111712503,35.57250580385867,35.564325742902696,35.384333380074594,20.049372971507324,26.1583592989727,34.17161895010786,32.773459619589126,33.68958646197312,29.456704153587417,27.2621685705543,41.90805516056253,37.05742768601687,39.427596430019726,42.91624261449605,33.581472250189805,35.60190776488949,36.27934427998603,44.40608184339979,43.62965226356021,33.966806719328005,40.347415816913184,41.27760905603983,39.1402313254062,35.73273613652243,22.802785049323237,23.647320522878413,20.265786447514195,35.22932735069524,35.13590997898703,38.02074416828727,24.50390490798776,36.24016393948549,35.68691886190709,26.240695254894927,26.94756800493494,24.598277413014628,28.844769059361848,17.39681966163265,11.473686266214232,10.782855127595466,11.145803552554057,22.579194322146645,11.342973601975192,11.772434637992085,10.933291257784362,12.531807455929354,20.105144101708262,15.94598509302546,10.266079445292366,13.868222078316156,12.00084596680749,13.591855532937853,23.71986433452406,24.62006186671617,23.193281693950347,25.15234612416562,26.746120501782755,25.24998582913199,25.278767612527364,24.55963938809822,26.43923971018311,26.937998123870837,29.05150639592141,29.530535455655603,30.437983925302916,43.88502978830277,32.77104101854644,44.37696871317796,39.21819757931506,36.25833838259791,35.19585899222461,32.03842939098024,31.638301739894025,32.41507250430883,17.03023760879314
2005-12-01,9.26601093559562,6.920803239288247,16.355478987881465,19.790291437233243,13.368070361165652,11.95922411607102,16.933285063260556,10.661408245894128,7.2556018584841855,9.02714699006772,7.556759650783917,7.220106803137126,8.93285033520981,6.286929586248091,6.136989466428221,10.558508232276502,15.28027785760975,11.007799088863548,18.30850908019369,18.71185132981712,29.3257034886686,23.716384250329583,19.1068552653646,13.79640195903226,13.57417421693749,13.683627161012978,15.465221100178788,16.051365962128564,24.789327513625917,25.314452118169623,28.628335281774564,28.444577154627503,13.02493773284399,36.41376099508628,34.90950313889255,35.15988250249834,34.68077990279415,17.721108091517202,20.131505132129977,23.32426977617285,23.058595850363083,23.68367462043364,27.932602922390053,27.631740649400843,35.56202170004094,33.15375185346728,34.3664036419564,34.64544330584932,28.67345986962642,25.395598102658692,31.155413363538024,30.18033096325417,30.067511738861544,28.74864789588587,25.614151419997288,24.651435943550663,24.517417400958216,28.675930794885964,13.740888826961845,13.27602539992667,17.003691228142465,19.919352866949325,36.54551661335671,30.90073001742688,37.93038112995689,31.678841478115928,42.68261004765863,40.57448276358798,42.78094628261975,43.42188748338228,42.10666149170047,42.21695386377848,39.54987488187086,38.35520872155543,38.06677913605412,41.135566616454376,37.23485092884734,35.54686410176534,37.740650274268205,31.889723534603768,39.74663704876279,37.40367652413892,35.60543592583479,35.964410951493,35.26852381561165,35.550937696908534,19.966647884245933,20.32906954886541,20.533445714783166,22.617100962357124,29.34193685940376,24.02033318439885,29.74254182440997,30.909388693418045,28.29683466159559,28.77286881733569,27.54972143399662,27.20257241136001,26.39270615739666,11.972042082954376,24.73699624947982,21.63022584063023,40.69658731800379,38.45502124373415,38.94088228159468,36.23172288640737,35.64688558802418,34.23040712253096,33.7359057249124
2006-01-01,22.739207973243943,14.428488630504862,38.54146670163804,40.72847836258514,30.208053621958804,26.025167874302035,38.77342595882218,23.20504521742276,7.472323324836397,12.361489446959792,9.803003327440113,9.870651678363574,14.201130031632758,6.700987864870453,7.738372085781107,13.40889041625822,23.0380007176165,18.46404953732929,16.513835451789042,22.600542383406584,21.65821804502207,31.27239348814381,19.825243223385197,9.54174745099396,10.941416421720106,15.064808697207816,11.733715237294156,17.00537088078419,23.6888970447372,24.42735813773825,19.4195217408482,19.90364510772705,23.64128042501421,8.189639106340705,8.797977567995234,8.66883398736683,8.949658916208689,9.213961442168324,11.54087886481014,16.870195535464912,15.70197494123182,16.25825811257604,13.217522156220635,15.89695866988298,16.896451363953073,12.405413863214475,14.992919039644194,20.139902421865795,13.586819534356456,21.8978620059602,21.875772374078363,22.22808749854301,22.30664338803016,14.85836317951113,25.35057917212449,25.93905246915658,28.176849318825003,17.969815845349004,9.643243591435247,11.080466147224412,8.4602364354079,14.42027913769909,9.487023278956364,12.89745067677772,10.469250794435284,12.646705331772656,9.283901888790131,9.107517736672618,8.647950776378474,9.096914685775598,9.313089711984873,9.029670504550957,11.29642352131503,11.119833314116176,13.242580872429674,9.930241906464792,6.096279488176552,9.634335655313205,8.64895319704256,4.093103494896988,8.053635660836045,7.8199624496369,7.810003097101393,7.322352895663239,5.06775562829488,6.735621139046425,12.28025514985676,12.7358109081653,12.56150166216043,12.498523094275274,7.82761924503672,11.479431715878151,7.458044774157261,6.657994613618058,9.082813563719826,8.756434117223838,7.189416461329572,6.902059333311228,6.698501419926533,4.325228437019924,6.378749138839217,4.250627984755163,9.829255318917784,8.608603122092779,8.94339524307437,8.282618923447782,8.058314221943345,7.528738300618018,7.743846201083934
2006-02-01,26.410676746843453,22.736028926303447,36.276304445773576,42.52561732060833,32.023783712636366,28.27912574298575,31.182136468138943,25.473560392755346,21.72501621325501,24.952287749528903,21.07452647804392,18.32323697968885,19.916434007746407,19.383816192797106,13.34719628346646,15.775893794733364,15.582449360974822,19.766507288838067,13.392405701223408,15.586786283000473,20.859818916647672,20.2763717979082,19.01824348756702,15.391784406256322,19.297996968702154,14.71388135726245,19.9596486055704,19.239504741162925,27.52949648884648,26.89566760827905,23.19874535647363,23.29931700689026,31.810520793436616,14.844225098066042,14.9600822104731,14.626022767067834,15.325862873150678,23.29764476017324,26.49208408454247,27.29262497138268,21.05274372274843,25.314684832317088,15.97884753846597,20.1303029917112,25.00007017065276,20.66729050310817,23.229432116232992,28.682517432854624,21.124374076681622,25.49445007647142,29.632006156520735,27.513296912607903,27.6544452288216,22.15377737393097,28.12836282505528,27.828243258436427,27.204702828993117,23.623886295133318,16.661502222387263,14.864396607187617,24.67814757544247,28.221864395243728,17.353823682813548,23.210899136439128,18.18196268332762,22.628979520534468,12.191286975476498,17.67532319165523,13.849445852789604,14.13757810779246,15.528083425869948,14.914126934672092,15.170108045019123,15.65175804489018,13.774249252607335,15.284684442234049,15.812827449515076,15.685497706624554,16.137881921333136,10.711922838190372,15.23331660733826,15.315064135166766,15.571161163871462,15.028915366369786,14.18468369741564,14.659482212808872,24.8160687996418,24.84457804847169,21.371104350296832,19.2113900787935,10.856525705920156,17.56629393073321,11.18697985887017,10.116425647601208,14.152401866700904,13.794168265833616,12.817712137083348,12.60897231939342,12.44068139528936,9.305830829873468,12.031114521626682,9.526327667320166,11.753929325541716,11.604020291853107,12.018993108939624,12.421740225947278,12.27711443309298,11.927113301621862,14.762269492577644
2006-03-01,23.667107833087616,16.37290977219714,28.063514558483824,28.679238087835767,25.05613195742084,23.49786501335312,20.642267570450876,22.10784091483301,22.3081901042822,15.060646126088727,23.965097819439585,25.757680776500184,30.271239071711925,29.16189133306468,42.61977878039517,34.51406293546058,26.885737050796973,24.724961359983368,27.093599992723725,33.90790634308305,27.096050945561704,34.079534578288914,28.9386351582189,21.969096440098344,28.26929641423861,21.53520663734288,21.64034859927233,24.23465433718179,26.094167333285878,28.2072549717912,21.97741694015572,23.007092639009755,25.284085533708367,7.5807351941732914,11.155814481902496,11.094372401217935,11.482172792075986,13.948361003880672,14.975443872467816,19.065004974365063,19.550320092165197,19.45191122293098,22.775173053025046,22.255583485300072,17.145169643066936,12.867319238981365,15.509005944437602,21.211198230291743,17.204871729773295,24.0833952502224,23.84568648299337,26.874982861810903,26.803087611364088,18.168546225606654,26.26014865051541,26.82390602709296,28.49814990126168,21.017187312423808,23.173798321674926,22.24914507530072,17.14429400341639,21.216869845883256,14.391159705437268,18.58966115944972,15.022406827605671,18.229772607150142,8.66517705126156,11.80591429822015,17.171938370732683,15.874963709131109,11.936888954227957,21.148209686075308,28.89399931685392,30.874301109365124,32.206385022036606,17.98985883167537,27.271253786579383,32.487518195319666,30.47997311191952,16.43686769009679,25.64865212247498,28.35053016665696,30.97143119921303,28.75181125681077,25.799023958504726,27.735115673837267,13.290421705670571,13.75811942798307,14.391519997115974,15.16972674167101,19.77600051457869,15.785104872527356,16.69374186936505,17.51552418990209,15.905676614236166,15.647967642742389,18.12071962838225,17.476495990870962,17.394108580408453,26.603919697333687,18.40816483097296,20.275229295344893,8.38490982776134,8.911906495826456,9.457792690088084,11.086664367052776,11.686665139047696,12.699882048399797,29.12678731471268
2006-04-01,29.036439397518517,10.139426373878404,25.02100083308457,23.262154370420827,18.10994789006554,20.060138911132245,50.99811825169799,24.082076164030106,4.32898745154112,15.302451744294128,7.892636860099275,4.81270324481918,10.111212209283234,3.9055296331703446,1.0131766955985309,4.102686305169489,6.185811621217725,8.44363076644644,10.417702351041214,15.419191405925734,1.1399355138489955,23.998923983030643,13.363534433520472,38.56947877214981,8.079323428111758,33.03519738316639,13.078757748460198,25.362820474749185,1.9119193693391296,2.1027268557994567,0.7955332923751112,0.9609535836309704,13.860408993307688,0.0929206498930675,0.0669563235533423,0.0729498321007932,0.0656822165298482,3.7061065382389686,2.7741926949194267,2.115593983000211,2.180868692878577,2.000505616812987,0.7585225618629741,0.6265169899559565,0.061405156625998,0.027645454557373,0.0500475587627913,0.2077513245808157,1.0075964307099332,1.092467222448951,0.513181545060846,0.4367597888737896,0.4502402740892867,0.95051202192815,1.1804961990455354,1.288817429910579,1.1832730564917218,0.8383669838427106,35.68345950180251,28.358076106284827,2.696913564587783,1.812111669937909,0.0785935168136357,0.0325892418212336,0.0083088748896276,0.0292952113831339,0.0415741519763149,0.0079426210138626,0.0010663600255018,0.0005758412918604,0.0212575903845773,0.0026233170691022,0.1284650662501507,0.1747840703476389,0.1455141215511025,0.051317831118906,0.0001889604530269,2.344219119911829,0.1097856271578688,0.0,0.6584546574973724,0.4010139647384436,0.1178728954740925,0.2605082501108818,0.0,0.2007877119112253,3.7347197251717175,3.608789097924119,3.734904220639895,2.8629714794091816,0.5085340320369446,2.414746880242615,0.7870271317284081,0.595705352326976,1.4988623582551224,1.3843983577463324,1.0587209663016668,0.9316209324255152,0.8406400405952673,0.0015919370740129,0.7344516014561238,0.1012697874726171,0.06726541192637,0.0369789724451754,0.0260961838588437,0.0109325354405795,0.0106479512800531,0.0223491705372237,0.4697288412159101
2006-05-01,14.7413755308736,1.3618903558826423,14.667908382161809,15.645874562640444,9.755989573644644,11.40800309983798,32.051749921859084,14.178049700682768,1.6494723627877008,8.617594729295538,5.224497387704045,4.146419312363164,10.631674740414226,2.293454791350241,7.779781232568515,8.473937478526668,6.573808997951809,7.005043840239173,2.25065243585522,2.4461895875661246,0.2230218311478823,2.044917025515511,1.31637969656853,0.5117600064112158,0.2610601583055345,1.2001454683844663,0.3404364848107409,0.8087770743232103,0.0817438177576724,0.0718024893574846,0.0162463557032898,0.0309064012421755,10.137114506520044,0.0,1.3198864373363876e-05,1.474399348190546e-05,1.2240003883801553e-05,0.0060507983199365,0.0103974232028614,0.0406747400174098,0.0,0.0319727714041664,0.0,0.0,0.0063304576044143,0.0,0.0032542173843185,0.0209164797923544,0.0145782921409364,0.0,0.0016193711610011,0.040399895212071,0.0377901018804828,0.0131238466321362,0.0,0.0006794126353369,0.0064942517010543,0.0157649238156124,0.4570859206838847,0.475657351204422,0.0152626136599263,0.3099763916859124,7.91304994264227e-05,0.1836320682546952,7.258302970097859e-07,0.1610982901091209,0.0,0.0,0.0,0.0,1.0976185755969677e-06,0.0,0.0,0.0,0.0,6.77459686043147e-07,0.0,0.0,0.0,0.0,0.0,0.0,0.0,0.0,0.0,0.0,0.0007743261467974,0.0006723793273607,4.115240576669268e-06,0.0002133871292588,0.0,0.0001737470334444,0.0,0.0,9.75697037002036e-05,8.958187336714493e-05,6.495962358709108e-05,5.708018342888682e-05,5.150438545732287e-05,0.0,4.435095766138145e-05,0.0,0.0,0.0,0.0,0.0,0.0,0.0,0.0
2006-06-01,2.1474795913212838e-06,0.0,0.1919558576328972,0.3273893273527797,0.1253204961757934,0.190785623529761,0.8455612071331469,0.2730283637892874,0.0,0.2198215199906665,0.1022135611685736,0.0571498651484953,0.3382809380958307,0.0,0.0,0.1275461702451583,0.0,0.0797810655185957,0.0,0.0,0.0,0.0,0.0,0.0,0.0,0.0,0.0,0.0,0.0,0.0,0.0,0.0,0.0586087575041563,0.0,0.0,0.0,0.0,0.0,0.0,0.0,0.0,0.0,0.0,0.0,0.0,0.0,0.0,0.0,0.0,0.0,0.0,0.0,0.0,0.0,0.0,0.0,0.0,0.0,0.0,0.0,0.0,0.0,0.0,0.0,0.0,0.0,0.0,0.0,0.0,0.0,0.0,0.0,0.0,0.0,0.0,0.0,0.0,0.0,0.0,0.0,0.0,0.0,0.0,0.0,0.0,0.0,0.0,0.0,0.0,0.0,0.0,0.0,0.0,0.0,0.0,0.0,0.0,0.0,0.0,0.0,0.0,0.0,0.0,0.0,0.0,0.0,0.0,0.0,0.0
2006-07-01,0.0,0.0,0.0,0.0,0.0,0.0068016604763926,0.0469356664351753,0.0139001488894387,0.0,0.0048508687452013,0.0022555779308113,0.001261143561618,0.0337443039905792,0.0,0.0,0.0127230247314956,0.0,0.0026270051654372,0.0,0.0,0.0,0.0,0.0,0.0,0.0,0.0,0.0,0.0,0.0,0.0,0.0,0.0,0.0,0.0,0.0,0.0,0.0,0.0,0.0,0.0,0.0,0.0,0.0,0.0,0.0,0.0,0.0,0.0,0.0,0.0,0.0,0.0,0.0,0.0,0.0,0.0,0.0,0.0,0.0,0.0,0.0,0.0,0.0,0.0,0.0,0.0,0.0,0.0,0.0,0.0,0.0,0.0,0.0,0.0,0.0,0.0,0.0,0.0,0.0,0.0,0.0,0.0,0.0,0.0,0.0,0.0,0.0,0.0,0.0,0.0,0.0,0.0,0.0,0.0,0.0,0.0,0.0,0.0,0.0,0.0,0.0,0.0,0.0,0.0,0.0,0.0,0.0,0.0,0.0
2006-08-01,0.0654893694017068,0.0006748996265956,0.0242145004776797,0.0,0.0158834929526026,0.3841053538176298,2.414634114591739,0.7701608350328553,0.0,0.7902664888334947,0.3674615301508511,0.2054558774324134,1.3962047155460575,0.0,0.0,0.52642801970616,0.0,0.1859203021308488,0.0,0.0,0.0,0.0,0.0,0.0,0.0,0.0,0.0,0.0,0.0,0.0,0.0,0.0,0.0,0.0,0.0,0.0,0.0,0.0,0.0,0.0,0.0,0.0,0.0,0.0,0.0,0.0,0.0,0.0,0.0,0.0,0.0,0.0,0.0,0.0,0.0,0.0,0.0,0.0,0.0,0.0,0.0,0.0,0.0,0.0,0.0,0.0,0.0,0.0,0.0,0.0,0.0,0.0,0.0,0.0,0.0,0.0,0.0,0.0,0.0,0.0,0.0,0.0,0.0,0.0,0.0,0.0,0.0,0.0,0.0,0.0,0.0,0.0,0.0,0.0,0.0,0.0,0.0,0.0,0.0,0.0,0.0,0.0,0.0,0.0,0.0,0.0,0.0,0.0,0.0
2006-09-01,11.007097832163216,1.5574617463121605,8.178620351263724,5.788319305345442,5.520804141538697,11.085420426113805,42.86895127826207,17.501950619503624,2.3276569419932915,25.34123178179041,12.09250506457881,6.920597316007767,21.146958001141076,0.5418598830529042,0.4650482894017015,10.101199541028343,11.555363082925634,7.0865487204657,0.1866396998676422,0.0298477070832384,0.0,0.0,0.0112877626723136,4.68525662021298e-05,0.0,0.0,2.268654000629359e-06,0.0,0.0,0.0,0.0,0.0,2.8751235583312966,0.0,0.0,0.0,0.0,0.0,0.0,0.0,0.0,0.0,0.0,0.0,0.0,0.0,0.0,0.0,0.0,0.0,0.0,0.0,0.0,0.0,0.0,0.0,0.0,0.0,3.124929715038405e-05,6.134714191803863e-06,0.0,0.0,0.0,0.0,0.0,0.0,0.0,0.0,0.0,0.0,0.0,0.0,0.0,0.0,0.0,0.0,0.0,0.0,0.0,0.0,0.0,0.0,0.0,0.0,0.0,0.0,0.0,0.0,0.0,0.0,0.0,0.0,0.0,0.0,0.0,0.0,0.0,0.0,0.0,0.0,0.0,0.0,0.0,0.0,0.0,0.0,0.0,0.0,0.0
2006-10-01,24.666074062153896,12.853061285119422,27.66011404468879,28.54845786446146,21.92713239273649,20.379300798882404,33.662139480129106,20.354786172200903,19.454840541731727,24.56961686978889,18.648192771187745,13.802225693763525,27.398503349071166,22.6846832339746,14.725710139463835,17.271920711633992,13.716034469608433,14.164215697924604,6.928775671960081,12.002023085619411,20.276250020965435,20.016570932742177,13.947216279050789,10.727605849769764,14.500819523583342,8.514456611573989,12.684382281612235,11.25014279613826,22.53271536610213,24.35299179139531,13.682736231938508,15.25208162931984,23.630489170860493,1.881252640084955,2.3574792269436617,2.365778345552601,2.3493129919057365,13.749065467167494,16.84559126587098,18.941060670495663,12.547607186024983,16.725906873456566,4.421118910707122,4.243820289502108,8.519641501997208,3.807588407026658,6.376242058761958,11.47414544469827,9.363578836785234,11.614991469685128,10.378053608682126,17.51387451076334,17.029022556911162,9.55831959009826,18.25987109822995,21.41177839981797,23.700899365441558,12.084959616961946,11.804113919283845,10.215344698055407,12.87357825027347,15.843855906669106,3.9107526854205057,8.80097054441118,2.9028053670268927,8.10100472991586,2.436804230335064,2.3603625579701677,4.3352270001851005,3.555573630564853,2.610251153667603,2.7244432990122687,1.4663636008765644,1.1689485863544429,0.9880050804377488,2.217077586439232,0.856738557817641,1.2979542354380122,0.8921370872629317,2.937927999975413,2.835766622494338,1.8432114615064228,0.7791791723948224,1.3007521090526346,0.5855546198426695,1.1508402805565745,16.785209538982063,16.96599262476925,14.513699011120211,11.630089581692165,2.346748928796642,9.825390175990623,2.5558262075578906,1.9905749277697853,6.381410160752946,6.035329269554866,4.7048925209226615,4.35817041297422,4.201325291853044,3.138512583821908,4.0257843467153815,3.1553040081572687,3.353897153471668,3.512910363693243,3.500309033833651,3.668357791783667,3.67344406504842,3.5721351505177688,1.225864766104947
2006-11-01,23.83503057876201,17.413742769403804,36.02369579179699,38.15900702076582,28.98762122422589,31.112232558022605,62.39959712692072,34.6049629486052,31.165834662975985,28.203728622712333,28.158611485321263,25.389125653116015,41.75005103475328,33.97155775141501,38.21295721005221,41.563318784460456,23.29787406858264,27.275917294436105,20.740974949950143,33.06664134817599,20.25795720993236,54.91766051892173,28.803723289311893,18.29183868204542,20.289743188612444,24.404242412200595,17.55429645824542,25.49952975715022,10.67706258478028,11.119169011399691,6.298751292677671,7.203631585162695,22.23312056742704,1.2179305948036434,1.3223504472741436,1.379075318866468,1.2790922312344708,5.900306427166216,6.484136354246799,8.497608604925535,8.53984967967305,8.532123986088623,6.428798696956908,3.448664410613204,2.486515673504248,0.9804099602727344,1.76121974501206,2.6392628033474432,4.860040695535241,9.883831503232509,1.8522804837152007,4.688221322331657,4.519634742134025,4.893973997707455,12.369958172407314,11.49996117771311,12.463566948626037,5.45368492181096,18.07754948090817,21.50607253777015,6.991164055596446,10.480287322185122,3.107894428521295,4.697798870070578,3.478873410899742,4.594162057519607,2.314445794448825,1.6710469976879203,2.2741523668549197,1.8857372391025236,1.6397866019121288,4.359016029534807,9.506250343264933,9.685646606823235,11.057138713755831,4.161029741072068,10.790768470516936,11.6153393210546,11.395496727858973,4.946845687767418,6.321086233385225,7.178737830421979,8.975136656543013,7.715375666788987,8.776366018910972,7.80731915619912,5.837105369759684,6.035206461167597,6.019732331300621,6.706481654661645,7.2404179643253315,6.709684817250656,7.421418468755759,7.403493355380303,6.374837022753253,6.2985660429361285,6.74279850095795,6.718637443566379,6.63559244039612,4.992749147948824,6.269236320354542,3.52739515941479,3.525767701926804,4.186839803713286,3.763243494103479,3.3824890838288275,3.2212434705271145,3.128851301020681,6.791731836650508
2006-12-01,14.353957385574011,10.501156089413367,23.072379051455663,25.772361586720148,19.53416560662353,17.445465301824015,25.168418488333742,15.95488537490233,14.17845515725911,12.48177956852549,11.87267396032196,10.768783469035718,19.578984791164416,16.366901203551425,19.354186822322205,19.07358539010364,18.82364051455565,15.240766806139058,18.28586668831237,19.60280702497904,30.26303439179497,20.03649570441884,22.582226449740578,16.659561761539585,19.777489987429792,23.422100623748552,24.26944316036736,25.682495400159272,32.20095289440217,32.604026215321355,24.63483327952397,25.70946057907179,18.57434701632746,12.33364863141189,17.404313604818753,17.519737728977027,17.569418884924414,24.568633630664124,27.779527070972787,28.763825541477967,25.81957383573322,28.24986491070812,27.69066763610396,27.07369481340931,15.864903363812989,15.12423969309119,15.71617132381828,17.77229192106549,23.842843847039063,27.49711641140784,22.13901413848822,20.87430905922436,21.20697972469308,23.809791589167425,28.63634920845137,28.957759000912905,30.105092581163444,24.008871013994987,17.31484493686379,20.182208061202143,25.58926383882437,31.59564147413585,11.014257921952597,16.223898652482976,13.748689543518198,15.982768637765131,13.536119614317888,12.803765202151965,19.90293179296185,19.839779388036128,15.149646407232929,17.949638422290594,16.867882909796098,14.250335528862536,10.338822325487458,15.065730829975726,5.601266080967502,3.4183834283161363,5.681091611618061,3.844128758390801,15.003911164718792,13.731677913861994,11.740553062323592,12.628174110511454,6.815986037532925,11.302587940764296,26.890187256609774,26.875833552052924,25.16333446400095,25.40641098728313,26.506330162171853,25.539240811218964,25.167993324218237,25.256014402610408,25.42491960332652,25.48398355005901,24.787633617077407,25.103600343093884,25.595578964908874,37.30097870304674,26.54632876604414,26.59946043458101,14.986760283548511,18.148442320965028,16.884850051341655,17.99075196963755,18.487373822408443,19.37919014250097,10.451990498083084
2007-01-01,14.84214538427461,10.21511810422087,22.86700990748305,26.39320842054291,18.92304947213764,17.825529429583348,30.944033817828693,17.4331963711037,16.018405118840068,15.585358306261345,13.388560042021409,10.97246025317643,22.212508082372928,15.933300784898028,13.390784150314218,19.79754244578663,9.865305360256116,13.38072795997224,14.811612393509536,18.396438399460745,10.928384243627873,19.29606593074758,15.385981795449334,11.379950989864003,11.999230086398647,15.791785823161916,12.050687174021864,16.20812419554581,9.23880781137541,9.640429872775265,8.330451443041902,8.603391645106859,18.771473702251544,9.171887344812356,8.809964463231644,8.95341819890664,8.676849445407687,12.266027217775852,10.98557589047284,9.069824766508011,8.682304667343868,8.832150761914269,6.661130212310092,6.205624467610651,7.7315777592082755,7.333227893959623,7.532242615292907,8.246789099917551,8.27354375455565,6.559882645857417,7.443816450190424,9.419410416609669,9.24948047399194,8.081095342160056,6.789941798326044,7.16297561226115,7.764956288853243,8.172670384467803,11.362343742817636,12.87612418960597,11.957435082829642,10.098045275405266,7.084041932710466,7.364657473663116,6.856036722971505,7.306342531389996,10.895423283412946,7.97622775508607,16.62845941646559,15.24058583600141,10.645109271152991,15.719179553378602,18.61222271655194,21.13674208033446,22.507558001357896,13.879173751089576,25.322396904839525,24.913779982322776,25.217524915266715,24.00751379551269,19.24587357980981,21.025811883160262,23.402538422565318,22.042021390725274,24.7326267404996,22.578197457962663,11.206787718027014,10.967891032231597,10.73744072143825,10.05966251216716,7.89820599151861,9.771446609411122,9.182301857448309,8.942735765283313,9.908352774747565,10.066456057763164,9.466715873223134,9.495834676373915,9.531208838727643,9.862222584247863,9.899894396688826,13.98059935461521,11.831397702248704,12.074548792672935,11.914788224047385,12.364420279127128,12.730621622312274,13.045159646098233,22.09876665361213
2007-02-01,36.73474033361413,30.60978622836216,42.753700139345696,47.90714437458044,37.8897366031142,34.01406428104983,38.2105775890714,31.35455829206146,26.34199139717724,31.45643032400068,28.39803680415667,25.589863682465747,26.49140864451753,26.235723297176385,21.846878207393654,22.81386441890994,23.61729755995224,27.46694697817584,25.71354116263797,23.138349312074368,33.09567065638293,20.499876980954816,24.830583301619107,28.871842246617877,25.07398662413693,25.27801264966712,25.40754488297905,29.226296641124872,28.19564300327045,29.26505144291545,30.12798516057541,30.08058747491284,39.36278933781125,37.926990050460354,37.08322513622672,37.69110210659268,36.57131941580539,27.973263279467474,27.620456707253272,28.91124551428355,35.46502671994459,30.58550674341012,34.641755551773265,29.479394870131717,26.53626009894636,28.4983226960031,27.15605301054595,25.85281672892124,32.08885529965587,30.226566847730915,24.83053702753132,29.951439761312216,29.532807024525077,31.225511068853955,30.84420497604659,31.15437106226857,30.417855933172085,30.30113051497311,28.6899999406763,25.18861954204753,26.183186454667773,25.522098938770675,40.70219521361632,34.53763981246814,44.49924483856358,35.84836985908942,42.4171704897777,35.97746422032778,42.99351480931459,40.581191452920095,37.681802138278,41.40401161174897,47.30351522613705,50.56096007503256,50.66050163025962,41.353296537039895,54.87162055261262,54.26684831567211,60.16306032122799,42.822450859594205,43.64435979976672,45.72499273619932,50.87259146031662,46.8735401845992,49.215465607202056,46.973201473026926,29.38307694288823,29.808889182356896,32.996442917339245,36.094250633690095,43.65129243315511,38.05655992164971,49.68900020293795,51.06689235832589,43.41084547804685,43.89035087172383,44.37719796823871,44.97880925278622,45.16642893290719,49.207009963093256,45.04972988011512,40.77079593962483,45.760866879273,45.71532865625606,44.37943246912369,43.21900240466622,43.1909726038632,43.10489190052133,43.42375703103957
2007-03-01,27.753450352188192,18.01797635131535,21.00609700232734,16.74026213705539,18.16728257694765,22.30478241821432,53.86694583413141,28.01655258517769,11.148218370997524,21.3150307875396,15.732290380449715,12.182258408678306,19.757535247651997,10.281296781586768,8.081160589156195,15.051933094262033,27.72991696909669,15.939756567787644,17.570886846796128,22.902401837274184,26.27761791331805,22.47793363584419,22.892032060331196,19.84439259117503,19.54451678397921,21.38965372877534,20.3289611993384,27.28605556186294,25.57207949690475,25.73627137294776,24.49991010471589,24.635427116490288,10.680930439957605,20.31300526258371,20.98156976573824,21.22467096297049,20.86495671698177,15.744780897136616,21.32106461800983,24.375369019460923,24.39275082263735,24.364626671576055,23.51230474832635,22.781956138316723,22.62640345413138,18.5194957680755,20.72414125714135,25.937450881127184,22.769100292096088,25.95070714512198,26.99587053115844,27.155029492663072,27.217042290106708,23.29958275118071,27.60068485349249,27.39593423580741,26.97653419218857,24.521293591319363,19.76229802982809,19.83604537593976,16.054037968638394,24.91515961901053,21.888789910397527,27.466048228214277,24.09382783710357,27.20804287000801,25.436943974474957,20.16541623429839,28.167157037597303,26.937722986709684,23.207179709787617,27.33476722545124,31.742426323571973,31.03207999646856,27.16774290858624,25.47820113139969,18.511002083409128,19.669385676170958,19.34616561616133,12.064704616840924,27.216063800448826,29.23429282374704,29.60306133038093,29.12181718829326,18.983916575236787,26.860241663755144,20.370583182875748,20.89717239388207,22.07887962680854,23.31229452384037,24.78100744182179,23.608540445402227,24.361423698790677,22.919603075797674,23.14919890915824,23.06784521645497,20.781744559437143,20.582992074909303,20.15792274070498,11.209533933024824,19.20744358329218,16.53928329074907,25.657806288381583,24.29036787152493,24.755249913400707,24.396421688181174,24.413351708408094,23.69614530453057,29.18811374768207
2007-04-01,60.71844932663815,52.79471366148491,56.76552664679518,57.531931689298254,55.58878201018031,61.17327558567248,69.3286270697233,67.5525545588514,50.70621744236644,60.070313401823206,59.45715701173585,52.90766174902606,31.148316461943665,49.02836098660752,19.73202123625433,17.322914818572862,26.6728327674877,43.27706199285861,9.556955836833891,4.132737475498215,0.5937416733042091,0.726935207788375,4.997768270869384,15.245353692473651,13.886620423412747,5.5049428466317565,8.728079596967312,2.9188276921250806,6.880481490514135,7.513171426339812,16.776849030399962,15.42435550504116,54.47240125879651,24.34361416666843,24.772084127692587,25.306951260812504,24.452760509797265,18.999945450363526,14.78192038786245,12.341598395479185,23.27088414148489,14.760613180888484,23.609734974501368,21.300079685957,17.859255769368346,17.82530178999303,17.774726338381367,17.325440981734292,19.084061728965224,19.544075726124237,15.564471044982016,15.180462136943476,15.056780512057616,18.768827723008464,18.2048461692191,16.86449638829808,14.376612357860688,17.387018841902687,15.436228169561351,10.58199227115638,16.190375390271996,4.870685587430772,21.48756025683879,17.21919337602045,21.79560376777576,17.711714786541673,38.10528342428023,21.631076529510423,23.106571454326023,21.61519877029647,24.960992155129237,17.23454301481474,16.00588951459028,16.576617168945667,14.52614264488966,21.46491400527227,18.23060899547861,17.76057760293971,19.111850182020405,14.934285993109915,18.409760379253456,17.63767686785599,16.863543506837022,17.04836906690287,15.970201842490704,16.72661292146141,19.96477050246055,20.23021132722396,25.833407276030897,25.075553949616182,26.56797843124433,25.59925216250824,31.909946499674295,31.886938792574743,28.644582369432914,29.101737510350706,28.716595054284102,28.580846043936752,27.78671742761169,12.997495298529122,25.94099491810714,19.68906782968064,42.17168850681557,40.92085654403014,39.58848231954671,33.77515312558439,32.02869929320091,30.19317830708441,14.916433004490171
2007-05-01,32.635872580023126,14.425855998894711,30.73906884238679,28.72519061136006,22.100602461457388,24.37703457805108,55.56881330822581,29.207732717160603,20.959941247459284,38.817284030710816,27.50926735888478,17.400913216674773,15.086417154745108,17.929413023944317,5.059633410464508,6.733835666061179,0.0176580778425629,13.075812450077782,0.2224170059050691,1.2334631226689745,0.0015690085929629,4.688182774823318,1.9672577795903543,0.3835940379071018,0.0,0.3996078921962773,2.6458399167776188,0.0482090513039594,14.240694060878184,13.588626521633865,2.2770620567325595,2.9036907174875592,16.54431984115016,0.0,0.0,0.0,0.0,23.532417894379773,18.73996896422176,12.077487715869571,0.0005534043765867,9.493676236808216,0.0,0.0,0.0,0.0,0.0,0.0,4.274891721406824,6.755334086686583e-05,0.0,0.0,0.0,3.5943013127068912,0.0003529609768739,0.0889966957484425,1.1824462916425833,2.532826401903866,0.2558460517180949,0.1499653735132233,27.066867706177483,10.7368867273064,0.0,0.0,0.0,0.0,0.0,0.0,0.0,0.0,0.0,0.0,0.0,0.0,0.0,0.0,0.0,0.0,0.0,0.0,0.0,0.0,0.0,0.0,0.0,0.0,7.923062960270179,6.939827554799869,1.158751446553563,2.385200363028801,0.0,1.9421109824492255,0.0,0.0,1.090615415721786,1.0013289818286402,0.7261062009704431,0.638031331642158,0.5757061324038614,0.0,0.4957464898750777,0.0,0.0,0.0,0.0,0.0,0.0,0.0,0.0
2007-06-01,1.439643113171324,0.0323157510463293,0.6150882325307304,0.099345115479371,0.4051482263596799,3.426109550934311,15.057021019923562,6.623908986842712,0.0,2.1751539476139103,1.0114124908468385,0.5655031165208769,2.4421748944399893,0.0,0.0,0.9208028587364672,0.0,1.3037449791447395,0.0,0.0,0.0,0.0,0.0,0.0,0.0,0.0,0.0,0.0,0.0,0.0,0.0,0.0,0.0156389017850389,0.0,0.0,0.0,0.0,0.0,0.0,0.0,0.0,0.0,0.0,0.0,0.0,0.0,0.0,0.0,0.0,0.0,0.0,0.0,0.0,0.0,0.0,0.0,0.0,0.0,0.0,0.0,0.0,0.0,0.0,0.0,0.0,0.0,0.0,0.0,0.0,0.0,0.0,0.0,0.0,0.0,0.0,0.0,0.0,0.0,0.0,0.0,0.0,0.0,0.0,0.0,0.0,0.0,0.0,0.0,0.0,0.0,0.0,0.0,0.0,0.0,0.0,0.0,0.0,0.0,0.0,0.0,0.0,0.0,0.0,0.0,0.0,0.0,0.0,0.0,0.0
2007-07-01,0.0,0.0,0.0,0.0,0.0,0.0,0.0,0.0,0.0,0.0,0.0,0.0,0.0133959712054535,0.0,0.0,0.005050845707085,0.0,0.0,0.0,0.0,0.0,0.0,0.0,0.0,0.0,0.0,0.0,0.0,0.0,0.0,0.0,0.0,0.0,0.0,0.0,0.0,0.0,0.0,0.0,0.0,0.0,0.0,0.0,0.0,0.0,0.0,0.0,0.0,0.0,0.0,0.0,0.0,0.0,0.0,0.0,0.0,0.0,0.0,0.0,0.0,0.0,0.0,0.0,0.0,0.0,0.0,0.0,0.0,0.0,0.0,0.0,0.0,0.0,0.0,0.0,0.0,0.0,0.0,0.0,0.0,0.0,0.0,0.0,0.0,0.0,0.0,0.0,0.0,0.0,0.0,0.0,0.0,0.0,0.0,0.0,0.0,0.0,0.0,0.0,0.0,0.0,0.0,0.0,0.0,0.0,0.0,0.0,0.0,0.0
2007-08-01,0.0014562759686706,6.755332388360309e-05,0.0007982519510022,0.0,0.0005286335605403,0.6225295200042167,4.076273298353945,1.2717335602000084,0.0,2.017555971768126,0.9381319023728784,0.5245303175846351,1.8741269149873196,0.0,0.0,0.7066248305492451,0.0,0.3549308358712006,0.0,0.0,0.0,0.0,0.0,0.0,0.0,0.0,0.0,0.0,0.0,0.0,0.0,0.0,0.0,0.0,0.0,0.0,0.0,0.0,0.0,0.0,0.0,0.0,0.0,0.0,0.0,0.0,0.0,0.0,0.0,0.0,0.0,0.0,0.0,0.0,0.0,0.0,0.0,0.0,0.0,0.0,0.0,0.0,0.0,0.0,0.0,0.0,0.0,0.0,0.0,0.0,0.0,0.0,0.0,0.0,0.0,0.0,0.0,0.0,0.0,0.0,0.0,0.0,0.0,0.0,0.0,0.0,0.0,0.0,0.0,0.0,0.0,0.0,0.0,0.0,0.0,0.0,0.0,0.0,0.0,0.0,0.0,0.0,0.0,0.0,0.0,0.0,0.0,0.0,0.0
2007-09-01,16.253266596657458,1.937496319400515,15.70527201695704,13.103643089392756,10.47323240455881,12.108345794395792,33.843429528658625,14.978183696596933,0.000164957426616,10.564638973773585,4.912968062656406,2.7556662546454307,8.595004076289277,1.916911974539513e-05,1.398638170501516e-06,3.240766601395089,0.0010954764568693,4.826265565965972,0.0,0.0104104165127677,0.0,0.0516463347210476,0.0238111943315326,0.0,0.0,0.0001010125698799,1.4244905605403086e-05,6.569946211670555e-05,0.0,0.0,3.2467924078537214e-05,0.0001224327865112,6.1656234835717205,0.0,0.0,0.0,0.0,0.0,0.0,0.0,0.0,0.0,0.0,0.0,0.0,0.0,0.0,8.15971288016681e-06,0.0,0.0,0.0,9.413880621198113e-05,8.798522874872997e-05,3.225582225141429e-07,0.0,0.0,0.0,1.5178732056886836e-05,0.0,2.7811362485663087e-05,0.0,0.0,0.0,1.385451711850483e-06,0.0,1.215440422026578e-06,0.0,0.0,0.0,0.0,0.0,0.0,0.0,0.0,0.0,0.0,0.0,0.0,0.0,0.0,0.0,0.0,0.0,0.0,0.0,0.0,0.0,0.0,0.0,0.0,0.0,0.0,0.0,0.0,0.0,0.0,0.0,0.0,0.0,0.0,0.0,0.0,0.0,0.0,0.0,0.0,0.0,0.0,0.0
2007-10-01,20.407367813479556,6.045146129234992,21.40462005888506,19.36102930056613,14.989776472501372,12.424707497168209,24.79633634652132,11.410105482676132,1.2635360333104293,7.250048763571192,3.730039018544188,2.149228069102082,9.016973919651477,0.6752010836296595,0.4238920538168255,4.426431115322989,2.596874763730441,4.962176370967885,2.0268343900019365,1.8162249503615748,0.0451169544296182,1.7616569131446906,0.9793535968639108,0.0335418083272112,0.0621967537879471,0.581032823412723,0.1046248265684455,0.3769959836571104,0.0623894279988424,0.2886770584409383,0.6760022879239309,0.6913125312934473,15.098868875367945,0.0,0.0,0.0,0.0,0.0003063774710748,0.0001121261907785,0.0015143325520795,0.0,0.0011903556973395,0.0,0.0,0.0016503395932457,0.0,0.0008483437561822,0.0698247195020918,0.0005810945203249,9.31983104076692e-06,0.0711188683391731,2.1422243252699777,2.002481429801,0.0047549739432983,0.0002080920285687,0.0011463346710021,0.0751838845269442,0.3953595813051995,0.0395910412469453,0.191810214015553,0.0007082900705019,0.0076923291492214,0.0,0.1083071333903859,0.0,0.0950212967747313,0.0,0.0,0.0,0.0,0.0,0.0,0.0,0.0,0.0,0.0,0.0,0.0,0.0,0.0,0.0,0.0,0.0,0.0,0.0,0.0,6.231013723308575e-06,5.410646190086775e-06,0.0,1.713366843962233e-06,0.0,1.3950813592859874e-06,0.0,0.0,7.834244543041335e-07,7.192871106161871e-07,5.215856534410367e-07,4.583186159072289e-07,4.135484022289816e-07,0.0,3.561107955241381e-07,0.0,0.0,0.0,0.0,0.0,0.0,0.0,0.0
2007-11-01,13.980366673902068,8.816849770303058,19.640888531538945,20.338466156724188,15.670435895281363,16.578051199502383,33.72545651528317,18.17379370499812,12.220926602180937,13.218051360177116,9.76147746906972,8.406305100181472,20.96283604478962,12.970311012282254,12.550166643980653,21.846557580919736,7.3320975503582675,11.427520013093917,17.311053752671334,19.62729520895171,15.030401768061694,24.142462538992284,18.113259707419832,15.779675914222176,12.5621260801957,19.93608551747896,14.475193184432074,18.859821572739506,14.410115096434032,14.796528539830472,10.155651385518604,10.796957068815972,12.6558796934334,2.802996515570791,3.994738063929014,3.925875255814096,4.039105807796654,10.369961290561724,9.014789802849066,10.869758170078448,6.967274880587675,9.89094922534672,5.582716786390353,6.26369673844497,9.586429119743537,6.250310157464493,8.100790221992611,11.735812015507518,7.320249259413764,9.190478642960342,11.03844618072095,14.731440817064216,14.48336693270229,7.768957387313371,11.914194879503729,13.14057046896359,12.807432789858057,9.496405839884378,14.629413246232644,16.298407784540135,9.84971232176649,13.934498474357714,4.4906010270615,10.738390930387984,3.010993027899591,9.863427260139616,2.149417694457441,1.8756244821929464,1.1290373097191295,0.8402610725031231,1.7372894373241587,0.8173363150544228,1.1044291280715328,1.3485952533478287,1.9169463332550976,1.5781984817143844,1.6804661285217417,2.4454919109428617,1.9851674262750447,1.6187694213691606,1.3535325577111392,1.1709092385787614,1.1371004498302812,1.151897069758106,1.4189402316082742,1.2093077022541732,8.283806826118873,8.191387579800084,7.755016688961694,7.449805722692238,5.117956426805352,6.99003225275308,5.762986023578884,4.861044504197031,5.513963382282128,5.232679250535911,4.119601865639842,3.7032261751116144,3.3799246744782256,0.8186622667443121,3.033731510744302,0.989747780440681,2.8675836482037576,2.1343232058748303,1.8900877657507835,1.2008396061907325,1.1730752289920945,1.16853437412543,0.8234088125591471
2007-12-01,22.61188930165757,15.784384138734112,34.59494486812761,36.21207665772724,27.794127187857693,24.358016284151525,39.70058961421964,22.35185285720006,15.409736258285191,17.403366726884332,15.195918344555569,13.14758949511399,24.42797153256541,17.161317181869233,20.92620633604289,21.908429935611704,13.475252161060451,17.306604216176595,12.694257821790735,19.205729094147067,24.941276836770683,24.3269068648652,18.650224416981537,7.831061441395981,8.816924517722102,14.713956336040994,14.50626091742896,18.510006001676448,27.842474687791977,28.614743220328272,32.86995131598164,32.40205855619339,20.835454773983304,36.65111695452327,36.3393410100066,36.122288320907984,36.34768397014915,11.851612653992133,17.73556410192977,23.85645840292855,25.04905581626726,24.21803605709267,29.05339910036851,32.54957114950864,44.230734624836565,40.089435970107616,42.218083389454,42.55794087151123,30.59944194970586,32.05093012591333,39.43177761848938,38.26437428018773,38.25102478048695,31.633981771279306,31.775148114719155,30.487454910113897,30.28380177207248,32.944116710912745,7.9849318348570995,10.399560447042411,11.679667530871098,21.46242512018454,40.715140269622125,46.31980386096177,39.32982058053254,45.68320909876534,31.68600328176152,34.82273213453283,36.97351001993817,36.65924872297752,34.73931265845234,40.12084018852609,37.479065132892245,32.90468331716632,35.22201667318316,35.46407404462235,30.072397851630438,36.66829134349308,30.264402070323342,36.83715392239726,37.80367628231362,33.1866719947948,27.84882268066213,30.960881466481567,29.82924735828105,30.859861001641534,17.269071084312102,18.15857712232992,17.929079076701914,19.011767519053105,23.717005957025798,19.80622398434629,20.07654870688418,20.54719090999724,21.82674473973591,22.297360231039637,21.41911450954652,21.89788962460272,22.337441117037464,27.01320927634244,23.46334112104363,34.45223176427285,31.22795733414806,29.394230576186157,29.16572425164184,30.08015707122229,30.8980052117842,31.75055060035041,30.049205907004875
2008-01-01,25.463441059825836,16.060098832448617,43.02518543695376,49.632503720991096,33.34474325395786,26.561434903535805,34.13687924991007,21.55220627280141,20.55244686829843,21.65727419228752,18.227032685732585,15.57442938025266,23.2626042692286,21.49063598615455,17.430838893165628,19.892048438034237,16.86625715366698,20.971637435269205,12.845109316529552,15.31937644060013,7.117681355785222,13.965273094422695,10.72693566802303,7.435259681162829,7.283121095453019,6.351429356872348,6.864837217795766,5.535056848654507,6.4086045907825975,6.473312096373313,5.922582522550476,6.080184413155599,35.244390662084754,4.820593403008668,4.935781047843356,4.938981849556401,4.929266398539217,9.282657655648675,8.47620757931545,7.03105321456345,6.793015072325567,6.888038434637051,5.671981434156576,4.9958891709713305,5.043566291956422,4.75127984441861,4.909343105110547,5.8871635289148125,5.852087658697135,4.782091262295849,5.910224644296438,6.306798226089332,6.253602496109842,5.756686534317115,5.187683558551134,5.551728087431535,5.775999518873157,5.835124839470372,7.252011911554112,6.854579098582123,9.505538123689712,6.392541309417879,3.817124839201688,4.799022275416486,4.710316452578727,4.807175188410167,5.032274976678727,4.708331208556171,9.650734358241278,9.37014623843172,5.968414230169175,12.14022553133119,14.86329929516527,16.19205615574939,16.890118197691816,9.316833799509263,20.190831987456708,21.27401972650709,20.46250370941377,20.49180187054368,13.548074693464628,15.135663913478052,17.726000862255674,16.501143382028467,20.125913713460186,17.3158079992129,8.550123842545327,8.389439032132103,7.893493979445188,7.240460103669579,5.615828098074686,6.854514792224959,5.1141350661791085,4.59288079157576,5.838046069781364,5.770143511117748,5.460296538890546,5.454043796047661,5.5832008095156525,9.75216393268762,6.228430077202587,9.90777828458779,4.767914086726766,4.993001162752556,5.128757834056119,6.081148219044784,6.489824236769013,7.034077615033029,15.654442460318243
2008-02-01,19.93687706430565,14.375717996385672,32.57716888855108,41.03357583546445,27.35511489324716,23.618117995020345,27.140131713503035,20.43613951292696,12.467680044372011,14.657400645893317,12.502106981282637,13.435183171394772,17.4776678641045,12.718565864745775,12.72607379344278,15.138878005993275,15.63934461502815,18.79141637118461,22.393190789899855,15.95419023092111,11.362144371472136,13.765591157003149,16.94893976724979,19.689772104517477,23.412829344037835,16.29638495388764,20.377108461087364,14.373595932690364,22.060156007868446,21.402421083470625,22.014164471814937,21.748079247267363,30.859360153528087,17.781602856526707,18.68920917693523,18.512348426736228,18.842290172098995,28.90003490618991,28.53555847012517,26.22695826304288,27.800509227705803,26.112456852680687,23.223129971463194,22.59465600087702,22.4960456538957,21.297996173045263,21.95780630859468,21.941686799207456,22.91499531839411,23.90664957078577,20.411741457247405,19.41572448206233,19.436331619826788,22.77683966408171,24.298788532050278,24.40466948514741,23.709084903606502,22.118098305701743,20.020881129469775,19.587389436635817,28.172061815387774,22.85849797155147,17.559546555235325,18.074571413019413,17.608061410500646,18.06185275644804,13.781444144459975,16.221481184999398,11.735872017646926,12.171253564717366,14.451702024572246,14.22385154779581,17.104063330174256,21.50596865792826,20.46027528429131,16.0060835860288,34.16009941167468,25.378153048440875,30.96499470029628,36.47324623414711,14.632104721331284,20.519030049991503,28.808843254803943,24.553222232358348,33.47338357515659,26.53920342591921,30.40315951280806,30.27528737556897,30.88762409081173,27.99429853286884,20.4277960033284,26.31666046518332,18.8502578634164,17.184205391232823,21.21897541182762,20.368926678025407,18.174073562390102,17.150979958600452,16.46445231475295,12.981539953537228,16.06932947756683,12.814045486309656,12.966227661731091,10.800481163946072,10.380801111609957,9.481640132925351,9.61260821135908,10.053411604626389,20.86556757471848
2008-03-01,24.569102933665807,15.111408161911378,29.654780929084705,33.538735400709804,23.709560286706058,20.154224396737096,25.86495328526133,17.942721385985788,12.815748887511566,17.497173178180326,14.730517085531329,13.215139033595133,16.422357373501058,11.37853081113721,10.083080409632348,13.04280933380881,11.917618160262457,14.660875057454223,12.486296683286824,14.157500007716514,24.274173731637465,21.202888635333952,19.673223256627438,17.105068101764292,17.75561632775114,24.37156528687412,18.46640063485435,31.900137075231772,15.475242771235791,16.55819746158229,18.28795587064625,18.114885138578085,27.716796732500868,30.05844087058768,26.25091895677753,26.660001169092563,25.80705544350164,7.154873238023472,7.231115583700422,10.354432623726623,10.702588157210746,10.84589763042563,16.005304219191476,16.783980060512654,23.90653964383445,22.035286207951728,22.802816406021627,22.850784944115656,17.283776778277094,15.996043591656749,20.355324871048104,20.240314417730342,20.21093891455752,17.574076093818864,15.541736485037802,15.429921471920656,17.005320306268537,18.06564168202577,17.161155344225868,19.76916783605025,7.088418757778388,13.433645638463606,38.38171536880567,26.96086218066436,39.96307814251626,28.367024349392228,32.96639600503034,37.70328017359752,40.74067099944912,38.95536283903012,35.69709466445637,43.1965025929429,44.92288426961905,36.99965019849344,33.53154370256066,36.76190771844448,18.81567809795113,27.35923073612889,21.978155668506325,16.689577620859644,45.07663425168731,37.67525144865507,27.101421340452298,31.8457218009878,18.45005183947328,28.68889904301164,6.915823106968228,7.149851095882902,8.019252556044695,10.195619599303276,16.866480770358592,11.81046788801569,22.408317585011567,24.57243062267449,18.471875022404564,19.281712712390345,21.49489488736925,21.724080483767345,22.229060726607315,28.29899991106793,23.295996974342067,32.96681052463826,32.94846050563663,30.09656098981044,30.49034582429687,30.61857478972023,31.625096552930916,32.3350728255614,39.45137172101519
2008-04-01,40.80818445511236,28.30460410683869,35.60813952616778,32.97628061647352,33.18747184211298,35.87258210626802,53.14644247892089,38.91766088768638,32.27182083272531,40.63632048025837,34.76299272130702,31.771670726793484,39.7765536334619,33.384487822073005,33.58655329615545,36.22172485875306,14.815537752486394,29.984125107804022,5.60353165750145,7.140503161625993,14.720203011398636,9.613764455795364,8.696756436225243,4.671799327510479,8.076153171039453,5.789706351860895,9.182121636077364,7.292090299646964,8.260986398056662,8.995412162154349,32.19596869897463,29.295455418317506,29.8467184791191,83.86638353299463,74.8007782463639,75.23723955935645,73.56309783043224,6.541125418032845,7.316423090080233,8.167877805770722,12.053303895604335,10.019639338712228,24.67513142645849,25.08910033577647,75.14168122482987,68.9758845334318,70.93061962183954,63.20500813676547,37.01658026652671,14.041267738164166,39.16888612457143,43.75739686455843,42.66598783510162,36.36925197142148,9.72608544826832,6.772729757699862,5.187699329371405,34.22635496493185,4.856385334241577,5.422161944423985,9.247824644674518,15.7845879153095,73.5752904123908,84.20102658627273,57.10015476512162,80.50428235302674,82.10707658524123,61.62886948561442,68.58367442880866,66.49453784594344,70.6344872011267,52.138361235808176,27.87419559720248,17.668863289700187,10.049983117638128,53.73989989088764,3.247722077081109,8.08972199838286,4.7560778143780125,1.5835865339068835,46.890200801056594,30.009836973885005,7.968456669468344,19.74347561511549,2.6047419409087027,15.779454443151389,6.09891414468515,6.447923146580798,7.984309753864809,11.417427193089496,29.82355624804968,15.39908334195451,29.366432974810085,33.00558648473566,28.323215754289883,30.07846572202937,30.5904676066546,31.58855784030981,32.59960903663738,42.00070655724926,34.65021533336812,59.911734032263695,78.73794928881928,66.85079906271599,69.56240750435113,68.80737733984228,68.42078321988677,67.80500648500869,21.51778911038009
2008-05-01,32.51433486397529,12.413975426942503,23.66634520907483,20.267824660914137,17.380723735564107,23.99127096680638,68.02136038909855,32.82064719403318,2.2101157412007097,34.56953063662528,18.517688997875048,11.924969886273168,16.78915920221758,0.4844460754326332,0.3453001173822234,6.793419833856516,4.167686234303108,11.962782822956,1.037867825832817,0.5375904361784392,0.2768961968823428,0.0775996446661229,0.8252958765188898,0.5459153885157622,0.3141741651993268,0.1792627196579117,1.540037095645858,0.1368462845923007,3.5218331981531046,3.07045998932366,3.566883111346033,3.338625954650249,8.587325409613179,2.609079403481033,2.6723950068116262,2.8662311783886087,2.521207396800832,3.5208267566118865,3.789964617213293,4.05093911464156,2.913687301565771,3.753006396344547,2.4867652321056517,2.730371649180221,0.758278894991174,0.4613316220293818,0.6001157198777451,1.2936679185141713,2.821619960268021,4.681277407857084,2.863615602467739,5.225820489251898,5.158369544910372,2.8982003664707987,5.321131085406672,4.505008671271504,3.5859262559012035,3.53162295189498,0.4200355085358645,0.1812041082254936,4.505413612920932,4.852238405431546,2.678399058863846,3.344898320176084,1.5389977256461491,3.1237708584255763,4.864144062995759,0.6044126351134048,1.5022313597375645,1.110709573203541,1.6702827797291204,0.324283881062633,0.0162486599345425,0.0062904508501123,0.1301255283006198,1.0693852781569029,1.8488911077477575e-06,0.4474464099397208,0.0205371603018404,0.0,0.3507488526991666,0.1950811606971313,3.1621410053623687e-05,0.1110201795782292,0.0,0.0855692202607711,3.3763610989833355,3.3785739816271785,3.0109265313227804,3.1524753965469428,2.450020155185212,3.077991599715149,3.7798251792164463,3.523189919480605,3.670069322014607,3.792989368568669,3.207373911091448,3.003396755879359,2.7130556053365598,6.0504479322968654e-05,2.3362458488695808,0.0004938085028147,6.933153152937877,5.371712728598299,4.613085483468475,2.4183608862546584,2.120272130466795,1.7953926165077112,0.0001325014861356
2008-06-01,3.7283610602021473,0.0855370744103269,9.992990427896304,17.41028718343167,6.533512730926951,9.177669661041213,33.829360948265986,12.662960109718227,0.0,11.120565439393468,5.170888618260975,2.8911641463159805,8.409524760408226,0.0,0.0,3.170745247454788,0.2161782580894349,3.883504086181533,0.0,0.0,0.0,0.0,0.0,0.0,0.0,0.0,0.0,0.0,0.0,0.0,0.0,0.0,8.461806348249798,0.0,0.0,0.0,0.0,0.0,0.0,0.0,0.0,0.0,0.0,0.0,0.0,0.0,0.0,0.0,0.0,0.0,0.0,0.0,0.0,0.0,0.0,0.0,0.0,0.0,0.0,0.0,0.0,0.0,0.0,0.0,0.0,0.0,0.0,0.0,0.0,0.0,0.0,0.0,0.0,0.0,0.0,0.0,0.0,0.0,0.0,0.0,0.0,0.0,0.0,0.0,0.0,0.0,0.0,0.0,0.0,0.0,0.0,0.0,0.0,0.0,0.0,0.0,0.0,0.0,0.0,0.0,0.0,0.0,0.0,0.0,0.0,0.0,0.0,0.0,0.0
2008-07-01,0.3942817174515147,0.0123176975439029,0.1172668000614732,0.0,0.0779239161628532,0.8579137557236786,4.048417650617279,1.680598024385044,0.0,0.913088223890004,0.4245717117634687,0.2373874441033335,1.5506868570159753,0.0,0.0,0.5846742975681923,0.0,0.3532694235893382,0.0,0.0,0.0,0.0,0.0,0.0,0.0,0.0,0.0,0.0,0.0,0.0,0.0,0.0,0.0,0.0,0.0,0.0,0.0,0.0,0.0,0.0,0.0,0.0,0.0,0.0,0.0,0.0,0.0,0.0,0.0,0.0,0.0,0.0,0.0,0.0,0.0,0.0,0.0,0.0,0.0,0.0,0.0,0.0,0.0,0.0,0.0,0.0,0.0,0.0,0.0,0.0,0.0,0.0,0.0,0.0,0.0,0.0,0.0,0.0,0.0,0.0,0.0,0.0,0.0,0.0,0.0,0.0,0.0,0.0,0.0,0.0,0.0,0.0,0.0,0.0,0.0,0.0,0.0,0.0,0.0,0.0,0.0,0.0,0.0,0.0,0.0,0.0,0.0,0.0,0.0
2008-08-01,0.5930787224939001,0.0152899724039426,0.1777659005907997,2.2198918432140805e-05,0.11775079546258,1.9217107841366845,10.758928499942416,3.817475436248801,0.0,3.3961767693753284,1.5791689638510895,0.8829483146111448,2.0871766521023263,0.0,0.0,0.7869535602545509,0.0,0.8896046364446699,0.0,0.0,0.0,0.0,0.0,0.0,0.0,0.0,0.0,0.0,0.0,0.0,0.0,0.0,0.0,0.0,0.0,0.0,0.0,0.0,0.0,0.0,0.0,0.0,0.0,0.0,0.0,0.0,0.0,0.0,0.0,0.0,0.0,0.0,0.0,0.0,0.0,0.0,0.0,0.0,0.0,0.0,0.0,0.0,0.0,0.0,0.0,0.0,0.0,0.0,0.0,0.0,0.0,0.0,0.0,0.0,0.0,0.0,0.0,0.0,0.0,0.0,0.0,0.0,0.0,0.0,0.0,0.0,0.0,0.0,0.0,0.0,0.0,0.0,0.0,0.0,0.0,0.0,0.0,0.0,0.0,0.0,0.0,0.0,0.0,0.0,0.0,0.0,0.0,0.0,0.0
2008-09-01,0.7764734146179861,0.0129502441640183,1.823739552457774,2.409332633308064,1.192083547873635,2.516338022671166,11.1650137099064,4.030799782862827,0.0,2.558467137970263,1.189647116059482,0.6651580422387809,2.636105733289598,0.0,0.0,0.993922958044845,0.0,1.0274680051414602,0.0,0.0,0.0,0.0,0.0,0.0,0.0,0.0,0.0,0.0,0.0,0.0,0.0,0.0,0.8891876957282634,0.0,0.0,0.0,0.0,0.0,0.0,0.0,0.0,0.0,0.0,0.0,0.0,0.0,0.0,0.0,0.0,0.0,0.0,0.0,0.0,0.0,0.0,0.0,0.0,0.0,0.0,0.0,0.0,0.0,0.0,0.0,0.0,0.0,0.0,0.0,0.0,0.0,0.0,0.0,0.0,0.0,0.0,0.0,0.0,0.0,0.0,0.0,0.0,0.0,0.0,0.0,0.0,0.0,0.0,0.0,0.0,0.0,0.0,0.0,0.0,0.0,0.0,0.0,0.0,0.0,0.0,0.0,0.0,0.0,0.0,0.0,0.0,0.0,0.0,0.0,0.0
2008-10-01,3.913205447274657,0.8660830603837948,3.955847230910395,4.849999084785913,2.7703554469816205,4.473412247823698,16.24308249898371,6.527109094125964,0.7113395676969577,5.7854244818765554,2.919057363234737,1.8025135717506755,5.16941298060807,0.5535590139261573,0.3050257242170117,2.1277585167162343,0.5269931814329883,2.1210341195547318,11.91995946819825,8.184900147564823,1.7205631017659009,8.965216276421383,7.377177982422854,18.17330149855386,13.46723628984443,11.592315628972392,7.565801579511008,9.958799691801476,3.753060601001921,4.301512539503264,1.9498968205755975,2.0468453754646103,3.6909991854474016,2.684708440702575,1.887456361854648,1.910624181652509,1.8741476204283964,0.112913870953975,0.2404976056968672,1.0080477476280405,0.3450370160772286,0.8679126395940232,0.6256078920265625,1.3495505846166205,5.775653841370871,2.9363736245916305,4.49325895757459,6.280974071397601,1.5234057203482816,1.6909367924597372,5.095087443767284,2.5293556260216183,2.639788038898025,1.879627193789464,2.008817602344627,2.3765738639648166,2.5196456810933405,2.0755837640953394,18.178654591700663,13.807446642459116,0.0887616852025449,1.0290542830973597,7.501937702994917,2.3744583296289377,3.6390168037415367,2.3740562452923437,7.287304775283928,4.813408337490351,4.264541557983297,3.9640733936660495,5.715330320687453,0.3498560823001598,0.255845003135279,0.2861368963515174,0.7143116427257086,3.6781659596389633,0.313455791142662,1.4681843267606371,0.5766096603900569,0.0477066824628084,0.2189179668368568,0.1549398404557344,0.1496473234215229,0.1338496207541025,0.1533211755865608,0.1299913330628488,0.1705559429289698,0.2112733607814021,0.2404018630123577,0.2169435792185109,0.0960957435999902,0.1942231849029853,0.5803142703672417,0.4355499298656042,0.4158130250268574,0.446304959531297,0.3379230900513612,0.34932302479517,0.4430655310429576,3.067212899133541,0.9366985677902896,5.940474999710893,7.276469042301452,5.315320624837004,7.150666641374669,9.5396952017648,9.583350164391504,9.154010753546633,0.0201495366126963
2008-11-01,18.93576452030181,14.74420913496642,16.963266915036385,16.021054125922202,14.758255335744265,16.815048028742105,33.89416829159542,19.79617553070872,7.921481384242278,14.907228300602904,10.34030377643175,8.050661044854056,16.382265889521488,8.478153234198592,6.950082925761391,11.317342144558433,10.807352497047924,10.80881888516728,11.467037717102972,9.166538240899255,28.4311427315303,12.930170168915708,13.547771307377069,16.465640353059918,8.434914005155001,7.690773364234954,16.784600145351227,8.768166727088152,27.329799370303768,30.86118568706921,10.141915655210852,12.544624362229053,12.82956415037624,12.58976418463556,8.627590867630891,9.101165659604826,8.229943148400045,40.22081514644577,32.623710732114255,22.67700076390445,11.710184043434383,19.79227057756414,4.636647219118196,3.0342532393383284,5.115465668691511,3.816281405860147,4.419257519483793,5.991135229985175,12.278050141354342,4.621267534584197,4.817770815652319,8.337989331451496,8.042437983734368,11.055704310090304,7.322021745576613,10.60927807973329,15.589109956543336,10.076638253185898,14.558109669246342,9.07433340084956,42.9266639154354,25.2047453150936,8.407595137649754,7.442439632228928,6.948762287428086,7.394542083007608,22.54416561168728,11.10308578511306,19.663750632713292,17.959791888730397,16.197909354622926,17.15708415566956,21.29399426536313,19.93548845336428,17.581630643603315,17.17875407737215,15.23277950726536,15.923986930142606,14.928009103410144,15.234088833932262,17.22312705985964,18.076904899129133,19.071840814562155,18.243690853992863,16.602369584897207,17.838252060476346,34.610489412107505,32.99362463705272,31.400630209274183,26.41971444474517,10.36513158846561,23.813910420553185,20.416388450505927,19.329264035709464,21.156124507576315,21.15559226453976,21.66752739503293,21.967109098229045,22.140132772631947,19.804684259237284,21.52099986199628,18.189223281108266,22.998773695631822,24.964287383165622,25.91073743637929,25.565104077550245,24.812848019640988,23.821207841589317,16.56934044750137
2008-12-01,52.58429794055216,47.72686870672375,59.084503803198,61.73866435705567,54.490008779947765,50.63629535441526,57.21913214885345,47.80459431811855,25.9989131178768,40.3280156536263,31.015389919914178,27.85542034463093,36.272742209542976,24.7912281947144,21.05604366022758,27.085508442480243,46.17275071216809,36.21450411848933,23.96377933222489,22.284488988752003,26.76401502541199,21.307484691588694,26.864914184066915,31.99521476782573,37.54681195823021,22.042459912626285,34.0281689606983,22.266127285712397,39.577532882391246,37.51071651450832,50.490307890869374,48.33937234316306,50.71776399623748,52.65580526245692,53.200266971551855,53.11882472629856,53.24174923406581,66.40470033265468,61.47554838475622,53.70745605344983,57.28206211673516,54.2224810610216,54.5615884827828,52.13833994390447,49.01994093828058,52.49070474783623,50.53000135558232,47.19494186180114,53.376758928682975,51.18478215303143,47.70542541613251,47.19860033788524,47.24331002005961,52.65913028299123,53.145221962731135,53.65851775812636,49.37148017921304,51.33740840474668,34.579013233195134,27.52144889480389,62.18369468290376,40.459005418100446,52.478302404606566,51.32580834502246,49.74905626947552,51.19136676590605,48.80871758908664,46.947329779853455,38.38992924673109,39.77611258492934,45.94806424533383,37.29191379983103,37.87817734009428,40.36227557281856,41.88944212702345,43.36576107715601,46.38124906145397,47.12184085528418,46.43943557289345,41.33252615476256,35.95780823973472,37.83338780468932,41.72664315165031,39.50652690051835,44.90527587048678,40.64220733403659,66.00722551096378,65.38000249185619,63.72681399367461,61.2793776359262,54.89699849577705,59.86645864271703,52.47722320902293,49.71240029466152,54.364081470272176,53.42441355132499,48.8552311775488,47.499048747060144,46.08862229276553,27.37988785223646,43.834411735580254,32.86422048750048,47.62444836111206,45.06866850555965,44.67497694210038,41.00442387198824,39.991677968307286,38.98813612705512,35.67515883972724
2009-01-01,14.584182033831445,12.50896487508853,28.64131979575581,35.17786683266338,24.369166841790477,21.858187804072383,28.362228963120405,19.716917746507253,22.963985513441784,20.324271315708906,18.724217775345224,15.933136662557722,27.24817802186066,22.56168860571795,18.99918625489812,24.454304054333026,19.02229158447403,18.96389435238956,35.77214154807126,27.28748861008535,14.97899159419202,19.281321273143583,24.959439600660783,38.52065133273613,39.28171347218949,23.896077798860222,27.75514589674744,19.56910211165891,12.490083907620548,12.72036260835582,19.46970193118929,18.618378841510303,25.46451522613656,27.85688231407439,26.73832892278724,27.10166583218765,26.32437373500399,35.19671193677945,30.117950867905343,21.244659127064804,27.27377013284435,22.51890482547113,24.374443388514493,19.481349458246843,19.262701052023857,20.49489394595976,19.50696576327807,18.14375321739625,23.072997070292985,18.24358864131757,15.042715197598616,17.137465636652276,16.890774070390716,22.04768815717505,16.537635754525635,15.423593764546478,13.969362773715307,20.0786531068634,38.57406288410245,32.99693382604664,35.93439723223434,17.491906279825105,17.686906586632844,18.63135182599748,17.025216613815836,18.374216186161892,31.32239410229428,20.773092226799207,22.850769833573555,23.85524521750944,24.571993254291947,24.506358588053384,24.68068718100735,24.260209019699403,23.806569899443257,24.43493467084224,24.09112993275676,21.9693577270814,24.128239958960624,23.846619451390925,22.580816738035864,22.65965804374278,23.3460629749512,22.91809529310435,23.57186335433959,23.064080515341495,32.9395127437636,32.28560276566514,34.11570881856948,32.69285683599486,29.31771222595737,32.1538202770416,30.663486287049007,28.95990435356704,30.2820324757608,29.839059321370488,26.2650856744194,25.419608562860702,24.5481539768666,14.067885266121554,23.130237897772226,15.098938592441714,30.18707854391022,26.767675515597347,26.482345673515034,23.070916219234665,22.3311540634826,21.295592135324437,21.256961810664585
2009-02-01,19.221682726258248,15.006558869354954,28.753818652056157,31.74218217154217,24.611253571078294,22.85730352288504,27.71091217944296,21.63377927014068,12.782472969889737,16.86402815853546,15.184251600893946,15.740256991328906,16.430128078192343,13.321012068402752,11.972632212655684,13.52676695092427,18.84744734855207,17.945948314992798,16.278746138856192,17.240685381719363,26.65277200299542,28.651682009966542,24.90662446705864,19.32271456561291,41.21418153070769,30.72966342744265,28.61279660303105,37.240671630316776,14.46690347490724,14.998076640178738,16.95276768417194,16.920547279217732,21.98344128059605,24.98035385901503,23.947152028184327,24.13117553442681,23.74950210085776,17.956883209048243,16.561325919008876,15.286061666052785,17.928132428972866,15.958637761853106,18.38275118930041,16.949388471708406,20.91759751343289,21.818228948375364,21.221847261894705,20.164397797997943,19.077327218929724,15.61383157590998,17.362322531706972,15.52592452540478,15.526762910854837,18.76784530701841,13.392124202154957,12.33082719558794,11.839623079129147,17.380723706607018,24.718200886836986,28.91376208523633,18.23729425357295,18.260273414168587,22.24713119176965,19.064296985019837,20.371703351985197,19.090860890235863,26.320328932746705,22.949790312940497,18.989697973997856,20.175443917422363,23.18985193856711,19.41857050690948,16.744850216669736,14.156779072098502,17.656974620324878,20.857080936264342,8.25504897407354,19.23376298506714,12.86922041173324,5.003018186998169,14.74569021235516,11.323038821742234,8.28413156096306,9.463425949849237,5.679513199224173,8.502908465381815,17.901445956544105,17.86168613377442,19.53531661631809,19.436489215935737,21.411350900082702,20.01245078504406,24.513981913061592,25.00356524700093,22.638587839629317,23.003123746579288,23.065426967722253,22.82988969423529,22.279954564614208,16.653484602785696,21.129197461065733,12.421227585480592,26.697888541549823,26.11765505599544,25.17295079197402,21.643569268077773,20.601267865681532,19.32941042519244,8.197083770420313
2009-03-01,45.88676903746244,29.637885133644176,47.02838796913,47.98505060985877,37.58907663164314,34.651709203940605,51.34057290338302,34.94397219847005,30.96884044307717,33.085479226082576,31.292569553403485,24.661027332171876,29.63885093667099,33.37136048030656,26.03962130681552,23.550267582080046,10.89653530612304,22.578421811857517,9.91360992102179,10.408491414101146,21.285081809538465,8.629067646630828,13.105891317128062,6.073974265265914,10.543476028925346,6.696108384483791,16.55881303501357,8.229049106682936,32.14323240474157,33.65443029612108,39.19736859687975,38.40587864127844,33.4546110246129,40.49108555880678,43.399007386906256,43.02473812896213,43.61370434562679,37.54395665356222,33.68544226590146,32.251696822745835,39.69172357493689,34.317890666754145,44.30337843373244,46.32905207764612,46.93549685373874,48.17118830702768,47.607245665107456,47.83609302103739,40.13064725063635,40.776360216621335,47.198420829087,40.546323168465705,40.81219137868062,40.87316623865379,34.92856628804156,33.59353054653971,34.68781576892717,40.0846759800642,6.626193873228701,7.139531506530281,36.83457730490464,25.506918330010425,27.63592887733988,35.29038108017838,20.413051509848405,33.48067365038824,32.48281853886681,22.06265350053836,10.601372208543516,10.75671920664332,23.50231386129918,9.818659191080554,15.577740978172953,16.23371631662366,17.203399702421034,19.9934343212613,9.776080462519694,7.3586132335809715,9.78827986942968,6.252306213904571,10.54594322160701,11.654851764960808,13.581868570249837,11.90180620377806,9.642903158841932,11.313986092679166,37.71493417526475,37.50010392495112,41.03433024072303,41.62068139496106,42.2002187503629,41.59785207052526,43.06821514672143,40.56440592638447,41.19541566452292,41.277889352109504,41.17053379961415,40.6318951304337,39.73264274104403,35.00824500361303,37.35225821079489,12.957688437671406,35.06231693146582,33.80235546216638,31.383572607901144,25.563117757493803,23.297211500280223,21.209046908083657,11.966466444721268
2009-04-01,56.33474934892166,31.14443628311189,62.8305863810511,68.24876400683598,49.73918215529796,38.02782515538426,41.97608253400185,29.68359574323612,18.683627921767403,26.62346320886765,19.495848830675552,15.245221292635472,24.649264909402056,19.128393592963555,10.78696467451585,12.974710266014926,28.281562356140093,21.258481049910788,18.554040615112584,16.62372562788897,12.019645545243794,19.11416307896501,14.319774190314236,21.210069778003856,13.194988864796535,13.23685183749514,10.457969584956263,17.55239452113182,8.692932299503052,9.601586702741937,4.809022354363859,5.525385218824511,60.78475556912261,2.4715444062011858,2.339219169907498,2.378500841660994,2.2996888467017333,5.731181729706727,4.935675027271517,5.48460819585484,4.1359910180450346,5.094899379159253,2.4675289285027904,1.887398813201833,4.638906586781237,2.5099310130051045,3.636308605023373,5.047934712490513,3.575066640629108,3.858064248177973,3.6678847028091632,6.82823026933398,6.572250258626997,3.605210270900024,5.247274294237593,6.148824858429153,7.076054495092659,4.308080819436973,19.67163892065728,13.508398997692506,3.584335985616149,6.709982112252463,4.9678848464720655,7.6766276816166865,5.892869944182723,7.506235779045386,3.6020954001154064,4.4883810688536325,11.021055128797505,9.303148383472893,5.171770777741454,9.585094526178985,10.135809393775547,10.69837076414384,8.062516723585334,6.778734140845628,14.983957441035042,7.343654721089239,11.263274852518364,12.0285132145345,13.39863992476852,13.597402831997597,13.405107282939872,13.879150773181006,15.293585437927415,14.172380113688568,6.592887371687514,6.339863018888834,7.364102731560742,5.957128265343052,2.6129127472960225,5.3507271851638345,5.562018195134736,4.434216693524912,4.636426451433992,4.635346784809112,5.138079169103847,5.401917402175952,5.884265520954848,14.246449288722166,7.02230940331489,13.426539225867169,4.748239740287418,5.853836602249662,6.227798635721152,7.993792067779272,8.60792233585616,9.321807972622524,14.158936108728176
2009-05-01,15.43161150558096,4.54818589768628,13.509889509259992,11.308724597825693,9.689888643836944,12.749391930749972,36.65057487756953,16.901884740242163,16.56553726840056,15.989679282392146,11.605630045116508,7.569332253491657,18.5838204007798,16.561820019460068,8.018427510695755,11.0292781494381,8.175097036991234,7.726737588583322,0.6191374648072763,3.843008454865701,2.906217845156478,12.021874077117502,4.5114420866875244,1.1691799660042448,1.6138994956782708,0.7629710529738251,0.6936954228322327,1.5455369052862342,0.6978170581838209,0.8285005958149319,0.1829729460944113,0.2505225333316142,7.64690426534571,1.9060537725484688e-05,0.0021188713521974,0.0023470192586761,0.001964986122758,0.0327501851235525,0.182415634000539,0.2452991810026255,0.0035519855145506,0.193203916733855,9.30625135043479e-05,0.0,0.103903920270745,0.0017090754210062,0.0544886915219285,0.1372300191770309,0.0908388517663312,0.015366235000241,0.052943919560856,0.2965255718963006,0.2782910603687739,0.0839227102044387,0.0987389383156455,0.3509752480103801,0.5891841742919036,0.1387637323406099,1.610209039790964,0.9651068219627792,0.1478529094668575,0.4322821841273734,0.0011729948591207,0.2784651942895645,4.2867674988883046e-05,0.2443246618715175,0.0,5.295202984305939e-05,0.0,0.0,0.000206538524628,0.0,0.0,0.0,0.0,0.0001274773652352,0.0,0.0,0.0,0.0,0.0,0.0,0.0,0.0,0.0,0.0,0.0260782925746465,0.0244974580004512,0.0002172540345278,0.0077973598183478,0.0,0.0063488746572602,0.0,0.0,0.0035652857309736,0.0032734031441884,0.0023736837387156,0.0020857618275205,0.0018820170974157,0.0,0.0016206243383806,0.0,0.0,0.0,0.0,0.0,0.0,0.0,0.0
2009-06-01,10.179856015702596,4.392296752982203,12.658657557779271,12.666460198754566,10.23912616965112,7.782675628567841,11.198937328745442,5.864896558345235,0.0,4.11013810360355,1.915645467805234,1.108845114728526,2.596345568436699,0.0,0.0,0.9790013308319716,3.5502646767908166,3.602711875580713,0.0,0.0171804373245695,0.0,0.0091153074184636,0.0138122102504649,0.0,0.0,0.0195056867595514,0.0056917918931344,9.539790589318464e-05,0.0,0.0,0.0185132088412922,0.0159762519275512,10.856619920201403,0.0,0.0,0.0,0.0,1.5074273897064443,0.3456815254159069,0.099563582032335,0.0006265026980643,0.0784538824701088,0.0,0.0,0.0,0.0,0.0,0.0,0.0353268685720893,0.0,0.0,0.0,0.0,0.0297025743350119,0.0,0.0,0.0,0.0207408629742276,0.0,0.0041291008832119,0.1468139765237287,0.0,0.0,0.0,0.0,0.0,0.0,0.0,0.0,0.0,0.0,0.0,0.0,0.0,0.0,0.0,0.0,0.0,0.0,0.0,0.0,0.0,0.0,0.0,0.0,0.0,1.044274178106679,0.9076812670891052,1.4965764153583676,1.161407113738807,0.0007400374458198,0.953455099635263,0.5516620449044047,0.3693135773926908,0.5988310750573964,0.5498060104695335,0.3989856391297665,0.3505896772398239,0.3163428144272684,0.0,0.2724060610483589,0.0,0.0,0.0,0.0,0.0,0.0,0.0,0.0
2009-07-01,0.0,0.0,4.802195629180729e-07,0.0,3.135166315857404e-07,0.0960526061781241,0.6613250857961729,0.1962967047590522,0.0,0.327382110243717,0.1522275496608054,0.0851137934686861,0.3624202416934596,0.0,0.0,0.1366477050333544,0.0,0.0559340485223102,0.0,0.0,0.0,0.0,0.0,0.0,0.0,0.0,0.0,0.0,0.0,0.0,0.0,0.0,0.0,0.0,0.0,0.0,0.0,0.0,0.0,0.0,0.0,0.0,0.0,0.0,0.0,0.0,0.0,0.0,0.0,0.0,0.0,0.0,0.0,0.0,0.0,0.0,0.0,0.0,0.0,0.0,0.0,0.0,0.0,0.0,0.0,0.0,0.0,0.0,0.0,0.0,0.0,0.0,0.0,0.0,0.0,0.0,0.0,0.0,0.0,0.0,0.0,0.0,0.0,0.0,0.0,0.0,0.0,0.0,0.0,0.0,0.0,0.0,0.0,0.0,0.0,0.0,0.0,0.0,0.0,0.0,0.0,0.0,0.0,0.0,0.0,0.0,0.0,0.0,0.0
2009-08-01,0.0316420631849982,0.0003270796139325,0.0106846269495589,0.0,0.0070118220082721,0.4114506467456768,2.652974947707829,0.8343182093071203,0.0,0.95344091289517,0.4433350796362835,0.2478784588575807,1.4679372988427088,0.0,0.0,0.5534742267220811,0.0,0.2069353282533645,0.0,0.0,0.0,0.0,0.0,0.0,0.0,0.0,0.0,0.0,0.0,0.0,0.0,0.0,0.0,0.0,0.0,0.0,0.0,0.0,0.0,0.0,0.0,0.0,0.0,0.0,0.0,0.0,0.0,0.0,0.0,0.0,0.0,0.0,0.0,0.0,0.0,0.0,0.0,0.0,0.0,0.0,0.0,0.0,0.0,0.0,0.0,0.0,0.0,0.0,0.0,0.0,0.0,0.0,0.0,0.0,0.0,0.0,0.0,0.0,0.0,0.0,0.0,0.0,0.0,0.0,0.0,0.0,0.0,0.0,0.0,0.0,0.0,0.0,0.0,0.0,0.0,0.0,0.0,0.0,0.0,0.0,0.0,0.0,0.0,0.0,0.0,0.0,0.0,0.0,0.0
2009-09-01,0.4943738286764256,0.0254386948934785,1.0425853507370832,1.7847425551251563,0.6834823333310789,1.1965287015364217,4.992358264355974,1.8078858607566144,0.0,1.2697973103045632,0.5904358456534007,0.330125753833521,0.9271108020957768,0.0,0.0,0.349559844742818,0.0,0.5300466731008583,0.0,0.0,0.0,0.0,0.0,0.0,0.0,0.0,0.0,0.0,0.0,0.0,0.0,0.0,0.698847907798664,0.0,0.0,0.0,0.0,0.0,0.0,0.0,0.0,0.0,0.0,0.0,0.0,0.0,0.0,0.0,0.0,0.0,0.0,0.0,0.0,0.0,0.0,0.0,0.0,0.0,0.0,0.0,0.0,0.0,0.0,0.0,0.0,0.0,0.0,0.0,0.0,0.0,0.0,0.0,0.0,0.0,0.0,0.0,0.0,0.0,0.0,0.0,0.0,0.0,0.0,0.0,0.0,0.0,0.0,0.0,0.0,0.0,0.0,0.0,0.0,0.0,0.0,0.0,0.0,0.0,0.0,0.0,0.0,0.0,0.0,0.0,0.0,0.0,0.0,0.0,0.0
2009-10-01,49.9664473558246,26.1019666734032,55.35488498568303,60.45714549356563,43.83948744363467,37.77974915039559,55.82018758738344,34.4028601095564,17.868002261610382,30.81717971931807,20.993108776861952,16.553583721720408,28.210614945082398,16.581160086693302,12.47130080714774,19.019997877647256,20.432789238566794,22.996869464741994,18.244307909959527,19.205080216793725,14.72459720767507,12.798408875158035,15.981440002570393,12.781129963294829,13.750840529417006,16.286824181213863,13.900990733049394,17.792546714827363,15.815975038941726,17.05603942708672,15.618838304884909,15.441074349122534,52.81220459990851,17.735189067556576,19.247432500593003,19.54313063452988,19.02259405543424,15.91936114385256,13.94653190917899,13.865944540467416,14.974350160053246,14.601267286750186,20.523737907333487,17.89686606189625,19.126129848383,15.613781931264471,17.385642744158307,19.14047669114139,16.69998253916998,15.39422177908509,15.99889923753682,16.711336688733642,16.520817891434373,16.56620430241613,13.941305684207393,13.445484019730385,12.998681119664775,15.981085640556431,12.533205386267356,13.286183199474037,13.440906057920117,14.754206196038592,20.89159280022864,16.226515036177698,15.61894317201987,15.873428767109743,23.19044543273242,15.193166164149172,15.768555714633452,12.705099919081436,15.82949450403368,9.821928504804111,10.508034633910428,10.33718551627587,8.532906138657687,13.295409448593311,8.507508221765226,10.150303876099567,8.41588528258299,5.59869261700056,15.439468388069836,14.052397555853966,11.009150953579228,12.51701589289422,8.496491276901898,11.610078925930264,16.62771063094953,16.356640723905322,18.28808326575008,17.265539644146696,20.629572014301875,17.738713193139315,18.850683862079872,18.72109482224164,18.63943032069801,18.85732463410773,17.901793832498424,17.785788381696356,17.269554990100808,12.76795656682943,16.484699216913434,10.378009220754686,28.049592336536676,25.8588883435305,25.0732763670928,21.3824511901239,20.234186623367552,18.68145886237072,15.982637165764205
2009-11-01,9.944611357322028,8.43474419056615,16.536525475363078,18.548123447329427,13.4648873805129,16.68158669836928,44.74876868391067,20.634290381322806,13.998358221086216,18.02398454584084,13.550325709939086,10.07829556642204,19.211785254392385,12.911940870206353,6.198835640588819,9.16584645626004,8.555165922234506,10.363070577910475,1.286527403044108,1.4329846353587423,1.434469696944334,3.600068729419301,1.7365449727673967,0.9793039808827968,0.7572822193803422,1.0356188067733267,0.9393864542255804,1.2129059730018232,1.2267070637257762,1.363177499426412,1.8676759197064183,1.8238629846481769,8.753613818411152,2.094946508951668,2.241498467503856,2.257796597457204,2.2199688713281294,1.9483308444985863,1.654713735942366,1.152335477890933,1.8592155810902184,1.3219699968008278,1.8029663337585644,1.413153750444868,1.9712457169090287,1.9336214592941936,1.938118518627954,2.277294379329643,1.697635016916485,1.1758562665127,1.9926137496288632,2.9097788232237622,2.833564634016128,1.682132417938681,1.0801392693671934,1.024971859394317,0.9609431885898224,1.8466743148068103,0.9649025373781496,0.8380622523429715,1.7667074558129696,1.03796068949154,1.9826952227101604,2.781127575067732,1.587321096533082,2.632942232922977,2.333871892585775,2.064585845712528,3.670377007854852,3.514216386897937,2.444748020232131,2.8510365604961336,1.1618159242705728,0.7217604501445499,0.2457248730040798,1.9298847583508048,0.216662910472269,0.7401748875624106,0.2844588743297906,0.0343250083024757,3.1617939672295585,2.215746642567216,0.5465145085572576,1.4694794955254444,0.1500080767126573,1.1622609536287851,1.901592130194775,1.8310984524528475,2.0957163329665844,2.070760215649033,2.2086134239926354,2.077598901420572,1.7002628399138215,1.3282876207130492,1.9397789150502665,1.9589568349642532,1.455160208006889,1.3992914774106773,1.301284109300457,0.0519921456690763,1.1511205268924287,0.747414191431558,2.819357230938464,2.479118436529048,2.432750321822044,2.2495634871574177,2.268163657225193,2.1462009548677807,2.325094545535541
2009-12-01,29.62724960136157,28.27474770391181,40.87486120422776,50.308723777817065,37.263416929212354,33.49377117537672,28.878876458140954,30.12168585232473,42.787258150281424,35.265636898392174,35.522091361985154,31.57258288730468,28.072009097091875,43.0741764230573,24.447026701354748,21.299730338557666,26.24441596634381,28.999757405853654,27.311304170815102,21.84947452365161,31.908674351296128,17.943577273342154,26.163933353376205,25.367562628746605,27.890972314694935,28.476147383746923,32.85005547815972,29.24065853339104,44.10680951165698,46.43065507991788,45.42472960905956,45.13341947986183,42.80304136607887,51.04902032311608,47.30214983337488,47.85063107710934,46.9513936098204,49.508044245818574,43.78448396200961,40.96090390184768,39.79835800880071,41.00773172864977,43.9059842821509,45.96277596586632,38.26512053936235,40.5028768202366,39.297824272923165,39.18858236220679,43.24431741007801,48.74675964340047,43.30939729842,48.05231666613505,47.91272042967828,43.57274216034016,51.59180674843526,49.96390435809568,51.96004031020598,45.385531301809216,25.229900266719028,27.461960054221112,48.92646454723816,39.57009604598953,48.563106949612624,42.82321236918513,55.96849490398137,44.203198641920814,63.737219452159735,56.0565336628715,72.77420095598578,73.28804341173554,61.893462129628816,79.79338123172839,89.12070431182563,87.7435860557029,80.46480038587204,70.02210065670343,68.71400636048688,71.77151542767074,72.64555309934718,58.95248103371477,77.7311455929731,79.25540285447889,82.64568210685931,78.9256595944632,68.43642995424838,76.40647783418208,45.06426562346891,44.33115008067868,44.29929003801264,44.06477845330367,43.06682845141681,43.98442516035837,46.75287671666848,46.89606499627529,46.30923962624856,46.8043768828224,47.88899143383899,48.311850284017154,48.66899929930402,51.55586547654968,49.62687500155114,56.00499451746357,59.66748673707471,55.957637153161976,56.6450145372636,55.489786247423766,55.6559498413252,55.65367548581531,72.50132139432827
2010-01-01,16.557169187009617,13.286462248582096,24.34378409367565,27.203786533012124,20.89624215120476,17.497079829414908,19.723223392771622,14.420243514977178,8.886283444124821,9.63276242250705,8.867165237157332,8.958553011757191,10.075526672118102,9.476507340413612,6.989563096303369,10.690966867551058,23.18782828259932,16.002301596876123,34.96567231691242,32.59253461191101,28.776735736227604,30.184385853688813,30.5647217162673,31.2187609085581,33.58237819596363,26.638323956661655,30.421489591575728,27.43765868460012,30.80109498733806,31.07808239739281,31.026126157421828,30.82084106595839,22.18602714568045,30.26265878733009,32.11825586837119,32.042210231215144,32.21733397040835,34.46044641026181,33.17954898634551,32.825379439860534,34.15415391086951,33.43530669787684,39.55975872714157,39.06027204384306,27.590920212238064,30.94500646324417,29.12900097394215,26.44513704354904,33.338901844886465,37.1038923973866,27.40837653588466,26.126852027357025,26.26229888035757,33.02600241573323,35.060516047001265,33.38534278285467,32.54586104160109,31.517243703420583,31.41000679533148,29.20800730487053,33.70183422546842,30.84072786598453,21.969580808071328,20.454827122098774,20.35720868630101,20.368362995049235,31.90172396279182,17.90848881309757,20.975208654577216,18.762174447864087,20.64186211366269,17.598435743549224,18.660284152141056,18.711220509777977,16.02187408709647,19.3116216253625,17.572176401406267,13.504195215060449,17.156042314361745,16.585870468214033,21.091575725692906,20.594695068563663,18.900894894407735,19.785259309219605,17.527109513976935,19.26289832189573,34.33758913143455,34.32535611981523,35.726519273852496,34.91465045701037,36.238197867699206,35.07933827331107,36.86036881776993,37.37240659832102,34.94598545210139,34.4344624226266,32.08489907689831,30.996768545778902,30.062582992236425,19.26522377561066,28.956293359747452,24.698298578252828,35.27091361692276,31.069786995349144,29.64277144727643,25.719227578089654,25.17977038381768,25.043800416322654,20.79285997770081
2010-02-01,12.774497396147884,11.198287284289307,13.78122130095168,15.76991678162404,12.62225893491938,11.793366585968588,10.740724876838096,11.131894169847737,4.831806152358744,9.977596362140748,8.364557108956353,8.6143871771245,7.228460309250756,3.916113127724464,5.988416745996903,7.513991668697423,7.803094798998225,9.666326059070665,8.56062353315828,8.253977232856922,26.750561731164005,11.106392822710667,13.696905237214498,13.141696077784646,17.518815568244847,9.332401216457448,17.903431180102455,12.50374437404404,25.846147143599893,24.943033732830827,23.347539980330275,23.44554977170985,12.43610254532063,35.42368525984904,33.30843216127206,33.8163768492931,32.84746779521156,26.98178103184782,28.677550242493485,28.26089987626399,29.52557117070717,28.70693290629891,29.620943437326627,24.776953974700607,19.195024246278194,24.631966553031067,21.531833894786654,17.390119265396432,28.985582450262147,22.84325433542304,17.737709385382274,14.468142485862751,14.668849920428856,27.51400409324457,22.082108891427595,22.463462370292653,21.86602980588805,24.215111279642457,14.13794699871014,12.01702235243792,25.75176502353004,26.32888346394697,23.5794543161837,15.535890250219438,25.19135373371696,16.4413462793459,45.84033025420396,31.09151339522402,36.62611285689567,36.91255187392199,35.7081529903804,36.63963400762493,34.6630757154357,34.20079161204963,34.57958928399569,35.365219838586256,35.62859763712728,31.380965676042464,36.38598786192762,33.87796980033016,35.699478597393664,33.28101261577547,32.017325467365175,32.424703206245674,33.66994695804684,32.6050548090873,31.12512780614696,31.08154319841531,33.48622325076745,33.14761006783531,34.83471054707989,33.60501696519855,34.54829947415313,34.18111506964754,34.28058975721892,34.190714789953425,31.978815412768963,31.47722538021348,30.90087856376761,23.069439453052727,29.966232151593807,25.819223090144384,43.3780397441452,37.86285860259084,37.924220205402825,34.30218982858858,33.779286841973295,32.94223599732553,31.315184255106686
2010-03-01,16.749308945275306,5.73258766700506,17.793470941873572,19.645928678083266,13.313625234514843,13.975786349939773,32.602090289061465,15.747660956804918,6.03300203445513,12.038148531657535,7.70801653886413,6.49655255656011,12.621047417562446,5.735766089787106,6.116457377940718,9.062912431440902,2.78671008548271,7.7089261221579,3.334397249003511,4.514609110782455,4.864005068319401,5.773324618226003,6.607244476791377,6.0129862232632245,11.266684928028608,4.605129485206376,9.699854545667256,5.367936047031709,4.688997315126154,4.501327900141958,2.214630535789192,2.6723447938061584,13.91336486453006,0.1386204985563384,0.3403667410379976,0.3501733300064005,0.3396179936958453,24.221009653568306,16.130085663491297,9.002462462988936,3.583956607516115,7.6116182471743645,0.8081590560175914,0.2429295333606057,0.2429899119748307,0.1676832301841161,0.2067742793597846,0.2857819829422722,3.63131391802697,1.2664025140114212,0.2344169130872761,0.2570947593073961,0.2560445862106008,3.1482282906099988,2.4371636503243423,3.349851889310888,2.464662247886375,2.3951675414850544,7.656252957503037,5.794220224511697,25.49259584838488,10.647217757705844,0.0233130641078918,0.1739705663907403,0.0561490626981029,0.1630207127163183,1.5452756288572314,0.0534327675296178,7.785742761499646,4.647256802255937,1.4294046236294826,1.5525254320373,0.1990761199840833,0.5080000352204859,0.4236498603974609,1.1262638478061442,2.536532247513532,0.9134818352946018,1.5730076724395992,3.8823550524075343,3.447401485050209,2.643288007504215,1.630231952564253,2.4903859892746456,3.085203715531149,2.662276003111294,15.14079568821838,13.954602713748551,11.099465943865557,9.232387838542866,1.3925372814168964,7.835122152927719,7.164891170753604,5.860756505100383,6.030883256902559,5.942747664804807,7.278975194348795,7.728962862723066,8.395825816557235,11.25735959810464,9.058374396263543,12.612149929507298,3.3914190785852814,5.426971051421583,5.416537250772069,7.723676881059588,7.763596986812126,7.94449911820613,1.4971654260679954
2010-04-01,67.09560482900706,53.60729346996369,67.08162296469631,76.72305427026465,61.53482204764335,58.94382452844347,61.22961625464549,57.70375550447677,28.412068379550504,48.51130601965405,42.661122065742575,44.743162197940336,31.686523722443468,21.134085999901068,39.11661904038628,34.941988571774715,25.20809172205784,44.80982114675527,3.632368194178276,9.428885904423222,4.9936533726636,7.449205547198008,6.710017726735506,2.1003656306873664,6.053398660336547,9.500275719616424,5.805454076088203,7.773715553563615,22.19166753803797,22.576601671355824,4.078269969720069,5.46016930862578,70.47732703882986,5.647433758639464e-06,0.0293908646868352,0.0325347746704806,0.0272666074353734,28.69573554149096,21.177631480144427,16.407744236595136,6.198340142867411,13.713348044845306,0.6052453964213713,0.0364228768126965,0.4278441749334296,0.0284815476111451,0.2367414843476755,0.4854913886026002,6.22733345806926,1.859092116114425,0.2387533392011138,0.3405390295837005,0.3365468477781705,5.368784015376009,3.3962939329274158,6.001921257654895,9.372450641958231,4.22485433567475,2.6170411563533325,5.562528396950575,14.0396940276351,10.654755157364503,3.612009473337143e-05,0.0687526678384364,4.5135956737530665e-05,0.0603587309731005,9.42627313161343e-05,0.0,0.0,0.0,0.0009309035096127,0.0,0.0,0.0,0.0,0.0005745617042019,0.0,5.213183818633929e-05,0.0,0.0,0.0,0.0,0.0,0.0,0.0,0.0,24.6022561963786,22.88782875717089,15.3534544091109,12.885691590367816,1.2485562173861549,10.71576785708116,3.1127822999657244,2.2589605507687938,6.446693143662487,5.9218460367058325,4.4944917871495065,3.9493315638884106,3.565083450976625,0.0008168384412013,3.069953782959854,0.0,0.012625679948978,0.0185256164824213,0.0121875896797381,0.0044314983406249,0.0037673827744792,0.0031885156184929,0.0
2010-05-01,59.93727687841309,28.07671960651016,52.71648130949963,46.35042617821913,42.82797708998576,41.62686996682798,53.55576970862417,41.205053676142505,34.20286757765301,34.30575505644048,31.395093380781635,30.86651635416505,25.30525027746868,37.86429309483886,21.73027312397887,20.302895506375084,51.08544131264989,34.80095137786759,27.222855561510045,26.799736733322217,2.267806286498388,33.978937765037884,20.0348114646092,16.0645333318537,12.905165225381012,17.135405758716423,11.129469105800029,24.85757762600125,3.864070037644249,3.5901275165465387,1.6157852723709434,1.7191390534479434,36.20905155428484,0.004703118693437,0.1171811124211065,0.1302646664122108,0.1086684390321477,7.989384670504547,6.215144552419602,4.29185286518477,3.247982293847427,4.038498138715154,1.7487758222898515,0.4986172938890895,0.5615424387847577,0.007354126954157,0.2911595978296586,0.9322897911090154,1.968098914773464,1.2612734954434788,0.4470706488282212,1.270832753460195,1.236944802200043,1.7846861083418697,1.8642963312753449,3.6301149839573466,3.6502164384460376,1.7085661564362502,15.165699778529714,13.83405550342358,8.057953242158566,5.8519719609026,0.0278548829350969,4.811044377701201,0.060837456590391,4.29515337793782,0.0016892292973364,0.0007150880663319,0.0,0.0,0.0074594275207748,0.0,0.0,0.0,2.8823822389057937e-05,0.0046062625801779,0.0,0.0101351685728407,0.0,0.0,0.0,0.0,0.0,0.0,0.0,0.0,5.946261263420685,5.524823102812098,6.654816661153782,5.1400757404381565,1.6080927300032015,4.464749430773006,2.8145220240915862,2.7251895526898853,3.290745394094627,3.096118099663272,2.361318854906322,2.093461817610784,1.901984720299199,0.0601962608490632,1.639699573642897,0.001076825503224,0.0375476855675956,0.0980660369237987,0.0652775002640204,0.0399680434583276,0.0340125598231392,0.0288904835946291,0.0
2010-06-01,3.1417290657216905,0.0910756772667608,9.250617111530696,12.23065223180258,6.049612289792273,6.04697972073013,16.60395690530824,6.716222821453502,0.0,5.339049397711039,2.482574282163742,1.3880622405252092,5.636074306896088,0.0,0.0,2.1250375416012584,0.0,2.4102360463419066,0.0,0.0,0.0,0.0,0.0,0.0,0.0,0.0,0.0,0.0,0.0,0.0,0.0,0.0,4.089227340112901,0.0,0.0,0.0,0.0,0.0,0.0,0.0,0.0,0.0,0.0,0.0,0.0,0.0,0.0,0.0,0.0,0.0,0.0,0.0,0.0,0.0,0.0,0.0,0.0,0.0,0.0,0.0,0.0,0.0,0.0,0.0,0.0,0.0,0.0,0.0,0.0,0.0,0.0,0.0,0.0,0.0,0.0,0.0,0.0,0.0,0.0,0.0,0.0,0.0,0.0,0.0,0.0,0.0,0.0,0.0,0.0,0.0,0.0,0.0,0.0,0.0,0.0,0.0,0.0,0.0,0.0,0.0,0.0,0.0,0.0,0.0,0.0,0.0,0.0,0.0,0.0
2010-07-01,0.1865717186901086,0.0019248616288562,0.0737242231440508,0.0054260643856057,0.0483449763815675,1.3292263936518778,7.880827162358306,2.6713759803187247,0.0,2.046449014612425,0.9515667144069236,0.5320420185582247,4.477375980011331,0.0,0.0,1.6881594399396218,0.0,0.5933095544393339,0.0,0.0,0.0,0.0,0.0,0.0,0.0,0.0,0.0,0.0,0.0,0.0,0.0,0.0,0.0,0.0,0.0,0.0,0.0,0.0,0.0,0.0,0.0,0.0,0.0,0.0,0.0,0.0,0.0,0.0,0.0,0.0,0.0,0.0,0.0,0.0,0.0,0.0,0.0,0.0,0.0,0.0,0.0,0.0,0.0,0.0,0.0,0.0,0.0,0.0,0.0,0.0,0.0,0.0,0.0,0.0,0.0,0.0,0.0,0.0,0.0,0.0,0.0,0.0,0.0,0.0,0.0,0.0,0.0,0.0,0.0,0.0,0.0,0.0,0.0,0.0,0.0,0.0,0.0,0.0,0.0,0.0,0.0,0.0,0.0,0.0,0.0,0.0,0.0,0.0,0.0
2010-08-01,2.67433401875768,0.136900899069325,2.821689116859553,0.7981358514809842,1.857341564307001,2.010653159443497,5.522384745409581,2.376967905913248,0.0,1.098059831098858,0.5105806097489538,0.2854769223863941,1.215117468560936,0.0,0.0,0.4581504958137315,0.0,0.7521340803878828,0.0,0.0,0.0,0.0,0.0,0.0,0.0,0.0,0.0,0.0,0.0,0.0,0.0,0.0,0.1002635389546394,0.0,0.0,0.0,0.0,0.0,0.0,0.0,0.0,0.0,0.0,0.0,0.0,0.0,0.0,0.0,0.0,0.0,0.0,0.0,0.0,0.0,0.0,0.0,0.0,0.0,0.0,0.0,0.0,0.0,0.0,0.0,0.0,0.0,0.0,0.0,0.0,0.0,0.0,0.0,0.0,0.0,0.0,0.0,0.0,0.0,0.0,0.0,0.0,0.0,0.0,0.0,0.0,0.0,0.0,0.0,0.0,0.0,0.0,0.0,0.0,0.0,0.0,0.0,0.0,0.0,0.0,0.0,0.0,0.0,0.0,0.0,0.0,0.0,0.0,0.0,0.0
2010-09-01,17.335766095066468,4.119518310177056,9.76862700964324,5.108184596976974,6.865203521013402,10.245880717307216,31.2888294437818,14.536451184446197,0.3642065349627408,9.390317986759271,4.482051946917543,2.66793339213174,7.303385556686052,0.1061806431581982,0.0613706452239775,3.1476842181925875,0.0566303000238925,4.1843274441879625,0.0,0.0004226995178504,0.0,0.0067304754243262,0.0021319021223874,0.0009907567449118,0.0173709306399366,0.0007891254383322,0.002902617500634,0.0045916756876893,0.0,0.0,0.0,0.0,4.910814277051589,0.0,0.0,0.0,0.0,0.0,0.0,0.0,0.0,0.0,0.0,0.0,0.0,0.0,0.0,0.0,0.0,0.0,0.0,0.0,0.0,0.0,0.0,0.0,0.0,0.0,0.0118210006612202,0.0032739306719987,0.0,0.0,0.0,0.0,0.0,0.0,0.0,0.0,0.0,0.0,0.0,0.0,0.0,0.0,0.0,0.0,0.0,0.0,0.0,0.0,0.0,0.0,0.0,0.0,0.0,0.0,0.0,0.0,0.0,0.0,0.0,0.0,0.0,0.0,0.0,0.0,0.0,0.0,0.0,0.0,0.0,0.0,0.0,0.0,0.0,0.0,0.0,0.0,0.0
2010-10-01,7.256000112146848,1.6112421469334437,8.61824656631706,8.78751799331842,5.96903717344524,5.939754353821659,14.623487529834591,6.4984543189373465,3.731011960930247,6.940861149141379,4.64167661712793,2.9965320564633995,9.990785836122168,3.965710571316129,4.713516341213628,6.900422739408718,3.077862201325208,4.164033179073807,15.256148156052792,19.826745691924938,6.455255796594397,24.65249258043453,21.03521815516429,15.240141237264153,21.133277320771494,24.24868379009628,23.17033378127088,29.606362324808124,11.47198481276019,11.543731933713406,6.67761658327869,7.0244729548028015,5.834343199959375,3.4474503564244703,5.891980358962615,5.848897685954937,5.800975383370235,26.612328800280636,26.17395494820594,19.334875587964515,17.54466822789893,18.18365253042786,7.357039800170749,3.323721152525639,13.103396909257894,9.227044930906912,11.186062106069144,6.357701272636989,11.403274263805216,4.403276267005893,1.4029282545424009,0.9277257028885084,0.8969804325456225,10.11612071524172,3.066861156861819,3.3788740107353834,3.558191396070595,7.369703891190166,16.351612961800328,19.194246146620475,26.71022706556236,30.16883257148694,5.724820112477024,6.9895880673137,2.7557247899049777,6.467106405202416,4.550559409567468,2.217274144166624,2.1351521544115712,1.3323421494131993,2.5670216441983333,0.4088585215987923,0.0471743387782315,0.0249183741653979,0.0012618121861178,1.6253647354066652,0.0003431180010482,0.0038499223507452,0.0008636447547773,0.0,1.1409581258843793,0.6404069641599281,0.0064183597220215,0.3661848584795998,0.0001083730517376,0.2822552667181827,25.45712481369738,25.05180944418674,22.2708536534907,19.449381221817674,9.32472849089034,17.508956884591576,11.374068667246451,10.030776150797596,13.714603285394348,13.377535436939432,11.589763864484096,11.204486713807636,10.77113801727558,5.266357371517261,9.805352336079787,3.4678801911348947,9.027020661880591,10.533223469107744,9.519149132313174,7.613920509837272,6.968477690261756,6.355060610866319,0.5540081660139631
2010-11-01,40.68856693921634,36.9098178265069,50.06468278206181,57.53259807145671,48.16821659799301,44.999462498641016,47.66715327627749,41.56976033737492,19.511068292772062,31.046547514962462,25.75431779661619,26.09367080957716,22.68464274883708,18.131076496259773,16.337588790394445,20.157818267459533,45.27709063241949,35.02330097750873,36.17387492051835,38.18183879047565,33.03974079847803,39.15667819791674,34.701215555112185,35.18143699202786,31.78682386312813,36.65743173714261,30.719445849943597,36.83565046801237,25.880018128547484,27.287937243324123,27.24514591490773,27.326778943825268,49.28770793798528,14.108920135574524,16.320415594138282,15.932296733713953,16.806305773654955,27.76034321675117,26.53180481786567,25.447204609987327,25.16370047441251,25.020071780275185,22.472002766087947,25.70264377965351,24.953457275086343,22.01484639309988,23.933548732735435,28.75662819696617,22.539623025229357,27.592638732212063,31.72029768728791,36.75107108395048,36.49873069642855,23.62919756736913,27.121178771061903,24.78354080986233,24.736529591952703,26.54875270150808,34.09891643923031,34.04053535028621,26.45263024679617,25.24308000674644,25.041293160338117,35.30647265150447,33.57266225927894,35.36700919847577,9.391561591185646,23.310720489705897,18.00045722527886,20.79056794807148,18.22059581241341,30.82242315673983,41.56343062331662,44.960912973239175,49.75761512331341,27.382743081282086,24.64359561820676,39.79851091538773,37.23241455785185,1.1895120453222017,26.33956769392008,33.60945864284456,44.43893452174643,36.78233251881694,22.19943966360124,32.551536394384954,26.725615950877295,26.58933321489088,24.962323018947224,23.695213465740757,17.932934064940895,22.40811501931181,17.34679015516578,15.968164419892314,18.524596704288072,17.850152115660944,15.287391536351736,14.290271254097314,13.432177650027894,4.613911329722033,12.23693283234752,5.538247564815778,10.034635314348291,9.3820235750303,8.996033714514471,8.130258480364434,8.3574377200378,8.187812830778748,27.01382510167977
2010-12-01,13.874698055843096,9.264939902541268,24.995376606469268,31.78394103353996,19.49518723035396,15.48749943475336,20.474805888884983,12.416666188751208,9.65956769328631,8.924127784558685,7.9660969528437615,7.289564858871281,18.04827757300129,12.33505697445734,14.210058872970563,15.161466006337957,11.769227209583091,10.747279232237323,13.491286885122523,15.12293795557321,30.06462530834124,20.693558060847607,23.47938941974368,24.672761812854656,31.779738152793545,20.741086846262952,31.9773865232526,22.506403903331112,37.12769888325069,33.80798988974809,43.24576387591157,41.68582564121467,23.076087516261182,69.20399055653589,65.0850258363127,65.54315710075323,64.63376457550214,54.5589649588191,52.48316730051516,48.18808666252811,50.9074677005222,49.42748385175633,57.02078836328322,52.79355370597234,45.35872107334343,55.25102955939828,49.55163766023084,39.39330686324447,54.73576015741932,41.82158866502795,35.57518834547066,32.188874885932336,32.19945959271738,52.21008914195991,34.350299891987675,33.03576978712355,29.906723186279976,45.603129461006645,26.956538974252386,24.718013586494934,54.6075240046971,42.4443714081441,54.88127872106996,41.85468158235413,51.22726516186754,42.256274782255055,76.89633107256735,62.67862727260321,50.71550308386954,55.019927665712586,64.85147558007303,57.89668548901587,60.96637017684324,58.07629240921203,67.71111472119173,63.358877005992895,43.23782045180038,73.42435791774722,59.58179934798229,25.23321548005706,49.47209029027558,44.85332379882635,42.82703514348582,41.661992278178055,33.92122617419722,39.32233411198966,54.19967388474706,53.80650729756252,56.41991352146539,56.58783708259833,61.11902307511081,57.685790805841,63.70370558847748,64.38585423283044,61.09162139755497,61.25778092822316,59.80183405482695,59.33976975974497,58.072498322832026,38.63901970925232,55.06827943713704,34.73478100365921,72.80135251312636,67.37083617329733,66.38929836545142,56.97231421495209,54.215866464055935,51.20209219473719,39.93964155257774
2011-01-01,37.17494806331364,33.170185118503234,47.16109503268558,50.47675700963313,43.964359704971066,45.47634426048208,56.51715532155807,46.49560498902135,49.47753729083337,43.33543155988278,44.707722911791656,45.31529130368722,50.2019776148082,51.84039519255034,46.7650794140359,41.76063040834892,56.2429416203738,45.67928588915885,36.522834985683126,27.6940656803797,26.29890099363316,22.5330850542728,26.64973985453125,32.862053324495456,28.61881342684936,25.235026734933783,27.230381376944194,24.685511401940666,27.25691487186785,27.9826979935552,35.22525188538636,34.15140214333892,36.37706278324629,33.751144882634506,34.19031674031769,34.23684096387666,34.2154142431687,31.81361181806618,31.59235229051093,31.09845885188832,38.175989315978775,32.646467550880175,37.682412056175934,37.38215823809792,34.16114330316163,33.81985209669719,34.114667064031494,35.78510034685918,34.02449240997358,37.6150389097368,37.66264935896357,38.4022561861302,38.41064594791392,34.55840002096384,35.50774680294574,32.69674170627085,30.800897737175465,35.31629951097614,32.4528693473601,28.497412411733027,30.65291983000269,26.90074182054311,29.69560645157758,33.12878703701622,28.95918712370438,32.59301530131005,37.47914453616206,31.482670805590864,40.51820857093111,39.98534556295788,35.49660482170007,38.358486262620346,34.99441149625398,33.36040806618444,29.124120806680956,34.788723957300675,28.53386651717288,25.240544552912556,27.88005083243334,27.87171736643158,38.95541270840343,37.28794719204671,33.32666512692186,35.52931408752833,29.38464156195828,34.16699545005,33.82496485740599,34.12198854092844,37.04359118940489,37.43344239382791,37.77801456147634,37.422362809745664,38.07890260890747,37.226027501183786,37.05549242035051,37.03674917868118,35.92022851327908,35.82424571004051,35.592524430065964,31.49192165132682,34.997257426601465,31.506361561111337,36.487736970607465,36.35970589965556,36.66273936141762,36.99211150504826,36.97205963479165,36.382697037759264,37.41081334600063
2011-02-01,29.677844543978456,19.730989718786837,44.32691081847717,52.02209185793914,35.58351339254834,30.560070354101715,44.06103835237441,27.31660598954508,20.94961074859746,22.158643928464016,19.304161053572862,16.30511261049831,25.56272317519464,24.18149390921668,18.82433955892085,20.880380374676918,20.965847360853942,21.403519242974564,17.30223773751611,15.989694699174072,8.968918278996188,15.90988464737842,14.205124843285304,16.368098442275652,14.193195269217782,14.485618057487052,12.94462909924438,15.277101756647031,7.211449694390049,7.569793552377528,10.110750025564998,9.879117800344105,42.36742758301404,33.38701048145199,26.540016079454507,27.082276890887037,25.879523164590648,10.32888941676345,7.91572000960581,6.531304175698637,5.99034318324961,6.908307307337803,9.904372851217454,7.01024882357466,9.206091647447709,16.794722753286983,12.173700975988652,6.702078800380821,13.346977443973204,5.03580512956105,5.526055609063924,6.770398878454019,6.660687879382675,12.097759143588007,5.0136256132318096,5.165443859784141,5.898525204753192,10.329700114364398,15.715625223241394,14.584664937279165,10.825772525449697,8.40046169123066,24.787983040383068,12.304011080401734,28.476738375711413,14.04667598693292,49.81442762402892,34.59897909170128,47.04394701786136,48.4396571644794,42.26015946057298,43.18229977872885,36.75074750421671,27.914325616944875,27.78319134266589,38.85212884054182,15.297219373464968,22.481482414822636,18.1459479049435,16.710752633348477,33.362103326274955,25.259737120733615,16.656304961220773,20.82219711816434,13.81085576874742,19.200877658290864,7.897091598550279,7.620267052544292,8.69692786852108,11.210362573668972,16.87574724845988,12.7421939939134,24.85642339622765,27.7238566063724,21.39454001128384,23.05188517138337,28.62489089155173,30.69938566506644,31.86565232569825,34.93357319849379,31.3847863630182,26.040359158796285,47.63254055441409,47.029767746028334,48.2798923011992,47.484827478345856,46.23163803161777,43.81260271214088,16.721785582256054
2011-03-01,31.348236752793376,26.17898390399713,35.896654834425085,34.935499752041444,32.33377444949623,33.121924072965115,44.65255124845695,34.778394582055334,29.525670899188103,30.15670336292601,30.865597824253022,31.61452045271406,24.726585465107675,26.429232874078505,22.921229532180732,22.3269392158114,41.21621799593905,30.55850509505257,20.39677604998989,18.232959713057998,19.451406416291512,27.28490565872753,23.057795295553177,28.408802294483674,33.172481362835924,18.15350076185813,27.466328053017527,21.21293362006128,16.470120851105257,17.18062758201587,27.14605614303849,25.669254268495145,24.033930553184423,34.98749090098225,33.73526578248395,33.574889957595815,34.16854422903115,50.931570477503634,42.71531441267528,30.45416368254039,41.35035533004159,32.93814905006448,42.70885964657589,44.15900642718484,33.14482411177245,38.459087981824624,36.03394447528766,27.85102800293064,35.01115070520797,38.29478278519313,27.07113665805464,13.651159985468668,14.462748089262533,34.64486826521025,26.787840476556,19.583261707939613,14.486653546893374,29.01404584997642,29.024341574195866,23.66203125089544,49.15644059211112,22.0435563121713,28.724441458626345,18.98292378982328,30.44443564486576,20.465865730814784,40.913882166520935,27.732339601232383,12.21975321432288,13.189868339721956,26.302998850143283,11.63224105375702,11.82677642442984,11.3108277481051,12.915331330487565,20.77670827491073,11.539128123603795,13.973282023672231,12.182699808835263,9.64934255761763,9.504068847642785,9.560094222484937,10.386471220394109,10.030483715443438,11.00293385871215,10.253071634471894,47.19930693298207,46.05989267079801,46.715645635733225,43.96102640586435,35.181755665871954,41.84862588273036,33.541223346234965,33.60082024301024,37.760669787105,36.976944814543856,34.63243657737836,33.01915669170535,31.577350353508457,19.98807704162576,29.62582104798317,12.97572645328879,37.71399964765846,29.161788061601406,27.78683261444432,19.76137997296452,18.233588770232828,17.022560417882413,7.86966173709211
2011-04-01,87.11951239354067,61.32183017234973,84.05368062754057,84.90358914110973,72.17546577110309,65.72721588426171,77.85895750085476,62.93632539900533,23.494887382719924,50.23514352654321,36.31213379312794,33.29320776864405,27.03626682834557,20.108677408513245,15.476851329014442,17.36914913039717,48.64589165605874,41.51081307193125,24.504621584581976,18.26045224516821,26.003896335769102,19.311467295627747,32.83090492516283,45.23167310644676,71.33240441917346,60.50255868954518,47.58894032638796,71.22092827168578,29.818735410681253,30.157290150626128,22.71418258940673,23.38165884407964,62.73457801131488,9.755564728057278,14.687604672078043,14.846215720965434,14.816375950142854,31.7901431454136,29.446771230273043,28.385847464601635,31.380517049260103,28.77008289012053,24.560067452958844,20.126509494945044,19.851113449735543,14.790967269380443,17.77171050145487,22.761346595455446,22.519324181442084,23.64820214620485,21.65867301913388,23.06068324895968,22.901357296303438,22.468075725855336,27.83867324162104,31.01675914698976,30.801299814672632,22.80665118091572,52.04084500550284,55.75882259297497,29.33810632373381,31.88674757586711,11.44397869918091,22.297596905392066,12.173483411797774,21.16707904287811,15.086898958905882,7.991257903455554,8.853555698489371,6.901613897467774,8.4607044795159,6.746145299556059,11.858544718148456,17.22934625947687,15.05382973105768,10.07632914594711,27.412641208283357,22.6281832409434,25.71849418618285,4.750482260443482,10.607693038962038,18.19460714894095,25.46653979204308,21.14410998180773,23.00977313208804,20.81086006028669,32.239296486824166,32.1230867096893,37.029389767304544,36.62325774531803,31.730738383787976,36.08636624938535,42.588750918098405,41.84738942058351,36.63939654956303,36.76117893843923,37.94606423518672,37.886112013948505,37.04837457665615,21.51090089076129,34.91456393073579,20.710731920749375,24.35012954625968,30.74369108136584,27.88160669351904,23.142216840606988,20.868394726843352,19.27992492898533,16.69278373543145
2011-05-01,22.44907393542904,1.7725024520309935,20.52383641584163,19.9009501877586,13.596216230377266,18.59843518435234,58.51545566337296,25.329001202931945,0.1327372957784894,14.85503445833527,6.917363407655143,3.8686923675005858,8.079951529722198,0.0130880050952278,0.0010161511426369,3.046769191657525,0.0430829759408024,7.333839855166664,0.0298958688676029,0.2191163094721112,10.628565698023449,0.5257096886976671,2.779502717566737,0.2095867560280949,0.9665231741370538,0.7163174504445946,3.754165089943519,3.2427513915014394,9.142667446954391,9.998842019504442,3.544138873340354,4.311940145800865,9.809163114580764,1.063226297795308,1.4133324602829762,1.3881993236997847,1.4362821140824324,4.133465233915057,4.18616223034612,4.868024792765514,2.3913229357287795,4.261682277675978,1.765044592962009,2.050051803237988,2.3241410801861644,1.975240038571313,2.187542234226365,2.575889844551606,2.8524549960982566,3.356731925221187,3.036587248346601,3.2932465710006347,3.3048038614778954,2.889838910383632,4.585823121758018,4.946498967025652,5.57488425042402,3.234201893632426,0.2104267639350948,0.4880995006657608,4.6785707496575935,7.522307322975857,0.8942065479027269,1.06155898113288,0.2981941947906715,0.9601692555691516,0.5239634208712208,0.3116364572067858,0.0293841195493314,0.0435882240841157,0.3855650752210552,0.0327211905681661,0.0174333850277925,0.0094256151883032,0.0076476959813092,0.2455902179305705,0.0002756485054726,0.0030818355158804,0.0004667696898135,0.0,0.0103899218641482,0.0061365017397334,0.0018949852015387,0.0040114340118772,0.0001650425005067,0.0031175768260763,3.385362963421322,3.332888914122145,2.7348712098641905,2.408847355290757,1.2035387245333686,2.17386220871695,1.2302094208982923,1.0542483253822534,1.7389311238808245,1.6968725415743062,1.3077285833915646,1.182198709999286,1.0710860752900209,0.0024752819254666,0.9239435312504024,0.0436268517176025,0.9230877360187884,0.8402127966594033,0.6593451314483734,0.3614914667981522,0.315356666565771,0.2743127057397438,0.0014849720664813
2011-06-01,0.2284041010707909,0.0024873975081312,1.3460283810804792,3.002045290389306,0.8790450990594851,3.208800016549597,16.24879352116515,5.73787111578446,0.0638230676666412,4.06394191912381,1.8970505319678743,1.0629716974568908,6.055892715136732,0.1490247254917785,0.2635154870311968,2.336391098767449,0.0,1.370990147551164,0.0,2.1071837563441608e-06,0.0,1.1981794059734642e-05,1.7958245681845371e-06,0.0,0.0,0.0,0.0,0.0,0.0,0.0,0.0,0.0,0.5317456976625465,0.0,0.0,0.0,0.0,0.0,0.0,0.0,0.0,0.0,0.0,0.0,0.0,0.0,0.0,0.0,0.0,0.0,0.0,0.0,0.0,0.0,0.0,0.0,0.0,0.0,0.0,0.0,0.0,0.0,0.0,0.0,0.0,0.0,0.0,0.0,0.0,0.0,0.0,0.0,0.0,0.0,0.0,0.0,0.0,0.0,0.0,0.0,0.0,0.0,0.0,0.0,0.0,0.0,0.0,0.0,0.0,0.0,0.0,0.0,0.0,0.0,0.0,0.0,0.0,0.0,0.0,0.0,0.0,0.0,0.0,0.0,0.0,0.0,0.0,0.0,0.0
2011-07-01,4.2949591826425685e-07,0.0,3.727802029842722e-05,0.0,2.4337366193768188e-05,0.4116646052689818,2.8360567169246886,0.8412717680984597,0.0,0.7167945240452491,0.3332982181722177,0.1863544132990498,2.316770128470884,0.0,0.0,0.8735199768812699,0.0,0.1897887073732999,0.0,0.0,0.0,0.0,0.0,0.0,0.0,0.0,0.0,0.0,0.0,0.0,0.0,0.0,0.0,0.0,0.0,0.0,0.0,0.0,0.0,0.0,0.0,0.0,0.0,0.0,0.0,0.0,0.0,0.0,0.0,0.0,0.0,0.0,0.0,0.0,0.0,0.0,0.0,0.0,0.0,0.0,0.0,0.0,0.0,0.0,0.0,0.0,0.0,0.0,0.0,0.0,0.0,0.0,0.0,0.0,0.0,0.0,0.0,0.0,0.0,0.0,0.0,0.0,0.0,0.0,0.0,0.0,0.0,0.0,0.0,0.0,0.0,0.0,0.0,0.0,0.0,0.0,0.0,0.0,0.0,0.0,0.0,0.0,0.0,0.0,0.0,0.0,0.0,0.0,0.0
2011-08-01,0.2287601892342378,0.0033266798028905,0.0679555142021365,0.0,0.0447341549140904,0.9212174871816828,4.870996306344974,1.8409196932175649,0.0,1.62201658249642,0.7542122863060774,0.4216967872081284,0.7546537790440946,0.0,0.0,0.2845362789872691,0.0,0.4260150171553762,0.0,0.0,0.0,0.0,0.0,0.0,0.0,0.0,0.0,0.0,0.0,0.0,0.0,0.0,0.0,0.0,0.0,0.0,0.0,0.0,0.0,0.0,0.0,0.0,0.0,0.0,0.0,0.0,0.0,0.0,0.0,0.0,0.0,0.0,0.0,0.0,0.0,0.0,0.0,0.0,0.0,0.0,0.0,0.0,0.0,0.0,0.0,0.0,0.0,0.0,0.0,0.0,0.0,0.0,0.0,0.0,0.0,0.0,0.0,0.0,0.0,0.0,0.0,0.0,0.0,0.0,0.0,0.0,0.0,0.0,0.0,0.0,0.0,0.0,0.0,0.0,0.0,0.0,0.0,0.0,0.0,0.0,0.0,0.0,0.0,0.0,0.0,0.0,0.0,0.0,0.0
2011-09-01,0.4998017845082252,0.0082550413252309,0.4101922942017528,0.2273690253309301,0.2687133473067215,1.5659757359926525,8.223383074570293,2.9496993282094706,0.0,1.8586856935688536,0.8642597132474492,0.4832267389490253,2.397735922768755,0.0,0.0,0.9040474935710388,0.0,0.6588028654081634,0.0,0.0,0.0,0.0,0.0,0.0,0.0,0.0,0.0,0.0,0.0,0.0,0.0,0.0,0.0228570405151698,0.0,0.0,0.0,0.0,0.0,0.0,0.0,0.0,0.0,0.0,0.0,0.0,0.0,0.0,0.0,0.0,0.0,0.0,0.0,0.0,0.0,0.0,0.0,0.0,0.0,0.0,0.0,0.0,0.0,0.0,0.0,0.0,0.0,0.0,0.0,0.0,0.0,0.0,0.0,0.0,0.0,0.0,0.0,0.0,0.0,0.0,0.0,0.0,0.0,0.0,0.0,0.0,0.0,0.0,0.0,0.0,0.0,0.0,0.0,0.0,0.0,0.0,0.0,0.0,0.0,0.0,0.0,0.0,0.0,0.0,0.0,0.0,0.0,0.0,0.0,0.0
2011-10-01,7.730893794173398,0.7096093371466384,10.733239609198938,10.212708707738765,7.090748814936212,9.608869701876324,31.221205673817675,13.024514408028804,1.374500398502908,9.294872142986732,4.885715616570279,2.8635360710808526,8.61943055507081,1.438753093751216,1.362766006349666,3.780901095104064,0.1021614796883818,4.026331491765179,0.0395293895341325,0.3292544077315513,0.0079531120710752,1.5243961037817806,0.4096502680266937,0.9872078197825253,0.0873479043655572,0.2985642639476037,0.1220382713269793,0.3648372772674258,0.0339261305340008,0.0405932497219905,0.0153644777944663,0.0160397186703225,2.4074399585948205,0.0045144617037527,0.0108132664861537,0.0118388671690776,0.0102046106113414,2.1612657445279745e-05,0.0005232841999321,0.0058508820063026,0.0037895538470122,0.0056546126821659,0.0058539951284752,0.004101011081468,0.0089316583117125,0.0027976815382168,0.0060261258964537,0.0143261476072476,0.0068240940575758,0.0053772213677022,0.0058923102530816,0.0399109630063235,0.0376222716107402,0.0069141341443344,0.0077658868306543,0.0078977523897535,0.0111490987936083,0.0126695450597091,0.7187327445516472,0.2472674781891299,2.5312670614552385e-05,0.0023943047008863,0.0019785932798484,0.0351704578660989,2.853205470743048e-05,0.0309819912218968,0.0163899096122572,0.000404026632571,0.0135513852885177,0.0091166608900602,0.0068688285410695,0.0051294034765215,0.0004240204347396,0.0001907853160306,0.0,0.0047032641819684,0.0,0.0,0.0,0.0,0.0074235978812242,0.00415822268607,1.419627015962693e-05,0.0023701384097298,0.0,0.0018267930785301,0.0007454591038517,0.0009469421613011,0.001234632677213,0.0020386012673581,0.0151771353764046,0.0047268651120008,0.0030512097612167,0.0019815123540783,0.0076696989802946,0.0074852124209988,0.0054543409349216,0.0048101274782327,0.0043472376682164,0.0003188688427895,0.0037547401222001,3.895335420008911e-07,0.0291211492210969,0.0113906797965672,0.010431473793107,0.0062054048648064,0.0056690829567855,0.004808106830913,0.0012488276722817
2011-11-01,24.15957911745292,16.013930169728344,34.02750561932,34.738321942585344,27.56893789463884,27.95003044331115,50.68580197266743,29.676681282658464,31.902299681515952,32.123562456612774,27.99432541361087,23.369227550099787,34.44220344282022,28.67447356635198,18.513369010646933,23.86651177758667,27.16966219229176,24.119387327634502,24.916794339503088,23.8489034389722,16.426627735589147,29.37490699090377,20.84448617669667,19.834115912173612,17.160708263177508,19.586654596011808,14.595448468589163,22.51894723259449,7.345888735594173,7.830181509613571,6.732074369033819,7.093686270241011,21.40005290469882,5.707635666182808,4.802391387878188,4.904719892839941,4.708960206045003,7.991128681741352,8.467959988409259,7.321603844763766,6.727662400736906,6.900991108881545,4.085552880850342,4.338228226017391,8.564601257534807,4.911104507066647,6.858220537104134,9.764269307615574,5.7379643561449205,6.833918941072762,7.659478793052451,9.347125370017734,9.160620315118786,6.021873981257295,6.160160484464496,5.6831264368007846,5.738546994637825,6.525001905965335,19.551681726605324,18.36748358902943,9.339071060280014,8.54060297482373,7.015571163645128,8.512793195208031,8.139713655248327,8.49040517923889,7.945229221894738,7.994964679972442,7.272259262047342,7.239293383725389,7.671015991702925,6.149046750665099,5.425710861908544,3.991708162913412,4.222850032987654,6.640075593672412,0.6465358779639473,2.5877981666483456,0.8691561520919401,5.706190164614606,4.81991463826617,3.2950813834426755,1.4094469942027452,2.331405789433923,0.994888601332772,2.1441888945005942,8.150005998275365,8.14134249439839,6.170165305400872,5.63502554712176,2.695831488917672,5.08805112866211,2.9700411452698696,3.119450840774152,4.763147461999735,4.918223589437739,5.541793397173097,5.89359752030416,6.159327433996796,6.374655757088216,5.954922196582419,4.197378785358644,8.182885196410405,8.321168073774931,8.391214808576304,8.508210945928973,8.155231708553822,7.57869684035549,2.6215386516802277
2011-12-01,22.448615263656656,16.300584472546603,25.305436797925804,27.759976100496672,21.524080722586877,21.04134788665421,36.57699671218438,21.7021828161915,20.059926530055712,23.88917695351241,18.55243910057001,13.705489738352147,21.80693209379009,20.500248511171304,14.502213315257771,15.992708612056374,15.716793441413191,16.033806458363994,16.43051840112723,17.41978988885608,10.942727104028206,13.736070577700284,15.24696170305955,11.968232036143874,13.777470515794144,18.563034971900414,14.293985790166175,19.06045060305496,15.309677657872442,15.523683925764573,13.457653479104067,13.462245373305471,19.508370520365283,8.620620264906199,10.0251169647658,9.933747876774648,10.15766923043159,13.029628491168069,13.057928523213352,13.449031299265933,10.911530185782704,13.038789374703349,12.544833723156431,12.67451061354553,15.440159632402734,12.379719504135345,14.060360584230542,17.523752556052912,12.212646066818952,12.269956114970284,16.185911682050243,17.394539562929655,17.214555360085495,12.567316747000644,12.804079328881455,14.322559652245022,15.247395852439087,13.52429006393875,11.795274205497847,15.279640810920473,13.19757043030806,13.44860077176808,11.591372517663125,15.043691408830668,12.745125124675514,14.788213886320383,9.945232693832658,10.219946366259856,12.50264201302848,11.416477870388276,9.87703441692576,12.88267653616911,16.523491486819285,18.12821777476617,19.83656640324228,12.449916401980143,22.30802821863988,23.792306402965945,23.6631185066144,8.498256296841822,12.913388875515276,13.986225677098668,17.47471004095304,15.234066349699622,19.168440683721613,15.908119697694447,11.447027971840804,11.43830284903414,10.437706014485272,10.912397757326955,11.931310953464816,11.131641407570257,12.561214847285306,11.968529712295211,10.75360609788097,10.476168571043804,9.171746598096997,8.69932505353066,8.307754750674965,5.244853200551609,7.827627184258731,4.544811509310134,10.54934023792554,8.656871846397705,8.56135359205655,7.448901326955938,7.354417754675024,7.027259854658647,10.483056406994836
2012-01-01,18.057967722578,11.687734978239227,32.51693535284718,38.63632763156468,25.053728304169688,22.798829344788302,40.51534739196951,21.904257674574968,12.06924858494648,16.531723197374113,12.718996559084282,10.341356423503065,20.39318870725449,11.70778578939257,11.11504545218724,15.807652010558437,13.554598438302252,14.800432809211356,8.749867633521879,10.712755876988355,11.700712943477791,20.50093377719446,12.406885825560463,10.716481635767137,13.117902352322576,10.287570843728178,11.399606649231451,10.494753655934373,15.521339629310576,14.95916887007322,16.138386571762545,15.86569114548944,24.800393433292587,15.020394000563902,15.368645465254678,15.427081711141126,15.354844941049445,12.825790506199091,13.92970139236947,16.047018892247273,11.662726433766167,15.223895019981123,12.757520543385588,12.969200427283212,20.294312699401782,16.09643796994917,18.37689485846086,22.353141521208364,15.24491430665304,13.164764109166626,18.84576571996706,20.76318021229291,20.50003544824424,15.497825838277052,15.62622337286326,17.028200371062567,14.939064840127504,16.260728144678936,11.21427677142966,10.682858838674653,11.818383422184205,15.8592680456469,14.591430481720852,17.870648539405085,17.307612453507463,17.696937151272216,17.442951585130906,17.40424044928278,21.82818472668164,21.83661845480193,18.42593924176453,22.036150502110623,21.56092466196456,23.46858080372699,23.52377840922074,19.959906149762663,25.55503008132948,27.17332771212077,26.98469243356317,17.859917229942138,24.147369813583104,24.028568549838194,24.453849571365986,23.484049259139763,22.654658183603043,22.970082421509797,12.770860801625089,12.740723624094754,12.150051869727845,13.091372808551874,14.42448845639976,13.471799573496128,17.012419883102496,17.62958563077153,15.824757799132968,16.146317678795427,17.686362839061534,17.827823122526983,17.92479001403245,16.524008708087745,17.723051354663124,17.50515770616038,18.441902235678388,18.78281649656445,18.877742417381285,19.675092417614614,19.79529765292489,19.712080488338337,25.014589824863094
2012-02-01,20.59584440479665,15.189778421038032,30.46353476698457,34.02577740558864,25.3327793375051,22.83417594862381,28.842194406437628,21.116340359646266,17.323515178711364,18.96081579794605,17.063795554185454,16.55608081285226,16.57905017248339,19.577734220523435,14.747291097534122,12.914959460845797,15.126780814843704,17.943970508826435,14.275262680588598,9.728729849882724,9.644600382034271,7.0646591292500815,10.01848341275147,13.448343569513202,13.08909652347465,11.356994928637386,12.077766458420228,10.942572716992116,12.585473491082078,12.656319979392109,25.16026979842885,23.55929015584765,25.72662549142734,36.82193223235102,35.42667705693625,35.27356563868392,35.64111640845865,14.008014324808393,13.075943669923934,14.300427565264911,22.93239026578429,17.04808292002049,34.224467566399035,36.16261719497291,30.64572724428705,35.082464808803,32.712216134776625,27.9921740135702,27.035482407464,26.1482315649614,27.536757887487788,24.263142996009364,24.38327774345924,27.05155533501198,21.57892359325317,19.583689969752392,17.93541638895677,25.71785822919752,13.213485078817817,12.305438728535004,13.273461166901786,11.655478970822408,35.98922090924434,29.72402541870017,41.53055558746325,31.134869452870223,42.05209897514951,40.93910258589027,33.630965731567706,31.04440490493262,37.77600434081438,27.125247103904417,16.45661918702848,15.617877009560052,13.84980037755828,30.497421499165903,16.27264304789748,12.468409144987074,14.948940445771148,17.42265065375975,29.33494420450449,25.389012697254003,17.68808836602612,22.38982816556266,15.71869604302161,20.93970289063652,14.58000672820266,14.93832167819446,19.468344868232208,21.895751014307635,31.22752908183436,23.49627431925827,29.179141768019974,29.07578607286514,26.309460255076672,26.781615582142077,30.61162027622844,31.59099552295684,32.66443859430296,38.77552863226138,32.78070188909154,34.96259883616616,39.28654664108064,37.11360325742148,37.20158942440067,34.927031430549576,35.12964249341869,35.78812802953839,27.685552933103843
2012-03-01,34.38601946272479,18.30864002263279,48.63599995157342,46.2266629487858,37.47050844088364,39.47270986609106,79.45714053298552,43.18004979616925,32.24452563155667,38.98703577028625,34.771604544496626,31.305038168167755,34.461830226240124,30.366711316602935,32.04344258049438,34.93270650363794,23.561797879336627,33.94053336501174,20.654113082335076,25.904520549266987,31.62240403694307,28.134425659553045,20.70572621562967,12.472061788486782,10.086136321785148,15.398529725457957,12.637552806642812,17.973795293872087,16.72366083108891,18.94139981684209,9.632243526884166,10.992422741356206,27.25098911659681,4.364641311295713,5.047260166729587,4.98686900473616,5.106932605327307,5.808630559000116,8.791208425787435,11.288131617755385,7.984543468779023,10.40863131542207,5.840605602711259,5.801978051095001,7.194508106112817,5.952975058501188,6.628082123869078,8.222427792987306,7.752511610758002,8.895954838909905,7.886752078436921,12.503504540635742,12.224914545206156,7.83737382337201,9.740439876051228,10.640057505334832,12.716574063937967,9.000084234156319,11.540538230185929,12.582572661035895,7.113732266920466,12.837149537965097,4.046270205123478,7.042600753331811,2.593585260810128,6.519120964979126,4.545319040872339,2.7656041858033733,5.581561633490765,4.781617041911429,3.801886494624565,3.817528070535983,2.936927266664199,2.9332391004487954,1.9754830437539197,3.415219061314834,2.749447583944173,1.615976084307136,2.0550829838570275,4.357027633871687,5.052191723970112,4.754005916530214,3.830849794288631,4.402140390386764,3.688767637391758,4.270824982515187,7.281851925287904,7.523774962465105,7.230641088501641,6.953595711044611,5.306170024710848,6.587749645739776,4.205118189834968,3.759784885900538,5.501510259684301,5.455097445834394,4.250330344624936,4.084397742598724,3.8313203005915617,0.5991179848480992,3.42577445653569,2.0325037839365385,5.450370770658423,5.451755064662257,5.371469637318596,5.152861615752336,5.11813113627383,4.851852224001688,5.027711620737311
2012-04-01,20.654973553319312,7.309488565712874,14.23649981411339,12.138657226621149,10.491650654401338,19.228491627822542,62.80895383204188,29.195235352475034,43.925981312771874,43.87513861855017,32.78544432011095,23.37353674342088,41.21022607763999,42.73148140749776,22.243480011941852,26.62973415040227,21.232899867827207,18.74205305449731,30.23701721483444,29.29423841846592,3.0294220533169978,28.40021385696325,18.2818614285766,9.61504428453297,4.935245711269391,16.657638283541438,6.805495007335527,19.93191324627969,1.496022519615218,1.1526248236090737,2.8793872475856603,2.6404682638249435,7.576904474531783,7.582952596413197,5.718007034524785,5.746339881047976,5.4407559937057615,0.4396358916419169,0.714484417033074,1.4350002721956794,0.0814499021901072,1.1389534075886825,0.0447466649423935,0.0556192204991166,11.7833666014858,7.059071336442701,9.256263105463695,9.245513728295764,2.7314371897494034,0.2265089107265699,2.698630301436895,7.195153034059165,6.7532348941068046,2.7603225900214747,0.7937849841931516,1.4783210789592305,1.1384267288171654,3.1421060131113983,8.357921588316493,10.05653394197731,0.5718903095862562,3.183801721519438,5.929731584152584,15.397943566332415,1.7698323841162578,13.720726031296069,7.781601910299472,1.7369336565048257,3.632048407310749,2.599951532213844,3.765061082676175,0.7264773637802543,0.0232717773054803,0.0495520470724797,0.1539631693724261,2.410944807621499,0.0069104823591739,0.9109692894481756,0.0825777844849566,0.0,0.7682952812303042,0.4291359302849245,0.0083774747072421,0.24649733917069,3.076678237216543e-06,0.189989229480099,0.2786986148622381,0.2688038347006768,0.1581192052801187,0.207250892638537,0.0323684090053952,0.1786009162635591,0.2472005775284891,0.2187249507522493,0.5977067087594626,0.6559694978666653,0.4924751887856205,0.4464271438941364,0.4044579553015347,0.0002220739018691,0.3483291360927959,0.0024839192771128,9.227680194061,5.886991770871124,6.085157777017811,3.7531324963117454,3.31451725467162,2.8063661399192594,0.0
2012-05-01,31.018191373369387,9.413149392804602,20.85138434989511,20.1044660295262,15.079421504009394,17.92575881480304,45.44815341183984,22.333332515686788,0.0054550952364021,16.264723911363046,8.446125485315262,5.328108232497001,9.68048988541702,0.0005498360529608,1.0759751724756943,3.959882039625832,37.7455427844957,10.534350576972455,0.1618151282053289,1.6728489137104874,0.0023411879499583,7.66874916062528,2.0131389067141616,0.2026096743042495,0.0124089242704391,1.0335031570122497,0.2551262544308526,1.9565719514313515,0.0090591333069181,0.0086595775014319,0.0007758877978521,0.0013274200383123,15.531027312344598,0.0,0.0,0.0,0.0,0.0,0.0,0.00418288731679,0.0,0.003287998889037,0.0,0.0,0.0,0.0,0.0,0.0,0.0014805475645191,0.0,0.0,0.0,0.0,0.0012448336314302,0.0,0.0,0.0,0.0008692486881438,0.1522361625217792,0.2882766315355596,0.0,0.0949586949973421,0.0,0.0,0.0,0.0,0.0,0.0,0.0,0.0,0.0,0.0,0.0,0.0,0.0,0.0,0.0,0.0,0.0,0.0,0.0,0.0,0.0,0.0,0.0,0.0,0.0,0.0,0.0,0.0,0.0,0.0,0.0,0.0,0.0,0.0,0.0,0.0,0.0,0.0,0.0,0.0,0.0,0.0,0.0,0.0,0.0,0.0,0.0
2012-06-01,4.178517930396707,0.0977463880546762,7.571592738794036,7.231603342554811,4.954029553647581,8.12574885945744,32.34879012323511,11.986174630546284,0.0,4.374925127530807,2.034271608847872,1.137406297094898,6.635988523200033,0.0,0.0,2.502047341742959,0.0,3.0350724544413668,0.0,0.0016122822481069,0.0,0.0732433168640545,0.0067163807084827,0.0,0.0,0.0,0.0,0.0,0.0,0.0,0.0,0.0,2.217901933180535,0.0,0.0,0.0,0.0,0.0,0.0,0.0,0.0,0.0,0.0,0.0,0.0,0.0,0.0,0.0,0.0,0.0,0.0,0.0,0.0,0.0,0.0,0.0,0.0,0.0,0.0,0.0,0.0,0.0,0.0,0.0,0.0,0.0,0.0,0.0,0.0,0.0,0.0,0.0,0.0,0.0,0.0,0.0,0.0,0.0,0.0,0.0,0.0,0.0,0.0,0.0,0.0,0.0,0.0,0.0,0.0,0.0,0.0,0.0,0.0,0.0,0.0,0.0,0.0,0.0,0.0,0.0,0.0,0.0,0.0,0.0,0.0,0.0,0.0,0.0,0.0
2012-07-01,4.2949591826425685e-07,0.0,7.683526215739409e-05,0.0,5.016274729046069e-05,0.416203970192391,2.864165281620946,0.8505245143210239,0.0,0.8424024009736228,0.3917039120834332,0.2190103299188155,2.428898810768714,0.0,0.0,0.915797215682332,0.0,0.2004454662525691,0.0,0.0,0.0,0.0,0.0,0.0,0.0,0.0,0.0,0.0,0.0,0.0,0.0,0.0,0.0,0.0,0.0,0.0,0.0,0.0,0.0,0.0,0.0,0.0,0.0,0.0,0.0,0.0,0.0,0.0,0.0,0.0,0.0,0.0,0.0,0.0,0.0,0.0,0.0,0.0,0.0,0.0,0.0,0.0,0.0,0.0,0.0,0.0,0.0,0.0,0.0,0.0,0.0,0.0,0.0,0.0,0.0,0.0,0.0,0.0,0.0,0.0,0.0,0.0,0.0,0.0,0.0,0.0,0.0,0.0,0.0,0.0,0.0,0.0,0.0,0.0,0.0,0.0,0.0,0.0,0.0,0.0,0.0,0.0,0.0,0.0,0.0,0.0,0.0,0.0,0.0
2012-08-01,0.1503366374489377,0.0019482533546457,0.054022031876008,0.0,0.0354847759687179,0.3915066542969755,1.9356731015050428,0.7670069143239651,0.0,0.4896566124424489,0.2276826495859362,0.1273024104798439,0.9299439065270484,0.0,0.0,0.3506280445123564,0.0,0.1665228815072308,0.0,0.0,0.0,0.0,0.0,0.0,0.0,0.0,0.0,0.0,0.0,0.0,0.0,0.0,0.0,0.0,0.0,0.0,0.0,0.0,0.0,0.0,0.0,0.0,0.0,0.0,0.0,0.0,0.0,0.0,0.0,0.0,0.0,0.0,0.0,0.0,0.0,0.0,0.0,0.0,0.0,0.0,0.0,0.0,0.0,0.0,0.0,0.0,0.0,0.0,0.0,0.0,0.0,0.0,0.0,0.0,0.0,0.0,0.0,0.0,0.0,0.0,0.0,0.0,0.0,0.0,0.0,0.0,0.0,0.0,0.0,0.0,0.0,0.0,0.0,0.0,0.0,0.0,0.0,0.0,0.0,0.0,0.0,0.0,0.0,0.0,0.0,0.0,0.0,0.0,0.0
2012-09-01,7.159395737276625e-05,0.0,0.000286021557785,0.0,0.0001867323247157,0.1950527667701035,1.32592041985912,0.3984435965299993,0.0,0.3441154094161385,0.1600082714872435,0.0894641673139495,1.453647841776206,0.0,0.0,0.5480864991901229,0.0,0.090251230431097,0.0,0.0,0.0,0.0,5.469705557355244e-08,0.0,0.0,0.0,0.0,0.0,0.0,0.0,6.42223250034178e-05,5.542162098550727e-05,0.0,0.0,0.0,0.0,0.0,0.0,0.0,0.0,0.0,0.0,0.0,0.0,0.0,0.0,0.0,0.0,0.0,0.0,0.0,0.0004529571809477,0.0004233486994654,0.0,0.0,0.0,0.0,7.195005761568809e-05,0.0,0.0,0.0,0.0,0.0,0.0545278105120601,0.0,0.0478366040866498,0.0,0.0,0.0,0.0,0.0,0.0,0.0,0.0,0.0,0.0,0.0,0.0,0.0,0.0,0.0,0.0,0.0,0.0,0.0,0.0,0.0,0.0,0.0,0.0,0.0,0.0,0.0,0.0,0.0,0.0,0.0,0.0,0.0,0.0,0.0,0.0,0.0,0.0,0.0,0.0,0.0,0.0,0.0
2012-10-01,35.72943913046529,25.20957926821777,35.291678298002424,39.140666800067095,30.69191309248851,32.4804493865603,52.56796556893897,35.491673441422165,14.574316732057223,27.17060786434085,22.062911958900447,23.39662590116032,26.4547912541141,12.906111747862594,21.17631448886272,26.5968671898198,16.134143175766056,24.124846680114217,12.26509877803361,13.404475238657891,6.450144441001076,14.948313695104368,12.374880447978406,13.892567806322305,10.855550643369572,17.117405976361425,11.092595688679577,18.081589385066994,11.032009817608456,12.887651408637138,14.49931691199932,14.210906289297697,34.92364696103492,2.2766576654284623,3.16467744005826,3.030634152513437,3.322814095803936,5.692537981908891,4.683884788697393,7.117293905116416,8.481920373311445,7.410495677341631,8.037595830832974,7.934833873122083,13.359392488063556,7.143539858253024,10.594418986661912,18.76030625900185,6.508837336541454,12.27191983814554,18.54389741967992,23.045206430052968,22.846153724552988,7.907216693947602,14.4444822452957,14.50749906731784,14.442669459294136,12.20732863858273,12.32506032779552,14.943042446972363,3.684497362523148,7.386615482806166,5.936615129629062,10.02171761310644,4.683381586784756,9.354881091172029,2.68555065797907,4.516261852922147,6.131394414593992,5.600699211409208,4.214554766145133,4.394980548300081,2.3427132157025152,1.4947429240410846,0.5866247724773866,3.389749138645579,0.0572386976332654,0.1610062730086737,0.1729313337513996,0.0009673628830323,4.612432741291765,2.970444753920908,0.675530170436288,1.886876038419845,0.0218860305333948,1.4577826721074534,5.068925894219396,5.187917560830886,4.733332221751696,4.867443672416907,5.743492566803806,4.765102567572336,3.035592140704847,2.1492557205020515,3.298923059789953,3.126154024378224,2.4395548416371264,2.3331973473485434,2.3836374987614284,3.697307516311031,2.605947041863573,4.273084645695206,2.8364424948478195,2.931921533729463,3.208987940342363,4.074814761976133,4.311411258225244,4.442292070978745,2.9186219345844884
2012-11-01,24.902446174376585,20.429620257238643,33.12919971517152,34.02961975662901,29.64378201068585,30.49133121557925,50.07553005362318,32.04815307915134,26.71351433081832,27.487755328950747,27.444894594928503,26.5223038625168,34.388702267970096,29.974567483455427,28.19321629446929,29.365676925067543,31.117709231270524,27.400345322167148,37.40089007536891,44.67989295526739,40.940116643251486,55.94822185061328,45.08182940951559,39.85369370246904,44.031999406926175,49.26808683626443,42.63569944776925,50.25428043236541,37.83527902227943,38.26455733656228,21.119739388437,23.52461511076533,27.601868437149424,3.4065611961966096,4.682677947528734,4.609689039816912,4.82544918461773,33.85006114720873,36.30736844262259,36.33763812727189,23.49807020366246,32.690080091385205,13.452381689197455,12.706454665794546,14.255169897783102,7.570813247814268,11.225746942242244,16.950749632858344,18.99258536842425,21.680209391489463,16.659795800509283,19.036737010782605,18.95075970328945,18.846719404823897,30.966856576408052,34.18630969045903,36.97044588228412,20.11885801356841,41.13670981049755,45.14478844959426,34.9222917859337,41.15329683719047,6.943347165026844,12.700126298416516,5.385250624912034,11.83947268280745,1.871684256310867,3.063564583035268,0.3316869041505904,0.3579869678166088,2.1036750550860277,0.2492889026098587,0.2841997026339488,0.4883652583468579,0.6568717049008337,1.469343419607842,1.669656195878024,1.626907811911977,1.2499729802635189,1.901428829874577,0.144972542663772,0.1904465746737935,0.7805850538795053,0.4351558459972769,1.7716356340923487,0.7258011138124093,34.824966729627974,34.2642815674018,29.719994699553663,26.75036527423373,11.140977554748147,23.57202114329573,13.106187630094912,11.05896198491845,16.477048852117683,15.460466243171725,12.371611376273094,11.2108962385035,10.28257453648732,1.98420102007218,9.0188593740407,0.5441272626018274,2.791555627615983,3.0204782488674846,2.6638511881750406,1.8181154457342796,1.5962763446368429,1.3992741896330174,0.0709974850297543
2012-12-01,20.41782077818981,14.899982004771902,31.47407212661525,36.00774353353465,25.12475486738574,22.3961497179616,33.79085984453624,21.14182881726704,27.274270524344647,20.207147358297583,23.669918543887075,22.05823722764551,23.658768793115406,28.47634234735968,29.12205655405609,25.45582805560693,18.006719041512255,21.238454492128746,22.147008537660408,18.410560997844623,10.876696877192254,18.80887955867896,17.30266025236406,23.602401436229083,19.40527253801892,16.431018472999384,18.319931533891097,13.90281643788113,16.997503692947927,17.37186715778711,15.018252100428334,15.134738320250475,23.56511941924201,21.81294573920432,18.71051278238764,19.092198132644256,18.32055424298243,16.449846181575474,16.693159443830186,16.316426629724766,14.064140429765486,15.718187094047138,13.03698766840986,12.629176612440093,13.952977805679762,14.268015954495354,13.960941332251616,13.553907716059776,15.800516568969758,14.20918088106103,12.952104001825422,13.568885722574809,13.526650463136637,15.455167686080378,14.910511643391343,15.396017790768772,16.221122507411646,15.020817020059251,21.54568141875923,20.60828836882533,16.943180526187923,17.969556734617885,24.40360113923024,19.654221804229323,30.644922423120136,20.886550663413598,26.479694950632165,30.39806962584456,34.29514077577766,34.700086130188545,30.134405244477268,29.7513278707186,24.139068061965105,21.997484043210445,22.52431039671416,28.08472395314609,20.10930629968594,26.005607311340835,21.24909466167026,26.45255681378418,26.395613544067544,23.11881000344705,19.07676538742136,21.31135074979544,19.938829075566307,21.185726000871284,16.019327911936543,15.981017966204456,14.864389409189103,14.881857589005495,14.336343717536952,15.07855698506111,17.456245417382622,17.988898495536326,17.012042820224984,17.40101278111172,17.68439036065647,18.11341105934381,18.29131830532601,20.545709441304528,18.639915500163436,21.14053785592889,24.90308092237557,24.65719441457282,25.36886650739928,26.767686610141816,27.01851879848045,26.44222356310264,19.8732235076336
2013-01-01,18.634182846257215,15.583143280629058,22.254847795151115,25.436621342538416,19.83898268899605,21.63466683747289,33.93406633506524,23.41209816609473,29.891160831391417,27.21009863119288,25.84834321833931,21.80008538402949,33.136154687967164,30.80421909653462,27.039345150194944,29.13447609105299,28.364584158170008,21.400678971387418,31.856911566028835,28.877181561522622,22.00296318994284,29.20363921419816,24.625666010506308,20.92345835721204,16.548564302700964,23.48372565454046,18.980643237477807,23.507703258631423,21.555771467659092,22.503389388906932,26.23472709126418,26.119614148822883,18.96034954686805,16.671567434017874,21.55941391763016,21.216493224973487,21.992255936871977,20.38458416602329,20.920195299796195,20.286915251790266,18.008728655697066,20.048235731150324,21.64131876914844,22.390987863680557,29.94711986028452,27.04228969236012,28.913128121399325,33.65914874335337,22.133966246233637,21.59700168562049,31.004057507696796,36.00520916765633,35.50769225732979,22.966427428464662,20.75138054465051,19.660237386260565,21.501460799904585,25.469986446086608,19.376376193175737,20.41980166575357,20.399511862826376,19.950266572457203,13.281635047012957,23.40148866257625,11.531452525797942,22.023751930721723,12.80257185961194,11.656846231650585,7.979649202322306,8.00041914037971,11.206940237087554,9.745335913592116,12.04175392695127,10.984698961706808,12.501939781575269,11.173734804296997,8.161134551540249,10.641610846305714,8.920408256450239,11.328912351225137,10.843107476641173,9.002096256295314,7.74243428970685,8.317065215883593,8.526003352879167,8.423389089104887,19.20909748003759,19.0288150976861,16.379553038200587,17.30536272280141,20.893968847140474,18.042096092748743,18.10090607540497,19.730184068145288,19.45165643940588,19.532922002972004,19.84431003796785,19.29860060996005,18.50562310208652,9.452716881597317,17.065761110258993,6.641637880926038,14.451845893467716,15.094950004648169,13.755072236652529,10.920824241795438,10.189051166044042,9.459606771455856,7.96819908673815
2013-02-01,11.508313775585137,6.328434118728072,22.003518427086743,26.627412616589663,16.995445185436317,14.769693350966069,21.96394030747153,13.069226221053215,14.357264675360204,13.898242562819163,12.583394355867666,11.71009608369722,19.9681971418538,14.316494803891343,16.330420146713266,20.790304054426,13.716564206742412,14.853588663262215,21.698565118565032,23.78880616477519,15.663776780275878,19.379327898843236,22.87193454587623,18.869468969390063,25.369344589609952,26.122685357878503,25.946064415061212,23.392815751534908,23.84640341739884,24.72072107472864,34.62231423925616,33.00400496532328,19.744339559417888,41.78719831573356,43.32440964335714,42.97165943605505,43.58985719397284,29.691003353387813,27.69681035520827,23.75060553282755,27.21232616010265,25.32224460350563,36.98209096013052,38.4288707880167,42.17018546006127,44.886706229507226,43.43170238798373,44.42252520209389,34.83404479665472,28.554162888866973,43.47924489413679,44.51386245993879,44.275370318864574,35.20667850835786,22.674438722780785,21.25072243631615,22.48017951040057,35.59171627991157,19.859013069611976,23.805757647515158,30.99713873517497,25.926000767640325,36.66232212405855,35.284946625751324,35.17100221628237,34.99257237626667,39.29046025311824,35.80126555330693,34.785348920433364,34.91146856794477,36.92348413636834,32.971881435731774,28.442121230042115,25.55838066127371,26.81769587076903,33.795069254656845,20.49180369042367,29.42194669260773,22.80237915524408,21.94972579566131,29.98675095002518,26.227488489799597,21.77399057088222,23.69113356348265,19.654740295131266,22.721753806064687,27.90544327800524,27.53258809356143,29.7069008843594,30.175231189191443,37.341154641154105,31.384486862233445,32.34869617378589,31.08474237059068,32.33954874723821,32.49380370152046,30.633914875805075,30.566207804460635,30.652802956756645,31.05413913202645,30.781176100193168,30.743678162297968,38.118155887147815,35.81507371364029,35.52952370036208,34.08944278701405,33.77793892500659,33.296021361818234,22.27634399322405
2013-03-01,38.43260324799661,29.333337356411896,37.555078630241056,34.968440896876764,33.052204333689815,34.4226357927875,53.940864476654944,37.68070739852666,36.32323804439751,33.203641217966364,34.5452858744322,32.68308371437642,34.70842751457886,38.850174880753926,29.587272026394043,29.703119268969505,21.645481475374016,30.19345671159858,40.32703204750416,29.70741567431981,40.33428307655523,23.182859757994947,36.4720879195572,55.55887505835477,52.32626113533647,40.13182854466699,47.23562444093942,42.04783203308848,47.370179328362745,47.3463985250318,40.07797882115564,40.618383514810766,24.371527770731404,40.100897586306246,38.1865501986162,37.82753265718024,38.31099836813861,40.03424356887733,46.25730991167426,45.61711554755271,35.8650500279505,43.1930353536218,35.24299844405039,37.21185003996438,51.63015793239255,43.95810200842649,47.78021431141674,49.12657778485188,40.8396385399311,38.16424616692859,41.62478464284348,41.72816144510751,41.48659301069006,40.92528417941519,40.20916047773892,41.873582176055855,43.06509194186626,40.64943025638552,54.51060653811843,48.1030649704623,47.524523125216895,49.7588366356894,56.40129766186747,50.307416985764895,54.16974398782785,50.798346693234606,27.987167358410613,41.59194070597121,19.66685071341122,20.41238392028658,31.63495448821484,23.02959298165587,27.85124287769605,34.618755986839155,42.036477124661765,31.895856948922543,45.44505414301906,47.030198078204734,46.62864275850248,36.04142771591221,21.379571552216916,27.52337869126864,38.59131271887358,32.50083348604361,42.79076434957854,34.56944019288493,40.2577648741192,40.11802454737565,36.102303755602,34.61743315090161,27.62769211995548,32.89470053119646,21.9418906070779,19.220342552193696,26.75448431722818,26.13723157918852,22.451552540360066,22.061185206178543,21.56875108785222,15.656741475307054,20.382205126711103,12.12980098425315,25.050485726866757,23.45516771592676,22.9071687312794,19.78056508567489,18.921856445076678,18.042085832383812,21.840736084105256
2013-04-01,58.4457161191094,31.12566658943192,58.88725531106268,58.23713169926935,48.10640023394685,46.45152477358262,73.25926103175138,47.03267685936592,33.44702372965338,45.62562185575764,39.353410168648665,33.74974280634936,42.29408036426487,35.10546307942404,28.639619910804875,33.16618188285651,34.54689586732493,34.55514164157319,31.10676547413551,29.33876615964275,24.72343974406884,32.45183042751437,28.7486904769796,24.559383181134425,21.40260509544772,26.377052082174547,25.90910381556813,29.11662059502955,29.44002683759155,30.20319181046799,37.45283369920983,35.8468332894523,45.49988548183013,56.30563194190369,54.159255180187685,54.9006862037968,53.61044614080312,46.546256622861705,36.47088029715084,32.106985846492314,34.721215325977816,33.60148897021199,43.389642320962345,41.69835307722113,44.33101831895277,44.7111947027241,44.31129995678329,40.81380605012538,41.95351743558604,35.68191758148032,34.78224409148833,34.48157058543568,34.2764717028265,41.07957609290507,34.19388331226648,34.27703951403595,33.67464070922508,38.61927928763127,23.835025767863023,24.297515864168197,37.70077107740616,25.057533351278725,60.58635961333898,61.85281148603436,66.8260667416927,62.6661078503136,67.46496184350269,58.1781897734758,75.70852310806262,75.01081278932533,63.7788934178044,79.47619427490623,75.44939496315972,60.609632401343845,54.53995626783592,64.81168722827934,19.29725661468368,34.99339882125558,27.548465210954955,3.676379813422309,71.88629546609361,59.7151994845517,41.000256666278624,48.82046309707572,16.617189957330595,40.96171919873622,41.46493132855085,40.431270775369526,44.96192752991886,45.290899016684335,51.6292232309106,47.14871397376148,60.93991495094209,63.27733542207064,54.91025428064731,55.682545539712656,59.460804415352776,60.20193973118644,61.06958960204207,70.46855858121322,61.4462402349711,58.406331674922654,69.66948459490565,66.67600746810263,66.85707688951409,66.1219433711436,65.5828028708304,64.52854857066629,52.92286036848482
2013-05-01,8.510352580619212,0.42642088270253,8.599233526353768,6.226002469681029,5.661455125294725,12.901304604087152,53.83711616668641,21.08547667611661,0.3417909535874198,14.805745913567062,7.039122169558315,3.9659086909297696,12.15153732960552,0.3570088445455883,0.1160589172419894,4.654668509177159,0.0563220328664856,5.44195263481045,0.1057137610234612,0.4037986594882203,3.8748983459110655,1.99936657238248,1.4089886964827945,0.1606360869828622,0.192939865368215,0.6114135636706092,0.4503609518360802,1.4752681025606815,0.4402917835318533,0.4814841068450774,0.3667673008983552,0.415816855479837,1.9731338058260144,0.0328508150906181,0.1050033111866489,0.1126852109128088,0.0975402102690486,0.0118074057136528,0.0311652462989718,0.1174261042437721,0.0079918492134894,0.0934208853022977,0.0038604309225392,0.0047021002311328,1.0971600008064517,0.1191744344399985,0.6237967738369957,1.2634361890407364,0.1103032469874369,0.0169224162002852,0.4074487867884065,1.629445975171897,1.5255000954932398,0.1541259739228492,0.0547078671611694,0.123396242000378,0.2105945631166778,0.3819192677409069,0.145167422802697,0.2859736572508192,0.0160207248468899,0.3047436749306242,0.5703191116241106,1.311823853293644,1.302383514909189,1.3557914401995783,0.0177831189569882,0.1977901512361903,0.7705615180328654,0.5585297206145662,0.2138447001676354,2.009513895814794,5.877455756045486,14.968696801830529,23.975456626378747,4.678711885550984,36.96302756391055,42.8661227549552,38.42080354645249,36.00609360036715,4.259412798583004,11.26923536891755,22.866448889310245,16.652282522566153,33.0066555396558,20.212005793727933,0.0193268311992315,0.0188477688904845,0.0138124272567805,0.0103656466904228,0.0004212740981415,0.0084964517086009,0.0002585753417605,0.0003332829168605,0.0058415326354656,0.0061490703170493,0.0112367166980488,0.0153703616368302,0.0264339574890905,0.2381009902061078,0.0447537661123199,0.0806581796984872,0.0244809759310396,0.0334714327980652,0.0483831234580184,0.1122196240841042,0.1456282225556806,0.1546918040236528,8.925205887430556
2013-06-01,1.2418717846666747,0.013662215562812,0.9724191370850516,0.2606594354602876,0.6363685355868959,1.733719131592899,8.081928986388396,2.949644737404455,0.0,2.0365484219007217,0.9469630939843814,0.5294680323408003,1.6233262875856618,0.0,0.0,0.6120624242244105,0.0,0.7278271360327253,0.0,0.0,0.0,0.0,0.0,0.0,0.0,0.0,0.0,0.0,0.0,0.0,0.0,0.0,0.0411386005237979,0.0,0.0,0.0,0.0,0.0,0.0,0.0,0.0,0.0,0.0,0.0,0.0,0.0,0.0,0.0,0.0,0.0,0.0,0.0,0.0,0.0,0.0,0.0,0.0,0.0,0.0,0.0,0.0,0.0,0.0,0.0,0.0,0.0,0.0,0.0,0.0,0.0,0.0,0.0,0.0,0.0,0.0,0.0,0.0,0.0,0.0,0.0,0.0,0.0,0.0,0.0,0.0,0.0,0.0,0.0,0.0,0.0,0.0,0.0,0.0,0.0,0.0,0.0,0.0,0.0,0.0,0.0,0.0,0.0,0.0,0.0,0.0,0.0,0.0,0.0,0.0
2013-07-01,0.0,0.0,0.0,0.0,0.0,0.1178120570314572,0.8128330768020152,0.2407654923958854,0.0,0.4697800897287092,0.2184403780817376,0.1221348518497356,0.4454279468361876,0.0,0.0,0.1679451081663534,0.0,0.0735697870027203,0.0,0.0,0.0,0.0,0.0,0.0,0.0,0.0,0.0,0.0,0.0,0.0,0.0,0.0,0.0,0.0,0.0,0.0,0.0,0.0,0.0,0.0,0.0,0.0,0.0,0.0,0.0,0.0,0.0,0.0,0.0,0.0,0.0,0.0,0.0,0.0,0.0,0.0,0.0,0.0,0.0,0.0,0.0,0.0,0.0,0.0,0.0,0.0,0.0,0.0,0.0,0.0,0.0,0.0,0.0,0.0,0.0,0.0,0.0,0.0,0.0,0.0,0.0,0.0,0.0,0.0,0.0,0.0,0.0,0.0,0.0,0.0,0.0,0.0,0.0,0.0,0.0,0.0,0.0,0.0,0.0,0.0,0.0,0.0,0.0,0.0,0.0,0.0,0.0,0.0,0.0
2013-08-01,0.0,0.0,0.0,0.0,0.0,3.2290339723501566e-05,0.0002228233263985,6.598984636252837e-05,0.0,2.9393397972573947e-05,1.3667469325794358e-05,7.641784709977375e-06,0.0001288537149412,0.0,0.0,4.858328097093641e-05,0.0,1.2934538961177866e-05,0.0,0.0,0.0,0.0,0.0,0.0,0.0,0.0,0.0,0.0,0.0,0.0,0.0,0.0,0.0,0.0,0.0,0.0,0.0,0.0,0.0,0.0,0.0,0.0,0.0,0.0,0.0,0.0,0.0,0.0,0.0,0.0,0.0,0.0,0.0,0.0,0.0,0.0,0.0,0.0,0.0,0.0,0.0,0.0,0.0,0.0,0.0,0.0,0.0,0.0,0.0,0.0,0.0,0.0,0.0,0.0,0.0,0.0,0.0,0.0,0.0,0.0,0.0,0.0,0.0,0.0,0.0,0.0,0.0,0.0,0.0,0.0,0.0,0.0,0.0,0.0,0.0,0.0,0.0,0.0,0.0,0.0,0.0,0.0,0.0,0.0,0.0,0.0,0.0,0.0,0.0
2013-09-01,8.43400685327331,0.5308690434732241,7.2516333515605,5.61744327893091,4.793138894544467,7.125392172875809,25.207386466223824,10.091845864443249,0.0,4.656344085636976,2.165127013221392,1.2105704459493047,2.7172697837446003,0.0,0.0,1.024525225661202,0.0,2.721164126028376,0.0,0.0,0.0,0.0,0.0,0.0,0.0,0.0,0.0,0.0,0.0,0.0,0.0,0.0,1.979329245145621,0.0,0.0,0.0,0.0,0.0,0.0,0.0,0.0,0.0,0.0,0.0,0.0,0.0,0.0,0.0,0.0,0.0,0.0,0.0,0.0,0.0,0.0,0.0,0.0,0.0,0.0,0.0,0.0,0.0,0.0,0.0,0.0,0.0,0.0,0.0,0.0,0.0,0.0,0.0,0.0,0.0,0.0,0.0,0.0,0.0,0.0,0.0,0.0,0.0,0.0,0.0,0.0,0.0,0.0,0.0,0.0,0.0,0.0,0.0,0.0,0.0,0.0,0.0,0.0,0.0,0.0,0.0,0.0,0.0,0.0,0.0,0.0,0.0,0.0,0.0,0.0
2013-10-01,29.06201764207485,17.045729597428004,22.82221895598858,19.869078117466447,19.248136268974346,18.88762582058783,32.65554619565614,19.830173119079436,7.7933836815382,21.014367907231847,14.70123168843224,11.172523580560304,11.0979262112376,6.731541321862619,4.145025863586403,5.868446465770859,4.055195472704624,11.000592792399727,2.0002450671493546,3.4637009632222044,3.305180951850263,5.801907959043417,4.180395048105002,2.090765646077549,4.676116464128614,3.908495551450975,3.8336469406507314,4.644627616064451,6.348021414671568,5.946359708918849,4.587489661985443,4.651804505813291,15.723803366458398,2.734328916333958,3.0948215261235825,3.1957438856430387,3.0170290472078545,13.63501704015787,6.367175235481012,6.718739042437768,3.967104334907532,6.031988328319148,3.7676710822394535,5.329073368416364,7.341846628112187,3.5021522982300413,5.605691139713229,6.912528808597016,4.689575869504647,7.516196101713175,4.828537267312517,4.215672726869763,4.170388085467324,4.919933500751011,7.1827558134081935,7.069543550718396,5.667871320881419,4.742329314622575,2.427719977547377,3.277449854668371,4.890117607090635,5.429265755974202,7.415818209032277,6.642283748988933,5.772522197731512,6.624497533097332,3.214836714653205,2.136470397982901,2.417611249644929,1.7371715856271206,2.391108282201548,0.9185258645609826,0.3364083988501806,0.5640059535764252,0.2965122510007832,1.7030416228595782,2.2854474233547357,0.2913947412921431,0.789604324853218,1.4861382861059376,1.4479120473067484,1.808182474799652,1.9393565832385864,1.8438953069355992,2.7313355122236014,1.9632503166343,11.45077333673083,10.592963173132382,6.854641485227814,6.53914939978054,2.206464498269657,5.924118286754281,9.681808331695144,9.073821760489192,6.179319614158115,6.080144295934826,6.013103477430313,5.8577889493007,5.721784068649819,3.4266323421291043,5.158301256489039,1.5043733030127806,4.263484218660057,4.697429386693724,4.557056090042377,4.464984338345207,4.28840547577179,4.038841198479938,2.3990774190281523
2013-11-01,30.825998792195964,24.72367855203799,36.10980852145913,39.95604599857374,30.91904699261336,32.369792908909105,50.465925391155565,35.452900093697394,45.61397515229518,48.543332074179794,45.68501094950609,39.55789880461923,44.288123978042144,47.31636834486879,43.9445267007899,41.71838247017227,14.550761293984232,28.912035648509743,17.679875757715333,20.71619723897314,24.687638104640417,18.14168651282901,17.157113814109696,13.016637707963412,9.574882768750529,14.875910137798376,11.373082334305336,17.57803237461276,11.896592003073913,13.825204188942752,9.346024628426596,10.37113934792954,28.367815855382432,1.0223959791270494,1.4728581103026452,1.4500860423874362,1.5193437539573151,9.194611878055344,8.384874296479222,8.455984780096662,5.473025280092805,7.625826903143334,3.3432138117784045,3.1673399468919743,6.146857060651022,2.357034037659855,4.405141193338249,9.29375603610874,4.769503992720567,6.145851098987721,8.842034836590368,16.770436232592456,16.221204127019174,5.156775550975111,9.307738204116484,11.50712602067214,12.866575553991009,7.837694832554567,12.19016744605328,12.431584550761976,9.735955588701035,8.150872342975243,2.477635606146228,8.63555295185463,4.838928548500664,8.227170406134068,2.179304567871993,4.411385502668181,15.794028402481398,14.683843521291069,6.281477418529188,16.354670802142103,16.630416505525627,14.600024926169132,13.061553183192748,9.552159202587614,4.676301365569763,6.657112423648738,5.543922785885566,5.828242714209041,17.458630157124283,14.816352825025549,10.021559498581857,11.98330506527293,4.727373374879136,10.38095367744401,7.2346957359877635,7.08348688190564,4.967607039446156,5.133521690953767,2.4143707807550827,4.534219732045347,1.714443955186916,1.507904490971057,3.2021567555957877,3.137005652103371,3.414420445810189,3.5708214926140727,4.062822657496382,11.890932949351564,5.368028684746645,14.969610557314022,2.4433172273276558,3.261364176754803,3.77153746838354,7.30828440042116,8.564019371049145,9.735393840157856,18.975981769776425
2013-12-01,35.94816132561219,32.54505511156192,42.79308841172355,49.96511177856068,39.99418327170363,39.81863545459983,44.50377633169014,39.80499258699135,54.06460749907085,49.148204361130325,47.29993250544469,41.80665271432176,50.52945920709198,51.405965037748274,37.62302440939031,38.13044253819857,30.94495329154627,36.723854954525095,28.39586794433586,26.525797602330776,27.224975578187195,22.311552153594697,26.26443923853629,27.413682762671947,24.537094605523887,27.12794457651437,27.501167719616934,26.35276996990497,28.12840299106164,27.98100451121184,37.10627164267443,35.9571763773401,41.339049807044674,37.58088406451188,39.41338021847367,39.227662803200495,39.46381548215675,37.15558306252069,36.01500747122224,34.50371713249244,38.64638266333971,35.35593078761527,38.52852965608492,38.787630537306654,43.9450064096811,42.328141261389966,43.12944335179783,41.92813954343952,37.78740236103325,40.00587852809201,38.86650668791334,37.87234684870286,37.85898010533399,38.1768695764212,38.79549248120877,35.956285246204146,33.7122965264312,37.805786958160986,26.57197906082301,26.425157480484614,34.79016204401621,28.505932745016807,42.705549880023085,48.07168713895671,43.32983419732772,47.73719893997561,35.30206981931202,37.67681182106168,35.39669863815695,36.08195108678658,36.78238903410564,35.59982912461814,32.73975317032276,29.56264575295706,28.72936107106306,34.82789617792839,24.673805313901035,26.093781187435216,25.332012312197868,20.313890392994207,32.052068153373355,27.55573690118313,23.6488522247091,24.812001179460484,22.14706215378751,23.981815711100865,38.336411317059536,38.37061156816594,40.338706918780886,39.11383373985043,37.459349544015566,38.65349213980277,35.89885933440068,34.796082359924014,36.97969915746053,36.81037340455664,34.325698893239235,33.97121301921698,33.31252826326341,20.271272347539952,31.61996267481789,23.14755369637544,36.08603781905191,36.00900104821277,35.75937241393939,34.70800958343663,34.18755702111063,32.857363754803494,21.7753572370183
2014-01-01,29.734068275062665,21.30668973513175,38.86705671086449,43.80164657425753,32.2999620118846,28.942931504259963,43.19732615200544,27.291104356620018,34.64377783708503,31.07742799512124,27.47668667899438,21.644708098350694,24.615442518543137,30.919046031027936,14.96243013328633,18.554724400328208,12.533454791735574,20.978905208310582,15.219066810568965,20.883449438524178,31.836390631437947,27.77509962984204,23.358447650760144,13.355601344978632,16.847695993490795,21.8659273892611,21.094616850533143,27.79143013943882,28.59177420710825,29.292159529106875,26.99249665967705,27.44052269704315,34.791854402399785,26.87738063783092,25.49973801806505,25.413145624084382,25.46040706451075,22.189999369042933,23.01283078684603,25.01307494553546,21.92348532056876,24.216963025989887,21.388222818190552,23.10721998789909,29.80750755624729,27.34064551328749,28.609070235694244,30.440616269335973,24.68234292817292,24.400376945692635,29.96050548516533,30.014332799428438,30.01186860352126,25.149002527159904,25.531646122514704,26.24276299870077,27.23678341065353,26.40185271359863,13.839127577792812,16.88232490810843,21.141209481550653,27.285193850423337,29.838422930492683,27.498555459445107,29.98316746138938,27.81046903330689,23.73159996037703,28.590804779095105,21.68481913785728,22.37795160071248,25.641254185082857,24.053828754632928,26.180145523660684,24.6930003531918,30.775826894744178,25.91177677299061,22.065283775042555,33.04985608906397,25.873009175982048,15.13172702197642,21.402842537277607,18.8622532968886,18.25978235194433,17.728168056431763,18.416142257979267,17.567001755587203,22.51763585941963,22.564525120299265,21.739319303634005,21.43919973418883,19.254833191844558,20.94547501953474,20.371063558601413,19.754281093630105,20.72374222527311,20.86323704764425,19.114518394876097,18.98158380514524,18.262652146598917,8.982792178594147,17.10804915931878,13.035014583440605,26.17993791045573,25.509220058543647,24.72485023410145,22.641597336046036,22.18997167366712,21.254802714952977,15.977693178914349
2014-02-01,20.03904658738311,9.598601963349235,35.002787271459624,39.0059566497915,25.445554418377235,19.366647568278108,28.241091021210863,15.298500361619617,11.31792242006281,10.868655564449666,10.53155404585682,9.654446376237193,15.50067451892303,16.977120077046763,15.084280067932784,14.96236730629044,13.889494095274337,14.591379045629806,19.35597506477646,17.802366339888387,20.43357740484832,15.08453890911581,16.10791981014564,12.867048222785565,10.733577251435744,15.918345744046125,12.911102963648236,17.308992680001637,10.6941532414212,11.715226002969043,12.341317651542164,12.63680992818626,24.71809648374761,9.673597361040338,9.029644745283523,9.010075258303932,9.008277560880597,7.679195008682519,7.424599154115491,8.34968156354936,6.878172496631815,7.969529143590716,6.622036547462687,7.7593766135584445,14.51749603694273,10.310119327589549,12.488568214031826,16.01007269323093,8.513120094393644,8.819821292648133,13.779409677406122,22.504527445753112,21.88008583418809,9.055318892745264,10.121631810160824,9.942342620476817,10.968126627911357,11.67505480210494,12.07247193954892,13.252023779234715,8.507200627350606,11.57039112568104,19.414304774551518,32.674615497208045,29.42673109005009,32.77527726750362,9.579766409907805,20.67962584430577,17.617100882033107,19.36665287064032,16.82360703475678,27.551525382006776,34.11217895371448,36.27726506743377,43.00587293128241,23.99075097251807,43.04492857610178,48.66303837690435,44.99433006765637,41.96599744235156,26.305765994674395,29.68198322633692,35.86686696019425,32.344057923678946,40.27973116403648,34.12987092427143,7.016481618526362,7.0940776167186925,6.514344157631948,6.518990246139572,5.618859447522031,6.356639414686463,6.309798232920134,6.783850938430747,6.709299309766952,6.791018189363528,7.583874159786777,7.637080422311423,7.691411808622535,9.233286538559955,8.057349533371532,11.736683403721612,8.440354355136387,8.174030508901472,8.571333412942147,9.396297609065224,9.92524491343425,10.503110265519744,30.45141516390236
2014-03-01,40.46066458295035,25.65376093936333,54.1011237946038,56.102210047295415,44.56043666604951,41.648061208085785,62.64913280045877,40.719023573083895,26.215090211758923,35.04077702970635,30.77457429833664,28.419010477931558,24.51009703255476,25.354836775900186,17.701357513630775,17.961589687059792,23.066543516487403,30.683449846578466,20.265517259039857,18.049151777377244,16.693776370883608,15.22710507723294,17.442581318320848,14.64675617936149,13.960606427402343,20.54963397011088,17.13070349993834,22.02678361484168,20.65725631223561,20.70845442806302,25.17776581409369,24.5086531623791,42.37443487386238,12.673685202274504,13.797824187416774,14.030305052898338,13.72184155064618,23.112596272149524,22.28562649509711,23.70989320614637,25.58530141418135,24.11516199688103,25.58809818690025,25.829063755033623,15.62892418077429,12.329180525340764,14.118760345882272,17.793261279387,20.06177597756172,31.328000842816085,20.67658486628045,30.25047757818519,29.93842917901794,20.855707424742757,35.84157457115379,32.31994471391267,30.4807380276901,24.27702292757049,13.71553988213954,16.931010430128428,21.4956289481004,17.989558202650482,20.003293046696104,24.81182698435936,22.89392387579988,24.78871005503464,19.276092366681205,21.002647371034666,29.58974430315896,29.71384380585777,23.429615027361933,22.80375533355859,18.993139976365715,17.962445311673726,22.18217651952028,22.220569741791497,14.16029506239946,22.964561739649003,18.129125186352045,13.855871826221918,17.799796378265253,15.131748277600195,13.022340896678928,13.984972865627308,12.634923034413756,13.67960087067468,21.983367718248065,22.23630557431015,22.188760940217872,23.57934884695829,24.793517324070763,23.73057554058632,27.58268173109349,27.02507150511376,22.39211008345076,21.758304594127715,21.2321617740384,20.72462579013576,20.338879045051776,15.163073921846502,19.835194935262777,16.749590212886723,19.977120056646392,20.94405577316916,23.10657402354166,25.92175243078015,25.24304638819328,23.939850651708863,10.538665346948722
2014-04-01,34.63533623201681,19.752254222389737,38.67688802944945,39.48413564954449,31.621860899204638,30.521464974608183,53.40378342198571,31.28132125916858,11.568239167577705,25.09672009925097,17.206505599840536,13.561616217923309,23.271208104094345,11.80342582901394,13.964789005759656,23.301794564968112,8.886586842693506,18.260583801570377,23.659120000106256,37.367482407616464,13.843499473225576,52.24634069446185,34.56525929977658,26.905986818062782,30.353408582174723,40.76965997014134,29.02935132349108,43.72828059556301,10.944113338884232,11.213441322548976,15.145252316393345,14.79416476673326,34.219646305791,17.349389788590333,15.193497227256634,15.537776150363284,14.84829295246666,24.32518194931713,19.117413411979733,15.07953745016875,15.022439532226644,15.08853898463428,13.229220936445532,11.082363752996532,17.8457257593137,12.209543937913065,15.004047988089106,19.298129669703723,14.209616860985037,13.13696762604212,13.280305342041306,20.4662126635518,19.77915727757997,14.141901887534395,13.358269854721083,12.619930557777446,10.301737907028494,14.755397141433663,27.687447901674638,31.230875597328076,24.409953451971436,18.890336135323967,27.14394796099059,32.09704598325444,30.93845992081272,32.424024700391215,20.27675178412921,22.72988482165446,19.340339464912876,20.099811746875,20.99685646718068,23.60110956843893,27.135141340530563,27.34041967092188,25.3811917168819,22.757984772227747,21.438053088088004,25.029211522815864,25.971149872109915,11.40629041119575,24.816016550763376,24.704752297245435,24.78704239255552,23.8143577121541,18.595223041308028,22.388699994929883,19.13718177041063,18.511893402450365,19.71609076791416,18.817252036149632,13.506942505301073,17.828074443328166,18.070972827461816,16.153802975075962,16.48467710002694,16.158910809562435,14.142293083079052,13.544901210472082,12.832650910828606,4.13150619579236,11.612294076578983,5.47198846436409,21.185427279938512,17.799626885241274,18.462202020762884,16.222842966821748,15.607620158536427,14.41038316035834,26.97281110819925
2014-05-01,34.7886675424907,16.181587742416447,24.207422274855123,17.34044210171832,19.08649030084237,24.40628148041386,64.63515489484091,31.809568109480725,7.700428520270798,29.345691219555864,17.328692511978804,11.397534640209615,17.814550737300443,7.4049172556805,4.740964025127165,8.300514169153692,2.3000791101622844,12.379062685554258,0.4721638598298113,0.5353623015262934,0.8551425593677153,0.4076898531622085,1.581958378094506,4.072118254930492,5.8554699828035,1.753224360590523,2.7024392670918065,1.1651990822013212,3.482487675777852,4.201930481973236,0.4224811546754487,0.718880226471085,13.79332120099987,0.0003197379223145,0.0176163876278613,0.0196786628649206,0.0163366064597739,0.0387447445832036,0.0919536393716199,0.6810752315705503,3.13678138186604e-05,0.5355447707417386,9.414446294604208e-05,0.0,0.0039350682809663,0.0,0.0020227897695167,0.0220878795148874,0.2465364824236714,0.0847992943077237,0.0204856935293736,0.6852037873986333,0.6405721004020049,0.2128945750613465,0.3906831136901323,1.2532694328160892,1.9861565151175904,0.330034675296571,4.524027980328612,3.3128270552853074,0.2613477783757205,3.438525476261128,0.0021803255017858,0.0805579871206092,9.15234374229721e-06,0.0719492291526436,0.0477751428580579,9.699006297002052e-06,0.0084997410900714,0.0100327483330627,0.0197913320203555,0.0100829194746758,0.0018770650746732,0.0008150249485121,0.0,0.0132437861926657,0.0,0.0,0.0,0.0,0.0062980056792691,0.0035476458503272,0.0001273251800569,0.0020536995868575,0.0,0.0015828966676588,0.1003265794097899,0.0878870077795705,0.0197009263434108,0.0887571157377841,0.0605966899133585,0.1086818410450583,0.4838474270820512,0.3203050866916938,0.169553008431285,0.1886195623109203,0.4276578188453934,0.3919362933367905,0.3536680164521962,0.0,0.3045473385250704,1.912596237375802e-05,0.358728850393069,1.2643800820983766,0.9447092806898172,0.4175754847249629,0.3551848699005273,0.3006179802293643,0.0003809012357365
2014-06-01,0.4455057262401126,0.0068501989088556,4.205985848822269,11.229175047269177,2.7466833032703053,2.838713322812057,8.845918647540127,3.23986230711167,0.0,2.848849089620896,1.3246701719393248,0.7406524158111453,3.113374122797646,0.0,0.0,1.1739204041536082,0.0,1.1563720785526646,0.0,0.0,0.0,0.0,0.0,0.0,0.0,0.0,0.0,0.0,0.0,0.0,0.0,0.0,2.0715538246968754,0.0,0.0,0.0,0.0,0.0,0.0,0.0,0.0,0.0,0.0,0.0,0.0,0.0,0.0,0.0,0.0,0.0,0.0,0.0,0.0,0.0,0.0,0.0,0.0,0.0,0.0,0.0,0.0,0.0,0.0,0.0,0.0,0.0,0.0,0.0,0.0,0.0,0.0,0.0,0.0,0.0,0.0,0.0,0.0,0.0,0.0,0.0,0.0,0.0,0.0,0.0,0.0,0.0,0.0,0.0,0.0,0.0,0.0,0.0,0.0,0.0,0.0,0.0,0.0,0.0,0.0,0.0,0.0,0.0,0.0,0.0,0.0,0.0,0.0,0.0,0.0
2014-07-01,0.0,0.0,0.0,0.0,0.0,0.0789046056785356,0.5444017464614356,0.1612526486437914,0.0,0.0828143841969519,0.0385073905644558,0.0215303346524601,0.4835088004750875,0.0,0.0,0.1823031948757265,0.0,0.0324063682319349,0.0,0.0,0.0,0.0,0.0,0.0,0.0,0.0,0.0,0.0,0.0,0.0,0.0,0.0,0.0,0.0,0.0,0.0,0.0,0.0,0.0,0.0,0.0,0.0,0.0,0.0,0.0,0.0,0.0,0.0,0.0,0.0,0.0,0.0,0.0,0.0,0.0,0.0,0.0,0.0,0.0,0.0,0.0,0.0,0.0,0.0,0.0,0.0,0.0,0.0,0.0,0.0,0.0,0.0,0.0,0.0,0.0,0.0,0.0,0.0,0.0,0.0,0.0,0.0,0.0,0.0,0.0,0.0,0.0,0.0,0.0,0.0,0.0,0.0,0.0,0.0,0.0,0.0,0.0,0.0,0.0,0.0,0.0,0.0,0.0,0.0,0.0,0.0,0.0,0.0,0.0
2014-08-01,0.0,0.0,0.0,0.0,0.0,0.0231992383478308,0.1600100458364173,0.0474109033045199,0.0,0.0325393781481474,0.0151303007952734,0.0084596861729529,0.0573461318655203,0.0,0.0,0.0216219085207482,0.0,0.0101239503298941,0.0,0.0,0.0,0.0,0.0,0.0,0.0,0.0,0.0,0.0,0.0,0.0,0.0,0.0,0.0,0.0,0.0,0.0,0.0,0.0,0.0,0.0,0.0,0.0,0.0,0.0,0.0,0.0,0.0,0.0,0.0,0.0,0.0,0.0,0.0,0.0,0.0,0.0,0.0,0.0,0.0,0.0,0.0,0.0,0.0,0.0,0.0,0.0,0.0,0.0,0.0,0.0,0.0,0.0,0.0,0.0,0.0,0.0,0.0,0.0,0.0,0.0,0.0,0.0,0.0,0.0,0.0,0.0,0.0,0.0,0.0,0.0,0.0,0.0,0.0,0.0,0.0,0.0,0.0,0.0,0.0,0.0,0.0,0.0,0.0,0.0,0.0,0.0,0.0,0.0,0.0
2014-09-01,35.10850676019107,24.486035059074982,30.54793745476332,27.3234290371535,25.26754285802869,24.042597563299875,36.762614856780594,25.235963776444954,14.88547589313822,22.80944347674447,15.440667750017944,10.78010878544348,9.456227679462945,14.428135537032794,2.6090570939857254,4.0883552101475775,5.315240228334364,11.905073546525747,0.0018563635651828,0.002248139836374,0.0,0.0002402916306478,0.0010743847166849,6.71476524303677e-08,0.0004529538416119,0.001819227073546,0.0005506827370411,0.0021175589225417,0.0,0.0,0.0,0.0,25.50489410383388,0.0,0.0,0.0,0.0,0.0,0.0,0.0,0.0,0.0,0.0,0.0,0.0,0.0,0.0,0.0,0.0,0.0,0.0,0.0,0.0,0.0,0.0,0.0,0.0,0.0,2.431680807750515e-05,0.0010999173963929,0.0,0.0,0.0,0.0,0.0,0.0,0.0,0.0,0.0,0.0,0.0,0.0,0.0,0.0,0.0,0.0,0.0,0.0,0.0,0.0,0.0,0.0,0.0,0.0,0.0,0.0,0.0,0.0,0.0,0.0,0.0,0.0,0.0,0.0,0.0,0.0,0.0,0.0,0.0,0.0,0.0,0.0,0.0,0.0,0.0,0.0,0.0,0.0,0.0
2014-10-01,5.995730801828636,1.552127847731255,6.313939964182785,6.525035559921568,4.349900768460946,6.345663300684565,20.275690970031068,8.813763646721336,3.4599543937991224,5.707208710703572,4.381430768551109,4.210480481625409,7.913017721787037,3.3728665276868366,3.1611361765344586,4.848612595105752,6.293097924342767,4.554828336520927,0.8172744444676019,4.326889175824555,0.5189842392990517,9.779840498934387,3.467984665015836,0.9287498832196196,1.5648645804938024,3.4974615935546507,1.026685266009471,3.931206703576041,0.4239329605844174,0.5481649552715842,0.3949160326975666,0.3988330605759679,4.658924319697644,0.0005823441392613,0.005236859498167,0.0057962040864351,0.0048690838269656,0.1088813631895677,0.1101675325565278,0.1202188656305107,0.0745380828755181,0.1052963906266556,0.0092314692872109,2.8949485442041217e-05,0.4695274265895914,0.0018421367446237,0.2425175545145535,1.3296784539597235,0.0632728847196876,0.0135204231027625,0.5268929421881743,1.540094909018452,1.4417677135416094,0.1182831480092792,0.028206271804351,0.056531198472508,0.1196146818852695,0.3392446252548501,1.0793506372767738,1.5688739483405454,0.0800164734210184,0.4966685863559007,0.0001606821913659,0.7202382643202492,8.905676628259266e-05,0.6339075025261547,0.0143606916142154,1.6554504687853265e-07,0.0001242835856546,9.633912602511576e-05,0.0017928886696236,7.998935650796408e-05,6.311940525000034e-05,0.00614359805445,0.0799556137430126,0.0082689191703386,0.0157430675452047,0.5946740486330571,0.0820096549719375,2.1163402813453885e-05,0.0003782380778138,0.0002112157283561,0.0006722045798035,0.0003044651564283,0.001355979242082,0.0004462180837847,0.1231228867774457,0.1200375725615333,0.1294723106755984,0.1030137362076751,0.025165092260957,0.0879588790652126,0.0604599927241575,0.0412654283267352,0.0607022640973073,0.0566866726031284,0.0420951443209182,0.0369947716634571,0.0333823980688953,5.741004170942817e-07,0.028745943983314,0.0,0.0460346522382684,0.0241077808286563,0.0187180821078696,0.0069753748565359,0.0059468596130612,0.0050331107541499,8.318992292833737e-05
2014-11-01,66.94372946091187,54.08626400254517,68.35108163241173,64.90019642233122,60.86603582769166,59.30111468198815,74.1314297586575,60.13741099567808,35.73022991101641,44.09168316909809,40.58474925568873,42.07033348217688,47.08181844239722,35.10673399064906,38.0882862402609,45.34885487776359,23.20918567203132,43.16656632152954,24.766014960726608,29.29731340634579,16.366612139891917,26.141673698951895,24.67385800017985,19.13109617225234,16.779417341860768,28.003842009855763,21.25522365700758,28.89622201607731,16.20793942639791,15.730877273902449,15.373150896399734,15.36016547249465,49.63900663761827,26.14066541398083,21.247873606457265,21.903928364699155,20.665937162800844,18.333467180448757,18.96382698526272,18.37607802792929,15.532211575355849,17.57880512502808,13.883605686787185,14.331121968297088,19.540073116856476,15.918487025739596,17.769577236119382,18.09977371874624,17.72747115124325,14.908888445923193,14.846642027016854,12.43637886831242,12.50171625586907,17.337780978242893,15.011365711055278,14.853078909942894,14.011576647812175,15.873134832639176,18.461636337013235,21.137552556274606,17.399156713009816,21.981758578891927,29.913675505052485,23.758722823577912,33.61160183377162,25.069695898118287,35.773445773351774,33.02103020444112,21.80773008875399,24.097030810633377,30.593926125618214,24.470335779368963,26.17601448287601,24.200441601531796,25.73638989584076,28.49707449276408,17.605050547935488,24.510332344518524,21.06328276336997,14.444416922810811,20.289391865606216,19.814710843762803,19.68413087416936,19.172398323494495,15.834723618546771,18.323611133937263,18.35135951530075,18.236398653036844,17.64612597967231,16.93336185667287,13.89652243480827,16.71874634767932,20.2059157499101,21.936124183705093,20.823023856132856,21.77135540529767,22.362924830067065,22.66914644564247,22.05613188991053,12.725163523626962,20.83083487380966,13.572805954882895,36.454762477612434,35.02886888106543,33.84000592730381,27.33335584254413,25.70697726362476,23.893526761823612,16.94359187587272
2014-12-01,17.240128710203134,10.208895360319492,26.413042693600985,34.92072272435444,22.61158132189479,19.33289747895629,21.267389323462567,16.483872810797735,6.595953854826118,10.309175983923383,8.97546496490995,10.82699889526894,10.375654545866691,5.8725721803565705,8.015045791600981,10.21870859562063,11.248267847848885,14.768902157779069,10.952508596983332,9.122974403276698,8.858406550889049,9.282081614328778,8.482441599831128,11.04182224904878,7.436151998899074,7.58831765638731,6.964123338483106,7.796658446573114,8.307743088105527,9.31526267391554,7.826926243142326,8.04846740277837,32.48784291850658,8.438449334462696,7.987124979489303,8.153501060376632,7.862488983754489,9.016077302781742,8.434070660817103,7.904195048946238,6.98521026049568,7.6887764656061774,7.340491633037619,6.921133285120932,8.545855128174594,7.004422331608134,7.835970565400453,7.582003043355477,7.636175499395756,6.073441380580193,6.643934669931483,8.065525817925757,7.966563398603964,7.459095996119681,7.395359890816729,8.49348901782075,9.338282894579024,7.577044580566696,10.418906621259858,8.217873270169678,7.678254880480953,6.0830984946583575,12.713460595227986,14.87077364907343,14.098948129945269,14.878024894477296,14.809900989166875,13.375446643476469,21.43478321305295,20.58108751057024,15.307344796411474,19.08830903658353,17.03263228573595,17.127637996329874,17.771771924253958,16.120354405943182,23.67241316038445,19.99686819752141,21.74381310209626,17.060064236397466,17.510959200950293,17.622082170475622,18.611577321504136,18.496052531337558,23.123968351128056,19.441924599861547,9.52943441027933,9.50181220411449,9.758573132921995,9.065979491245356,7.04982602319189,8.732095929372882,9.469976474293846,9.168888517708652,9.299926103210828,9.497586749315849,11.183651814535166,11.6097859810211,12.32629952177827,20.924449406784166,13.873207718942403,21.735633002728537,13.984977560463822,13.135727409304536,14.010549531457062,15.873411076198968,16.385947532179994,16.914423380756475,13.600874808403418
2015-01-01,18.067007835287168,16.812561076524023,24.948193568054823,30.193414139927143,22.756772417657945,23.67812795691933,35.65670001904537,24.90272872369773,35.97694829564536,32.559655538081444,30.30673280395128,26.420142826996848,29.29919606447011,33.72903761966767,21.600337465519907,22.250218858308795,20.81415780492333,23.017663445577835,22.86395268188044,21.16350227167912,22.63234638589032,23.6356679545187,23.03235964114269,19.240993882973296,23.560463316474326,28.747084444258647,24.92857884872697,29.210460181870047,24.71836436710421,25.59141341572917,18.600400999506785,19.45624204023501,27.10212825023559,12.636296244471191,12.524878279335384,12.68284918582002,12.425679783180897,19.474619706905735,18.418547293049286,18.87786594515029,13.15273582648422,17.546563809040418,11.718228056981031,11.27684312824387,15.297810995512194,11.77778636998997,13.705642315957506,18.544844689124524,14.7451258704441,14.72384493905638,18.84893318605033,24.93673658436242,24.570682868916577,15.084142891762369,18.71390954645885,21.151125578992502,24.12022898684322,17.744499704769655,19.658758213713472,23.83541995021574,20.173318073191755,25.34244945823262,9.918354436558191,16.2098904165721,10.507422413520723,15.51065359146933,14.84408373251084,11.608094612737268,14.71116684208461,14.21178378858448,13.077111554519636,14.867869794572307,15.882351195292244,16.581124342439786,16.96100896163092,14.14392703126261,17.38844866814497,18.14749124232173,17.749040695290898,15.055234753697356,15.761771319630755,16.40557382639271,17.17691572344668,16.605310416710044,16.765873717015193,16.554519176694452,16.909676828665468,16.552171336377754,14.7475127391699,14.912304902807094,11.981653180491808,14.513784990383868,15.759218379310198,14.985482201739014,14.44075427933219,14.330158037161617,13.282026807224195,12.903891626581755,12.54319296561568,7.629762031859728,11.963675182965735,9.606856323227092,14.79498005841403,13.57486025674284,13.50606412999287,12.483099233216937,12.400573236594688,12.13798478778576,16.434239472765928
2015-02-01,20.31347276173388,11.091485143874424,28.73937126031661,30.28827430310417,21.95784392801152,21.78128103649696,39.56124977840234,22.87985204224518,27.592652957396137,25.852504042553093,24.546841209098737,20.7303138722557,38.30799414186323,29.873680520153844,30.98696866160274,36.9565327602849,15.92450111820489,20.871559176296326,35.03544441608704,34.9051861138561,23.09346577552618,31.42375998974983,30.02282525672968,27.70374149192922,28.113564216456083,31.23092195323773,27.198593128257333,29.12936727783287,20.27967719132617,21.050048383218478,17.56253571134485,18.070897137971,20.024389890919423,15.120413223201057,15.544189387532803,15.663529553126615,15.440750975853842,19.65485557189475,19.195098590618784,18.81066289597682,16.2556872038376,18.161700755842634,14.814081782426312,14.307979451165927,16.91159260713308,14.686058615414137,15.856045445620206,18.291852379816472,16.522409448185414,16.50834959002404,17.384680598776146,19.719606711189257,19.556981119838404,16.59607494219462,18.025369567418164,18.8534550400082,19.72065906454032,17.35752795120079,26.80456678436341,29.75632259183471,19.98585632588422,22.701988015083543,13.232894544608866,15.439038883108733,12.681378398749386,14.985731308732914,16.12850983150305,14.004653536391702,17.92100088637897,16.86334580738511,15.036558614956895,18.939579009632425,22.41748253981688,24.87564720280665,22.73995632568733,17.706430199012612,33.09218099852099,23.26762447143142,28.939828686080904,36.7305217484857,21.68745853216295,24.693071306696098,29.42594215981717,27.16649104541992,34.036175260376105,28.80679069648308,18.450549509331747,18.259400982879225,17.33011586936559,17.326939655080096,15.757311666188553,17.156684384563302,17.9378349575757,17.955492478440423,17.521631521248253,17.52177370506382,16.592430269333324,16.454760759670684,16.127128186366097,11.885112841337197,15.793256607007478,16.1860184035369,18.16725881937087,18.02432509012614,17.54118551191457,16.96538036271506,17.15695345351975,17.26992476328132,22.81673240135549
2015-03-01,33.04457960574075,21.154125359163217,35.03106428714874,28.405450682859275,29.4590269285849,25.286090526049097,32.943090368184464,22.815154691657234,14.840223813535738,16.91141545558606,16.67173073087728,14.754270727683284,23.02828051792398,18.21439337191051,23.73593119519311,21.45061586447509,14.63835837440512,18.436860536191908,19.621974271585906,20.07084846396314,20.227630818444126,19.20598858112817,20.547321611851405,15.358059227182206,20.621228667293533,24.04887633583533,19.92841343155364,26.635300300936432,17.998297095686357,18.32320152407268,10.929378176351896,11.834487875756151,18.78167024936065,12.233076982535286,9.844514613344534,10.258973910621355,9.498689530401457,8.404698410593433,10.260970349687414,14.200497249311107,8.025620832366618,12.765195018885958,6.0085509845952965,5.252651353091746,8.855881765319861,6.048185965842195,7.472487769070883,12.20893189879988,10.154951222625254,11.225624308121557,12.620330519799474,11.013392098211655,11.126336604930737,10.413236129118568,14.788985442661826,15.704906893518784,14.419934479977217,10.918789413248764,15.99799967798566,19.98400788665111,8.990233032273014,19.915529177234347,10.197933141899952,10.0965765879987,11.476191124371235,10.181868504019905,14.468984620912073,14.21062245823236,8.473232020008341,9.27177795487894,12.267910083868848,14.103016252903188,16.707385957648324,16.43215517055979,18.419564063492643,13.796437768081296,13.044074157552776,23.00603388638948,19.008123678543544,6.89484485528223,12.26050132737932,10.975516195635835,11.164656568485771,10.156130516548597,8.650281298165172,9.636929751194224,7.993399610657857,8.13694721692536,7.867968416030767,8.005448788013977,7.910641272710063,8.172125099465699,10.317261648497968,10.16534957430546,9.344548702002596,9.444481007692737,8.7765775954256,8.572482672166077,8.272736454865912,3.754795259935604,7.637924029228739,4.685095429423207,14.367718154672191,12.225542398432353,11.729437999566764,8.985632143975552,8.56318831593675,8.010276827093358,8.46813569843537
2015-04-01,33.44810630003847,14.249355601837143,22.24655632567091,17.6820463728453,18.21961749343728,17.993351370891776,35.031913619535736,19.05076315613097,15.109781056940257,15.355510238522408,13.133705062181926,9.755969146841094,20.430016495178457,20.222297367510347,17.949602289524744,19.33733819632394,22.014108806627867,13.274909501769852,11.896054380596208,10.180003014792309,6.220505159137278,7.639202232570551,8.214482042014437,9.977800727686729,9.248935604103186,7.893347906726834,6.841460912834818,7.8519526956509615,7.122748314917552,7.347344003983832,7.83440133603057,7.740140523506408,12.329303534554976,2.999307423197499,3.7142998058549295,3.7499889704036815,3.6816869055657526,6.759952982680761,7.170955341832171,7.531715246808427,8.272395563039694,7.516345587219869,6.924035737349198,6.329452351228672,9.660428180057158,4.516580401602823,7.2495266870789745,10.864079495876432,5.938471501922758,9.439831111943786,8.12594202017326,11.60938943616515,11.334954400798969,6.373855400605858,10.239978873255906,9.05085048411464,7.624002385776572,7.518836097511258,9.58378678764968,8.673267880562594,5.935396842227934,4.981240701775497,5.710376898114274,10.689984933331932,6.612847967164145,10.308285946993172,2.1197346062882167,3.696663035109157,0.3482267235323055,0.3118789339421792,2.221971272920045,0.1777832276139575,0.4398841178267564,1.4869458077098905,2.180867379825968,1.7937069521897355,4.579296568706809,4.5855183314001575,4.399066664555978,2.365237685777372,0.3267679237616691,1.1999113312164873,2.8387335545368413,2.1888886431854044,4.399177811241888,2.6549537153556764,7.643008240511038,7.823412825106537,6.866275265498199,6.24242087329378,4.522556228267582,5.815447791442312,3.637309652614269,3.5038676304899226,4.521855660854363,4.214309471439054,3.213799659819549,2.833043415385391,2.565073226465665,0.4575604147842935,2.2432941587777058,0.0754804993837095,2.12995129903766,0.8896913069798107,0.8607591065375275,0.5628410119823593,0.5013214079101681,0.4412970634249421,0.5529857719830097
2015-05-01,10.533821184127774,1.6689336113848747,9.32217562383919,8.276516430930709,6.365551682058284,7.541831906555004,20.30925058857424,9.463355223952142,0.7291614799080899,8.270804481647279,4.209746116467817,2.83919743117921,9.080898098008891,1.6057352760533072,1.0759627651404096,3.735595036417316,2.6535257380045394,3.5459421428911586,2.400094508376425,1.647206706559132,15.918240495368703,1.8414827896074104,4.326249732214703,5.01742151892205,9.91303827131786,3.156380568573793,6.992700862689462,4.211138390730283,10.886136210765812,11.905820812004697,5.218237542100312,6.174351376896892,4.822194962907424,0.3232065211269663,1.1589712098612122,1.1865332271585132,1.157260176296801,20.72276971611194,16.46467996584462,12.71951276968846,20.50709954603429,13.651830164173491,9.263047317789448,5.46462688468946,1.1649069325537942,1.3551833080592108,1.295877258552553,1.1448230915813071,7.43826472875029,9.687277569005524,1.027452801343093,1.5019209192868384,1.4618579264845248,6.911850849610335,9.206345864747812,6.655790105285414,5.170636733952181,5.499192361751648,6.221583019668325,4.006062693245727,13.25521424641092,13.660656653880828,0.1442811038383064,0.9283692124003452,0.0110941111299283,0.8151554275984609,0.2397920528733362,0.0201228649675233,0.0009262630234427,0.0008984243992365,0.1034620153552852,1.9617159513036767e-06,0.0,0.0,0.0,0.0638578141478544,0.0,0.0,0.0,0.0,5.41624775366176e-06,3.011863498124513e-06,0.0,1.713907883427388e-06,0.0,1.3210009364137611e-06,24.40231912281049,23.741623977834465,34.474642464826495,29.367611166901963,12.903430621208775,26.2516558613145,26.54175051081993,19.539326177868663,18.65119510887758,17.196034225498526,13.297603648271124,11.701562673410455,10.559127635059427,1.1482008341885634e-06,9.09260789834178,0.001137870392418,0.5879340982525914,0.5701402326132122,0.4410292501149008,0.2120180582541377,0.1805633146786193,0.1529080581352915,0.0
2015-06-01,2.1474795913212843e-07,0.0,0.0005018288860055,0.0,0.0003276245162043,0.4526866359331634,2.716505606542665,0.9248232161372968,0.0,0.7586366029374819,0.3527541289968403,0.1972326438122648,1.1109460086876497,0.0,0.0,0.4188734652175795,0.0,0.206548378386013,0.0,0.0,0.0,0.0,0.0,0.0,0.0,0.0,0.0,0.0,0.0,0.0,0.0,0.0,0.0,0.0,0.0,0.0,0.0,0.0,0.0,0.0,0.0,0.0,0.0,0.0,0.0,0.0,0.0,0.0,0.0,0.0,0.0,0.0,0.0,0.0,0.0,0.0,0.0,0.0,0.0,0.0,0.0,0.0,0.0,0.0,0.0,0.0,0.0,0.0,0.0,0.0,0.0,0.0,0.0,0.0,0.0,0.0,0.0,0.0,0.0,0.0,0.0,0.0,0.0,0.0,0.0,0.0,0.0,0.0,0.0,0.0,0.0,0.0,0.0,0.0,0.0,0.0,0.0,0.0,0.0,0.0,0.0,0.0,0.0,0.0,0.0,0.0,0.0,0.0,0.0
2015-07-01,0.0729565890042386,0.0007357701167976,0.0329947094035747,0.0,0.0216224944848715,0.59432014941586,3.379163714372413,1.194412330746906,0.0,0.8407640570147464,0.3909421078230358,0.2185843882898034,0.8241865996526038,0.0,0.0,0.3107530827624982,0.0,0.2598775694172312,0.0,0.0,0.0,0.0,0.0,0.0,0.0,0.0,0.0,0.0,0.0,0.0,0.0,0.0,0.0,0.0,0.0,0.0,0.0,0.0,0.0,0.0,0.0,0.0,0.0,0.0,0.0,0.0,0.0,0.0,0.0,0.0,0.0,0.0,0.0,0.0,0.0,0.0,0.0,0.0,0.0,0.0,0.0,0.0,0.0,0.0,0.0,0.0,0.0,0.0,0.0,0.0,0.0,0.0,0.0,0.0,0.0,0.0,0.0,0.0,0.0,0.0,0.0,0.0,0.0,0.0,0.0,0.0,0.0,0.0,0.0,0.0,0.0,0.0,0.0,0.0,0.0,0.0,0.0,0.0,0.0,0.0,0.0,0.0,0.0,0.0,0.0,0.0,0.0,0.0,0.0
2015-08-01,1.7252481831184918,0.1066279562545337,0.957471562162624,0.5104405522419803,0.6369118875159667,1.3900475689047316,5.069327697638064,2.246797762647964,0.0,2.0573406533452734,0.956632493648614,0.5352916176346775,2.0150662221676545,0.0,0.0,0.7597648891320467,0.0,0.6145538172307181,0.0,0.0,0.0,0.0,0.0,0.0,0.0,0.0,0.0,0.0,0.0,0.0,0.0,0.0,0.0849668923756377,0.0,0.0,0.0,0.0,0.0,0.0,0.0,0.0,0.0,0.0,0.0,0.0,0.0,0.0,0.0,0.0,0.0,0.0,0.0,0.0,0.0,0.0,0.0,0.0,0.0,0.0,0.0,0.0,0.0,0.0,0.0,0.0,0.0,0.0,0.0,0.0,0.0,0.0,0.0,0.0,0.0,0.0,0.0,0.0,0.0,0.0,0.0,0.0,0.0,0.0,0.0,0.0,0.0,0.0,0.0,0.0,0.0,0.0,0.0,0.0,0.0,0.0,0.0,0.0,0.0,0.0,0.0,0.0,0.0,0.0,0.0,0.0,0.0,0.0,0.0,0.0
2015-09-01,11.662140357638814,1.0413409767415982,5.443180695684131,2.575806034852048,3.669037274347785,9.032918785942348,35.3948880851965,15.038435650151335,0.0,11.573068744175597,5.381342020528689,3.0129841582320505,12.13120355904952,0.0,0.0,4.5739750017568905,0.0,3.8632711518917655,0.0,0.0,0.0,0.0,0.0,0.0,0.0,0.0,0.0,0.0,0.0,0.0,0.0,0.0,0.5104181803923439,0.0,0.0,0.0,0.0,0.0,0.0,0.0,0.0,0.0,0.0,0.0,0.0,0.0,0.0,0.0,0.0,0.0,0.0,0.0,0.0,0.0,0.0,0.0,0.0,0.0,0.0,0.0,0.0,0.0,0.0,0.0,0.0,0.0,0.0,0.0,0.0,0.0,0.0,0.0,0.0,0.0,0.0,0.0,0.0,0.0,0.0,0.0,0.0,0.0,0.0,0.0,0.0,0.0,0.0,0.0,0.0,0.0,0.0,0.0,0.0,0.0,0.0,0.0,0.0,0.0,0.0,0.0,0.0,0.0,0.0,0.0,0.0,0.0,0.0,0.0,0.0
2015-10-01,6.909849290829921,1.7573827402203137,9.916847304249888,13.17428186265082,6.75462743557638,7.131506238251399,19.27333808106994,8.272335822784356,2.4502240642323567,7.164225762028142,3.901017729184461,2.2994776408626607,5.651023713287924,1.959017101744564,0.4510621979462688,2.423464743033123,0.659816329883637,3.2111137833797523,0.4918763511946981,1.285385604653253,0.6811479283702823,2.8300242747877515,1.4696856778741558,0.5232302135911324,0.9146865577684026,1.278944861160881,0.8617032020555763,1.5984666558342042,0.983145877497422,0.9502596305347636,1.5943171631343074,1.4719311386881802,9.26469963340914,0.2628077817752602,0.6688733109447609,0.6736252967994816,0.6460617140121336,0.7234234199969904,0.5937590515204597,0.6892830839861558,0.6879274436734104,0.6741398311832727,0.4746106868664724,0.3341970793152322,5.5997543640155865,1.554684960247073,3.682794030330833,6.491130190133764,0.815231387248663,0.7985175401929111,3.2045574231321976,4.961829428304006,4.725967728581108,1.0952717083493275,0.8811939485695228,0.8827851308811484,0.6751768177665185,1.642523123330279,0.6717986858809937,0.7737429720663871,0.6029793671620554,1.1029051587879963,3.1942513673359,4.927813483746573,2.440745119977163,4.700944239254251,0.1815937368176679,0.6467564310424117,0.1547266126681152,0.1013011700796652,0.4184134296299584,0.0857722461880739,0.0657934816876247,0.0774454529962907,0.652581529582118,0.3421222515053989,0.0538319989599478,1.490842004645212,0.3023581265315562,0.0003501012400645,0.0960685041291961,0.0576609799355436,0.012798324297361,0.0365636623910494,0.0136002575435357,0.030365081098773,0.5773259546319363,0.5742883541284145,0.4741896513680585,0.4460292562621719,0.2597207068620183,0.3999081990158046,0.2860365091380351,0.2297152591751146,0.3351219335659584,0.3292500932702625,0.2671528865396123,0.2481812932359903,0.2302238387254694,0.0285105005801738,0.2010118374047268,0.0575907006961399,0.436242166974649,0.4079087122103061,0.3612100280651743,0.2753569831327274,0.2586626504907952,0.2329472014326662,0.0537136691929607
2015-11-01,37.30674703678701,21.804437395473084,46.89127286713839,47.39704593773992,37.650648791962695,35.83865796209967,64.81861945597021,36.26839368467315,25.77427591272481,30.40406597047888,23.893963179607645,18.09293308730187,32.62478977061002,24.51050872331378,19.82795390936136,22.700495104531036,16.922192572378496,22.667623719548587,12.92197276246978,18.603855360512853,12.439954127835533,27.887078232695018,14.82699976376943,6.1677512410787445,6.86660184163078,10.482612464414698,6.938194759752366,13.735875031331876,15.25843063767044,15.899362777632302,9.964915801065532,10.58464202790452,38.78541618236631,6.798449029723543,5.997455695477296,6.075569968406442,5.869241460866323,4.722877088622403,6.148494245564341,10.519915864647956,12.3297209387562,10.305915681574383,4.346937033271442,2.812905977714967,9.905414520184827,5.792983905896564,7.899983807267919,11.503459331961926,7.596057652791114,8.919880229123503,8.921832303840132,12.542161434223493,12.24529767085386,7.773389765797269,14.256467397036584,15.788765268908003,15.23586488738104,9.20166935550819,6.087528445638322,6.810390546122738,3.691778226925253,7.867154291939889,6.195997777047074,8.455158049156134,6.852848113712997,8.252782036278361,9.418849467203277,7.664542708828067,15.431648028113525,13.426055302155714,9.294498388057535,14.357268349952935,18.02760790089043,21.40938385419256,20.081613247076373,12.71083871526886,27.407487678724117,20.43490528272637,26.292880336369507,23.00840759039405,20.2465579062574,24.69654800426855,27.36720302269136,26.05158876142177,27.316068298336425,26.18209869745297,7.134351786007248,7.661891457072658,9.601256129969313,9.465299835594964,4.874178563474449,8.682269627147646,9.540331799694425,8.760389071934785,8.55422847320824,8.640318299946248,9.074608039452512,9.392588235533667,9.922580257548724,20.154811262334984,11.677022983068822,24.55784641972529,10.085404501317573,10.45108408728776,10.781296006460355,13.417684853363577,14.534903817711008,16.357592416357832,31.884160353177197
2015-12-01,21.858015420041703,12.705454258416898,31.87879106943699,34.60618376843214,25.27021338916465,21.85774003243357,31.01147892720645,19.79152063397574,15.681025066545502,16.195936913624422,17.248023985134612,17.563307245190508,13.30733158682071,13.321142128929736,7.453076803887948,10.162251856512732,15.097320171561272,17.36358314489067,10.7034998732509,13.601988765911443,22.3643631785442,18.366981152673723,14.579064620331966,13.164483928513905,11.703502899266445,9.968779031920109,12.927306159756988,13.66951866712532,26.388662327365694,27.79092632364289,30.009603582209262,29.80391575453308,25.048346337619257,31.664170941166592,29.80308032899286,30.015518845513057,29.513982454434647,25.26037223075378,26.470942538584826,27.656087381026364,32.263289515135554,27.96688116940653,25.76771360334477,25.290041151722058,29.72024671934753,27.402981104054756,28.421318208559907,28.73364536900208,27.901927374604277,34.40916946842614,29.02151610189721,30.965258003940384,30.974120843499392,28.419323164787045,36.00527775325485,32.703670546990566,31.120060396318426,29.63283829985316,12.929793891060925,10.833635909427128,20.08101277511789,16.204974347240107,33.51667874955292,36.62889225546997,34.664741779460904,36.34170889471275,36.08307875525371,30.120441688264822,44.6495857127321,42.4624025264919,34.68058712737364,42.32970517707359,42.33556215289386,43.98592454749919,44.12421072545831,37.77962944291164,44.07545784714053,45.10286063808286,45.60767681735887,41.74592423581734,42.14290202770196,42.78485004317898,45.19568570427676,43.55276006987154,43.53150282099808,43.59973789526235,30.90594828242724,31.227324010646832,33.20645218183733,30.126987716069834,22.98738608336379,28.85453224483922,23.866379277941352,24.143622513213774,27.970466567548623,28.13494868973627,29.306361536369213,29.74884557504913,30.29362316989483,36.50291608405279,31.449090294378237,42.62384544683876,34.363307775167726,32.6511100367667,32.892251079084225,34.936371585705785,36.12578533004482,37.41544489174533,38.7916101679028
2016-01-01,17.068178196732642,13.636100146584967,29.65705100184477,35.46312871635565,24.966633314753626,20.979467165983426,24.12510548081628,17.844141625563367,12.783602555844542,16.83206847058436,16.128855275887627,14.734106461399618,16.96111933880674,9.995536358448756,11.903823233765694,16.38173231505618,8.956112255760347,15.311709542515388,11.690442698194229,11.701814350384348,7.727891730505662,15.355239775067895,12.247452669250393,12.781123534002116,15.375385386381073,12.330776933616152,12.969999620666332,9.697581287767369,10.796960528426292,9.750734211697091,14.870201368274856,14.102115064038546,29.133944356388746,13.141931156997972,12.594665859805968,12.660129531404532,12.686764387223551,14.031340765252386,14.345538220701592,13.746719432151924,13.995351591248252,13.830989228769752,14.769881182290826,15.586442258335005,18.234363647055147,13.947804806379072,16.50731798808056,21.069196987485117,14.034506290936312,15.064278523961944,18.97583860760832,19.33880470212457,19.160581704371463,14.588589562030458,14.64568318887841,13.7729166127241,11.994942372644417,15.226362775941425,13.37231882065776,13.430501732277309,15.10432252592165,12.540484023308144,13.55910140640473,18.942117593914475,14.273896027969991,18.44891234075878,18.195444718598004,14.581058301985824,15.565111351936412,15.872180398939491,15.698338665591232,15.510307945999337,16.241973700775905,16.123290598568474,15.786698001019856,15.706095094784066,19.499760405422112,18.10842675022898,18.49192203473376,14.276224520113406,14.94408008637028,15.697610760745617,16.713315713272838,16.410529948474526,18.460257569433978,16.80387213436492,14.208124200918189,14.186011196792832,13.172863588076924,13.25662051913173,12.703259770278962,13.045273677512949,11.88243034043079,11.027156572870698,12.356388897209188,12.43434465937792,12.439926948021268,12.91308033800471,13.284614609557506,15.931627503157094,13.48195882980326,13.088880384347158,16.81141807632548,16.95642093747781,17.271195481103877,16.131628904029192,15.66687590579074,15.19645721259,15.940615739588775
2016-02-01,6.564895265753639,4.916530729831605,11.12012624463015,14.727119342755888,9.352140005524197,10.999341096358291,20.165091342216787,12.88748706932596,16.636158646898497,10.18272886275977,13.011955360942167,14.574675245713706,17.99263330021383,19.045542489489165,20.23687474275424,20.96090377722645,21.36378255041906,14.63899562291751,17.454458376374514,18.00178016681479,17.87067612131045,23.483462722953767,18.84401493498996,18.440213882945827,17.07038948322041,16.214153394968985,17.257507563222436,19.607798555043807,20.69737598146726,21.585652582727302,19.810385316508334,20.17889591810983,7.807423312631539,15.33656795584024,18.360684129432705,18.5128159353199,18.359446768042574,16.148987901960734,16.606298565283122,16.90666637821811,18.24736427547186,17.76688993786306,23.593889608167533,21.764894982832573,20.309680521875705,16.954341400824937,18.84358822625857,20.914019978902285,18.774354734319274,19.189653709281952,19.54754015646896,20.64298682976725,20.554322969904543,18.902542988881915,16.866869813371746,16.05583380893827,16.918295325909575,19.25404758330476,18.06059499651792,16.25706717704045,15.147773327292157,19.64293279898151,13.021537914577518,17.338048424393932,12.52307154160336,16.77335032845633,19.4808802944225,13.68591077880389,28.576916630832034,25.158750879448124,17.668440102566244,26.74656908521865,28.276727000991578,28.89639225231393,24.299677619655192,20.96583982040262,29.76945397812508,22.653805919107125,25.711153984784044,36.85985386913533,34.36562497375847,34.908783085417454,33.07712443109358,34.82814572142212,32.8113502104825,34.62625353744849,17.64049050820009,17.587801220991146,19.48434008771754,20.192278791187288,25.414510909961404,21.076362807475725,24.01148917515229,24.023705853689084,22.07187218801473,22.058065236697104,22.26383217612224,22.074829821105432,21.92982185956804,17.859026024782946,21.514664043366725,22.630027265721868,22.04077439648421,22.005188645602107,21.81982529994336,22.075784219710037,22.87312225766033,23.58713775097697,39.31506362137189
2016-03-01,18.868631388944024,8.620223648638047,23.709965005864003,27.13263405144184,17.983637371955155,16.761308951682647,29.153712462357987,16.830242566597356,22.030088873665864,22.605608142682943,20.7951443274258,15.94717306613293,27.228414938519634,16.930241644541418,19.882590472879254,25.36709106823729,9.611902143214834,14.71413423856506,16.699847965262354,22.174799331504254,17.52440887153419,26.49343039548281,20.73989867658877,10.56757323550861,8.738703307026283,21.759486274054385,15.308716280209808,25.235848890986976,14.197497939252722,14.146743860399026,10.695171077863726,11.176642106452231,19.78943376429374,7.876644924126591,7.913378412408162,8.023596236620795,7.777258433472876,13.549185765894338,13.414247734584896,12.09108872962382,10.278578300652962,11.44369070628049,7.424433921498003,7.305118039047878,7.902575916672071,6.479459791604717,7.239128861873282,9.081462390272012,9.215565324631756,9.740238856689444,9.67616145529278,16.74691376856751,16.32155454961994,9.248957456001474,10.566265413117174,10.716520702175936,10.661184632260598,10.50338811563783,9.450700602204977,14.120429262391449,11.6034150702939,17.45726193746513,8.012478526025522,16.48508978120206,8.300109325149837,15.513377568671087,9.668310830420989,8.192573558669132,21.06816572292842,16.816091228115503,10.304370875101526,19.101299512472156,24.473837640632095,29.95990987522168,31.41557585266107,16.15484750192761,26.457088452677155,39.36511989905037,36.3693470584375,10.349292533096657,25.93300703629147,28.423831233226046,31.97618801522063,28.11853933700285,20.198297944896304,25.81034776737092,14.196871852568774,13.981003825611989,14.881360316585264,13.26337016445036,7.149361495181212,12.13793324378769,10.955736820500578,10.023884557599372,11.346558083324728,11.406490020943924,10.91831829240755,10.792736204198562,10.600456631983985,9.264163433489896,10.535165517655551,15.490049344529602,10.878355169327866,11.54620570235814,11.665818874879944,13.092071000986955,14.398816144020108,15.579425864138884,27.92527729171413
2016-04-01,6.298755786183136,0.8784157159110362,12.28303943417942,21.74953123617823,8.500945982472272,8.479442177748702,14.119825295821435,8.440014857070562,2.2772853768788965,5.456274644445792,4.94517014053613,8.57672815281637,8.911384980035828,2.50475327115,12.847540740991375,9.57987720774005,32.35519852243477,11.094017439467676,4.516801680150937,7.31010390775947,31.41011715932518,16.11216734193571,15.17000004368478,5.621291445500251,15.43908379778022,8.205625784892957,15.004929473956304,17.52123028798999,6.804769387797382,7.802605459746138,5.464025421321618,6.040363604132489,29.28502423507974,1.803779567711392,2.270847358925218,2.1018594080819937,2.295291995685232,3.524896742418761,2.995665589409887,3.1010734275206326,1.1950467192239158,2.6370101574376763,0.7797466574912649,1.973225533672022,6.4406120919253445,4.871921200756636,5.586195037549479,7.0298552175573485,2.5808019758930665,2.1064600255858066,5.882753554025876,11.841461341156618,11.427583441733749,2.878921736238629,3.132164099756764,3.87156960772176,6.159022793765931,4.7180032359949085,7.330107209075433,6.783211842484927,10.550115257555776,8.742858172167866,6.187519018093872,9.832600913981974,5.088206200972083,9.304615906838078,1.4435175791594852,5.729959477645926,1.4764184097217976,1.9507936145643645,3.749805302339877,1.8416507188578943,2.008091692355679,1.7541869917818282,2.0653327274786664,3.0549286977099515,0.7596182329928612,1.4194811410699382,1.344326206253243,0.8774912327493147,1.162490778200744,0.8753070803057863,0.7873805545978115,0.7814842906106847,0.4199222772961106,0.7436808496349543,1.8644034401770428,1.8092805441320297,1.326271787247447,1.13850526000987,0.3086818391612363,0.9698654708032012,0.6587577660441207,0.6804557415176451,0.7946144649685978,0.7484061293312044,1.2060006748288248,1.0849001861125127,1.0443731511222198,1.3403437421321642,0.9724111399429182,0.1605402622461157,1.8340427251258,1.503943438902419,2.174935438623033,2.072945443960017,1.8808192513910813,1.6156229114835874,0.7779205189223392
2016-05-01,17.01755732669732,2.5904093638283063,19.578562194527034,18.925743893951346,13.086310091718191,16.29017772171189,49.448278189925006,21.08717489899978,7.143515403683792,28.052312417569656,14.28420152725406,8.133320331335595,23.897933543272256,1.9148813715447783,0.1423769455984108,9.145385005657117,32.679775668059165,9.235428067619534,4.916800895300478,4.069666733036546,0.63372430389299,1.6254463508006811,2.03339545125259,0.1375171692093957,0.1670352355182793,0.4492673321617106,0.2949919016456278,0.6866324930300772,0.7279968181713452,0.9450269863363012,0.2262775785647646,0.3020172727418128,7.581626323061982,0.0003081051058577,0.0014917200952624,0.001666344239538,0.0013840131178126,0.1242600163186286,0.1810161363623592,0.2671035944653208,0.0968837619132357,0.2217756095109564,0.0116456544910305,0.0017497411777822,0.118921595774031,0.0006635192160813,0.0617328590628342,0.3196081029740647,0.105169459798041,0.0982584890578968,0.217128393730404,0.386239125226068,0.370507395370697,0.1135492095623984,0.2040957856545935,0.2913554001978454,0.4202317396745245,0.1824185029926378,0.1311728203577946,0.2402838418863316,0.1521594978617507,0.510745331196039,0.0,0.1899130187043484,2.3486387175866426e-07,0.1676119194990322,0.1422899038580488,0.0,0.0,0.0,0.0119937345089607,0.0,0.0,0.0,0.0,0.0074026367588637,0.0,0.0005423425170115,0.0,0.0,0.0,0.0,0.0,0.0,0.0,0.0,0.1485411148285925,0.1479305651236654,0.1160534069724578,0.0833048854055574,5.255416529484353e-05,0.0679069635319394,0.0103095231060259,0.0062617105208529,0.0587962119358003,0.0620957459883629,0.0455822780643883,0.040262566538188,0.0363295739767115,0.0,0.0312837709447521,0.0,0.4806102263913669,0.3178806551532385,0.2496140232991415,0.0946010054854296,0.0804238591825728,0.0680665455180773,0.0
2016-06-01,0.0240339115009008,0.0002035393895569,0.6067121339022337,1.3630421283919822,0.3961212553430596,1.2118793150187694,6.848529813876839,2.107238841536513,0.0,1.0615851049190514,0.4936204338041912,0.2759941137353222,1.17527863272787,0.0,0.0,0.4431295757283862,0.0,0.4824186936798065,0.0,0.0,0.0,0.0,0.0,0.0,0.0,0.0,0.0,0.0,0.0,0.0,0.0,0.0,0.232562441392524,0.0,0.0,0.0,0.0,0.0,0.0,0.0,0.0,0.0,0.0,0.0,0.0,0.0,0.0,0.0,0.0,0.0,0.0,0.0,0.0,0.0,0.0,0.0,0.0,0.0,0.0,0.0,0.0,0.0,0.0,0.0,0.0,0.0,0.0,0.0,0.0,0.0,0.0,0.0,0.0,0.0,0.0,0.0,0.0,0.0,0.0,0.0,0.0,0.0,0.0,0.0,0.0,0.0,0.0,0.0,0.0,0.0,0.0,0.0,0.0,0.0,0.0,0.0,0.0,0.0,0.0,0.0,0.0,0.0,0.0,0.0,0.0,0.0,0.0,0.0,0.0
2016-07-01,0.0,0.0,0.0,0.0,0.0,0.1633951826503693,1.1211071510707444,0.333921014514053,0.0,0.5443376859281294,0.2531084916496652,0.1415185617284313,0.0986831277808256,0.0,0.0,0.0372076980958719,0.0,0.0942348061884386,0.0,0.0,0.0,0.0,0.0,0.0,0.0,0.0,0.0,0.0,0.0,0.0,0.0,0.0,0.0,0.0,0.0,0.0,0.0,0.0,0.0,0.0,0.0,0.0,0.0,0.0,0.0,0.0,0.0,0.0,0.0,0.0,0.0,0.0,0.0,0.0,0.0,0.0,0.0,0.0,0.0,0.0,0.0,0.0,0.0,0.0,0.0,0.0,0.0,0.0,0.0,0.0,0.0,0.0,0.0,0.0,0.0,0.0,0.0,0.0,0.0,0.0,0.0,0.0,0.0,0.0,0.0,0.0,0.0,0.0,0.0,0.0,0.0,0.0,0.0,0.0,0.0,0.0,0.0,0.0,0.0,0.0,0.0,0.0,0.0,0.0,0.0,0.0,0.0,0.0,0.0
2016-08-01,0.0,0.0,6.333410260862905e-05,0.0,4.134836655488487e-05,0.6900467204966007,4.441343260494357,1.41016887121924,0.0,1.983585250850831,0.9223360496257602,0.5156985066861639,1.5980060329171637,0.0,0.0,0.6025156211122464,0.0,0.3750328059425415,0.0,0.0,0.0,0.0,0.0,0.0,0.0,0.0,0.0,0.0,0.0,0.0,0.0,0.0,0.0,0.0,0.0,0.0,0.0,0.0,0.0,0.0,0.0,0.0,0.0,0.0,0.0,0.0,0.0,0.0,0.0,0.0,0.0,0.0,0.0,0.0,0.0,0.0,0.0,0.0,0.0,0.0,0.0,0.0,0.0,0.0,0.0,0.0,0.0,0.0,0.0,0.0,0.0,0.0,0.0,0.0,0.0,0.0,0.0,0.0,0.0,0.0,0.0,0.0,0.0,0.0,0.0,0.0,0.0,0.0,0.0,0.0,0.0,0.0,0.0,0.0,0.0,0.0,0.0,0.0,0.0,0.0,0.0,0.0,0.0,0.0,0.0,0.0,0.0,0.0,0.0
2016-09-01,2.427403179117816,0.1285959587780582,2.46124055067292,1.8602870734690429,1.621098432706096,3.739664303831076,16.949539351565683,6.130755975289529,0.0,6.665966682025651,3.099570020395772,1.733038208675423,4.795248422195898,0.0,0.0,1.8080107471262905,0.0,1.735331078392292,0.0,0.0,0.0,0.0,0.0,0.0,0.0,0.0,0.0,0.0,0.0,0.0,0.0,0.0,0.6988717107994863,0.0,0.0,0.0,0.0,0.0,0.0,0.0,0.0,0.0,0.0,0.0,0.0,0.0,0.0,0.0,0.0,0.0,0.0,0.0,0.0,0.0,0.0,0.0,0.0,0.0,0.0,0.0,0.0,0.0,0.0,0.0,0.0,0.0,0.0,0.0,0.0,0.0,0.0,0.0,0.0,0.0,0.0,0.0,0.0,0.0,0.0,0.0,0.0,0.0,0.0,0.0,0.0,0.0,0.0,0.0,0.0,0.0,0.0,0.0,0.0,0.0,0.0,0.0,0.0,0.0,0.0,0.0,0.0,0.0,0.0,0.0,0.0,0.0,0.0,0.0,0.0
2016-10-01,30.44332331227129,15.741686706662538,33.61655079455625,34.22662325770311,27.206569967043485,27.01420758673113,51.95254079071478,28.086675692803283,27.029567775433428,28.218255774031554,22.20459341334573,16.83445179919749,34.99416223182884,27.735818230973653,19.98482908746414,33.43390189936861,47.36507397026447,24.45668146416392,30.081567503159988,24.515550471097143,0.9344660321375856,17.459110713949343,14.08040110546429,11.277414124455888,3.373392270394152,11.89440893509259,5.174517010508848,11.867814000228371,3.1255577941027672,3.207138105753691,0.3275168569942672,0.5672141970560569,27.03908286596842,0.0016789598868895,0.0839389917367473,0.0886791137025451,0.0791389550516915,1.452382072578745,1.043358453956614,1.144985653138055,0.1587014525432864,0.946968374026168,0.145050751420721,0.0154182486144902,0.0521298101293159,0.0071570247820435,0.0307493457853969,0.1041545490669966,0.4678363970756879,0.028074297006083,0.0521758245969222,0.1007732975982055,0.0949578299496293,0.4003621438782959,0.0147764885290167,0.2067625237950086,0.7250748853789009,0.3170240285006562,8.956237017850306,8.431059551595295,2.4198036762295367,3.5918230951764207,0.0,0.0176081644500969,0.0,0.0154488752125249,0.0001484017783082,0.0,0.0,0.0,7.805303941093105e-05,0.0,0.0,0.0,0.0,4.817501156563917e-05,0.0,0.0,0.0,0.0,0.0,0.0,0.0,0.0,0.0,0.0,0.4797121124451928,0.438327545734891,0.5361291121476393,0.5713061294336572,0.5170901400730984,0.5460036472415504,0.3563327328450285,0.2081053629946796,0.3430891070177275,0.3150150396843636,0.2285725207233213,0.2008472451582859,0.1812277626185583,0.0,0.1560570960238411,0.0,0.0004010156531456,0.0001529061503322,0.0001005937605096,3.657691084331308e-05,3.109540233638662e-05,2.631752119389956e-05,0.0
2016-11-01,7.049406132302662,3.361125356722233,12.354057824512482,12.63909680250918,8.803160704316507,9.2836181120143,24.679785616977732,10.527994601653193,17.703845014937166,12.307799541373695,11.490868987126117,7.554745615617533,14.58205796975797,17.550689346092472,11.824197355793368,11.70053855114081,2.8668400571339308,6.342869492782019,9.224622612950965,11.140540918483394,25.977233387129115,13.246968282023404,16.6881760424701,9.834065056339048,24.269400963467444,12.371424019795326,22.36015466216563,18.377647277803906,18.630811083307748,21.50881194786486,16.504355151549536,17.388565292633317,8.01320383937027,25.061126703954624,21.762100750163164,22.152887260729774,21.207366969458626,41.68572182243618,32.90803300907563,21.24811104428462,17.078700903966435,19.756841906783357,10.291917905713545,8.528460469555974,24.184433152856613,18.66457689990363,21.165631037659683,19.78368224217921,18.372544102339194,9.697847848840867,11.568735696573066,16.75714038160569,16.21590289410005,17.352718289016778,12.86128989210405,15.545028692014863,17.937061255295777,16.442424829200025,12.590281857278258,13.35023062706764,40.373815611353535,22.15867704083545,34.07296903466688,37.01827615840437,34.482257398086546,36.74664890521522,28.453812680430307,30.653069447592845,36.13390347186058,34.95746489865015,30.434860043251987,32.23833571700997,17.38743373427922,11.371824544259775,7.849086119756036,25.35238763327271,3.520089682941116,7.827566567335277,4.788968417690532,1.5828920284533436,29.428156775335648,19.51680629421481,6.251867460642681,13.321743443614384,3.1244490258920345,10.924825691891092,37.80739200032531,35.63717258014811,39.335703203066174,31.751456457835456,12.346104953838152,28.462459883475884,21.999226494827678,20.435016557288748,25.75956064500964,26.083576985873727,25.473923294277864,25.963645354566,25.951203049573856,22.022122647939245,25.079132923425604,19.69637685744201,30.923742870489185,32.21207525215987,32.28496769296534,32.10566667737106,31.62997999158072,30.31741740161644,14.812805255872274
2016-12-01,28.735826755631408,21.3846065145032,37.46127349138856,41.01481665834106,31.4860985500594,26.883107741729766,31.540165838105796,23.521853067152463,20.94249293107147,23.068436443804195,20.884311244987003,19.097479103315397,18.56659882107687,19.45827370592452,15.065624134962412,15.076774136228096,21.56265473204208,20.9123170278433,20.54248274788855,19.97503137817734,58.82982996429458,18.209432121306367,36.71031189485052,34.3573999761572,52.36612225670396,38.779131643416505,53.84094856437311,44.06345291389324,71.00450929895815,73.98594715892403,46.96386332599032,50.63287867697024,31.19637469773544,25.34946212796333,25.52405033593586,25.620505965868237,25.47756112832574,67.76352161161823,67.26572704790978,63.6871627686966,51.2534729187854,59.71446649791442,36.69181648619293,35.36405015139754,34.011100999677915,27.3357155395683,31.00772505101376,37.36900749470171,42.554233021012905,48.69684715317325,39.38619820816459,44.00701723991556,43.8952579463238,42.55418562248156,58.03070374953938,64.06053927383498,70.44002469911749,45.076682383592406,37.62206504428204,40.765541058081695,64.19463492955602,66.65179284967992,28.04456529972022,31.80925509106534,26.546552748166263,31.111440644532028,29.06219773719542,28.0077471600576,26.733874861557396,26.63408259961637,27.347805831922276,27.688573740262168,31.38098709959575,33.87669311154477,37.88689601648413,29.322360469278568,38.84099176242509,43.66373585680326,41.400639065828855,30.341487186251577,27.764687632770723,29.32177925935974,33.60044850243612,30.64387275687903,35.14584773074851,31.409579809099224,68.61272404758232,67.4013841502815,62.06985692713635,56.16299342666559,32.263975753162825,51.39237918554436,33.902860470226166,30.800482095583597,41.25996464684094,40.13390823713007,35.671805409572535,34.41876536385523,33.17246630773553,16.44774440271572,30.744526553462578,17.27019256254488,31.80262817643456,31.632091138306208,31.006677320888425,28.99419780435087,28.15226168564558,26.848132964018216,25.873376525038893
2017-01-01,22.409927545920823,16.733836445542067,25.108658124484,26.36967459970357,21.51750606304456,18.536406971212383,21.561899447613037,16.479775403978323,12.742063927775074,15.310521920459308,12.56097818872575,10.696217374255465,14.864440053159932,12.392131572516824,10.659724577133844,12.035634851834253,9.089531139165118,12.912084302453774,8.57095945069012,12.38670649820143,12.907332671520386,19.9902491329181,13.934560096147624,9.525594702903447,11.641360196405175,13.599966205854452,13.037129538759498,14.861273977403908,19.89331649852796,21.066906911568807,24.28136520403238,23.78383912532294,23.216910181908016,20.738818289027524,21.87866802672906,21.76165981225782,21.98717856337338,21.192360764879236,19.33803186473832,18.9198156719592,20.41103799136459,19.346445453630423,21.153466056237296,20.970311447943537,30.97843904678275,26.15991887911367,28.852615077416285,31.89849682528187,21.365214629429644,21.30726172641878,29.26306943350845,29.98954416017664,29.885207379424376,22.15013316604685,22.224574982731387,21.923754830605294,22.954432357460888,23.9469862741817,10.070662203463725,11.200904711186311,19.45213611702064,15.107606167221732,24.261688721645974,27.54204592083532,21.04333129325013,26.820952958485147,21.349686937680705,19.73880396807752,22.26896170214762,22.701674770254584,21.12915576397571,25.41159133734708,35.46699719113689,34.872179234494794,37.58216699795687,25.483712902580898,28.846499178929623,35.62362260502822,31.62251268703104,18.181887259309864,27.212698400474377,27.431441172290643,29.50544973595028,27.51209985095615,25.698104721613465,26.79015069504152,20.592710790045277,20.503504893519903,21.434212518022026,21.661507304885365,22.303885011665287,21.74780929784996,23.385324267253093,22.886059111735317,21.639692112943735,21.52213204613872,22.295696472844647,22.12053194614384,22.053774279942484,25.48806947977565,22.498614026066388,23.630445825979606,21.736662175807197,21.121291550187856,21.297094380820152,21.5837558951823,21.47858223783081,21.618280174525022,28.859736848705207
2017-02-01,47.200374812062535,32.264455504507026,63.72705036254779,67.66899251393878,51.353329704045095,42.3220358502211,47.586568433268575,36.2522032482018,24.468397953594422,30.15734664686169,26.70515094667894,24.7167045873236,26.21494963370651,24.655257296008404,22.152829871065546,21.504135536555392,22.319450187043643,28.93275405084352,16.362957579843386,13.448973885388195,12.709313023665985,10.912494252982595,13.837688244856082,17.66002707867158,18.703262929775665,14.179027969215692,15.834909996478428,12.947612491315407,16.641181981497425,17.24441674653901,10.678511710542802,11.485966419018924,49.150380713493625,3.966416731766222,5.999900162919339,5.806841926164427,6.183293975567422,10.85290319106418,11.710144732846777,12.616311941579731,9.07172234200154,11.781206957911,8.488501091995134,8.314620190457921,11.69221670934439,9.164830637407606,10.60792055191929,10.466125380190036,9.402975205772243,9.005197288029123,8.352648883084111,11.76922772923826,11.52325541344914,9.33611418964928,10.905228766906538,13.103626464879186,15.247274409224673,10.027991832157523,17.93336780277578,16.361742388127325,13.61568878004284,16.489106827512423,5.8350129502995385,13.417583171998205,3.213166235092036,12.29233309815819,3.7931631806816033,2.517732493673102,3.264776555401916,2.505598073995008,2.873647772241042,3.2415845678417647,6.622528393892012,11.73732223336548,12.82495431809196,5.097805957588586,25.575491915934496,19.789670177536557,23.23114144272133,19.032250119521297,6.2616148662606665,11.719577972460293,19.02651728564304,15.641934519958117,24.66576723471553,17.637395500692836,9.553016972321013,9.54629178258076,8.89270907886142,8.746942427839624,8.10123503780959,8.419974245797397,5.482417256013326,4.658533596934004,6.653262025304647,6.49102156477269,5.732938441579872,5.355395103307245,5.10649873465647,6.530609101072789,5.445369348260861,6.772703361341311,4.325343334020249,3.937768571587137,3.548868259292683,2.914600031413844,3.1084109674771097,3.544826590710201,12.022919757388156
2017-03-01,18.0914464223916,13.90763699236902,31.58007151293981,34.7386144207114,26.271905395704177,27.805635437901785,57.35925025833636,30.271936554410782,27.14089193924615,26.38129322175406,24.380142362911645,21.614404055063243,33.08685166897049,27.59417319153598,22.5040492747355,23.993761314103008,18.21087788768376,21.824443014075083,16.64419766550483,18.169494550174228,17.45094617774918,28.520200877365248,20.728153519937507,21.688376223387262,22.76530206327088,20.82441510033381,18.983592013480347,19.68673669147649,8.489672394734393,8.845085811728513,7.944626892048364,8.326666268315513,22.83014911473044,10.05930722244477,8.595223953761325,8.8681687372104,8.408139479022594,17.51953251543748,13.487361628458748,9.704125083840836,7.539325635227575,9.223708344286642,6.810583727117459,5.530046480021647,6.165115538187879,5.268362364321194,5.696397833942478,6.980791030873592,8.157600309625051,6.155861704692213,5.492415667121166,9.442358802045913,9.13912811642881,7.814266632763502,6.357869507492687,6.2907926992347285,7.066157719554183,7.86918228714656,22.22280630675627,21.0724525516671,17.183658748742108,19.41965763907224,8.227649443353583,10.538469540801804,9.27633949000916,10.30525096264735,16.11957984070483,11.776623458471946,20.43578136005234,19.3867584431927,14.684277816282258,18.82223841310517,18.47130723907248,18.72431719126335,17.381655963641904,15.989987081845571,15.122247423920852,16.197584638937926,17.43613906761295,9.832488161261908,20.648231909449063,18.903692233027208,16.830207008829966,17.302061147906294,13.414625079661173,16.22329958626982,11.581293452733924,11.03429450137832,9.348878292211785,9.629001827935465,8.333151300115885,9.52765792049782,10.910132629693956,12.192753087424656,11.38511092601272,11.795990351880148,13.212235156411202,13.681482361475345,14.052433284054,13.111650291978355,13.974979271470556,15.75920136987022,17.346009942763366,17.95007347971461,18.241253345985104,19.55978070969867,19.73446206811299,19.626692173803487,18.02548328789032
2017-04-01,65.52088357555586,20.40921342033105,51.30094380737525,41.31925704513297,37.813559049700416,42.42512806991658,95.2628427635943,50.458294941843285,36.52988500990234,54.08586078580301,39.159052904906254,26.91037634309194,59.77037369426482,40.467740397226976,41.21253583722012,40.05485002106363,14.645903184372209,25.41063130679688,9.359957822078876,8.426203406130936,8.580150832786417,8.010800275323524,8.361495322980247,7.4341921056390206,6.927496194198854,9.729124182157474,7.770092295999054,11.78059508152225,7.266311872505557,7.3456354069113345,14.89133227706482,13.994145376389469,33.624557038979766,5.113728406720357,9.7956772541159,9.778027713914408,10.044855135874691,5.046883651105226,6.908336113144893,8.437689016181048,11.56049842562512,9.629595040557192,18.39553120127954,19.872100147739616,19.891007537188507,11.998247020614354,16.54197815360766,23.254346515559277,11.943118593763389,16.7908669748659,21.05834542254517,22.84551136927948,22.604273838195056,13.138357126301194,16.312314401381556,15.895056552608528,12.07514755908181,14.951599634389524,7.219690736941617,7.812557723952545,6.556336126774309,5.877107383065902,3.1377475989361385,16.097535899433367,0.9908783349735806,14.304280007332425,4.931308844491859,1.4971385664110408,7.258913351154945,4.129065330703892,3.2653433177459963,1.3615173234000597,0.7118521959980643,0.3126571064720711,0.2963561379487675,2.2324605531942856,0.0189119540314992,0.4829186479053228,0.0555970312654256,0.001489122618263,2.1143569773433537,1.2289210387890015,0.0482552991365186,0.7136322095541375,0.0087075654345406,0.5515270240836172,5.905053438073012,6.521756748091241,5.9813520491312895,8.35595323878549,17.873913191334545,10.182940137507062,15.40703121656662,16.20677127560744,12.004526907110511,11.710813723766082,10.422334770169709,9.82434958318381,9.51932421056276,8.079095049838823,9.111559686538346,5.504588502193924,5.397114827742996,5.794306630457025,5.960220512433563,6.844587157320298,6.949615525949788,6.73122673826332,0.1581953021952722
2017-05-01,23.23948441631938,3.0421398434847937,23.995597970347003,21.97154012903666,16.130165144544062,15.531230474867538,36.20530411810321,16.69764959311361,1.9715402867290705e-07,14.337755189191974,6.667011868446949,3.7393567138584167,11.147101535743667,0.0,0.0004125675755752,4.715612466719846,0.0034191247118685,6.281093322319375,0.0,1.6269859186807183e-05,0.0,0.0055810761928058,0.0046680208310617,0.0,0.0,0.0,0.0,0.0,0.0,0.0,0.651485591951908,0.5622092870782305,13.80801990281365,7.875577908294413,3.468793620742519,3.804400527254861,3.2183375010253936,0.0,0.0,3.9067594929715836e-08,0.0,0.0001039087777618,0.0132053589898089,0.019017127960078,1.9638467620426945,0.4694400605179863,1.2202570510179636,0.7131064328968656,1.004711972094607,0.0007789815733454,0.0109445907983692,0.6536526994775821,0.6109253405221552,0.8737794248301507,0.0,0.0,0.0,0.7139775576073006,0.0,0.0,0.0,0.0,19.01522144418332,13.394032214389382,19.06324886080852,14.00898391711322,13.256723452068904,19.0139939562173,28.017048045740665,25.43618004902937,18.37929818195386,16.274167054779365,2.777822165802879,1.322717741005754,0.0157467530961276,13.264236578394442,0.020884864871076,0.0039265841449796,0.0440055731301949,0.0043279817844567,16.32374487921785,9.731862005131518,1.0601622680449323,6.10054935018543,0.3828345052334713,4.791178234707831,0.0,0.0,0.0,0.0,0.0,0.0,0.0,0.0,0.326979936698403,0.424324752638455,0.3076958930724038,0.4656333222073684,0.7565323115269608,0.6161479250349663,1.968928768898071,19.018081706995105,10.58813887803466,9.040017840208751,11.071600176635714,15.890051825344218,17.257000302313088,17.956332948036064,5.199370480569159
2017-06-01,0.6815846384278407,0.011234308464591,0.2655281394094081,5.7581056388786506e-05,0.1745979104078899,1.7613152965360963,9.22321967358098,3.4366711462524,0.0,2.05841119933332,0.957128942798985,0.5351519805278895,3.741811432008433,0.0,0.0,1.4108206055554535,0.0,0.738644290575598,0.0,0.0,0.0,0.0,0.0,0.0,0.0,0.0,0.0,0.0,0.0,0.0,0.0,0.0,0.0,0.0,0.0,0.0,0.0,0.0,0.0,0.0,0.0,0.0,0.0,0.0,0.0,0.0,0.0,0.0,0.0,0.0,0.0,0.0,0.0,0.0,0.0,0.0,0.0,0.0,0.0,0.0,0.0,0.0,0.0,0.0,0.0,0.0,0.0,0.0,0.0,0.0,0.0,0.0,0.0,0.0,0.0,0.0,0.0,0.0,0.0,0.0,0.0,0.0,0.0,0.0,0.0,0.0,0.0,0.0,0.0,0.0,0.0,0.0,0.0,0.0,0.0,0.0,0.0,0.0,0.0,0.0,0.0,0.0,0.0,0.0,0.0,0.0,0.0,0.0,0.0
2017-07-01,0.0,0.0,0.0,0.0,0.0,8.623800541449674e-06,5.950956042263171e-05,1.762394814252028e-05,0.0,7.3174062799004604e-06,3.4024792223148907e-06,1.9024014671121344e-06,0.0122329382760635,0.0,0.0,0.0046123332776005,0.0,3.415676229553013e-06,0.0,0.0,0.0,0.0,0.0,0.0,0.0,0.0,0.0,0.0,0.0,0.0,0.0,0.0,0.0,0.0,0.0,0.0,0.0,0.0,0.0,0.0,0.0,0.0,0.0,0.0,0.0,0.0,0.0,0.0,0.0,0.0,0.0,0.0,0.0,0.0,0.0,0.0,0.0,0.0,0.0,0.0,0.0,0.0,0.0,0.0,0.0,0.0,0.0,0.0,0.0,0.0,0.0,0.0,0.0,0.0,0.0,0.0,0.0,0.0,0.0,0.0,0.0,0.0,0.0,0.0,0.0,0.0,0.0,0.0,0.0,0.0,0.0,0.0,0.0,0.0,0.0,0.0,0.0,0.0,0.0,0.0,0.0,0.0,0.0,0.0,0.0,0.0,0.0,0.0,0.0
2017-08-01,0.0,0.0,0.0,0.0,0.0,0.0025165567176096,0.0173657986781772,0.0051429372555279,0.0,0.0025649512552142,0.0011926621289416,0.0006668438028914,0.0469961052110989,0.0,0.0,0.0177195122783303,0.0,0.0010280052721901,0.0,0.0,0.0,0.0,0.0,0.0,0.0,0.0,0.0,0.0,0.0,0.0,0.0,0.0,0.0,0.0,0.0,0.0,0.0,0.0,0.0,0.0,0.0,0.0,0.0,0.0,0.0,0.0,0.0,0.0,0.0,0.0,0.0,0.0,0.0,0.0,0.0,0.0,0.0,0.0,0.0,0.0,0.0,0.0,0.0,0.0,0.0,0.0,0.0,0.0,0.0,0.0,0.0,0.0,0.0,0.0,0.0,0.0,0.0,0.0,0.0,0.0,0.0,0.0,0.0,0.0,0.0,0.0,0.0,0.0,0.0,0.0,0.0,0.0,0.0,0.0,0.0,0.0,0.0,0.0,0.0,0.0,0.0,0.0,0.0,0.0,0.0,0.0,0.0,0.0,0.0
2017-09-01,10.016545486763292,1.003537919111355,6.582140584263087,4.817504169361452,4.409379479498503,6.416774266449599,20.169273490836524,9.0015656803868,8.167793654177588,15.463658620490383,8.353836807599517,4.768666995308999,13.607393940479314,7.727730555339808,0.9175086861004051,5.280895614863063,0.0,3.4817371314990164,0.0,0.0,0.0,0.0,0.0,0.0,0.0,0.0,0.0,0.0,0.0,0.0,0.0,0.0,1.878420136077038,0.0,0.0,0.0,0.0,0.0,0.0,0.0,0.0,0.0,0.0,0.0,0.0,0.0,0.0,0.0,0.0,0.0,0.0,0.0,0.0,0.0,0.0,0.0,0.0,0.0,0.0,0.0,0.0,0.0,0.0,0.0,0.0,0.0,0.0,0.0,0.0,0.0,0.0,0.0,0.0,0.0,0.0,0.0,0.0,0.0,0.0,0.0,0.0,0.0,0.0,0.0,0.0,0.0,0.0,0.0,0.0,0.0,0.0,0.0,0.0,0.0,0.0,0.0,0.0,0.0,0.0,0.0,0.0,0.0,0.0,0.0,0.0,0.0,0.0,0.0,0.0
2017-10-01,29.33075474427188,22.217079653152965,35.54197850314806,40.40309685006356,32.33882502626347,34.6363147638039,56.63331321947873,36.387794979489264,19.68993317226056,25.765863212554965,23.74338072748241,25.05918156451692,26.440666500520425,20.373195842030917,19.017723295660144,17.189564288622485,43.31464168931876,27.224009430297457,1.8344192183249788,4.530723285132357,8.388196486182755,10.227474045564122,4.852595916640611,1.1544710728967085,1.128503130485481,2.352946515099966,1.9889050696503363,4.6702413423821385,7.692929369592638,9.52053512264557,6.50300197987031,6.912589469305023,35.3211715563013,2.322455746652352,2.8155556538136173,2.809331016687477,2.8055179971946207,1.7369557635923218,1.842726383699685,2.842196720913962,1.9628748116165515,2.6218777226639025,1.7783562739465473,2.48163523406107,9.439515008886929,4.255368262082893,7.001618465696235,11.375865732014404,2.9643900000873398,3.303890794639204,8.21646640057629,13.954564121528025,13.470854062912233,3.542092188440004,4.226773962806849,4.898275581996404,7.051934444350075,5.695354185057724,1.173496034162975,1.1860237139670768,1.359056032531919,3.641946947466225,6.07757607522691,12.920267693739586,6.895260205239503,12.47534404533923,2.724449190713877,3.5657248195450078,2.5586054873222874,2.6316081004357663,3.0505422033289515,3.4139962906892274,4.759684043664096,4.707529560980022,7.1368334162099405,3.8023659863767247,3.219875927561162,6.495571719247934,4.836033620981874,1.2217820998903428,2.6478068096483085,2.43250593996562,2.8827044230616936,2.408972324706028,2.3828018421088464,2.3332530771985365,2.3323727454454706,2.328278988675742,2.634471176284059,2.1039701942145417,1.3462673018962306,1.9289554210731488,1.0412198528978611,0.7559946721217681,1.672821517638244,1.695747751862611,1.2598270679994386,1.1859783755651356,1.0936893757813384,0.1038873123614545,0.96320789554,0.2924636966887958,3.57766427008706,3.087906885207559,2.902744974640745,2.14167694428283,2.0239872906813496,1.8048801936349783,1.5628073075882096
2017-11-01,32.78350495743623,21.06694368344806,41.86865213387871,43.537919900444464,33.80451464422834,33.50749884268729,54.90154625474297,35.30595732996535,19.61184362797704,27.846631589933622,25.561499501031,25.342587069323827,30.20480693399648,20.74964025956972,25.883062413475088,28.635122131818804,16.071376830299595,25.882030635155985,21.67664725486781,22.494681568145875,21.150976180288527,26.297834907933545,21.358164171752502,18.05846804947826,15.169843049303433,20.66815704314632,18.3846424370801,23.032706107029934,21.67051933080985,22.085084602660043,19.47116105716541,19.78858744180429,31.2651686150512,7.753735889641878,7.60434742794514,7.5644798893037395,7.70695279212235,12.804725534879246,15.34349696609379,18.82901616180902,18.42745460492356,18.17493801962204,13.532006974490152,15.271674470780416,15.270208992132556,9.97839449644881,12.930077863612146,20.07473691997652,13.820498435198465,22.90401648249576,23.063597441535816,28.629175678428407,28.423351825619164,15.16522167121677,24.543157638314497,24.156946856231134,24.05893403986414,18.770409294007827,16.564908657191356,18.356196996863613,13.2647518220789,20.108479082802337,10.55260858520233,16.6211157702715,13.177901023789662,16.242337263163755,8.011382734480529,11.089088606171403,9.010085674894444,10.277827313892072,9.997699517655873,8.874132631342297,5.661663446076978,4.38319020193279,4.477422364066541,8.555763978303714,2.389214652098195,3.8348577333367047,2.882821434438262,1.0413905630429394,5.011738674118239,3.880441059805961,2.835900533417385,3.204680495212989,2.0322816488059647,2.886621636286585,15.208719175661004,15.58863134399554,16.533493044427768,14.24938600792915,7.692544017714191,12.890253470803565,7.749215037722619,7.048439665826517,10.059449425277636,9.801940887205918,8.361372674009704,7.983255258326168,7.582614721342783,3.1207714936101008,6.811943695785589,2.162053667846634,7.300188390046996,7.294759916553583,7.691184239528116,8.90671344750773,8.560672720790233,7.778182716994245,2.300427747981078
2017-12-01,37.70749245330399,31.63018880297312,50.70220164806055,57.9891947617081,43.69746403444455,36.12061904879411,36.57330378181477,30.3764406523442,13.295639487111233,26.5430868135446,20.02350361903989,18.1355761806564,14.294199114555331,10.521178175266195,7.254592966591472,10.399609274043542,27.65684330998052,23.70715678499157,19.339334410856093,13.44719901962408,18.326994285438523,16.43305774906536,15.47438407797422,19.81393490812232,16.14802589286186,15.721982300901852,15.688779164047306,15.772497903563874,21.71359596366656,21.613727557949296,24.162895309710105,23.75004167547863,51.54831093428079,14.243205034596304,16.455972363294798,16.24387342167882,16.645707156350515,17.486969142116134,17.822793632397644,20.1792445883114,20.08241838830965,20.03415926110427,19.05118432281124,20.339324099827664,28.15347533542654,22.21748011178974,25.542315313823583,30.78563583756302,19.462623489782523,23.112754508213044,29.2015224217827,33.87934140857549,33.49339328565636,20.590501326033,25.12457925335449,25.07129140519814,24.30335169543492,23.57675156318327,19.47928934386548,16.18867612017784,16.153540065603217,18.58271707581898,15.871450457883318,25.265264591047902,13.447402376364128,24.011174223650745,12.448128138054752,11.874355956378942,16.012975680836917,14.596444896945355,12.725715116628985,15.673409896817668,16.50798101080512,14.869140840916916,16.09302038093024,13.726971146687651,11.203949631318183,15.61780793450451,11.75308581299998,10.220550158542077,16.65154758472283,15.155019002947062,12.859808765253346,13.965272358648752,11.099857335208124,13.27607543412008,18.39319400395075,18.558765555244836,19.161878547787573,18.269382859989943,16.57415627093875,17.754525506580066,14.527309788072053,13.47994461197467,16.235518740736058,16.239548539680406,15.58286355670865,15.3907195318581,15.437037018590098,20.50673261887298,15.81706928085407,15.722467704174562,14.602382001886118,15.02307844593984,14.409217599857728,14.42008974461756,14.76381416171718,14.93190893890353,14.700216285343654
2018-01-01,13.948723717638751,9.37416901133325,23.058182209160677,25.88884002238092,18.566160304011,17.391538565865915,31.35733200619352,17.09009128685497,18.93994455883805,15.156755183573674,13.937024430022785,11.378600436417589,25.55565264379572,18.34863012108093,13.928426512695514,18.937100957628445,6.369816059723228,11.691259903909668,5.833495190236098,10.65868315747842,12.317674284732297,17.35476695515319,11.284774081075447,4.227794525356007,6.34877137852364,7.1668585363242405,9.017061087408145,8.03979993605387,15.941359824051608,15.699216555166942,14.469032241033275,14.464395466553958,16.37701487847979,9.838379701419235,9.748664514810113,9.77422718909867,9.82853190969903,13.202361659682838,14.509150390696322,15.001293817817496,13.929846200566256,14.70525090640094,13.310318965279698,13.952932325260749,12.465649165875996,10.48152190348601,11.698266941923066,14.378280326528952,12.772016056087564,14.826793980315635,14.83890414602702,17.518219824262317,17.341988192098484,13.07086502209725,15.204605301761838,15.565852072322423,15.75104123081618,14.116063677375005,4.60222795348664,5.623103377892819,13.724493716914196,14.714836720380577,9.736271089783113,14.00150715302115,9.718374209973684,13.484558579441815,12.066431093509774,9.93996654901598,16.42680979307479,15.8117011078488,11.964280780952032,28.35306474300685,44.48668865772177,41.91693558490223,42.09079757386284,21.85409608010845,22.16061572593638,32.1128371477511,27.34542505863885,11.21968467756002,32.997869273539415,31.996039316016468,31.31314381301879,29.185348770673983,17.30453099932392,26.05694743229463,14.02442030136951,14.020443513322132,13.427359771372958,13.065857737307162,11.801044317763624,12.681485836970968,9.621631837953112,8.857944501685557,11.057997380314443,10.960870436368715,9.865719922444406,10.094911479400931,10.54297165564946,14.932409063374346,10.946343021115672,12.850390370495646,12.45158326538932,12.984856153710137,13.868474839541134,14.88330083524723,14.671107401586555,14.498526958560364,32.811093884699616
2018-02-01,50.85966872584891,38.816729728471785,72.95766351363912,86.04122297746892,61.78402141336414,50.8574201082369,55.721950990860606,42.06250153214936,26.80402791502526,35.30294511616621,28.891119444811878,25.83098691924802,27.21882166661413,24.80240905752887,14.623100069753589,16.413873050650814,22.239001983787865,31.636582218281973,9.194767164448145,7.487884988143589,9.295357517981246,8.170197635877349,9.181310651946996,11.899050075826551,12.669956167183392,8.162265463696398,11.291927045965108,8.421802595994055,14.111133713527172,13.795271378174975,22.52599344384199,21.274658899468243,75.48007028178591,28.32214335150303,26.97615753528172,27.132577776080677,26.799727042384657,16.51049412200919,16.276558357316247,16.231144483391116,20.267620613019165,17.256631507405817,22.39242664182549,23.200705818517203,29.767088248148426,26.11823902947157,27.992742648744773,31.411706483534942,21.975403037827988,21.848406961038474,28.52037457960446,29.08787214465154,28.872467641386308,22.61337226534003,19.19227778695711,16.948631280985758,15.34024393676759,23.174992947119968,12.359520263441857,10.127417797628212,15.758224333877632,13.66381356608425,32.547712189870786,34.037041383763494,34.102383727726284,34.14896133479474,27.828188234559946,31.04647453011234,31.99419458648225,32.271759425899965,30.33531156212097,36.36736006565617,43.41518436965779,46.12902221866276,45.120901617383886,34.893763679630354,43.13851687688911,40.28971871393841,42.34816589315391,40.18818930298853,40.5809302564961,44.20199375610325,47.92443135699338,45.313448531106346,44.98357828134663,45.093609533437046,17.07491625587077,17.266681313862982,18.4607665365832,19.018664966095525,21.78603575021959,19.639018592286224,22.189198871186846,23.11667253470013,22.136873104519974,22.533897889267248,24.534406375680508,24.87767990104657,25.459244284767877,36.57110179241823,26.99559356506801,35.409726115653385,26.914932252826272,26.44449233595268,26.547567225820487,27.72722269517084,28.391518603972965,29.376440442344595,49.54261442664198
2018-03-01,58.95817564073404,46.9475818999179,51.2843120230524,44.77570732594107,46.54235487244383,47.59883113291958,60.70223460774029,50.90829105519855,43.84243672260644,52.9133331942158,48.27603438351607,45.02506113983863,40.24971895264437,42.40568060705799,33.05838421874275,36.751354577869066,46.07574388776508,43.26018724059703,44.72537165920002,46.47141645259206,34.502888574838444,50.76246705629356,47.95153817752377,49.80315509210124,56.21321480093753,47.53997977778838,50.15734729142154,50.50039966344944,32.26784870868121,31.852274737348758,37.14826954099901,36.21795983437935,38.27162885065794,44.68150490849843,45.54956486576283,45.99709137588711,45.25924675634286,58.45702896816807,49.4133249306972,42.12000711870023,45.06172326013214,43.37668675290871,50.77409514883745,47.02563908265775,41.35603586369298,41.43801271115184,41.60621703565666,36.9085233995476,44.37014594255712,43.35793138606687,35.50078753000072,25.340658383178948,25.940699022609305,43.51450470859778,37.76356226572126,35.113670279396416,33.08249608283302,39.04658115993984,50.88266969810332,49.28151388931349,55.09142865686401,47.211042977916925,48.73058343127948,37.31027196813388,51.71569312400656,39.43838696482308,55.29742073560422,49.18829593507811,69.13928973119734,67.78296677635657,54.84892012892736,64.69556240016152,58.72928718349159,57.85467489507282,40.25345673852059,54.66362644463278,54.7268593973179,29.433134296379528,51.796499412202856,31.619789514011483,63.97290397587722,58.02420418686936,54.94490050038431,53.82890135148261,47.7155452761048,51.39193271138684,52.547239997697694,51.43613126535414,52.33042623007466,51.600224330641765,53.34403902419447,51.95695494121249,57.64729741834615,57.08986095149508,51.84958461303346,51.06000300223941,46.7238806016328,45.60086571847472,44.94478805931792,39.28643112448421,44.42593366477541,43.66216824764992,56.83053929687273,52.00858991097669,53.39071545041455,54.65595201516095,54.97841211208189,53.81570072001621,46.77645183242712
2018-04-01,48.81734694854843,36.76301339977507,49.73392432888996,49.20125041266249,43.47009486998723,40.43686937468494,62.04396977968503,40.21971029141852,18.720434889241638,36.64753486765085,25.214284545893804,19.64381182060391,26.494256635608345,17.231466106523587,11.632147046386333,16.364465573827705,11.754253819510318,23.43207777483969,12.600086030534252,12.666172795167189,4.436392090836092,8.119028281850198,9.316386446534382,9.727585349990616,6.273416660434746,9.787790736745652,6.785564604982019,11.058275401833836,7.415311015826916,7.458432147538713,10.294711019424732,9.788550601648216,40.959467367995785,23.9761522338226,19.61381762413403,20.18691803761253,19.03312651795967,7.029994555241496,5.839422353566215,6.603751548277924,9.529863824308473,7.544172373070649,11.32247681424015,8.923120378622395,10.64573480772189,12.010084496851286,10.96814644552354,9.817263238914974,11.54678005626556,7.373734732941414,8.384670257901458,11.471530045110605,11.241222668770783,10.979499593950502,7.572878113834288,8.203171574168378,8.389727261649547,10.651410174502203,8.787431221287774,8.264537409606513,5.110160118264242,5.925010108708245,25.77815860505252,20.273520735818742,34.07239941430895,21.86508713238658,39.84361852338246,35.65002065750844,73.37545739033558,70.30905710409611,45.33102750277579,74.67907632818284,71.968469515327,65.13381598297094,56.48333480716245,53.31311129281482,51.94901619922678,46.55706366430709,50.77995170450821,38.8182546591981,73.51380737137079,66.38211819673346,57.334613756097255,61.30765496093134,50.20767412929393,58.44925910528287,7.669927766150283,7.673486503570807,10.723486972544528,11.183141941166632,14.626265726699458,12.095342663678377,18.29073300047996,19.92853208886485,16.973631359993217,17.97441368008824,22.15975013906536,24.26386027845173,27.37272062511336,66.93031180458836,32.39628129061146,57.75255562668973,39.97710252764213,40.53447697101044,44.38843302945694,52.6556260596364,53.78660941095275,54.21514366652717,61.97215703048905
2018-05-01,2.8817445223577773,0.1883546733335416,2.555075892506351,2.4408240924666527,1.688982059355671,3.8194867668585712,16.031234973087294,6.230579161024549,0.0222184341093386,4.884765836030407,2.274686670114842,1.435708040241909,4.072122846760677,0.0063013795390583,0.0839405246468575,1.6832941558150123,0.199372461459773,1.7652978981003715,0.0,4.440396508364954e-05,0.0150961310354956,2.4351186482151516e-05,0.0046396968244588,0.0,0.0,2.9232735154659347e-05,0.0068628970035517,0.0007004195398849,0.0157804721519335,0.0177219539519768,0.0001534350628054,0.0043490736775503,0.5412374042106984,0.0,0.0,0.0,0.0,8.017194471480297e-08,3.068984070697975e-08,0.0006700446402951,0.0,0.000526695047235,0.0,0.0,0.0,0.0,0.0,0.0,0.0002371646389626,1.6541645389775869e-07,0.0,0.0,0.0,0.0001994146885444,1.4155684389311307e-06,0.0002039114351205,0.0009657441166123,0.0001594729803748,0.0,6.531691049748336e-06,9.497541418090351e-05,0.0037481580237362,0.0,0.0,0.0,0.0,0.0,0.0,0.0,0.0,0.0,0.0,0.0,0.0,0.0,0.0,0.0,0.0,0.0,0.0,0.0,0.0,0.0,0.0,0.0,0.0,0.0,0.0,0.0,0.0,0.0,0.0,0.0,0.0,0.0,0.0,0.0,0.0,0.0,0.0,0.0,0.0,0.0,0.0,0.0,0.0,0.0,0.0,0.0
2018-06-01,0.5804285685495705,0.0212980991639142,0.5192898697908903,0.3158506653220054,0.3413842718548244,1.6864741153387537,9.590439205469544,3.1281849437426605,0.0,2.7198531074478494,1.264689062196727,0.7071156550499701,4.141720370841963,0.0,0.0,1.5616031293421553,0.0,0.7617476850969555,0.0,0.0,0.0,0.0,0.0,0.0,0.0,0.0,0.0,0.0,0.0,0.0,0.0,0.0,0.0519406155623824,0.0,0.0,0.0,0.0,0.0,0.0,0.0,0.0,0.0,0.0,0.0,0.0,0.0,0.0,0.0,0.0,0.0,0.0,0.0,0.0,0.0,0.0,0.0,0.0,0.0,0.0,0.0,0.0,0.0,0.0,0.0,0.0,0.0,0.0,0.0,0.0,0.0,0.0,0.0,0.0,0.0,0.0,0.0,0.0,0.0,0.0,0.0,0.0,0.0,0.0,0.0,0.0,0.0,0.0,0.0,0.0,0.0,0.0,0.0,0.0,0.0,0.0,0.0,0.0,0.0,0.0,0.0,0.0,0.0,0.0,0.0,0.0,0.0,0.0,0.0,0.0
2018-07-01,0.0077695569113341,7.932047542791361e-05,0.0084557015324438,0.0,0.0055291878566541,0.770062155589618,5.027706072490451,1.5685739007569417,0.0,2.396668063840216,1.1144130827341214,0.6230930286533793,4.114945786437869,0.0,0.0,1.5515079826280933,0.0,0.4318404403136252,0.0,0.0,0.0,0.0,0.0,0.0,0.0,0.0,0.0,0.0,0.0,0.0,0.0,0.0,0.0,0.0,0.0,0.0,0.0,0.0,0.0,0.0,0.0,0.0,0.0,0.0,0.0,0.0,0.0,0.0,0.0,0.0,0.0,0.0,0.0,0.0,0.0,0.0,0.0,0.0,0.0,0.0,0.0,0.0,0.0,0.0,0.0,0.0,0.0,0.0,0.0,0.0,0.0,0.0,0.0,0.0,0.0,0.0,0.0,0.0,0.0,0.0,0.0,0.0,0.0,0.0,0.0,0.0,0.0,0.0,0.0,0.0,0.0,0.0,0.0,0.0,0.0,0.0,0.0,0.0,0.0,0.0,0.0,0.0,0.0,0.0,0.0,0.0,0.0,0.0,0.0
2018-08-01,0.7321848771134625,0.0110101355290381,1.987194819844217,1.7949631164498452,1.2985821260843764,1.5675692202403504,4.9227024491625295,1.9925411695325776,0.0,1.0093506125711755,0.4693322136202186,0.2624140320731518,0.8554219489525547,0.0,0.0,0.3225301258377124,0.0,0.5975392696275781,0.0,0.0,0.0,0.0,0.0,0.0,0.0,0.0,0.0,0.0,0.0,0.0,0.0,0.0,0.252724192860861,0.0,0.0,0.0,0.0,0.0,0.0,0.0,0.0,0.0,0.0,0.0,0.0,0.0,0.0,0.0,0.0,0.0,0.0,0.0,0.0,0.0,0.0,0.0,0.0,0.0,0.0,0.0,0.0,0.0,0.0,0.0,0.0,0.0,0.0,0.0,0.0,0.0,0.0,0.0,0.0,0.0,0.0,0.0,0.0,0.0,0.0,0.0,0.0,0.0,0.0,0.0,0.0,0.0,0.0,0.0,0.0,0.0,0.0,0.0,0.0,0.0,0.0,0.0,0.0,0.0,0.0,0.0,0.0,0.0,0.0,0.0,0.0,0.0,0.0,0.0,0.0
2018-09-01,14.728506995749497,4.836475143327527,9.174650763754602,6.228453238531961,7.033179220024191,13.889062988275915,50.709009648046965,21.719548581137328,33.32377669281509,33.67236458466931,26.298279000914864,17.25503372713107,34.13070212561715,38.47726045042336,22.34300591221372,21.878527797325845,0.2335505968064315,10.924557902815138,0.9040833434933164,8.784876379966043,4.916137797512444,9.176056111384588,5.751346924883901,0.1700685247484804,0.0694005436842659,1.6331095032749974,0.6222669861626404,5.312656902855732,0.2922705464527039,0.188110610863739,0.0345015903349726,0.0878270693354276,4.729478393657355,0.0,3.701297919780682e-08,4.134591496671948e-08,2.97279925020924e-07,0.0417486098033749,0.0508939663627387,0.1136368661476571,0.0135011740794287,0.090691184002235,0.0007388403827479,0.003339134650393,0.0049650396454933,0.0,0.0025522380673824,0.0093279981866537,0.0411851859698666,0.0155012895160454,0.0019077209195943,0.0022958341976642,0.002146113641229,0.0358398633382495,0.0402699499672928,0.1083100542846965,0.1068010849447133,0.0295334454395174,0.2016483623127926,0.5175396859748331,0.0159801140591676,0.1926942910515443,0.0012280615960791,0.0140345467311572,0.0003590194262091,0.0149475919779369,0.0,0.0,0.0,0.0,6.148070497433653e-07,0.0,0.0,0.0,0.0,3.79464232982541e-07,0.0,0.0,0.0,0.0,0.0,0.0,0.0,0.0,0.0,0.0,0.0367199003655417,0.0364151657884556,0.0169665366839431,0.0305277384470843,0.0,0.0255193353342029,0.1027665397234733,0.0593692563089788,0.0243548220393502,0.0223609430086226,0.0162201769802235,0.0142527100089932,0.0128604539442168,0.0,0.0110742695660103,0.0,0.0,0.0,0.0,0.0,0.0,0.0,0.0
2018-10-01,28.59163242169723,21.189256353008684,35.694865309330055,40.814730129162456,29.908430150531156,28.64997762461406,43.58898183694552,28.710510759947724,19.06243635701441,27.66747559740522,23.72325608573183,20.420880258858773,23.29123048391428,16.667262876832403,14.10366909724525,15.29235658850221,21.73296027612497,21.54380962700984,14.97893774652834,16.44290783454144,19.44000644682124,18.82799391132868,18.170054809500485,16.87503634764661,14.884968886935008,21.01724551503453,16.74366068173829,23.30627112446305,25.884926465970945,26.798735114943064,22.402194686678165,22.513199624899038,33.24560085193898,7.1532289313255335,14.141047968595474,14.216824410808362,14.438778934080409,15.986212581152186,15.983927955594098,20.2436463744814,27.829707230855377,21.99622236201053,27.64092549801937,25.80341715286221,16.19447479794338,12.954224749607016,15.08499841710366,24.03116852074524,19.676763193424232,28.533893474537656,22.29614768264288,25.43765413073429,25.089391605948883,20.43895978768183,29.292295980186303,29.889654401364226,28.93530524456227,21.908249331992685,16.036402768803743,17.940664648267752,11.62257002879607,16.883765964181187,4.30070397874022,10.277306131493592,1.6341802907144116,9.195123685987326,8.81154313766652,1.8343909523669035,2.815860975266725,2.3607029406864397,3.9846169941141216,2.7399298459723918,3.5600428400938005,3.3203610130534957,3.1250217697910783,3.611825010065063,3.175274089367676,3.2692672521671997,2.8980537341459582,3.906509630209479,4.079539990137874,3.477189358919465,2.800794546661393,3.175393548416639,3.312773929256655,3.255512677794724,19.68434265218815,20.2568534579431,24.33776404299593,24.764767447294453,25.81712844506158,24.733792874762,26.232890287222038,23.122266974692334,23.26944026398028,22.856780532814422,20.52552005018403,19.184867207979064,17.87359262378838,7.202308745179312,16.002493360318336,3.1715346870334438,13.534805026726696,12.319302527148531,10.805031728608576,6.960767129328762,6.317654002051841,5.844861600253251,4.556893298652752
2018-11-01,17.370445391647937,15.102035236476478,23.454602582357555,28.73904853291452,21.44904817548889,22.36396859648764,32.84142426787584,23.70462784019751,33.14325216681908,29.68855416201862,29.79992045079645,27.122337292124502,33.80261009621874,31.97385942573217,26.795303399280392,27.86199062080657,42.93580286851325,24.34953304842508,19.391506052015355,23.240711395446954,29.568732337907168,30.58874764145472,26.75066588217672,17.910823033049883,25.78210696656174,27.953226255347417,27.47867779528628,32.53602353432307,23.33748537758644,23.7067538443478,18.61111164948514,19.26508086632329,22.704744789647023,11.954459879511395,12.467323163942805,12.641329206873484,12.353105102747682,28.94460023922769,26.96280862647006,24.72199981336658,19.68232682760777,23.158852173714624,14.236664149182936,13.299080057888569,19.307008634341702,12.680003565468928,16.257032597283462,21.63276698470094,17.638821955794462,19.67269604997307,20.12419625534802,22.7372566822473,22.525680656612547,17.94780498236825,21.364600233937423,21.159093179626037,20.493969883012703,18.88825512704337,19.220482258511574,22.57520212578304,30.35082906384918,30.29550679521885,15.965013191657016,21.055018286564348,13.663014079746867,20.125707792365176,16.31345181858562,11.863320163255676,10.550758757907504,10.70033395955546,12.4225073595878,10.605042088644066,10.825652837460629,11.164982611560054,11.66334571999016,11.900061763616112,11.862851575792297,12.43514369422682,11.556471602432207,9.566424904559996,9.989669041512174,10.650736754171696,11.643184272995391,11.028287671116551,12.1742918546466,11.207763752033802,25.552823276449743,25.22116487918193,22.45627635041466,20.99795450477025,13.484919154269196,19.583792422245025,16.55511856214968,15.48556498716385,17.398332425558873,17.026144283222987,14.724852543397583,13.927019417783807,13.084576222432409,3.756028932399048,11.872025234477777,5.256948711833316,21.017675872025045,17.875537874284653,17.27552909571567,13.051580925660064,12.241301445656353,11.292499212881811,9.588926642480864
2018-12-01,12.39754265297757,9.430684607374491,24.42250546633919,31.89192863439497,19.67744435820382,17.569540658455583,28.6087810531071,16.458777640436747,25.863348990038578,18.72097980773357,18.125485314346957,14.41467424916728,28.18636160459614,26.905427172762412,21.33203184671808,21.46155121999555,18.72026672992989,15.991113051592102,14.775681640098938,9.893598710080422,18.33451925882367,10.7019952518507,12.473017035457891,12.420682205174462,15.282510672122582,11.00355811813766,15.338242641333572,9.956062683330112,22.60987470733966,22.437491639467687,27.80648030997531,27.01175742926409,22.53914790994002,40.61665054694785,36.0932877603879,36.52556014905026,35.7587536558217,25.78199543912714,25.223478612234505,23.877198942933862,23.366252024379843,23.81269928431289,25.22623114451988,26.06922641374302,31.95657055729748,31.544450711317964,31.75818088671841,32.62687899881676,28.668923842696238,24.11424978621932,31.332022985242148,31.45214833378408,31.267743721176856,28.59750702456096,22.46230164015852,21.636595774131177,21.537403838883463,28.309443481428275,12.801173171039904,12.31520201849458,24.74192554450608,20.913713299012752,42.90805130134608,39.43196877031186,43.14649939143143,39.86230772385427,45.3513083771074,42.73008993139502,47.80725436520814,45.80266915437935,43.3148702886251,41.85965208151912,36.905899244837215,35.64858987712308,28.83992328296403,39.985829125386566,29.20987980363618,26.396179694397333,29.75152987887844,16.315072178519713,45.24605587499895,41.022759664349714,34.60813978706941,36.746377198697445,25.00378699841517,33.63397191360637,25.782633752827667,25.65288801961296,23.878774309554395,23.379561943192627,25.11529457603927,23.835428953118104,23.498598865585272,24.55469585209712,26.599073084568563,27.30124529178508,27.57883540747677,28.192791525498645,28.805176652652285,41.03534652398452,30.43742214075681,39.481395703258165,42.68131784152575,39.46366418906125,39.94760993101575,40.09028799774734,40.13368296192036,40.23248381223587,38.31437783144304
2019-01-01,13.96757325347669,8.982262610697077,20.65192398203376,25.393746694861,16.78132120895606,15.388983083777951,27.187266299738663,14.751225471612525,18.072098324557675,13.853518523689203,13.0123914027687,10.81019050515698,26.51632351704798,21.042056628663698,19.29354825091435,25.19719941669757,14.179333962429286,13.31022739451208,15.327715229045491,19.21948740846828,22.13720613904909,24.455933364328036,19.632935369228942,13.802110163367376,14.919491379483986,17.241872860472363,17.498189405765498,19.835790624781144,19.343172548889367,19.4887351418109,21.70552585424362,21.3340138587,20.725824415387923,19.949124246658226,21.70212222958902,21.721528484485365,21.774575627180404,19.13331608079831,19.196624526687973,19.496481737819227,22.376031516166748,20.38308472558596,24.96891575540749,25.00987090088966,24.028792952107228,22.118382898300244,23.239389980089484,24.828880168405806,21.803098046655315,22.470206053213783,24.79577141330449,23.363868583847484,23.40767718758484,22.111153107529187,20.27229975003004,19.355558014520376,19.06221563152033,22.080777430592416,13.854894933345898,15.483909118318246,18.280036567195094,20.56293246799103,17.311321981832076,21.22098521070466,15.945057791423602,20.544451354282632,25.0115780938938,18.220463057600067,29.69505909650409,28.90342471133971,23.07576267680644,28.46129528693641,29.09193212869817,29.006815761506395,30.34343072399578,25.241213613880657,27.4839513318924,31.704458856563058,30.322213860599568,31.029438529147534,28.49001694753288,26.00233465131444,25.12229089827906,24.862389437477567,25.707939427877157,25.043688787010023,19.891793673372263,20.06053763467361,22.226878733959797,22.739600485754732,25.956435413107883,23.309300224529306,25.57825597150409,25.31754755280297,24.09630174482936,24.209246453355217,23.670922726545182,23.80878481455341,23.556410025617414,15.60973038225513,22.438384800442496,17.912890274009843,26.82310987479233,27.36300781994689,27.61564488925338,28.166840629915832,27.972573291975436,27.02063341867471,22.180128419820416
2019-02-01,39.83761506956999,31.416932069809743,48.99793376332572,54.26082110788749,42.44954647907511,37.46556566378837,41.9456870827739,33.86605328780331,24.5696162726307,29.972839854597535,27.147188559405134,25.46339207716145,29.816485673813563,25.704024672749927,25.905928369781588,26.26927884249394,24.30137346148399,28.300031742267112,23.51151552455725,21.690484748663053,24.260705402829046,21.21578581882399,24.182247662845857,28.75205470671805,28.7544259817571,23.139652487273963,27.18955632931741,23.427486191344848,34.45183966092797,34.213341962959184,46.46169088782239,44.62717257360555,45.03383616082605,43.77915565459024,46.54549349363879,46.243824652757446,46.82722608435223,33.19889761432768,34.52832843535146,36.35950960368056,43.73102357170761,38.51809589894256,49.92130685863785,50.38230617195569,51.76113006795093,50.90887669356637,51.541350611108015,53.347910844755184,44.21666483705394,46.83579108627201,54.13657258056323,53.70523361971502,53.68499879616122,45.28572412852541,43.37838640006623,40.52596526002485,39.60456188378556,46.68730905678532,29.112815492072027,26.15112320951241,32.634139074867086,30.720003004147,44.06606786422118,48.31687420228116,46.384603778208174,48.24384294949899,40.31976268490438,41.37630482451694,45.35862977949205,45.62004326159765,42.63921240335464,50.68785656166335,59.284592860525535,67.36845603869813,77.37679368824553,50.74529160634653,77.96847962236723,89.45996156096327,84.77333250934323,58.80064490940891,48.466127305058535,57.6206533511805,72.73968013695087,63.39751579883469,70.49189724022678,64.3027693311278,35.57407646335548,36.104961569216776,38.54549451048261,41.14640251914688,48.66487951575596,42.354793868166446,46.66849702560963,45.77537726432089,42.7222107329377,42.28828559272707,41.900423682291375,40.993967539961865,40.54965428402495,36.27357751130451,40.18546403224745,38.499527009150704,38.18132185762106,35.88321031276997,36.22717111538602,37.53461843459635,38.21931028492469,38.56673253338389,50.18620995706317
2019-03-01,21.778175524440407,12.363088022589576,21.635542170961383,21.22492261881099,17.65524133017066,16.46488551853413,26.168348044943933,16.218353520173842,12.030126792405406,19.2890010866844,15.0466872129826,10.85257253236014,10.308235738854698,10.727276931715824,5.66480255532125,6.378676762415072,6.616086117014186,10.248017720378742,2.0940549143710667,2.758284696783477,4.0499858956964765,3.8545099623013472,3.383856031411198,0.9838890645400752,1.9578689026579263,3.292879881468643,3.398472639752463,2.739078832786583,11.295164586782208,10.515664281227776,32.475538385723546,29.39814935723615,18.24564221072171,31.383945954358065,36.7693116458478,36.9358745144748,37.14244792429376,18.45847434191851,16.9102462468685,17.667800172052118,33.03787752569564,21.60293866593017,41.75897429710822,44.61397695786122,31.48009848699264,32.965232116179536,32.614481986182355,35.81051466056354,31.25709637527267,38.83995313781683,39.56816280615698,34.62182805239173,34.87053276683776,32.48542855627737,32.32419175719748,25.576198142782815,21.268223582418845,32.885899345528046,1.0984472286351332,2.169988435103656,11.957416263794745,6.001347476555362,30.20721536080081,23.79093353397844,29.22086785337535,24.191242394872155,32.9569250612391,31.935310065762,25.58302816320868,28.02984647427556,31.818472541343382,27.183956958178836,24.064592075853223,19.496268653834267,17.303116402626635,28.15558856290789,11.219837570159203,13.024616035165137,13.188244879890371,7.164728434326715,20.202682635356283,17.43858642079245,14.030759550573766,15.279030205553324,9.902188148685456,13.900404725833472,22.97912373001824,23.60173627281517,30.0598376175342,31.036776485664085,39.42269528437377,32.70495494120817,38.90757952735962,39.644781707785896,36.7430502180631,36.74396081140149,39.037225135457874,37.92190544435013,36.96957712808585,23.80773129640086,35.207810061943185,24.012457455495557,32.74284442054873,30.997553926243995,30.63442400090279,28.40655098919208,27.776455295090777,27.16875667702691,12.801875120180664
2019-04-01,32.88128465743082,14.882700165352064,33.8274861287188,38.01563722927743,26.25725979947882,27.199059470533523,49.57578615141075,29.48265671806936,22.99509722717233,34.47327577655857,26.327348511484377,21.350709736811343,21.56092782619187,16.784702253428318,7.309549122830932,12.41803484098646,35.01849322122539,20.97847336452896,18.52857604360862,14.283436633958528,11.505223760280854,14.939440220293218,15.409847873662624,22.74987458890462,25.8813967677544,14.609226994460943,18.392381917781385,12.6416661578525,18.636195215322545,19.008359526169063,23.182800606344863,22.260636593281383,27.19402345342469,37.20473969019762,32.038837716249624,32.73142813249667,31.373000281372747,22.7470945958798,21.299712391107622,20.760961103680035,16.911953307760697,20.07313732659425,18.96726278759382,18.965995295976917,27.51385597105507,24.54104029826977,25.806384002315763,28.63361672184304,23.692103550592403,20.29322475374754,23.741558123798644,29.05068227011499,28.483000595954223,23.493313437451494,22.84970592057609,23.835024740831265,21.48446719920962,23.717020538991903,23.92435474859623,18.167597533889197,22.802883621971382,21.146473207713868,35.215336466594394,32.80941774227862,35.51030344977651,33.082984244013225,51.00407620844175,39.5496537311592,61.21348685594192,56.723489075669946,47.02201728317883,45.18824995766194,33.87205040768657,26.885608739852778,26.27985076518132,41.21328750202585,14.31072615370086,30.54972656187693,16.78151103998043,3.0756159103632807,42.934357511332365,30.90932852939599,16.638087724164166,23.3516938928451,10.26527854970958,19.92521460139397,20.598718376821864,20.30200211299486,20.654059924629266,19.612285569648375,20.97860137505921,20.23856755238464,25.64001194327612,28.04531500139856,26.54866961490177,28.22203746631433,36.3919164226743,39.55728032092971,42.51861063456525,63.57970911475523,45.01090136218885,57.3298941956572,53.731411843646015,56.939649190250734,59.176470312683136,64.35406004049801,63.36284938357529,61.772961879765866,18.6660118028494
2019-05-01,38.194308377223166,15.561169484278892,29.5091571589837,22.63797442024874,22.50665627847423,21.878427470373275,41.89334698100508,23.364816546498567,12.306994223972891,17.313849696979887,11.490318522679011,7.52330506040612,11.669778395135898,10.753519564467048,6.001957882013163,7.023191942686989,3.896211373500328,10.34972046702342,0.0784562169166377,0.7855101174505048,0.3407031224180391,1.2526068765428238,0.5478826019348979,0.1155873332953335,0.2318763086544439,0.0466391881580313,0.0984445256410971,0.1349389820135892,0.0944115867542045,0.1231701398335193,0.1924654552034248,0.1838629809611364,21.82057996270045,0.0614769369959143,0.1968793769801781,0.2026445390161797,0.1852377402827734,1.2142784001864986,0.3192883538464733,0.1049497298257941,0.0119348977750708,0.0836192545083781,0.0,0.0,1.8680994019116168,0.4326921312893102,1.168286035778396,0.6146323570314078,0.161201274044746,0.0016593221804249,0.0107589774672457,0.5438390619809765,0.508291622466107,0.1604023169104385,0.0084768140080448,0.0291553781860204,0.0467502388919007,0.2004446362466453,0.309689688893954,0.0870969364417676,0.4209781753817656,0.0580738319299569,7.843038072327346,7.721335513381182,14.984179173950563,8.887664361404449,2.9817924289391464,8.72682875431453,8.894474080726,7.949562340380974,6.48963667592584,3.111397009233764,0.1945299068972148,0.0718011044669206,0.0021985581482225,4.335215733892499,0.0,0.0,0.0,0.0,2.272060846437048,1.2634580079615891,0.000170187323759,0.7190213060312376,0.0,0.554188371354781,0.3479661961360375,0.3042594920310275,0.0664548102586749,0.1219244238707354,0.0,0.0995731345894576,0.145546817246979,0.133874037242668,0.101908441880612,0.0982537736871891,0.109894214661979,0.1027419751454206,0.1392496822174578,0.0336885587555656,0.1763802671770973,1.322514455317056,3.0027646835711503,2.786654893259732,5.149063546361277,7.043028860353021,6.8775903195485695,6.184478911471954,0.0253416047833013
2019-06-01,3.5019701532923597,0.1184359679275262,3.068811208387867,0.6096388943618549,2.016631748313713,7.83925926574504,39.022957581015255,14.139994308070074,0.0249047674670817,10.9923492351378,5.147942686964216,2.885580016161445,14.82414126453958,0.0002435627512806,0.2940347473527239,5.637590250241639,0.0,3.4285292160036343,0.0,0.0,0.0,0.0,0.0,0.0,0.0,0.0,0.0,0.0,0.0,0.0,0.0,0.0,0.0983532804647826,0.0,0.0,0.0,0.0,0.0,0.0,0.0,0.0,0.0,0.0,0.0,0.0,0.0,0.0,0.0,0.0,0.0,0.0,0.0,0.0,0.0,0.0,0.0,0.0,0.0,0.0,0.0,0.0,0.0,0.0,0.0,0.0,0.0,0.0,0.0,0.0,0.0,0.0,0.0,0.0,0.0,0.0,0.0,0.0,0.0,0.0,0.0,0.0,0.0,0.0,0.0,0.0,0.0,0.0,0.0,0.0,0.0,0.0,0.0,0.0,0.0,0.0,0.0,0.0,0.0,0.0,0.0,0.0,0.0,0.0,0.0,0.0,0.0,0.0,0.0,0.0
2019-07-01,0.1201518257250605,0.0012416821878117,0.0496483472938328,0.0,0.0325510685094471,0.8664450372407236,5.324658453219984,1.7403461411769814,0.0,1.5896351729375633,0.7391554384287234,0.4132781711952307,2.0611515307663475,0.0,0.0,0.7771409927026964,0.0,0.4053465278572248,0.0,0.0,0.0,0.0,0.0,0.0,0.0,0.0,0.0,0.0,0.0,0.0,0.0,0.0,0.0,0.0,0.0,0.0,0.0,0.0,0.0,0.0,0.0,0.0,0.0,0.0,0.0,0.0,0.0,0.0,0.0,0.0,0.0,0.0,0.0,0.0,0.0,0.0,0.0,0.0,0.0,0.0,0.0,0.0,0.0,0.0,0.0,0.0,0.0,0.0,0.0,0.0,0.0,0.0,0.0,0.0,0.0,0.0,0.0,0.0,0.0,0.0,0.0,0.0,0.0,0.0,0.0,0.0,0.0,0.0,0.0,0.0,0.0,0.0,0.0,0.0,0.0,0.0,0.0,0.0,0.0,0.0,0.0,0.0,0.0,0.0,0.0,0.0,0.0,0.0,0.0
2019-08-01,0.083142987141444,0.0008575110972017,0.0291423600182982,0.0,0.0191209365829604,0.0512424231428716,0.1387600108413119,0.0868895228809191,0.0,0.0043624643564225,0.0020284775456008,0.0011341667080422,0.0332380288183919,0.0,0.0,0.0125321376550136,0.0,0.0174497703558284,0.0,0.0,0.0,0.0,0.0,0.0,0.0,0.0,0.0,0.0,0.0,0.0,0.0,0.0,0.0,0.0,0.0,0.0,0.0,0.0,0.0,0.0,0.0,0.0,0.0,0.0,0.0,0.0,0.0,0.0,0.0,0.0,0.0,0.0,0.0,0.0,0.0,0.0,0.0,0.0,0.0,0.0,0.0,0.0,0.0,0.0,0.0,0.0,0.0,0.0,0.0,0.0,0.0,0.0,0.0,0.0,0.0,0.0,0.0,0.0,0.0,0.0,0.0,0.0,0.0,0.0,0.0,0.0,0.0,0.0,0.0,0.0,0.0,0.0,0.0,0.0,0.0,0.0,0.0,0.0,0.0,0.0,0.0,0.0,0.0,0.0,0.0,0.0,0.0,0.0,0.0
2019-09-01,48.380548004690965,36.4888853395807,48.994398206829096,50.443583488909184,44.58065085653044,37.99409042295762,32.34942550915497,32.725274913948255,5.169210127038155,18.47351642322414,14.278703954343603,17.401872989157262,7.575005781029853,3.7631228050353935,6.317116680741666,8.572453776164439,35.69248295730937,26.89215615754879,25.18103908267705,14.40227937555414,0.4503649946785393,8.95602820034271,9.14213563554307,15.227663046121446,5.149179397757467,14.639623207465414,6.348119633510479,13.379579962600934,0.1063780521503507,0.2214242643355738,0.0030155852899081,0.0578328907063047,48.95966902748757,0.0,0.0,0.0,0.0,0.0002714566177521,7.374769585971e-05,0.0161775786488775,0.0,0.0127165416126097,0.0,0.0,0.0,0.0,0.0,0.0,0.0057261104243161,0.0,0.0,0.0,0.0,0.0048144720266296,0.0,0.0,0.0,0.0033618737376532,11.538835081116527,11.42730561617164,0.0230719523967976,1.0252530596329066,0.0,0.0,0.0,0.0,0.0,0.0,0.0,0.0,0.0,0.0,0.0,0.0,0.0,0.0,0.0,0.0,0.0,0.0,0.0,0.0,0.0,0.0,0.0,0.0,0.0,0.0,0.0,0.0,0.0,0.0,0.0,0.0,0.0,0.0,0.0,0.0,0.0,0.0,0.0,0.0,0.0,0.0,0.0,0.0,0.0,0.0,0.0
2019-10-01,23.243701721242445,15.605567091085527,27.433030214918677,30.030610847259776,22.35119501055841,20.556083101929158,35.68656279016967,20.3662265489922,12.206253777489136,22.48020438786958,15.779843841285278,12.187913199041304,22.48638376995952,9.98549023539578,11.029998680857195,16.00046457400743,13.13501743280809,14.866948399384404,9.214266360020751,14.04398899518422,59.299861794926464,15.648533325139176,25.201145953107115,12.157120611298572,21.56522142133418,19.756393531260088,30.06810574815284,27.2449769240913,84.88196991261925,88.78363095925131,38.29984773765718,43.630345964381,21.796240268583844,15.398634819804366,22.07060697203655,21.86937695616604,22.29965641735016,54.40564051115267,60.9803736842373,69.51005854222674,69.04924601819688,68.49382255957903,53.35161267735722,41.6607145877472,20.481999455089564,24.23769364988698,22.349759418769477,18.461437879718385,46.02400704248066,64.3449496294343,20.97801420355834,8.634014275677151,9.579072145293145,44.73945641904882,75.83129912235046,80.69965575127326,81.6757788003715,39.61388297133178,13.783624290767138,16.140750073129773,48.74094700421051,61.9166430443077,12.347615532613682,7.371218334948901,6.846176710138301,7.222408518090408,12.78711030533388,8.064297473509669,5.7212090967760005,4.507450232203734,8.545601720363125,2.730601986987008,1.765152135043349,1.8856080830749031,1.855898627683889,6.0496098778985,1.98003761273216,2.3290623106127293,2.1688833445647453,2.966609561760561,4.396144588375296,3.465058258657766,2.0019888905005225,2.816511132234392,1.9485270683082363,2.6602512269180663,63.9112224574878,64.5571395569527,63.17249111030469,60.92474661726643,52.2457722983658,58.63153436551051,45.56544395804922,41.21628595955433,48.305983364625256,46.70157029870486,40.359917709744856,37.98444482559504,35.51429769691446,6.875092947708581,31.23059901262245,5.492078368027612,20.313676528338373,22.910902613119507,20.33579199727714,16.450604351733283,15.127635061785655,13.741195546263937,3.921671430771068
2019-11-01,57.31102067798567,43.8462485165911,56.95138010505193,58.20067995404296,52.41362050392954,46.13054194334491,50.749534259175135,41.54854649974774,35.06159590811896,37.47931030326844,32.07757469413479,27.35069334872168,33.591228237566966,35.14986851454134,22.2390120743757,23.75205918801416,33.74111189718278,31.96948397345195,25.10753370093268,22.70969170503821,25.34085257498108,24.18341564595475,24.85627255065644,31.307848416372725,32.09736638513408,25.36756327002168,26.72650229706761,24.27522339369703,24.218523574523743,25.13686742188856,24.959361700085967,25.06354725583592,55.62256084023532,25.782953583660586,24.69390205811968,24.82492094679973,24.59026698572193,25.74679036601027,25.79428551924584,24.60584388612793,23.65803549592964,24.44992032831771,24.271558678179566,22.641953582269743,24.637512742816668,24.18596013728953,24.385202401713627,25.05999860282392,24.151931041513336,23.982723963901098,22.790061619714013,26.49818669217808,26.154560227107527,24.00385180249404,26.332049494207357,27.412166395420588,27.242125061501063,24.58384744424608,30.32999823907022,28.72967984014957,23.94272467322535,25.64162588566021,31.413547641603337,30.129253507717937,32.38112055118574,30.36653811000581,31.087060833882735,30.455252217445672,38.83556131801606,37.98104855010858,32.466829535168635,36.54036501053746,36.51018771457536,33.899578914794525,34.601892814487115,33.34268232571994,29.60486644615637,43.33873740755802,34.71007490895522,14.707528605501922,36.30448670991839,32.77757779958677,28.984116145606897,30.802648186346595,26.07433041005238,29.506395746969883,27.537293265738604,27.348665490823446,26.467075924556077,25.645370585438897,23.048573556455075,25.13456690993395,24.914815509676757,25.33652661449569,25.60799685663212,25.82205743788176,27.43033028667409,28.00722111798854,28.839286149282323,43.39849899768603,30.05035186406312,32.48017042802913,30.519142570711757,30.267077572795763,30.74055022721368,33.06355866909506,33.6612457495595,33.545363433245825,26.253021391374592
2019-12-01,23.3528697031014,16.85079137959798,25.179114173038663,20.47905611801494,21.979856481784207,25.613181602290755,52.041974266103615,29.98757160702049,24.303516328048516,24.28798711755924,21.12016725279102,17.688936022922707,24.919732933700573,25.38359353396156,15.76151101550106,16.13426375753833,15.734864956030265,17.90610542795834,7.718170015075757,6.040606206754547,8.57679445716273,6.226563570981221,8.060232168126523,12.076027622848018,14.061286429245357,7.873294124871816,10.841562460778771,8.311992303553513,18.0994537689097,17.88490182316764,44.5710489060623,40.675688377434845,13.018309403103984,54.28247094738306,54.47801501274925,54.44718560694385,54.53502216968037,24.269013866180245,24.223005575237387,24.858203301743124,46.360479504737256,30.10851467342219,53.17204691218882,56.10137057642815,57.89938480959453,55.75096480385184,56.853745307591474,56.912783208796725,43.770490665828525,49.82781243088292,57.70084318137732,55.35331070984329,55.40192300231302,45.483058811783046,40.67471529616395,32.43711144376173,27.54461065250468,46.37670937645393,12.648476344115313,10.233946443038652,18.823304225780937,10.534797887967564,57.51111831973261,68.06782088378372,42.99081189141601,65.23569452568627,49.7235946940269,44.53295529632792,39.829770302033495,40.13165710418147,47.06964192475721,28.145006264514343,17.672562157997465,14.83292121938432,15.662844180715895,36.38050252540418,10.92340034348518,17.574472675132796,12.361483615942417,8.496176956404195,22.68628200765717,17.061236918431877,10.981429578907402,13.982090539445467,9.61676622098246,12.947717437181057,32.2650971997469,33.19349594290105,42.236249037011774,43.88527670542512,50.26347159615234,44.95033160165806,51.27484970118928,49.17294178773445,46.147928542426165,46.00194209382005,45.36250369318544,44.934839020304295,44.56443649994589,42.56199193607068,44.13930944289887,39.2121829065211,44.28272786353176,39.871676423432326,39.528325808740654,38.50515246006735,38.521792265941656,38.58397391855133,11.909787749168434
2020-01-01,18.403571077048685,13.66771562310841,30.266922031550667,34.38860757569275,24.82390045323939,20.97329299130662,30.064654823382703,18.191442450068223,18.540145911086675,15.897042128418123,15.10675541170628,13.59910240843493,24.932773263052624,21.432811872673945,20.72748894081364,24.93465581081012,20.45221188104994,18.243200707072152,17.81511370704706,18.81204073983889,23.362685651207524,22.44772821093364,18.592636041978025,14.534797862570668,15.450985527649198,16.00820474226684,15.946189671134327,17.906225438315207,25.546733492871265,26.33673622016981,23.67416800903161,23.76250917156002,23.069554187566133,26.854266558322816,24.78564824865444,24.852475118731142,24.66510572794363,15.133331915116669,16.625897373437553,19.63343355141268,19.09520542751843,19.658823708529265,21.490808378654624,22.716243208147063,28.06370831816253,25.343463178903548,26.772192632288093,28.96600734253528,22.184159620391863,22.71068758349655,27.560184189294144,27.925998518385143,27.83897744769456,22.744146527963828,22.534806913162267,22.71914507454156,23.331325923008297,23.7045362600936,14.864767410530373,15.01571319187958,14.393777722740666,16.782763354405528,26.2583444080118,28.645699869782664,26.951314848749423,28.408162844310464,29.464110905366784,28.278703038316245,31.112438552329976,31.18419101240404,29.351288259280157,30.80818185974992,33.49498212463114,38.887967962412034,40.1496338427209,31.818464604386936,47.48537352736376,43.25942869930577,46.90487188679614,43.82896994935752,32.71700938226934,37.515489994695024,43.94620835494833,40.29284906216631,45.80614240465946,41.44311417284347,16.85539502126234,17.05099792398017,16.856464221952074,17.51392830489611,19.701090950506806,17.87838961020864,19.195546121024503,19.137845351378765,18.76486297278967,18.883776869959657,17.980588675894936,17.971279820598223,17.959274392974514,17.34491642905838,18.117650078842267,22.555271055722383,26.94246011889268,23.83693026725505,24.11315698962535,23.319295062443462,23.820883141567997,24.088829492004564,38.41938073558601
2020-02-01,26.45918516094885,26.93056069189515,32.14786683482092,36.03957692580563,30.02946554464508,31.24019072961897,44.16739128422,32.93610081914016,30.751735139991737,31.738137157350764,29.134450182791053,25.428707595883232,30.12475265868353,29.359935523541584,23.139797740545063,21.068306565033733,26.22965313701966,24.23319862810992,7.862586917323254,7.367812004463441,9.48525469360748,12.294344855545706,8.146904424050852,7.034251268341428,6.372614744251168,5.696552094773494,6.4993550997607255,6.828465466804388,5.22143026308513,5.495771950157951,6.613699519849049,6.5905229164929375,25.720693166314383,5.530296889950774,5.752124432495951,5.73125329584159,5.73002400882079,8.651813443061135,6.749134061060958,6.246969923506389,6.702435843501032,6.34551275045437,6.605075300453238,6.693341026493381,5.817012427437664,5.872123030647321,5.762968027828005,6.09793851840996,6.0706106644013245,7.242317368954047,6.467442407899795,7.768374720222257,7.716970279621116,6.184500879307006,6.722014982811526,5.891371264192639,5.632949809666686,6.545652930866295,7.087387692296861,5.757162823584194,7.666562858406619,6.532279417232459,5.241896528643744,6.273388300933871,6.685909429380144,6.272246419170539,7.560840547308268,7.435352827468219,23.25018388711821,23.628359400537565,11.81232025727487,24.020217514742825,21.92968141877849,21.92857404396144,23.509513770327697,15.957165512906098,19.79515333787117,23.803321822272363,23.616027868108542,8.5237555244635,20.21899764033615,18.297673160633607,18.492169830386747,17.141548809100016,15.72903660938805,16.36307794611204,6.985738672511871,6.91704090207712,6.814707016914351,6.858929609094763,6.559014913341846,6.711684077665815,6.207051799049999,6.077080318431537,6.408749749518327,6.426968134793855,8.490698419726144,8.951298297606705,9.47228354453208,9.422040449412956,9.290016385463884,9.85763616859036,7.370271758049117,8.43504540149848,9.569725572602064,13.72144569160904,14.382459527401108,14.085875670499131,12.249007890126794
2020-03-01,58.89988362412086,36.67883537944518,53.19474617181578,49.821770930230734,44.90031601172949,42.37451848271009,60.936159878576646,42.6168779396337,28.26820202369584,34.28479320674851,29.763941282751187,26.93285007670383,34.80700086995046,32.01386287942739,30.31713310975922,31.424923084834,14.770363546779652,28.19669342888859,12.557415545493615,18.30644903616982,10.507977462982655,20.238778755527303,15.438130800294417,10.077072799830823,11.976165334445929,16.479181413081637,12.348246647293935,16.03382005846034,12.338134960171322,12.402464868802486,11.096848279363606,11.303625254818606,37.51493165205164,4.008880838188808,5.044281658152406,4.998322437320526,5.07336017916291,11.1041165173023,12.052814525796975,12.271161784622468,8.446819223031639,11.09868320600592,5.144787498170509,5.300000964503553,11.55611399033308,7.457954903375439,9.744384352662705,12.07639690446988,8.27214830543754,9.56206699437788,11.516923475565804,16.0190671460719,15.740984064065811,8.645231157136434,12.413612351077184,13.1137485589501,12.706286107625926,10.411171563247157,10.082081731536713,12.539382343386889,14.211357394600336,11.650977505930994,7.127346696368767,14.71539051527867,10.989532796539422,14.593462102158572,4.800630678335787,5.201819060573735,11.986245894110745,10.323969030411227,6.491416905717118,12.111476493662575,6.995637933112485,6.682837891549136,5.9276333366558,7.016373867754815,9.881090780748092,8.425572767777439,8.124438578655006,8.011132562197634,14.627170554564913,11.982600089639009,8.362049963846431,10.771211409021552,9.849207569543893,10.535385644977708,9.603947668378222,9.65737170937497,7.994883503618947,7.536449954214565,4.987609821958778,7.011927692727757,3.9339574390555128,3.824136320584206,5.7237702919372095,5.650148002349463,6.2402291007287705,6.338496951968116,6.46351807837876,10.887907020387486,6.965462583541751,8.505589876752936,5.185055418943276,5.6743670860981,6.273509297682074,7.429983307603765,7.622583030081648,7.70107206313079,10.990889429671643
2020-04-01,35.41812973569387,20.11282450384525,36.481557477287225,39.40290010138362,28.881800531362163,26.229585076608583,40.10417551784647,25.760071544312584,15.358507925318577,30.9369904637021,20.5535095161294,16.198630343346252,20.498456426300383,12.419421431829123,6.121111329681095,13.480185189030967,12.804346057890188,16.93639937792069,5.213113153999813,8.128907813821284,18.612371640035807,13.148036535063682,11.584588097833771,3.5922874895043853,6.886955299627241,6.463450691094945,9.701424756938952,11.044907983363723,16.516643155799407,18.00243052087544,15.9711222769938,16.26902734430292,32.024977333549565,6.665876809245368,8.604805740382393,8.430874480765558,8.851939249167936,9.616820330506178,9.739695007707256,12.210659060492649,13.34083317152329,12.773519839654494,17.090589330626504,17.86685639253318,10.968996014695138,11.913764192933597,11.684319669759049,11.46526361480193,12.245816558616829,20.906032017303986,18.47170088650041,13.759177859885485,14.40310507405242,13.239042543195692,20.391027243585107,18.796282938789155,19.33373338083585,14.772073043870993,4.330530181877732,5.118213637920868,8.66464561539996,10.81135617201636,4.212024026751017,4.466295097342195,5.229964296052897,4.584709425924357,7.699307109977515,4.838495326648253,10.439073533980066,9.674735028600368,6.768144020307139,13.337412873373845,17.291178445362085,17.99459190850361,20.95043678254795,10.722046295159185,15.077307793066945,23.779590971703037,19.63856878196054,7.21299642343166,14.328604001775362,14.22336154962502,15.703988851825097,14.323481359968229,12.391240709793957,13.595694752940618,10.413180007702168,10.632729644476818,10.701517993484591,11.16606625938605,14.840226014840455,11.649194679336269,12.061890661134708,11.69511602592344,10.84992740264161,10.590151883961482,9.897869301028386,9.47421571767162,9.242760187802643,9.202501437237416,9.377732011368533,10.836250729717896,8.8541252421767,8.466627480162932,8.369610635978967,8.451368950332618,8.695535493370617,9.05788479128801,13.251751775321774
2020-05-01,10.157269430015551,2.3631741887475384,13.98548062792032,19.173040029039885,9.41338782143815,12.605156746519048,39.79323017857918,16.980954859701168,25.59318790690284,22.99060087617481,14.902250686257624,8.762069162037859,17.353822686022504,25.40737397760268,2.8820488731860885,7.406063415134503,0.5850462235663232,6.758650163293526,0.9990501660587576,3.607001800026021,2.472000425606638,10.137482716473803,5.240585563837598,1.8670762397062728,3.014186181015431,5.469427799754525,5.303281917785276,9.12009747700905,6.206848429412577,4.682737088269882,3.1801353341517165,3.2504901572163525,14.818737277507587,0.0180494373450104,0.343796169507642,0.379307958163226,0.3285418890321563,2.418552628988363,4.0346860468126735,7.309694663599315,4.612843084547425,6.47471758746152,2.517656750428195,3.9651715211212974,6.115960437598375,0.8504392305753028,3.6791436329467495,6.078638145185303,3.6819694737811446,6.968923253574289,3.904189320506672,0.960785392493578,1.1171559121743495,3.957258091676916,7.600133193085415,7.331797042166995,5.102223139173394,3.4866624633216667,1.991650497975674,3.1702670370803867,2.749140396201289,10.202682314679048,0.7766457478015544,3.3043016335303066,0.413612137882093,3.06485561041044,0.0845580356256694,0.0297139444643162,0.171260322573633,0.0783531496754455,0.0822093849723311,0.0375141489624853,0.0127660387309623,0.0050768665796753,4.549301276406136e-05,0.0549287831828479,0.0,0.0248457906252019,0.0,0.0,0.0514256149618461,0.0285966834200749,2.493728409923231e-05,0.0162798667269582,0.0,0.0125477684063147,3.088933727429033,3.356760990572299,2.605332355733592,2.302257236329743,0.5106162968842691,1.941844246193099,0.4718487716321616,0.2970318002440084,1.1814481519515077,1.0905024879144056,0.7908944764447661,0.6949655604080064,0.6270788205754976,0.0,0.5399840416450965,0.0,0.1937189672223875,0.0668399502329107,0.0521254802938697,0.0357892995205539,0.0364953327133909,0.0308877396655902,0.0
2020-06-01,0.9972276445042024,0.0379356184613589,0.4857377788593731,0.013974968021541,0.3213231152561689,2.332170107063993,11.93071080159451,4.466462611747303,0.0,2.0930199651350083,0.9732214764162136,0.54414967545331,3.100214702225856,0.0,0.0,1.168911598839851,0.0,0.93202182540845,0.0,0.0,0.0,0.0,0.0,0.0,0.0,0.0,0.0,0.0,0.0,0.0,0.0,0.0,0.0044151916368762,0.0,0.0,0.0,0.0,0.0,0.0,0.0,0.0,0.0,0.0,0.0,0.0,0.0,0.0,0.0,0.0,0.0,0.0,0.0,0.0,0.0,0.0,0.0,0.0,0.0,0.0,0.0,0.0,0.0,0.0,0.0,0.0,0.0,0.0,0.0,0.0,0.0,0.0,0.0,0.0,0.0,0.0,0.0,0.0,0.0,0.0,0.0,0.0,0.0,0.0,0.0,0.0,0.0,0.0,0.0,0.0,0.0,0.0,0.0,0.0,0.0,0.0,0.0,0.0,0.0,0.0,0.0,0.0,0.0,0.0,0.0,0.0,0.0,0.0,0.0,0.0
2020-07-01,0.0,0.0,0.0,0.0,0.0,0.6865692089244855,4.697457373214189,1.4031006487427644,0.0,1.174704965275934,0.5462193957550493,0.3054033579498419,2.2270951186499617,0.0,0.0,0.8397087188963016,0.0,0.3150172053125137,0.0,0.0,0.0,0.0,0.0,0.0,0.0,0.0,0.0,0.0,0.0,0.0,0.0,0.0,0.0,0.0,0.0,0.0,0.0,0.0,0.0,0.0,0.0,0.0,0.0,0.0,0.0,0.0,0.0,0.0,0.0,0.0,0.0,0.0,0.0,0.0,0.0,0.0,0.0,0.0,0.0,0.0,0.0,0.0,0.0,0.0,0.0,0.0,0.0,0.0,0.0,0.0,0.0,0.0,0.0,0.0,0.0,0.0,0.0,0.0,0.0,0.0,0.0,0.0,0.0,0.0,0.0,0.0,0.0,0.0,0.0,0.0,0.0,0.0,0.0,0.0,0.0,0.0,0.0,0.0,0.0,0.0,0.0,0.0,0.0,0.0,0.0,0.0,0.0,0.0,0.0
2020-08-01,0.0001627545058372,1.0978469563611803e-05,0.0512236236476822,0.1729196891457674,0.033443123548972,0.0934448909677398,0.2588616747652236,0.1597800497283197,0.0,0.0992330926264921,0.0461418326265575,0.0257989202427176,0.6546719353585246,0.0,0.0,0.2468389102619516,0.0,0.0384623511041573,0.0,0.0,0.0,0.0,0.0,0.0,0.0,0.0,0.0,0.0,0.0,0.0,0.0,0.0,0.0225381579946735,0.0,0.0,0.0,0.0,0.0,0.0,0.0,0.0,0.0,0.0,0.0,0.0,0.0,0.0,0.0,0.0,0.0,0.0,0.0,0.0,0.0,0.0,0.0,0.0,0.0,0.0,0.0,0.0,0.0,0.0,0.0,0.0,0.0,0.0,0.0,0.0,0.0,0.0,0.0,0.0,0.0,0.0,0.0,0.0,0.0,0.0,0.0,0.0,0.0,0.0,0.0,0.0,0.0,0.0,0.0,0.0,0.0,0.0,0.0,0.0,0.0,0.0,0.0,0.0,0.0,0.0,0.0,0.0,0.0,0.0,0.0,0.0,0.0,0.0,0.0,0.0
2020-09-01,5.546897153974995,0.6182279545954228,3.911157294063225,3.416969432109635,2.6235247879553145,3.1145131155221115,8.64799698130997,3.918349450802499,0.0,2.279628713673602,1.0599919303382863,0.5927463874007723,1.9798155711015428,0.0,0.0,0.7464739080692683,0.0,1.2071899794296583,0.0,0.0,0.0,0.1178940807615323,0.0098698870310125,0.0,0.0,0.0,0.0,0.0,0.0,0.0,0.0,0.0,1.4958513754482994,0.0,0.0,0.0,0.0,0.0,0.0,0.0,0.0,0.0,0.0,0.0,0.0,0.0,0.0,0.0,0.0,0.0,0.0,0.0,0.0,0.0,0.0,0.0,0.0,0.0,0.0,0.0,0.0,0.0,0.0,0.0,0.0,0.0,0.0,0.0,0.1136583366293984,0.0301851404434902,0.00242875923464,0.0409862516283669,0.0122367324016884,0.005007103872447,0.0,0.0060197313094726,0.0,0.0,0.0,0.0,0.220649808945591,0.122698708216988,2.2768824612342544e-05,0.0698282602842357,0.0,0.0538203938003709,0.0,0.0,0.0,0.0,0.0,0.0,0.0,0.0,0.0,0.0,0.0,0.0,0.0,0.0,0.0,0.0,0.0,0.0,0.0,2.8218462132600928e-05,0.0058012818727338,0.0184984809978876,0.0
2020-10-01,37.01145123394055,24.3873162460668,44.59155901413152,47.850093655861166,36.194635522387685,34.57345507852131,60.43703778947072,35.45184108911721,18.7583755791945,35.22517342328706,24.581634828303468,19.16998609295108,25.579000467821277,14.848868885249193,6.88422079983514,13.681873326859415,21.87872065315816,21.313787916933627,7.671291479355889,7.0680067570255565,8.747778601849863,9.097242475944096,8.603971403308345,11.00537128380657,8.819592974329383,9.876563566290583,9.298940613194665,9.21940262503893,9.952241949920603,10.239848717134768,14.495968689072791,13.860082262245012,37.42491086945703,24.44216945778486,24.32879770679909,24.4411342318368,24.227206684462693,14.439601000491958,12.01662080856287,11.196825344464283,14.934366999567787,12.55087098003713,19.65142712210101,17.694419459291133,21.3446976377011,22.84268760548958,21.775953021711207,16.13601699919499,17.760774419578286,12.458444692573924,12.395883468275825,10.978179259470648,10.969289026940173,17.034664141296375,10.592780958162932,9.863829979185626,9.528203467362458,15.037038363863545,10.757006817163695,9.757188690203822,11.20911986453032,9.527650554041603,26.548885885568,23.61785263879621,24.99311499728364,23.82413353816161,27.428848249315347,24.207227773885887,27.145084607426973,27.902667568965335,25.81047994001449,25.85619503742388,18.84325218401936,13.415665899951629,13.82785298528929,22.89164604374256,4.868724617828681,10.972709541459396,5.989849834901976,5.304029451380211,18.71540260840279,13.632321020401378,7.315272409756116,10.68581043339025,4.961207164687827,9.4122464808388,14.111125965750368,14.038475592193226,16.35493555820709,17.879334380866435,22.883069615383697,18.91160576774673,25.016203367110663,25.749695157257207,21.920591465791404,22.15732616223638,23.564460667604862,23.414130691247763,23.04077732044172,14.866888312003953,21.808356668317455,14.89138139614681,27.4461458389424,25.773947584013367,25.620145247502517,24.9051887021984,24.25873119691313,22.916751154542425,9.53660941115903
2020-11-01,27.269980795142526,21.03965710249382,40.26500063655712,50.92495754350556,35.17302736138814,33.62697111030299,44.620076562247085,32.0456974876314,27.65230760782918,28.09003919475527,29.087144522531677,30.044598486939663,32.27201151510247,28.893502749065487,32.13836416678271,36.71218419591101,47.450135829174,37.422942384800834,33.88324722944173,33.93495013480622,4.936181492190037,25.76170308555411,19.56801144083123,18.98404766190894,9.112559966376038,12.33827545555722,8.869039756508068,9.734510214034067,7.681888619129248,7.933338096049371,5.748218177098135,5.99341570805812,42.67543195100764,4.726096020455925,4.780576308960563,4.709314245334809,4.685430120905187,2.058162963706832,3.2410754542518125,4.377687224642499,2.7915145477106984,3.930755657878624,2.5508701209830176,2.9768926882007083,9.930817848644672,6.9310784912687575,8.359836277388808,8.395981266429581,4.248648150128977,3.2966037596917515,6.016782005004493,8.423126097193897,8.236822151980009,4.394907106971772,4.238141547096429,5.090566017070811,6.333202676047417,5.253836240516216,16.216086264509524,13.964647781170472,2.592148655330172,5.436221309263695,11.203750570234426,10.780636971925691,14.14817160802268,11.310710780587804,4.919203834894524,11.063794365906508,14.34827335634425,13.428364653604952,9.499448712037616,14.808948637623113,12.925791318685429,10.274657194407071,8.855952611605762,10.300905034444234,7.971073847278251,11.005283702202137,9.132129487740084,2.143385495881797,15.938993564520237,11.94706105446531,7.604769276557147,9.4630233008845,5.16383983636983,8.254891161964439,2.7196560456705514,2.8549215251784217,1.7507067340484554,1.6183653179218072,0.8197378951857028,1.464829384359946,0.4886040677087293,0.6150023253713062,1.7158049501480792,1.936058977568132,2.163251164074619,2.534381084116477,2.762041697803816,4.695054478287358,3.229894221634903,9.622651620043458,5.861528855140601,5.561459718143946,5.462699070173524,6.899521554948951,7.804828255873852,8.540229200942678,12.443384118967344
2020-12-01,37.85120604327385,28.097429926844164,38.31232815840877,35.441250258588084,32.14347230680362,33.19495773730742,50.23206418941171,36.2944311670688,14.679617765386574,28.355424961510412,22.59608633501283,22.371421585664446,14.648759479617896,8.529242285337533,4.995812958101991,11.110974714586364,14.52822758526218,24.000477332154446,21.944293844559297,21.85355368852189,19.800788803997143,18.60473662438146,19.549797255791344,14.999586566981474,13.943496366337955,22.508055581007817,15.815439230451164,25.399572756124243,16.23806028944572,18.19621749528537,17.91254789858373,17.92698787975731,24.106163118855573,17.788111089831894,17.43157672154608,17.36053553349395,17.42682782430203,10.000385458515932,11.232628448813854,13.347557421582632,15.76799645022913,13.7931066243466,15.676349226221213,16.237547134003336,22.001369717267963,19.259002594506818,20.67911975468396,21.97879302693537,15.784266489519736,16.654603839986684,19.53094660235993,22.319582961676502,22.051964281872685,16.232645976945133,16.93500212382077,16.690246577073214,17.33585220620976,17.395496230558578,14.172119491696211,17.69946848387688,8.405635350239578,11.70628410942252,19.725162023609347,23.0306431740427,18.56181248295738,22.52525031894193,16.987318101786787,18.089656979514896,14.781927009783477,15.043630839702418,17.014845856645476,15.368031295153198,18.0488796475841,18.03404327252372,19.81991664544361,17.294427948622115,16.70698116867979,17.026586290890894,16.18335627112234,23.735955745363253,15.072131358522874,16.470043379916476,17.671672581650544,17.36737895443307,18.77848918490662,17.94919327220193,12.758736472785545,13.173197710405454,12.92576443200355,12.836427719412724,13.480526139950667,12.831004779917391,11.318224849376548,11.33543829977456,12.944516455841535,13.179574123169452,13.094550606284695,13.505813141518058,13.912662724002873,19.95524212189177,14.723577285122817,18.04424300839729,17.237408878286068,17.24992439004806,17.11322522681479,16.728193176151155,16.55944185621048,16.581227308805992,16.523046488796673
2021-01-01,5.051440199721437,2.008095787053948,13.088290581016828,14.213090415198703,9.254097106377268,9.545076963085432,24.600057490036647,10.546377539380934,11.640301317853863,8.802905729136986,9.047721661937722,7.481035006504684,17.093163763873925,13.425659341909247,11.150689932559162,15.49652679333444,11.325170519423017,9.447717821054605,17.015208835892523,18.14795475485567,9.834396950896153,20.91316036499536,16.14151756479651,13.399451438965936,13.64464900934876,15.06640845457195,12.643121716784648,17.502033716415625,10.502075380023149,10.762219176642358,13.124662873108608,12.841001833538492,5.5730621157943805,16.258844133525873,15.54108209913447,15.824206885177748,15.26873994084397,10.971208265545728,11.027437569945215,10.386400975220107,13.89392942696636,11.223369980197354,13.228559459731684,11.178706663557278,14.665086184645588,12.800102381422816,13.693658565718245,15.218041297691723,12.696184104201878,11.726133050357738,12.653686174200717,17.977035961416593,17.560058200731053,12.674134352274248,10.655362407820256,8.927750668283842,8.746846697680102,13.18843732854846,13.382581146562684,13.365933215543714,10.588616932132778,11.909129127804542,17.274727782543234,18.683038331644138,19.20466333576193,18.86909661599708,20.12325811973307,17.62332715998886,27.45635640994192,25.93401673471344,19.98301908257888,27.77720950630972,30.832091808948352,31.22190801713471,32.10252791162501,23.80139691738779,27.336698796116327,31.602731389251637,28.925354273627672,28.7554922559966,27.719533543679496,27.48080132297645,29.030995876121008,27.81885881467045,27.78510933482233,27.88204462338477,12.142565249350737,12.27782338524011,13.591351749693862,13.70990888154572,16.50948541856546,14.24804706475169,14.160075317674895,13.936815465650376,15.086965400442068,15.353937738836413,13.985151076491128,14.11832093301302,13.954255380904655,12.2856818163411,14.022707935953902,16.70933819858695,21.19569023084384,20.191521464096347,20.049699645993712,19.329845584213817,19.55518708442563,19.425293094276054,23.04317356275741
2021-02-01,25.09267374000899,19.49236546901834,33.61332904880377,41.06797288397498,28.749315433327265,27.85719943675279,45.26490515425864,28.455911305766676,12.63623740097668,22.14758528526232,16.3321492134199,15.533695204538388,19.969831528611117,11.841585157978184,7.827580562553098,11.36161178686804,7.727290371209971,17.051620199585408,8.462706742346274,9.502242470558103,9.219531461585156,9.667291097138794,9.8637100340223,9.346492305600217,10.559287909380298,11.727463431100814,10.23592517438378,13.6185762863198,7.89180144373321,7.884525143852491,7.183511555543405,7.325928567615686,33.998883990971464,6.679684210844068,7.122317179441757,7.057708412005274,7.11239589608312,11.53036515983419,10.900757336234005,9.069110405367704,10.914790821091133,9.269427127504324,8.177972522336393,5.80720704947738,7.32445395070966,7.382788802180863,7.196270582899007,6.59358493376163,7.959459718685072,6.152115001024157,5.662586034862126,5.785122513858205,5.769303915229131,7.621210560302884,6.847963862897672,7.120004256357721,6.906675656258893,7.15881754782543,9.88437306039419,9.67502903160701,11.013583979089514,9.410613971454405,8.654115278066293,7.614954662502316,10.159954762227237,7.992699122366371,7.430855447793679,8.744796527940437,18.79686428574178,17.335134555461813,10.45175819831018,20.529015767472536,23.133340658220003,22.459725818960926,21.538804720505844,14.57787455545638,23.43077070819877,22.355940677262943,23.03746868391663,22.813139378681274,23.03793995264988,22.756112086344224,22.695508459336786,22.86508419098668,23.439619566148718,22.98632762625048,12.304405343209652,12.371472333806205,13.26621330235398,11.53214508729157,7.846851730620709,10.69900764109218,6.389867939302175,5.675288190111937,8.316609613275546,8.061976702644573,7.118741722085399,7.053577699488753,7.338816783081087,12.554452901183298,8.332566850728922,16.810462769854816,7.012579846593844,7.041018047662753,7.8439027188810035,11.069022979749851,12.138425679411046,13.103190281315037,21.78467890563503
2021-03-01,22.499626076903755,12.09363525909881,27.99384797011292,28.127201398484814,21.69236917851452,20.463697232033624,37.578126070278266,20.482341933813384,9.854861427785725,16.790572187221684,11.103689265302718,9.322360755275414,17.291614426165125,9.614193450492047,7.47499694599566,12.1981464099242,16.727137002118983,15.115437668976492,15.54628585094344,16.00599004743454,10.546589464741237,18.35021749142137,13.15352681589617,10.450849120821598,5.872259515734654,12.80855164848629,7.137294075389213,14.689355708142624,2.498802112229147,2.853599002173717,5.442127041785861,5.260184258043532,21.454787892555373,18.63540707072096,15.671433250124336,16.036339866664264,15.33676989266919,2.57072131501733,2.0625602668212832,1.8729332416703044,3.240404224279,2.508427318836471,6.484192588033598,5.479480950342079,9.57918237631275,11.037817048553215,10.06846989712951,7.197442628014807,7.645849468685176,2.3049822956519974,3.914121206956949,4.425828756359471,4.2870699349820525,7.052761477058664,1.197927371155252,1.0847766045972815,1.032162585263766,5.82572441536102,9.137431652816383,9.879350405994485,1.9505876863729408,3.702385060576097,18.71285035476841,18.661404252036128,18.254657420013725,18.41496387956913,28.7432268271522,20.350785284159592,23.145448251291224,21.930502229153756,22.847669972261567,19.258429908446743,18.58502211985144,17.265828492109236,22.9639970258607,21.574118469678687,13.476270517290684,27.364131394143364,19.575040732013093,6.588411053144612,19.708414491362014,15.97865029993066,11.970054070747937,13.575781963459365,9.45905163814504,12.438038615186874,2.6181409331320604,2.609930558856094,3.5872255016660044,4.586281610362061,9.94642819234288,5.843513707646747,11.461473629876656,13.768138232924596,10.893275359705244,11.743767309222411,14.88116193294546,16.130981041308086,17.60104822964689,37.805112768340685,19.5161644213722,28.02331064076817,27.24440581390361,26.41802023700537,28.69342267172137,28.976334125537225,28.391672514117527,28.262554663901632,15.209142961496042
2021-04-01,37.22487616504589,19.69599939596031,40.52260085972049,39.50896504669642,31.878317101395663,28.01459914692725,40.21924459757292,26.21604777472694,14.45356384101783,25.577082074294427,19.800105565521083,15.058349655673188,16.235686316342793,14.331726709807093,8.197663907731163,9.15316904000796,16.72299467340642,17.232032421644192,24.653018234119635,29.560060510222836,25.988265328982944,38.81815999892538,27.013991431003102,25.90390371477482,26.442414573351368,36.02525039418719,23.20902916936545,33.72100329590376,19.726368915666363,21.62204123698833,12.390121031648524,13.94701376027019,32.624871904708776,4.453323499106435,5.993022886147035,6.028083543643457,5.977122209427614,15.092698972259823,12.923960796158518,14.022318182246558,10.164026353081866,13.013065414066144,7.91419123249065,7.15154028500966,11.995544000711574,7.863303669192054,10.173126808585945,12.73210078563137,9.675605787706669,11.21965869551647,11.261652441236471,14.460983402656156,14.230940764065435,9.920759136514738,13.383409070312316,14.33875532976801,16.779649313147715,11.274166775029547,25.449343874228585,29.498024510307268,14.79816552346646,14.06941081553649,8.581199939755102,10.559162355612342,5.517778612158152,9.953832601041208,6.372607969768474,3.8958702206663594,2.767508626369431,2.143221811416401,4.0418995011443934,1.0344789577601392,0.435184536890012,0.3837950603692664,0.7915591389208992,2.753170072282139,0.3279998600488322,1.5832526780153549,0.5496758946359817,0.5612357741289848,1.6661115319435928,1.227044413992708,0.4768317663397376,0.9297194565660518,0.3486100828248798,0.8108347927285947,13.87478607407061,13.549312880063171,13.710666196996694,11.961199186250798,7.723454283110741,11.169508681110589,9.485904153904428,8.984632658213135,9.928672621029088,9.704357734941386,8.010776562416323,7.415484225192214,6.771854366941702,0.4359818106830059,5.895426598174344,0.6358862184379249,9.27551130223587,8.365461023815294,7.948020307558384,5.960624079104165,5.399198149799441,4.742665813557958,1.7392840396323248
2021-05-01,30.46400364447934,11.627918535278678,33.15271695446525,41.23333951163698,25.35844105615127,23.53015614008742,40.80720603870408,23.16244184323129,6.54323493400751,15.19517559874118,8.509170245911996,6.737575780448196,14.83863124442552,5.8439737703298364,2.3017653132798093,6.705911936969218,31.740913239636598,14.04899442414815,6.7405994117748,5.821251286596183,0.0144148388975426,1.6032222843298496,2.4132188029180064,0.3480466679319299,0.0006377978048932,0.1314575254637631,0.0708722553074204,0.154999535451648,0.0047476173194141,0.0055537420961727,0.0050574384333615,0.0052325332682854,37.101468029091045,0.0,0.0,0.0,0.0,0.0838080642170369,0.0190016627073988,0.0064531905609244,0.0298341105246075,0.0120700763936558,0.000175014417295,0.0,4.994801131994017e-06,0.0,2.567536508621894e-06,0.000122802462912,0.0054426443687507,0.0029740790783981,0.0002647786536932,0.0023577760310064,0.0022036550768006,0.004737331859952,0.0001939669958292,1.7244091505975e-05,0.0001663749656669,0.0036987619120135,0.2564227596151466,0.146059706318714,0.0020080508571448,0.0032923128792823,0.0,4.012810845289592e-05,0.0,3.520391555759779e-05,0.0,0.0,0.0,0.0,0.0,0.0,0.0,0.0,0.0,0.0,0.0,0.0,0.0,0.0,0.0,0.0,0.0,0.0,0.0,0.0,0.1484579709550998,0.129691709610881,0.5023588857218663,0.6187219043469164,0.0433690330351762,0.5240919070537489,0.7174558614585756,0.4292467285995491,0.3661007272506207,0.3361288160611346,0.2437412899216475,0.2141760799963426,0.1932545888471663,0.0,0.1664135201638351,0.0,0.0,0.0,0.0,0.0,0.0,0.0,0.0
2021-06-01,0.0221794085502298,4.706329156354054e-05,0.3723044880310458,0.8094218469013974,0.2430683015497814,1.1279933064787704,6.755112374874197,2.078537032505993,0.0,3.98896305671847,1.8548052957434944,1.037062697587442,5.502449343289941,0.0,0.0,2.0746552988031595,0.0,0.6673635696824978,0.0,0.0,0.0,0.0,0.0,0.0,0.0,0.0,0.0,0.0,0.0,0.0,0.0,0.0,0.1133932795922776,0.0,0.0,0.0,0.0,0.0,0.0,0.0,0.0,0.0,0.0,0.0,0.0,0.0,0.0,0.0,0.0,0.0,0.0,0.0,0.0,0.0,0.0,0.0,0.0,0.0,0.0,0.0,0.0,0.0,0.0,0.0,0.0,0.0,0.0,0.0,0.0,0.0,0.0,0.0,0.0,0.0,0.0,0.0,0.0,0.0,0.0,0.0,0.0,0.0,0.0,0.0,0.0,0.0,0.0,0.0,0.0,0.0,0.0,0.0,0.0,0.0,0.0,0.0,0.0,0.0,0.0,0.0,0.0,0.0,0.0,0.0,0.0,0.0,0.0,0.0,0.0
2021-07-01,0.0,0.0,0.0,0.0,0.0,0.0,0.0,0.0,0.0,0.0,0.0,0.0,0.0007149006094023,0.0,0.0,0.0002695476586663,0.0,0.0,0.0,0.0,0.0,0.0,0.0,0.0,0.0,0.0,0.0,0.0,0.0,0.0,0.0,0.0,0.0,0.0,0.0,0.0,0.0,0.0,0.0,0.0,0.0,0.0,0.0,0.0,0.0,0.0,0.0,0.0,0.0,0.0,0.0,0.0,0.0,0.0,0.0,0.0,0.0,0.0,0.0,0.0,0.0,0.0,0.0,0.0,0.0,0.0,0.0,0.0,0.0,0.0,0.0,0.0,0.0,0.0,0.0,0.0,0.0,0.0,0.0,0.0,0.0,0.0,0.0,0.0,0.0,0.0,0.0,0.0,0.0,0.0,0.0,0.0,0.0,0.0,0.0,0.0,0.0,0.0,0.0,0.0,0.0,0.0,0.0,0.0,0.0,0.0,0.0,0.0,0.0
2021-08-01,0.1088226590245196,0.0,0.0723951910178755,0.0805333636903064,0.0472639979367146,1.9305180843476493,11.202779351986234,3.9012081453378498,0.0,4.151236485402728,1.9302598965012208,1.0792510456079771,4.039502197676174,0.0,0.0,1.5230625701544582,0.0,0.9474865637732252,0.0,0.0,0.0,0.0,0.0,0.0,0.0,0.0,0.0,0.0,0.0,0.0,0.0,0.0,0.0137147599744258,0.0,0.0,0.0,0.0,0.0,0.0,0.0,0.0,0.0,0.0,0.0,0.0,0.0,0.0,0.0,0.0,0.0,0.0,0.0,0.0,0.0,0.0,0.0,0.0,0.0,0.0,0.0,0.0,0.0,0.0,0.0,0.0,0.0,0.0,0.0,0.0,0.0,0.0,0.0,0.0,0.0,0.0,0.0,0.0,0.0,0.0,0.0,0.0,0.0,0.0,0.0,0.0,0.0,0.0,0.0,0.0,0.0,0.0,0.0,0.0,0.0,0.0,0.0,0.0,0.0,0.0,0.0,0.0,0.0,0.0,0.0,0.0,0.0,0.0,0.0,0.0
2021-09-01,0.0009619873936149,0.0091261934802088,0.0322932935704609,0.0675885909375009,0.0220943604047761,0.7547925235022124,4.690704890405122,1.5219202508323644,0.0,0.91957034889347,0.4275857982849921,0.2392191644846923,4.47589225548674,0.0,0.0,1.687600013263452,0.0,0.3193045223044157,0.0,0.0,0.0,0.0,0.0,0.0,0.0,0.0,0.0,0.0,0.0,0.0,0.0,0.0,0.0119523152046594,0.0,0.0,0.0,0.0,0.0,0.0,0.0,0.0,0.0,0.0,0.0,0.0,0.0,0.0,0.0,0.0,0.0,0.0,0.0,0.0,0.0,0.0,0.0,0.0,0.0,0.0,0.0,0.0,0.0,0.0,0.0,0.0,0.0,0.0,0.0,0.0,0.0,0.0,0.0,0.0,0.0,0.0,0.0,0.0,0.0,0.0,0.0,0.0,0.0,0.0,0.0,0.0,0.0,0.0,0.0,0.0,0.0,0.0,0.0,0.0,0.0,0.0,0.0,0.0,0.0,0.0,0.0,0.0,0.0,0.0,0.0,0.0,0.0,0.0,0.0,0.0
2021-10-01,26.13869294382376,13.399668456956006,26.874225266400863,26.3531110299844,21.11809446218049,18.03959020310855,33.682250998564434,16.755906312593947,1.038382048010047,10.126378746127044,4.830770364005127,2.904748727963557,8.220906099229829,0.6630578167364463,0.0457468985985532,3.926235680910469,2.8038125592169374,7.55266461567283,1.3335039238228072,1.299345369841033,0.1285088700927477,0.5636188903886932,1.3666619601929924,4.309695559549262,5.459590945045656,2.682023448271465,1.5406378983335882,2.46561929862923,0.1763624134515399,0.1704780765748704,0.1330526841728971,0.1328777483340251,19.53897074634585,0.0117885075201858,0.0192625699849916,0.0199319801606857,0.017931012416007,1.4262681826774848,0.7531283875499852,0.4414235003235639,0.3834541293995827,0.4052587314216767,0.0907505564784757,0.0140822066289009,0.0576656152739955,0.0084984627532633,0.0324587959403227,0.0783373423753505,0.1938200784593537,0.1502588561906215,0.0224970560374126,0.0567442658752865,0.0531975308980959,0.1741952358942967,0.1815921417185861,0.290045561682954,0.1211574086538885,0.1387296584256364,6.4715249127945365,2.801993911252047,1.2626826875379948,0.5207740490399738,0.1189663498740329,0.0259191754307711,0.0092351262690318,0.0233194422145062,0.0123266779818322,0.0193201817136651,0.0,1.0994069413239488e-05,0.0153631427949763,0.0,0.0,0.0,0.0,0.0094822647191996,0.0,0.0,0.0,0.0,1.7264142901097716e-05,9.600233260209155e-06,0.0,5.463034920957916e-06,0.0,4.210654677551762e-06,0.6506148562011551,0.6525750269101316,0.3286746956436115,0.3744429430162898,0.0095623332017738,0.3063745361864157,0.0235706014755401,0.0255916194413308,0.1792889581798059,0.1653470048824362,0.1200976784040498,0.1055831208713019,0.0957528569966138,0.3403007368071689,0.0935537465159298,0.0,0.0365685716914577,0.0303573891089103,0.0275616562244647,0.0153393148747625,0.0150855003487657,0.0134621164103237,0.0
2021-11-01,9.384326067468187,4.650848824039137,15.762428820552335,17.76774038881046,11.500002672921124,18.74741493735853,65.85565814803219,27.251673987484,16.152628187607306,22.15114050935297,15.83395879194476,11.535053504706386,35.18682710878112,18.703642369076498,16.219120648286896,27.58822740477593,10.650771774159171,12.755734028051627,13.613742403367109,23.318282846367005,42.967297241537366,37.59419024862845,25.27505317662063,10.598948823476594,13.662210476960167,17.630392409851034,18.00569665973539,27.49596159935853,35.55110854087408,39.47309183843027,25.6064747267136,27.17976536068541,10.246402502075412,10.36714366006977,12.355410143680984,12.147660082710049,12.55750941898778,12.097863906867092,17.988039931860822,23.771106707334024,19.942985312831468,22.58584532973355,16.917949846288852,18.338606955025494,27.23087714142448,17.878434334150356,22.988267253577057,31.809328199132267,18.662330558050684,23.023121526959685,27.0621170520302,40.53345328603226,39.41368682192281,19.78482654820165,26.00221052077261,28.98477575359149,30.817170049074846,24.004176829627465,10.863371618923086,13.12953264758899,12.286562737071293,27.69072985680292,16.254205463555774,25.774664627678455,12.03181557635396,24.092939194180083,8.866076199098773,9.969538383989915,7.598150994291747,7.193485545437382,9.003847171808477,6.777396316758188,5.637823301218876,5.161751577585941,5.206070951037502,7.708293634080448,4.333504541242155,5.860846285180489,4.934284072176405,2.55678935624396,6.794495279493304,5.53617021728236,4.178234432453727,4.824293914271156,3.694353252765667,4.52419435115504,16.51718107101173,17.090094077599648,15.561390851792352,15.302392984953146,12.405922264895173,14.509975135190851,9.629833521768033,8.217069283726723,11.745651715698992,11.49049061760826,9.010465348659972,8.542614657923023,8.022497464231385,1.5785750629493165,7.194605972559983,3.053905018045644,10.81187257117491,10.65006267677835,10.059701474646488,8.401881140816124,8.005548399824791,7.340139323062434,4.7760266734376815
2021-12-01,26.076388785755157,18.45983457373104,42.325061899514274,51.45640894889442,33.80459250362273,33.638973253971365,61.10930042121405,35.12013165867716,30.618848094148348,36.39371496704618,31.170558212385405,29.129834767755,38.381471046828025,30.763378972401863,26.74800349516708,30.317664083694027,22.239237113167032,27.93012616340798,23.89135866812242,25.0888094750913,27.83437781528158,26.30467439409624,27.839000149536812,27.356170734520305,31.929409461720777,31.711800222965664,31.023164652505464,32.26170320112048,33.49147319449831,33.37916963941934,41.30541882973024,40.122418051853145,35.74123983628854,35.07818666020996,40.17987201373151,39.661886369450016,40.57071356484089,34.451508598483905,36.77129261967325,37.15873938225901,42.599067256605366,38.575795745583534,45.786871680476686,46.16245348099434,53.299089823998834,47.98475335440693,50.79766805397008,49.52702092757647,41.31253217816584,45.47396563586589,45.42509096472704,42.44310835511822,42.54467478082725,42.109852576619744,43.63037919917435,41.32570724532936,39.37420247713935,41.96082957010344,28.46086934748196,29.693853080001507,32.79150231451053,33.45578692402098,49.69550475094309,54.03099514864911,45.66939600293115,53.163027344287215,27.39614360245392,35.15111493028769,22.981293854000263,23.615237088203965,29.947785423152776,26.695235149808678,28.01453130786996,24.403563802002257,27.0183714573094,28.552897449491795,18.18691187000316,30.471921350621585,22.30725502997809,6.542290910961383,25.540827205330128,21.88009295521852,18.226635063016243,19.379280258460632,14.126847750745696,17.811640610859552,37.852447509371295,38.17196331383354,40.57608936445745,39.2485008480829,42.24777623794454,39.35912800827133,36.34921216984148,34.04358785280172,36.05585143219518,35.195651890408115,30.303471493327194,28.77683486727713,27.468652357418403,17.52526645393617,26.160926315035013,18.79951156330856,26.958351214528665,23.67200878597712,22.86176036647024,20.866600985547045,20.858482018228724,20.73292015020829,19.133894807541207
2022-01-01,19.933999764286504,11.088135510811655,30.781839073171685,33.167308026457455,23.744315418702957,20.88698183760033,36.16019244913585,19.36849092630844,22.658960617008088,16.877805043882482,15.749536857951394,12.80954100490722,37.44209597717483,27.85510860986818,30.92414587017448,33.855788122168114,20.458405118264995,17.251376372541067,20.42872749862091,31.10386502844884,34.33043069998888,45.24777603984992,33.02045080322461,18.11363508017965,23.13873606548765,31.21346575852792,28.62712719044417,35.1711380917877,23.662935372414985,24.58775763632971,22.129436941992868,22.712706552627164,21.72778528455328,23.359109949363965,23.81878703047461,23.9486314565828,23.706905462211296,26.20068661826932,26.476102558045547,23.951625718702687,22.28405336378189,23.646889359096647,21.644726756826717,19.991371037061278,22.918399832083598,22.762649312534315,22.82318239072412,21.73641665074288,23.20899825995861,19.811033931851068,21.59708255550624,20.726809088163343,20.81438682346666,22.858162536603245,19.728775327769448,19.95185624780289,21.020630990379345,22.210688267937854,18.515623446916628,24.50146304005851,27.45696030294891,29.62251751285275,21.82137723876537,20.774145444268694,21.253908728743117,20.708785953734264,24.857915853550985,22.781544231689622,22.476071833811933,23.346093794394733,23.644005990796188,23.998356534114496,24.294763736043773,24.4119155578805,25.2215320372947,23.92258104323205,24.93590599609704,26.11206231911841,25.39975321036767,25.607547837788328,21.93376906191191,22.134717523856896,23.727743118817,22.669102085177364,24.37174061962225,23.07244202893476,26.136403219229155,25.74374734701254,25.64573638845741,24.99050032530385,24.72038249028231,24.85530787918332,20.79947474373333,18.86985644036688,22.693382901124668,22.387068322553937,18.025719100308056,17.081666925261985,16.015691275785873,4.110111694563071,14.43100507198707,6.247604716336561,24.514170810449684,21.35849010495424,21.08473952363352,18.152529510403163,17.70812489650489,16.446368622673603,16.992503024807377
2022-02-01,25.40498242233912,22.630665964577453,28.65715218239165,30.83633884648748,26.126005598482223,26.00205333834928,32.79949504515561,26.49606596847209,37.21531496831689,31.435870809726616,30.207919628825408,26.234001101183605,32.68872760522064,34.76114598698553,22.32224320805336,25.04042336551152,30.126674271601143,24.80575242812728,22.09594840001279,21.839304451625445,34.12413889873985,28.848427383307317,23.87574630088778,16.12930429604383,16.078469536567493,24.90863274910888,20.723198655988263,29.41526079221011,29.67935935594772,32.67158741882399,29.4999075657476,30.526332624999053,23.800804508086426,30.16408590653264,30.878049053736383,30.83382039961952,30.746726389363875,15.094838761504684,15.962923130904423,19.5318858223492,16.871869840009648,19.40115494670774,22.205714795510183,23.0319873581859,37.83521461841809,32.78743089727344,35.36836718050802,36.74020577539024,24.843509121796224,22.010261930467998,31.836277029111443,37.21489293066672,36.784440099014816,25.446463064641076,23.91055623287112,24.91719335827491,28.55029737346872,28.013421702676148,15.535992466915443,19.20141456783581,15.38577271179642,22.8878916754472,33.73041089768027,40.050212378915006,31.072761585126752,39.18785265113301,23.41928011217645,24.787881373160147,13.43158315193428,14.691999596412009,22.226109230235643,14.45419486844082,14.571813856735286,14.525331352787282,18.022137449885417,19.624386759848527,12.61510734409888,21.175391275172604,16.324490686355638,5.76600740564884,12.006879815138996,10.983845647932808,11.111173151871691,10.446716091011156,9.720657172964591,10.054277054399089,15.028457061432505,15.086562004538278,15.08030842206892,16.454723783266104,23.296872850972854,17.824539423030135,21.86283666570333,22.29796558113918,20.64936122495586,20.84123420933753,19.637366365704818,19.05378915475174,18.1375035817536,7.819743231908682,16.66883256114411,7.898238214967146,22.832642853533915,19.420574868411315,18.187147875097377,14.498297753142351,13.8483661757264,13.047336851949492,9.117536938587849
2022-03-01,21.73778212628781,16.13965870193228,30.93953649041729,34.46085463500326,25.711871177888785,24.811233173653303,37.03546014531133,24.96037548213382,32.18713955806575,21.902965580503235,23.346959405796667,21.023383298189025,31.486514425849357,34.874146036347675,30.662862061042624,28.866660247207975,17.70061443147108,21.15050125297666,19.28919121016365,21.01559901673694,13.841400509942776,24.536522895654947,18.090201364858704,12.649892706935104,9.982314762326366,19.13834221612985,12.914770284875985,20.894844197528208,12.421791305095509,13.73280560426502,12.631687278253237,12.822610936762562,24.109214725973327,14.297813616128614,15.36777220421961,15.384640356497885,15.250528548095776,9.015245218123676,7.601834127584612,8.708549420909613,6.756328019403191,8.30459456228091,6.81328708499916,7.132672970527518,19.345909839526943,16.79097560990659,18.135663172336205,20.379322538140016,11.161095034267989,8.807649317016237,14.979766238650958,16.95108791973275,16.650543730681115,11.507298904626309,10.694229342170532,11.851854896702314,13.013809605079938,12.440010396670647,11.356402703170897,14.633653445146262,8.578875047312083,10.777343729602746,21.169432139368624,25.90792587733673,29.048826631821857,26.07227810427417,13.8442013666825,21.606542696566702,25.06757669621344,24.657674768537007,18.287254042466373,23.837353082804672,10.60469596897187,9.062090980594007,9.760201944260778,16.25115773566954,7.889489778956199,8.150714357229981,8.542010146690364,10.229909416186745,24.79648606741415,16.651318299151384,6.7760069298451056,12.515641846242357,7.793658505708513,11.53031425995057,7.36202102637525,7.273495711415581,7.164597913322612,7.58454726004318,8.609331360294894,8.017826231963879,11.000915479416555,10.67369341891807,10.290423650569752,10.760014187193882,10.609811806836886,10.689512978304345,10.518981543324736,9.276793734059655,10.50338310468899,10.324419290793896,15.192260410120944,13.22832857340124,12.0551516730231,11.795819368555192,12.443598377652195,12.349452689965378,17.220670161109663
2022-04-01,21.183384161188076,10.558372678285052,24.165835916854345,25.92181441868085,18.707463685835087,20.14258761996216,38.8605993912662,22.65871645252358,19.56470727149661,33.72226127143937,25.956194529405664,20.444412701234253,24.308786368706457,19.63523116790577,21.15502632769511,22.20130668204353,40.25425359292685,20.54279264940962,23.24808508027344,26.75071848813137,65.4356606537043,33.97593937037802,50.35873307310573,48.4030390808772,105.92444163402212,54.125742092767496,72.06191710032179,73.35981266876763,74.3338412019753,81.09615898499395,50.46657328059095,53.73832936528054,19.18795842130149,20.10446571705173,22.07691329609228,22.21088820812404,21.765962786558077,82.23923278478043,69.5824107655102,65.00889777908313,54.33135251286027,60.997073705752015,32.26996505156646,27.862240175277176,53.76097559617504,27.813566322201268,41.31970264650323,58.6428232589845,41.13375662967051,54.96235029178186,46.38264010627289,64.9013696563086,63.43451908864911,42.57842241714559,68.01897425511753,73.54311374303245,76.98198986603451,48.81458825436772,64.52656124624542,60.39905539897325,81.41578656669157,65.37367270536883,35.52759995971924,48.14554663811754,26.658011828604,45.28428354498155,23.359016824047465,23.42641445489037,17.459603107242604,15.443269709796873,20.693014377874523,11.48188746164751,7.36152514293619,7.072751360646035,6.624329778853365,15.837426006119625,12.489237763936435,10.59111287347232,11.257239698712656,8.225222636435666,12.252722414251483,10.371108559788295,8.075487935479666,9.555520317639877,11.15171558657473,9.770777533067204,68.60859233226253,67.5681763588134,61.39895905895512,56.40187290189829,27.695030518909192,50.65532727107184,36.315589405633936,30.751880854418904,39.02585919848407,37.34476929579515,29.40538823441449,26.941141933956143,24.760440844618397,2.402853572443713,21.58951913769989,2.5849931707155016,26.898599473594388,23.19483115161238,22.52382682985069,17.373357706966942,16.25792465735773,14.399832620278492,8.09225484890809
2022-05-01,19.903693108425934,7.246532348253087,16.887838922106155,16.33982635130461,11.930347630736671,11.592900903024356,26.332630784926295,12.563843360688349,3.069858938403129,10.139034809685088,5.7409825858580215,3.5786109649016,9.685013291339756,2.663271175566789,0.9933761541813992,4.078051904059383,1.2747000500461332,5.055366933200286,2.1447593161030003,5.299238209989862,2.740107603286024,14.613004773273584,5.013810795137298,3.902414163651141,3.288631254510236,3.075416529235193,2.355418533531569,5.047296150949618,9.878095086611124,11.09522625989665,1.4097669445325949,2.073278059808562,10.37888273915178,0.0027690487839489,0.2044082767265882,0.2281958640641346,0.1896661085845526,0.3228398660107976,0.7944129085776901,3.876502324819217,5.837001869105246,4.100699411856163,1.824509736455702,0.0101218187767089,0.0347963959830098,0.0132501753729503,0.0258378510929243,0.0344212662224381,1.9982335295122768,1.777703617739263,0.0262778740747894,0.3089048078944272,0.2897361294826673,1.7726382297030665,3.078823916446757,5.619279738584341,5.884127303907353,1.491766076506611,3.757372181030293,2.619278152501776,0.6544181956938406,1.4726743728681335,7.738395134870263e-05,0.0691869171246861,0.0,0.0606968662206819,0.0259938109814708,0.0,0.0,0.0,0.0169676616091913,0.0,0.0,0.0,0.0,0.0104725876203382,0.0,0.0,0.0,0.0,0.0,0.0,0.0,0.0,0.0,0.0,0.3670824243196722,0.956390526533218,0.3364577747527811,1.2002368892420787,2.785304852322652,1.288666176061144,0.1384655132750773,0.0862288410057361,0.9049135897360054,0.8696603490660939,0.6357337719065563,0.5606302462192653,0.5058658638735001,0.0,0.4356063141376878,0.0,0.1137652065028477,0.2479295723510937,0.1677352477892171,0.0665010555560654,0.056535038925746,0.0478482982477841,0.0
2022-06-01,5.408787510090158,0.0321631969393088,13.510565681560568,11.477883771299178,8.824085825646499,9.471382168971536,26.869325490016102,11.127103255845087,0.0,6.879355358946159,3.1987924103693395,1.7885156600473393,6.081110606807072,0.0,0.0,2.29283498237116,0.0,3.667211785835728,0.0,0.0,0.0,0.0,0.0,0.0,0.0,0.0,0.0,0.0,0.0,0.0,0.0,0.0,4.8970617251920645,0.0,0.0,0.0,0.0,0.0,0.0,0.0,0.0,0.0,0.0,0.0,0.0,0.0,0.0,0.0,0.0,0.0,0.0,0.0,0.0,0.0,0.0,0.0,0.0,0.0,0.0,0.0,0.0,0.0,0.0,0.0,0.0,0.0,0.0,0.0,0.0,0.0,0.0,0.0,0.0,0.0,0.0,0.0,0.0,0.0,0.0,0.0,0.0,0.0,0.0,0.0,0.0,0.0,0.0,0.0,0.0,0.0,0.0,0.0,0.0,0.0,0.0,0.0,0.0,0.0,0.0,0.0,0.0,0.0,0.0,0.0,0.0,0.0,0.0,0.0,0.0
2022-07-01,0.0,0.0,0.0,0.0,0.0,0.0022757745974308,0.015704253045182,0.0046508651604834,0.0,0.0023277970344675,0.0010823891336056,0.0006051877296569,0.0007486443773234,0.0,0.0,0.000282270481277,0.0,0.0009302470197805,0.0,0.0,0.0,0.0,0.0,0.0,0.0,0.0,0.0,0.0,0.0,0.0,0.0,0.0,0.0,0.0,0.0,0.0,0.0,0.0,0.0,0.0,0.0,0.0,0.0,0.0,0.0,0.0,0.0,0.0,0.0,0.0,0.0,0.0,0.0,0.0,0.0,0.0,0.0,0.0,0.0,0.0,0.0,0.0,0.0,0.0,0.0,0.0,0.0,0.0,0.0,0.0,0.0,0.0,0.0,0.0,0.0,0.0,0.0,0.0,0.0,0.0,0.0,0.0,0.0,0.0,0.0,0.0,0.0,0.0,0.0,0.0,0.0,0.0,0.0,0.0,0.0,0.0,0.0,0.0,0.0,0.0,0.0,0.0,0.0,0.0,0.0,0.0,0.0,0.0,0.0
2022-08-01,0.0,0.0,0.0,0.0,0.0,0.0034464373229468,0.0237825502951905,0.0070432789306895,0.0,0.0028496708104367,0.0013250522592385,0.0007408660559756,0.0513616942317091,0.0,0.0,0.0193655233234026,0.0,0.0013596162508429,0.0,0.0,0.0,0.0,0.0,0.0,0.0,0.0,0.0,0.0,0.0,0.0,0.0,0.0,0.0,0.0,0.0,0.0,0.0,0.0,0.0,0.0,0.0,0.0,0.0,0.0,0.0,0.0,0.0,0.0,0.0,0.0,0.0,0.0,0.0,0.0,0.0,0.0,0.0,0.0,0.0,0.0,0.0,0.0,0.0,0.0,0.0,0.0,0.0,0.0,0.0,0.0,0.0,0.0,0.0,0.0,0.0,0.0,0.0,0.0,0.0,0.0,0.0,0.0,0.0,0.0,0.0,0.0,0.0,0.0,0.0,0.0,0.0,0.0,0.0,0.0,0.0,0.0,0.0,0.0,0.0,0.0,0.0,0.0,0.0,0.0,0.0,0.0,0.0,0.0,0.0
2022-09-01,0.1964574723046309,0.003468195812187,0.1377048434769872,0.0895435174614546,0.0902864551110763,0.3901343098208077,1.6898770100913767,0.7130964011541857,0.0,0.2692667850315859,0.1252048343749955,0.0700047950393438,0.5793262464865732,0.0,0.0,0.2184304101726613,0.0,0.1500287639623217,0.0,0.0,0.0,0.0,0.0,0.0,0.0,0.0,0.0,0.0,0.0,0.0,0.0,0.0,0.0118233777594729,0.0,0.0,0.0,0.0,0.0,0.0,0.0,0.0,0.0,0.0,0.0,0.0,0.0,0.0,0.0,0.0,0.0,0.0,0.0,0.0,0.0,0.0,0.0,0.0,0.0,0.0,0.0,0.0,0.0,0.0,0.0,0.0,0.0,0.0,0.0,0.0,0.0,0.0,0.0,0.0,0.0,0.0,0.0,0.0,0.0,0.0,0.0,0.0,0.0,0.0,0.0,0.0,0.0,0.0,0.0,0.0,0.0,0.0,0.0,0.0,0.0,0.0,0.0,0.0,0.0,0.0,0.0,0.0,0.0,0.0,0.0,0.0,0.0,0.0,0.0,0.0
2022-10-01,18.069786937475744,9.797016437558533,14.360043889374648,12.123769447514034,12.105655920871856,11.053262429000611,17.21595719864195,10.627335149865392,0.807617140064122,5.935005014901789,3.025194214068038,2.268764476030691,4.420426663606303,0.2670309922356567,0.33823211354615,2.430241695769458,11.739275372654298,6.990377819151026,16.72419862879597,12.074454332020531,0.5872576242097399,6.454506343695609,6.219774311793139,6.805787804875076,3.815688540715428,4.184697123204014,2.3556234309248576,3.056213774462276,1.4068941510945103,1.7278583796592737,1.4149590976611406,1.3991962988149382,10.94889247219248,0.0403868335372065,0.267102233538175,0.265669750933071,0.2660132421947598,0.4445056589398872,0.5293377284503694,0.8963862149032806,1.1984357968021178,0.8504719516701973,0.1547571470103519,0.2056339636353309,2.4081646600020754,0.7252654311265427,1.6190324983640274,2.863459079099901,0.6191625743094894,0.8411141567324237,2.0216351080857016,3.5395287317088564,3.397005909071802,0.7564936246014827,1.2945247764519168,1.6104230380549551,1.226346356548012,1.2507882838578337,6.267469387074935,4.878551661067634,0.2940426047361107,0.4212159807100689,0.6156493859618462,1.976439313336403,0.3799904393479618,1.8047460651596925,0.0272226436784512,0.0995062570146155,0.0012277887588488,0.0007947909692622,0.0834717426858828,0.000978565808315,0.0007399038402184,0.000661851036977,0.0269600993688428,0.0548788010920646,0.0001828637014598,0.0725158267457456,0.0033443768522431,0.0,9.377642921766104e-05,5.214712828153322e-05,6.827713585151496e-06,3.15460307806965e-05,7.1691467469440975e-06,2.543269260720088e-05,0.7034368938353506,0.8049591184611448,1.2234825472721431,0.8838893472444216,0.0135565003364015,0.7264535915212815,0.5863491922847881,0.4015131183744285,0.5031043282472581,0.4669504445415128,0.3523197620787095,0.3206583621047804,0.2894193843524712,0.0,0.2492220176558608,0.0,0.0804936468700896,0.0867018809162634,0.0746198991478393,0.0477712197821237,0.0407317752503931,0.0344732429193569,0.0
2022-11-01,23.840178481226747,19.199128692569115,28.825629840334013,27.46804278664436,24.82659470101452,22.740593619628367,28.12380620434052,21.691312563886974,18.348537379693852,22.531053627961217,20.0638515385976,18.597457598154413,19.80831904089108,17.81594711031272,19.653674317642007,22.67049582729548,16.134605002468493,20.43102795480815,16.599622494942697,22.09167875503696,10.620892252162912,24.011686527454373,16.931231540465298,9.94239600328786,12.484093365557555,13.66130932681838,11.14546894402265,13.804279562374385,15.593983807397157,16.17792392423076,14.897104753705207,15.06144466393994,20.78549946969247,6.712002838716924,8.290985760734516,8.172617537767646,8.432510887092365,12.754498817364432,13.506736881091966,14.360708502133043,14.205399856234514,14.20157573898727,13.390158412036945,14.029596588984075,14.082503315906973,10.667241464763654,12.62660017697574,17.2686900518989,12.212412544131931,14.743294996013985,18.413344348747245,19.304803476552625,19.19954811768036,12.86787373936434,15.471947742708233,16.399731768256327,17.665608426664466,14.436179546089992,10.723135062742632,11.311429728844404,11.104200563418416,13.079538479353486,8.145515684094182,11.082609612609698,7.3699859108307395,10.63400321920317,4.401532775037413,5.9783280745727785,5.819691791266322,5.700760106782585,5.67763366778069,6.077708446361281,6.701263336949084,7.22168663391673,8.952295723806559,6.275671181337421,7.280748681260146,8.552361429320118,7.842215196977525,5.245509830098661,5.583305526073032,5.632243885532087,6.488624242953937,5.781855217007351,6.781365788975667,5.950584451489378,14.49011697046261,14.556116335073972,14.383444917704823,13.780658833892751,10.917717248155768,13.057629466830226,10.486814587996577,8.84329315110389,10.521524592474773,10.14742095433554,8.750857782978006,8.141286846920083,7.613418866966864,2.251099496357829,6.961197350640852,3.671352696152472,4.99426480452319,5.474788271189467,5.0532758848489365,4.607097772914843,4.609656909161807,4.534241956865559,4.658143102914344
2022-12-01,16.434398016548784,13.18080837306964,21.614976133002514,25.19448000158645,18.83735924179719,16.773101100620924,19.47120112875747,15.089630985580431,9.196875598227336,11.843701169937402,10.493720164350105,10.61702591478857,17.574660650670413,10.1881401738847,15.950944255333203,18.09417396608917,16.37835345756759,15.286054619987558,16.17732097096272,21.37529342150409,21.91430991984496,23.672345676719544,22.208529847298216,20.314996571123924,24.47770501635626,20.95482037506458,22.556203701718047,24.19266192602216,19.951946425931645,20.810370624716988,25.10678443267754,24.658729552504106,19.58504921736281,25.37677873886808,26.589594260810184,26.64004044061088,26.60906021968461,26.951972133480503,24.689553347458187,22.51758517622881,25.63144516075112,23.68366830709328,30.26984414996796,29.096801097625733,25.38291769062497,25.97937610797655,25.670860097591625,25.904438822194603,25.66342192736539,26.601498324192917,25.698176132749275,25.86990150656883,25.82035616650178,25.74364640336534,25.32794401810778,23.44061472157159,22.49031566142125,25.51306987723029,21.3403652494813,21.374528261801068,26.88682393229106,21.76462123436861,25.861239239605904,30.333728442748804,26.12747116519693,30.071213052203657,24.22455686947924,24.830830396741085,18.64554615834194,19.382876684226748,23.27739988956653,19.858870241604286,20.312942614147275,21.06066018166662,22.59311800987776,22.428433750210896,20.470625337648272,24.61906977408241,21.40473006039847,11.667047468336234,19.75484569252074,19.96166478131594,20.62937904595196,19.55531150253163,18.52623515870941,18.97858072316412,25.45759118707717,25.333133630733407,25.552840741778184,26.70465217536572,32.85795618676521,27.791137492052314,29.999026640896957,29.631569365200104,27.8429695680948,27.388073114167465,26.22200542149462,25.524717039805147,25.189399251922158,22.070028605728872,24.457072326980413,18.366212428948312,22.910091567040556,20.028488148350824,19.630058109917638,18.59204770256512,18.56594260018064,18.59247443229717,20.302218827507573
2023-01-01,6.0169454015978525,4.251443309046804,7.778664575022013,8.781666390616442,6.39162876015617,6.274234577869658,9.253620426589093,6.442605596792226,6.979477265370438,7.193917173820852,6.183995501901136,5.192874206602696,8.159534875057782,7.048048335393092,5.1191809016504575,6.427488298284918,5.303031387286169,5.506915355845533,5.680927436606151,6.791612058763842,5.153056181865887,6.469664337768519,5.889096623032225,5.331347119657783,5.355113227548484,6.770685599552556,4.966675157781388,7.141782679221228,3.9699433417126166,4.374833383356973,6.760619479299957,6.503768086998811,6.540629871533275,10.7559309808275,9.407469348232553,9.472671370403896,9.255391513214356,4.128424085457583,3.8446620232731727,3.872351495649674,4.885573017048692,4.236879177706009,6.212385423476078,5.929850965847068,10.519070026331203,9.32337670909433,9.842313537987804,9.580161746467486,6.477467891964933,5.5766995867451,7.990561864795454,8.118642571259308,8.073660803196592,6.608395272446392,5.57069126694184,5.234524907365172,5.03396693891207,6.80604416412837,5.510454641494471,5.762337202774852,3.7843921184786335,3.707256609725616,13.024400964537636,13.581283483878616,15.002980829871962,13.892090285244032,11.420422915812669,12.327223687374277,16.428231105849328,16.198787324644748,12.867414933107884,20.603265208722306,27.28849273335732,29.947578764807776,31.299476920180386,18.180222724128576,22.858859213771268,27.41077727122609,26.07796258322606,17.056040609787026,22.56619833435836,25.076911361414872,28.638226478317154,25.50927686595617,21.46442361911586,24.34105701817578,4.086603138941405,4.102493851542588,4.409642651498845,4.693442611947424,6.625347876175735,5.017000961538986,5.641394504784356,5.622122959379878,5.7389632455130135,5.932962235169582,5.9018604293321815,6.353948180037718,7.025678214521892,18.889117341442315,9.17997183571517,21.65192547151206,10.51804382689489,10.346464170797429,10.610756539665273,11.501368132882366,12.099575384727444,13.22304473178757,28.76104457680143
2023-02-01,18.48309987120921,15.568669420942246,22.132257843249118,23.08549087374628,19.755207717884325,18.391142200268035,25.498076575913064,17.765467642930098,11.694363831091811,17.03957056710565,12.948040249020144,10.994903726991916,13.916914396044923,10.999829510516722,6.455891435360946,8.859560393319686,7.090534462280544,11.86054873294492,3.5965630626264944,5.557289880838388,5.205749273025506,7.191554773480999,5.617292251879074,3.767056732300823,3.8984328929535055,4.973682127917315,4.819912867620888,6.348110393579709,5.736873268024855,5.693735886160319,9.037916894537595,8.5175572037531,17.83445294521599,15.398049484348718,14.269021309579404,14.392807129211516,14.15332371810998,7.1240697676002265,5.849435595035503,5.561463126883949,5.504880348243395,5.776515023686082,8.099788716453528,8.854986958844226,13.126254100275233,12.88925663135953,12.990030355389958,13.162510982252732,9.52614850724747,6.622172390634263,11.325207029703323,11.268547270577502,11.162570052478436,9.555916329145935,6.335354746130169,6.151468081456825,5.940015714616173,9.413657529051264,3.922658602633823,4.062591904951434,6.750690030786812,5.125762449836298,14.691677922960729,13.736482008907366,14.3431456845815,13.798286699782288,17.488204575797813,15.385959867686816,20.40952590774297,19.333182617120364,16.969031264630832,17.617557666690836,16.00776069836621,14.437586276427677,16.181695398810998,16.503000418032407,8.115466234548126,16.487638934258925,11.805679271483871,4.482286594124276,16.74237253785853,13.324085324775666,9.654642320777151,11.184447114334583,6.532058642698955,10.019509876348309,6.143973747804644,6.030504080892795,6.26090587191178,6.938939244636544,9.670471736807109,7.594048675622636,11.090374326069472,11.655783432176076,10.18482324395796,10.646191330128088,12.138169847343171,12.730558749274964,13.24771881603954,17.652993119834797,13.779799382837115,17.05427045793954,16.5443555918793,16.079946683055756,16.46533010093154,17.31925999913428,17.52836844623435,17.5062981166559,11.741483760936124
2023-03-01,14.736262399999504,10.03227962499498,15.260127943844113,13.990885081035724,13.274377179604109,11.995673266164442,14.422003859359885,11.134895218595316,4.928717156326668,8.67140737932235,7.26450512544312,7.826796075360965,7.586002320652464,4.74532126025765,5.018240080088743,6.134858032377254,14.622608002646862,9.866937492865862,11.178333168401434,5.882108713894364,6.249137609063222,2.638343840322173,8.112307841979284,15.397856015828074,15.624934282633207,7.944197620149066,13.359418633792409,7.867395651321095,14.848109800182357,14.478258583873735,24.52212103246566,22.84353367212554,13.096945702325996,24.348930450908345,26.561275164245338,26.60284312676808,26.63833635376416,27.39374064809209,25.58136516967547,22.3928985252089,28.543503718836195,23.90472874892756,31.34342164906624,30.98373723817382,27.112858691307206,25.792793059343264,26.56324422073297,27.14287962742333,26.05959069994154,30.51661579790644,27.064514622561276,22.90899837268669,23.17419099894564,26.46506401351315,27.360708095067864,23.73269798210931,20.32907421695898,25.421719035109795,15.666433263044954,11.869219591898778,24.726070542318915,14.945695884184088,22.590342025537204,25.529151377488915,19.91123813833882,24.926425402544822,25.4572296838376,16.89099524760951,14.319820026023413,14.60381062425992,18.64909339415364,13.374184237743584,10.95525706257567,9.642087064330983,10.178378509241462,15.740288252841816,9.323594061577092,11.310078024800282,8.920314157669402,10.768534318569186,12.380373814126289,11.193369903093362,9.103379417585234,10.388681229873988,9.401526294766544,10.207235486987154,28.36979549300378,28.30822560210385,29.21527706692586,28.900430943896723,29.39840581152176,28.850792139104552,27.90393465237128,27.150840145868514,28.1065268333178,27.838782753927173,27.200810171759,26.15081754136811,25.02328359758121,11.905883036284065,23.11000176139729,11.258484540799422,27.07827265309966,22.19959694870029,21.4358647793974,17.581212823786387,16.797262180188856,16.027024312217904,11.80091958095538
2023-04-01,12.446190748317555,6.256382377808861,14.225316300264202,14.004848824203856,11.648828525004156,11.33154137109646,21.51486811676202,11.588522722624504,6.539044402455807,10.91375926883029,7.297995198063939,5.375433070307377,7.796363106853306,6.243212619983358,5.4345535806284975,6.761212945854482,7.938958839313907,7.97337821509833,25.2513747651776,17.80279987179632,20.171766079651626,14.111103833657,17.94869725304043,30.219415892900454,17.721852494301096,20.84329060112177,19.294514434848058,20.09643351569226,24.949970285904183,26.87977551164628,21.69125973100215,22.02423633998943,10.351765985789555,18.021573904549022,17.357129791344253,17.493645338356806,17.32182132370487,14.803896998282172,17.227211705611055,19.874807475403603,19.885419292114943,19.711831944532285,19.362226109243288,20.79971215402573,20.528254479283536,16.792925109443175,18.86887757527554,24.091434765106403,18.91878137978509,23.446701114705142,24.477990625639244,26.504727977963984,26.33082038613743,19.679155648737712,24.739153556186533,25.04486290812641,26.913646666667084,21.402836053540693,26.891383390604982,22.96938465239565,14.969012765999372,17.02031673280556,19.59329597663944,24.327814435507964,19.801981708204096,23.6978336545349,18.32228475790733,19.95051260671293,16.600442102674798,17.96435635776714,18.97776045599837,19.682381015645227,19.61749057261435,16.803704155723988,17.939855436761366,18.687566581269355,6.187828656630007,14.027860391281362,9.46094358515026,2.5683189028674933,16.43204663773208,13.712793003537003,10.70278940683312,11.62527999903819,5.428898977740698,10.090585878157055,17.677601152395507,17.993152437715082,18.182788949143504,17.272045073459573,15.243332649476136,16.73977753563493,13.72060142535447,13.016146255852394,15.761399416494932,15.830335486877033,15.194493716701974,14.957066708230132,14.513793064399122,8.425037379760195,13.51660141527876,7.14699516830083,17.597958051313135,15.560498869479169,15.282360854875757,13.21293895374109,12.739831529349264,11.909872671640176,10.48353211694213
2023-05-01,0.2805975044436127,0.0021231458218868,0.6449690455817476,1.5722387994122142,0.4213104244188273,0.8101015174233621,3.771183748688872,1.2626584495144886,0.0,0.9432715216521944,0.4386064721100273,0.2452345896020779,1.586403791990185,0.0,0.0,0.5981410873154921,0.0,0.3394800468381352,0.0,0.0001173765253313,0.0,0.0281043313117685,0.0179898054750353,0.0,0.0,0.0,0.0,0.0,0.0,0.0,4.52971832979386e-08,2.227463429563421e-06,0.3940634570600022,0.0,0.0,0.0,0.0,0.0,0.0,0.0,0.0,0.0,0.0,0.0,0.0,0.0,0.0,0.0,0.0,0.0,0.0,0.0,0.0,0.0,0.0,0.0,0.0,0.0,0.0,0.0,0.0,0.0,0.0,0.0,0.0,0.0,0.0,0.0,0.0,0.0,0.0,0.0,0.0,0.0,0.0,0.0,0.0,0.0,0.0,0.0,0.0,0.0,0.0,0.0,0.0,0.0,0.0,0.0,0.0,0.0,0.0,0.0,0.0,0.0,0.0,0.0,0.0,0.0,0.0,0.0,0.0,0.0,0.0,0.0,0.0,0.0,0.0,0.0,0.0
2023-06-01,0.4880638258203641,0.000485897677183,0.2661337012645992,0.0035604680213842,0.1738021636825182,2.4630445437712085,13.792295592383072,4.871495418014756,0.0,4.007513918880554,1.8634311558704493,1.0418856172701685,7.812528059817145,0.0,0.0,2.945652331377386,0.0,1.115074041540407,0.0,0.0,0.0,0.0,0.0,0.0,0.0,0.0,0.0,0.0,0.0,0.0,0.0,0.0,0.0004463717035408,0.0,0.0,0.0,0.0,0.0,0.0,0.0,0.0,0.0,0.0,0.0,0.0,0.0,0.0,0.0,0.0,0.0,0.0,0.0,0.0,0.0,0.0,0.0,0.0,0.0,0.0,0.0,0.0,0.0,0.0,0.0,0.0,0.0,0.0,0.0,0.0,0.0,0.0,0.0,0.0,0.0,0.0,0.0,0.0,0.0,0.0,0.0,0.0,0.0,0.0,0.0,0.0,0.0,0.0,0.0,0.0,0.0,0.0,0.0,0.0,0.0,0.0,0.0,0.0,0.0,0.0,0.0,0.0,0.0,0.0,0.0,0.0,0.0,0.0,0.0,0.0
2023-07-01,0.0,0.0,0.0,0.0,0.0,0.0042061365216686,0.0290249448928,0.0085958309891275,0.0,0.0043984644194593,0.0020452170106243,0.0011435261135635,0.011762372604702,0.0,0.0,0.0044349101878785,0.0,0.0017263007724481,0.0,0.0,0.0,0.0,0.0,0.0,0.0,0.0,0.0,0.0,0.0,0.0,0.0,0.0,0.0,0.0,0.0,0.0,0.0,0.0,0.0,0.0,0.0,0.0,0.0,0.0,0.0,0.0,0.0,0.0,0.0,0.0,0.0,0.0,0.0,0.0,0.0,0.0,0.0,0.0,0.0,0.0,0.0,0.0,0.0,0.0,0.0,0.0,0.0,0.0,0.0,0.0,0.0,0.0,0.0,0.0,0.0,0.0,0.0,0.0,0.0,0.0,0.0,0.0,0.0,0.0,0.0,0.0,0.0,0.0,0.0,0.0,0.0,0.0,0.0,0.0,0.0,0.0,0.0,0.0,0.0,0.0,0.0,0.0,0.0,0.0,0.0,0.0,0.0,0.0,0.0
2023-08-01,0.0,0.0,0.0,0.0,0.0,0.0488664907495521,0.3372090263365049,0.0998655401104952,0.0,0.1823456403570556,0.0847878645605309,0.0474067723545184,0.2788709361065714,0.0,0.0,0.1051460957075837,0.0,0.0296052183826393,0.0,0.0,0.0,0.0,0.0,0.0,0.0,0.0,0.0,0.0,0.0,0.0,0.0,0.0,0.0,0.0,0.0,0.0,0.0,0.0,0.0,0.0,0.0,0.0,0.0,0.0,0.0,0.0,0.0,0.0,0.0,0.0,0.0,0.0,0.0,0.0,0.0,0.0,0.0,0.0,0.0,0.0,0.0,0.0,0.0,0.0,0.0,0.0,0.0,0.0,0.0,0.0,0.0,0.0,0.0,0.0,0.0,0.0,0.0,0.0,0.0,0.0,0.0,0.0,0.0,0.0,0.0,0.0,0.0,0.0,0.0,0.0,0.0,0.0,0.0,0.0,0.0,0.0,0.0,0.0,0.0,0.0,0.0,0.0,0.0,0.0,0.0,0.0,0.0,0.0,0.0
2023-09-01,1.8224221821448907,0.1758526411872639,1.2164050071565924,1.040363288037507,0.8136306098508298,1.4014901253680674,4.536818333302183,2.105381845911511,0.0,0.8961920031906582,0.416715233980749,0.2329947078233221,1.3731008379616243,0.0,0.0,0.5177168841621508,0.0,0.5337790903399532,0.0,0.0,0.0,0.0,0.0,0.0,0.0,0.0,0.0,0.0,0.0,0.0,0.0,0.0,0.199939827804997,0.0,0.0,0.0,0.0,0.0,0.0,0.0,0.0,0.0,0.0,0.0,0.0,0.0,0.0,0.0,0.0,0.0,0.0,0.0,0.0,0.0,0.0,0.0,0.0,0.0,0.0,0.0,0.0,0.0,0.0,0.0,0.0,0.0,0.0,0.0,0.0,0.0,0.0,0.0,0.0,0.0,0.0,0.0,0.0,0.0,0.0,0.0,0.0,0.0,0.0,0.0,0.0,0.0,0.0,0.0,0.0,0.0,0.0,0.0,0.0,0.0,0.0,0.0,0.0,0.0,0.0,0.0,0.0,0.0,0.0,0.0,0.0,0.0,0.0,0.0,0.0
2023-10-01,13.192429078602698,8.066348247040123,11.142835878215651,10.650124913308044,9.91756778818798,10.536615005733085,14.21972318395849,11.488305119229766,4.520979596495154,8.648845619733724,7.007926471827174,7.335247425218359,4.396252512605047,3.584734926884827,2.870668748097962,3.404922434787407,8.52493682630633,8.161691894986882,6.2407355884685165,4.360087860363833,8.208816525385629,2.8570853638776765,5.895926004544881,6.362672270182485,9.470889379307916,6.1863278143652405,8.689082542901096,5.886034217783524,15.347820043284177,15.663108568254962,9.382985922097738,10.092451709348984,7.565646953048628,1.3392216821616398,2.703951423882323,2.632062276423801,2.8212241007509298,13.286006362089354,13.785931370666932,14.469311637307976,10.52060900290974,13.177665396498094,6.862529281319106,7.102604945908451,4.263313535108076,4.0162987702634405,4.267930270534189,5.199610776976401,8.27087276565003,11.755001479189046,7.184413952448601,6.807565359715116,6.866945152628708,8.301127299300527,17.563217956698345,17.4773892215807,17.84563836349416,8.875721989145488,7.152596706038884,6.782248997165867,13.338820832889391,11.64266422792681,3.090593997268567,2.534103085753386,2.801890824774332,2.610752673909155,0.4534287339764538,1.5665417030935316,0.4121555089723253,0.4662200544912057,1.032012249185588,0.6897648364073399,0.8813324144633111,0.9378579745563034,1.3973828961817722,1.023079709549248,1.0210694089457433,1.8217519295223807,1.2182319487535245,0.2744395385746505,0.6466086771110655,0.8215295360819089,0.9923423139806988,0.892979156449982,0.8603685904802968,0.8657780235837174,13.98440082795643,14.047250036450585,12.296049241535838,10.294985948471684,5.128281143497096,9.261049740685657,4.347269353597832,3.92093866566886,6.657878555687075,6.347487750011163,5.261547606334212,4.78929435373198,4.364793824906707,0.2740324716289369,3.8037900685470296,0.3667299745919053,0.6868602958381265,1.0665651096874684,0.8408173304207254,0.593042824397575,0.5565987689437824,0.5312699531928043,0.9221896543004204
2023-11-01,4.804595193562246,1.9775847875116404,9.805974519457974,12.931761421519022,7.117179205320086,6.826746116778409,12.91971087935158,7.013207308481567,2.01258284813496,6.55085617755894,4.435752247462643,4.2039089011369954,4.22332849992305,1.773279947076532,1.6512576756694912,3.3253188091897874,8.929323432917935,5.057535316770695,8.528746536613824,6.920578761828736,8.101263820897616,9.724983608630575,7.0287186850228895,7.03847238325091,3.331671062055116,9.138520429213749,5.171519402554436,9.8028802351728,5.027892969325018,5.7289252016437135,2.743270952281055,3.266906013965377,8.965822103850162,0.879423939014335,1.017423365725603,0.9896706204272366,1.0446819181424032,1.6317453983647572,1.4884379883894043,2.082409939940439,0.8566968207566226,1.8068834620232463,0.9042441648842722,1.30164475326667,1.9392652226714957,1.4033770261959737,1.6982947042293577,2.5826661182046746,1.470334114262605,1.5709933105568124,2.6697882850488748,4.212337331303853,4.112915616945327,1.5717042059197153,2.252416682113653,2.918098407119825,3.988621326104976,2.2856548653871767,5.743244234152947,6.855012138709349,1.6648009859437698,3.168043937959851,0.761542969322852,1.7888164599358176,0.6499573891124889,1.650560740589175,0.6429173128144428,0.5400717704624385,0.7234388840963191,0.6247133305614094,0.6008819860253972,0.4966671150399917,0.3553841543212611,0.3640826514324756,0.2916132670498227,0.5131613287400153,1.314698425566389,0.5190300871825727,0.7320433991194094,3.066498866826911,0.61736766850538,0.6550553389107715,0.6578450153684394,0.811143268071948,1.728306231520408,1.08353435845015,1.308874107052744,1.2812456170959723,1.0025841882787976,0.8662285083010305,0.5851884340868908,0.80749249103392,0.4017497828163989,0.4299935963658626,0.7396533750190286,0.7582714303827492,0.7344760067215018,0.7576451264688766,0.7665821515553985,0.9721945623403836,0.8017533597599911,0.9452949254899566,0.7419436600855157,0.8145630306238131,0.7627719192188499,0.7468885826034397,0.7488828335851786,0.7589412642770342,0.7397723901253611
2023-12-01,13.484871450868782,9.438783086791569,11.712569218679228,9.830017529831196,9.94349249844024,10.99329114624558,20.551164827669627,12.758641482928958,9.701191269272556,12.855041289727014,11.255639634512256,9.027638044666396,7.210238062415714,7.832566746512575,5.298934471511753,4.984415812528397,3.296023799033829,7.290730852719317,4.023581090371834,3.955643980975484,5.264619043115888,5.359805027435482,5.796159210390441,6.5907374617312335,7.029378000091343,5.634044149393234,6.81502207007448,7.840729001511844,7.867317144466072,8.447980098017053,10.913248389426345,10.584529634579132,6.321172252344204,5.865206135210091,7.881822327675882,7.908477419996834,8.064229778481705,6.97455307839826,7.063125518914236,7.593778511310537,11.244910158722774,8.824867623256514,15.650820574823536,15.678022303000386,9.794146275398296,8.265214354510535,9.36759188361876,12.689413793693518,9.835104368176196,12.402161400881072,14.485465529264664,11.199997486400546,11.362877774547666,10.371240578289855,11.234794784787344,9.973514938576727,10.281031034290928,10.737235562372708,6.696744627601037,5.999324234312859,5.840548282586028,5.4882061476487705,6.74237968196488,8.385778763051896,6.8823847598570165,8.215819076285012,7.386071082104853,5.103645784665007,2.490195060078761,2.5335749100306124,4.74020778081326,2.206234868426448,1.5101836826297907,1.2268821704437205,1.343465306401458,3.5240957836967115,1.285484509805573,2.3496850370881286,1.5664949120972569,0.7232680510191123,1.8527028873645135,1.4820828826043249,0.9438299570724208,1.201309103563729,0.8890051533875061,1.110297999271942,8.518712508304336,8.67924682007455,10.541007952682142,12.155864178312994,16.180874926117486,12.772260886232791,16.919293967581186,15.050129806667352,12.407325893855862,12.118738867239411,12.09825087953404,11.562678188476175,11.260951975763405,10.730982700757702,10.81560160506108,5.868793989929478,8.600581330729124,8.159029800051918,7.724252589144141,6.418098590942445,6.011256992693049,5.798274289810576,0.9527575067196906
2024-01-01,15.125285853425916,13.266511537145576,19.231701822173907,21.071106327088756,17.110709250915374,15.420657386459292,18.636692302827687,14.457183807367384,9.781850302016537,14.920846542658593,11.752352113574153,10.035757252566397,10.633826770070897,8.696627471978243,6.549965553632585,9.084412616357843,7.037145200874356,11.175743076227691,6.721563594247149,11.0623206184457,11.985881987496157,14.755240755411055,10.806998533401682,5.636080565669393,7.470410030884857,8.527622455978616,8.382610317675258,10.86510417590488,7.9401117484632175,8.351338751780592,6.789339673900618,7.146091762082111,16.92080283313162,5.580139012754773,5.067977195677331,5.085074780495514,5.023942050358558,5.529477564443785,4.916138369032054,5.187137626959783,3.183218372278105,4.751707602452968,3.4381900223119555,4.196317886312585,7.910623345079578,5.874891922478508,6.956631970151724,8.200128970957785,4.872175686239959,4.924735139346354,7.62463765660461,10.506477184083844,10.312873616657958,5.143768672266416,5.429657098379275,5.989458207568427,7.465590681214289,6.36663066502751,5.841390543542071,7.097855713456614,6.051115347695286,8.412522329842592,6.592557177690479,8.486204091579397,5.548311825103214,8.120030604632365,6.297997542067946,5.565534690587694,9.341737720857614,8.219087906212854,6.329407767275965,7.615042093511144,7.045751706901394,8.1455322751006,7.020041796937455,6.7191502003345205,13.020484718625234,9.208116377375568,11.143085370590478,17.308031914044413,9.795566284923096,10.360670291699105,10.85003224316002,11.09110982644873,13.717940416748773,11.846176850523191,4.229768297050828,4.098977998225201,3.5714494545120017,3.538318863573319,2.918312800615303,3.446996523284984,3.546302439392416,3.7292903318138553,3.7905343542799543,3.922098470340206,4.4128199450725285,4.6484670047037095,4.99510680803087,9.642662435143102,5.990058638180537,13.414243228832651,6.556642404980869,7.065374946453313,7.213708052992451,8.195211724811289,8.582013827422795,9.269254636741604,11.50359453525603
2024-02-01,19.8892637958938,14.294804395485151,25.941505730877765,28.002530672775457,21.991259219707285,20.69568292467726,28.638176361661905,20.30453982539121,13.980939767084555,16.322359537368076,13.705933207219225,13.856863022886124,18.318597121386382,14.675115721637082,14.815834505373472,16.820953034738295,19.536866271907343,16.809270351282198,13.616408891779304,13.387803707024036,10.493197170588854,14.439213469795463,12.53999465619064,10.048616823952475,10.654252324358804,11.660211626623866,10.233881583664528,14.091578369884646,6.677614698852024,7.007372574406463,7.595148427254523,7.62439442765748,19.99499681662332,1.6005592704122171,2.970636076659874,2.797216596790809,3.204559285590176,6.210579620939593,6.055089975405805,6.335628793002974,7.163830853956809,6.468431194735438,6.936646964202788,8.055493542526957,7.342158098983097,6.1610748258038415,7.0144418804709465,9.449629543324924,5.805767452410549,8.214501723670804,11.180123848577832,10.293289644822504,10.38725599736468,6.410042112533115,7.3112493531944285,6.494825092452055,6.673850372513635,7.365605716267648,9.788432328268808,10.68485040384154,7.067861747191439,7.110792303072728,1.591157776686079,3.6520583004843967,1.5243237905716185,3.4029623020590662,1.2123673943344404,1.53630742317881,2.862897287540309,2.863923013123341,1.951573620956614,3.641272047885807,5.027317204426398,4.768104744088904,4.707623102475243,2.911684409210399,3.4960277350391777,2.9858214623793686,3.433263863944763,2.2182123161618668,4.121573518630303,4.472172619285866,4.412927506566195,4.297944848335709,3.1461130002537687,3.995522729091239,6.195441823214112,6.233306828259083,6.543321251527979,6.47088192353892,4.875680326965617,6.066353994033635,4.556376934424347,3.848968785723669,4.616210163014797,4.394428740032292,3.8027394790347895,3.616332105688168,3.541711501459615,3.273801407468491,3.459341334034929,2.815324433372939,1.4310484781296169,1.7985950734278886,1.8355871277481328,2.260784433609469,2.3103874923875583,2.3738663469783465,5.648945550288237
2024-03-01,50.17509661900687,39.223269133003,46.26941873998343,38.96445243938153,44.03727744224109,42.16451485036888,51.19601730317431,41.42713594493762,28.413535966936934,34.68592559760158,30.719327495575428,28.093360040755865,22.829854895081343,26.559001209488983,19.2591512474086,22.210741117418397,28.18640397393293,31.144393910427365,25.062958152539768,31.115567208714637,35.19413913667823,44.686240791307945,32.85424128856925,24.39808890890598,27.475032442068706,33.24012970314988,28.895442738471143,37.54653940199567,21.352309526467813,22.51828454810966,18.9463376191424,19.38499216028677,28.45186211364252,28.25114632751652,25.164954411387903,25.494238972555674,24.77290942206604,20.32009165449162,18.67642766213496,18.938939005156985,15.8869348286521,18.34603417107836,17.27533358902175,16.21584639233971,24.54887012702064,21.76201700939023,22.97754503941268,21.790596468542358,20.267320638196733,14.309123504999455,15.63524253514125,22.693149222664395,21.987864239549104,19.56788913666336,14.099288261735992,14.693703868707004,14.983009614937629,19.12281990306417,24.933443162403822,28.55094301117577,20.84837379060364,26.742588290119457,29.15393307471608,30.260985558812227,36.420547100905935,31.145206022629377,31.555705439196267,33.404374915909166,37.593628936249466,38.77012008226617,33.79582575018326,31.253061892029574,23.136284575462955,18.72899713373527,17.98360283124851,29.78192518029653,16.728539599881387,18.81275186262033,15.37539730771383,18.484478308375795,22.1089451169866,22.11645072996128,19.348682547778505,21.957269893966384,20.09770860105333,21.701324695270223,18.20599426131298,18.020265720907712,18.010085253593587,17.667798715439652,17.51200128999396,17.720920527689287,20.05673811403052,20.147422845320424,18.972929373376743,18.942423308488937,17.403523691188212,17.171759676874586,17.60507533412286,23.626941507773665,19.29922929927904,28.496592781100517,29.086229565264343,24.021119097696666,24.660922126514684,26.29182208270444,26.878090635883503,26.68954544812329,16.851144339228924
2024-04-01,60.74155890497344,43.224860514312,44.0476191619904,39.93541170928796,39.313784890400186,40.713457348439086,61.94453519423521,44.27116264099267,13.866782228092838,28.969828146375967,20.027619751697376,17.89936267281329,21.453783135884144,14.943618840630142,9.879386383858057,17.114761613002937,13.9352223474271,24.73706280413744,8.546652044310902,12.193908972807208,4.12422136681016,12.685961185543784,7.845182344359312,2.1765295096731934,2.1104686189508173,4.4955160890136,2.5221095018418875,5.386259978353133,5.314261193432765,5.680180782490114,4.540714903743794,4.667117004816246,32.69233276104913,2.9137802307645506,2.379032263014985,2.467175362347704,2.2789050907727377,2.769041164284244,2.4087592532951096,3.67425178673869,5.993019987319655,3.963668908846825,3.493457990311571,2.4669029831053098,2.172734467948694,1.4224192828478974,1.7671307489561756,3.590995042643332,2.946764261517271,3.95857338938796,4.042809704524616,7.194133243106736,6.949778082815865,3.0269414208613403,5.116297497016596,6.093081953657375,5.399743008093496,3.9182625975076535,2.1503311145741466,2.6537622447844997,1.438537028321201,3.690211680730035,7.889074973321773,3.182930331775487,6.647801503553288,3.504878092301544,4.04577641926632,3.988176648075743,3.673522242308231,2.2318134823207405,2.908642288431339,1.773405572399133,0.4905645167546387,0.6445447945681886,1.7931379644366183,2.2174213036636674,1.6114372629622953,4.142416848317606,2.138162628316687,1.4120379766025022,1.9501945782102792,1.167992391302927,0.3933625328166433,0.8025581597684595,0.9146802947455176,0.804251919114207,4.80513131760672,4.7874780545604,7.764634894048551,5.522196440136022,1.5267696093779457,4.87356406050867,8.585508621090167,8.9393036642034,5.826055864594662,5.8033541968991775,6.091494257290283,5.832854397327059,5.733481815269935,7.186811359471227,5.337317767592954,0.5712602163529855,7.070748975652911,5.901802138346397,5.071428392439234,3.983993273837164,3.703316732845997,3.199296745729896,0.3072105696781965
2024-05-01,29.694790558346966,11.248604415773992,28.847450802875503,39.80542211778514,21.439589654737183,23.716392856687538,58.26651796898659,27.99942992103941,8.266733709454316,25.11223871929392,14.207127636742538,9.254059919743574,18.69827712419281,8.161290297906444,3.223485406260284,9.631530618631752,6.670162893851609,13.121455497493564,6.118084329016607,4.011835883693576,34.9862495970938,2.67123306301698,5.279135886299793,0.0005632384666969,0.0,0.1047221763106535,2.443969492138563,0.0002890111766342,6.0202003377887285,3.977788090417244,0.7614780926729638,2.161171076457139,46.63440843060682,0.0,0.0,0.0,0.0,1.934715301809652,1.8849588044079464,4.0504844453206905,0.0001902318798162,3.183939735882616,0.0,0.0,0.0,0.0,0.0,0.0,1.433690941093103,0.0019458852235914,0.0,0.0,0.0,1.2055355469369389,0.0020581737250296,0.1966043675257278,0.4047094055937281,0.8513852220515776,0.0003756636538627,0.0297933872888531,2.525505058774181,14.21263174114948,0.0,0.0,0.0,0.0,0.0,0.0,0.0,0.0,0.0,0.0,0.0,0.0,0.0,0.0,0.0,0.0,0.0,0.0,0.0,0.0,0.0,0.0,0.0,0.0,0.5559263053221212,0.4862559036336342,0.1846444726184263,0.1836283175684769,0.0,0.1495164003071397,2.4339745697000596e-05,1.2952922574251183e-05,0.0839648701978074,0.0770908395136714,0.0559018440739323,0.0491210899563646,0.0443227649110206,0.0,0.0381667901198986,0.0,0.0,0.0,0.0,0.0,0.0,0.0,0.0
2024-06-01,3.7164015038039415,0.2865813731002675,2.9187608874134,1.7243009797263444,1.9373028715692988,4.9315519348878265,20.992047490482943,8.271665251770125,0.0,4.2840395867421295,1.9920112569808797,1.113777593909761,3.4052743463374395,0.0,0.0,1.283931941167744,0.0,1.9605131492037988,0.0,0.0,0.0,0.0,0.0,0.0,0.0,0.0,0.0,0.0,0.0,0.0,0.0,0.0,0.4500663927964635,0.0,0.0,0.0,0.0,0.0,0.0,0.0,0.0,0.0,0.0,0.0,0.0,0.0,0.0,0.0,0.0,0.0,0.0,0.0,0.0,0.0,0.0,0.0,0.0,0.0,0.0,0.0,0.0,0.0,0.0,0.0,0.0,0.0,0.0,0.0,0.0,0.0,0.0,0.0,0.0,0.0,0.0,0.0,0.0,0.0,0.0,0.0,0.0,0.0,0.0,0.0,0.0,0.0,0.0,0.0,0.0,0.0,0.0,0.0,0.0,0.0,0.0,0.0,0.0,0.0,0.0,0.0,0.0,0.0,0.0,0.0,0.0,0.0,0.0,0.0,0.0
2024-07-01,0.0,0.0,0.0,0.0,0.0,0.0050191617405723,0.0344985650690976,0.0102573622626828,0.0,0.0049904879838811,0.0023204986883137,0.0012974421945408,0.045167169892985,0.0,0.0,0.0170299265843665,0.0,0.002041201677231,0.0,0.0,0.0,0.0,0.0,0.0,0.0,0.0,0.0,0.0,0.0,0.0,0.0,0.0,0.0,0.0,0.0,0.0,0.0,0.0,0.0,0.0,0.0,0.0,0.0,0.0,0.0,0.0,0.0,0.0,0.0,0.0,0.0,0.0,0.0,0.0,0.0,0.0,0.0,0.0,0.0,0.0,0.0,0.0,0.0,0.0,0.0,0.0,0.0,0.0,0.0,0.0,0.0,0.0,0.0,0.0,0.0,0.0,0.0,0.0,0.0,0.0,0.0,0.0,0.0,0.0,0.0,0.0,0.0,0.0,0.0,0.0,0.0,0.0,0.0,0.0,0.0,0.0,0.0,0.0,0.0,0.0,0.0,0.0,0.0,0.0,0.0,0.0,0.0,0.0,0.0
2024-08-01,2.2058486516714924,0.1169530738449651,2.00454443053213,1.3749395466409733,1.321649131286276,3.209431063258154,14.079441482665104,5.326403668801514,0.0,3.7457972774925192,1.741737019943786,0.9738437314571754,2.2203086223550272,0.0,0.0,0.8371499237815855,0.0,1.3455784010811769,0.0,0.0,0.0,0.0,0.0,0.0,0.0,0.0,0.0,0.0,0.0,0.0,0.0,0.0,0.1870440720563932,0.0,0.0,0.0,0.0,0.0,0.0,0.0,0.0,0.0,0.0,0.0,0.0,0.0,0.0,0.0,0.0,0.0,0.0,0.0,0.0,0.0,0.0,0.0,0.0,0.0,0.0,0.0,0.0,0.0,0.0,0.0,0.0,0.0,0.0,0.0,0.0,0.0,0.0,0.0,0.0,0.0,0.0,0.0,0.0,0.0,0.0,0.0,0.0,0.0,0.0,0.0,0.0,0.0,0.0,0.0,0.0,0.0,0.0,0.0,0.0,0.0,0.0,0.0,0.0,0.0,0.0,0.0,0.0,0.0,0.0,0.0,0.0,0.0,0.0,0.0,0.0
2024-09-01,0.2103920879984939,0.0061777010614652,0.0646595603818414,0.0,0.0428982927911842,0.6972522421417363,3.762089579396328,1.3849273078334812,0.0,1.9799529003429848,0.9206470635754636,0.5147541556130082,2.443905050095589,0.0,0.0,0.9214552003346712,0.0,0.3771773147014928,0.0,0.0,0.0,0.0,0.0,0.0,0.0,0.0,0.0,0.0,0.0,0.0,0.0,0.0,0.0,0.0,0.0,0.0,0.0,0.0,0.0,0.0,0.0,0.0,0.0,0.0,0.0,0.0,0.0,0.0,0.0,0.0,0.0,0.0,0.0,0.0,0.0,0.0,0.0,0.0,0.0,0.0,0.0,0.0,0.0,0.0,0.0,0.0,0.0,0.0,0.0,0.0,0.0,0.0,0.0,0.0,0.0,0.0,0.0,0.0,0.0,0.0,0.0,0.0,0.0,0.0,0.0,0.0,0.0,0.0,0.0,0.0,0.0,0.0,0.0,0.0,0.0,0.0,0.0,0.0,0.0,0.0,0.0,0.0,0.0,0.0,0.0,0.0,0.0,0.0,0.0
2024-10-01,9.71193511806866,6.811916054846192,8.46042103747584,4.843072695739313,7.030218412503529,10.022730644556797,26.11181010802151,13.802303599070736,4.811545553063445,6.572211782160837,5.75873536075947,6.873988888715036,9.43952885956882,3.331795087047014,1.4252965362583578,4.313112091542024,0.3682926595761635,5.8787236951672766,0.2357470757668113,0.3561160551124836,0.0012899951064447,0.5066099265934318,0.2059161244291107,0.0002043990085712,0.0,0.0047073280288785,0.000525061675508,0.0005631279363505,0.0004240588749715,0.0004790635101784,1.3782925014203374e-05,4.017948657035861e-05,1.6765812919042982,0.0,2.7198865376646574e-07,3.038290889917652e-07,2.522294406759653e-07,0.000164771285793,4.358427205469314e-05,2.2363990328207988e-05,0.0,1.7579430136313814e-05,0.0,0.0,0.0,0.0,0.0,4.2498410983630095e-05,7.988434922414137e-06,0.0,2.610327810723318e-05,5.660004615352364e-05,5.2900267258463175e-05,8.94902959011415e-06,0.0,0.0,2.358706957787033e-06,1.528337099970242e-05,0.0001363283533381,0.0011678136575975,0.0001768877670616,2.9088314797185467e-05,0.0263307084874667,0.2149505538582707,2.35194335552521,0.5288486190308062,0.0023681654863288,0.3382076832145031,3.567017089008578,2.443575329908251,0.6689106997501012,6.6418760670295525,8.131503533819147,4.428744720518264,2.226287844328867,2.478484721429412,0.0118845919981201,0.2388802583416246,0.1167203623445211,0.0,6.828658908460355,4.183142418001636,0.9929973173859732,2.6528031290650818,8.315821749733856e-06,2.0446592690731444,3.501476761427639e-07,3.0404766768571026e-07,0.0,9.62418592468124e-08,0.0,7.83633839369732e-08,0.0,0.0,8.544052462417309e-07,7.8445685156773e-07,5.688430023036721e-07,4.998437663389531e-07,4.510172263555961e-07,0.0,4.238753591806215e-05,0.0101990371516015,0.0005565618122056,0.0004098708599499,0.0081085035237068,0.2907927541774561,0.5634984051378076,0.5816696589549784,3.7784862013950655
2024-11-01,35.82607459959218,34.108903960079985,40.86495360625624,42.45785093195334,36.45025422702161,37.52270170792293,44.93273835938552,39.90093689541311,24.948974571662365,28.25826902897779,29.80658000599153,31.965264583456968,26.979772281682123,25.50746978998029,28.651297554380925,30.83140585053169,24.965813310101947,33.5196302216894,40.69618644665095,48.23341762639191,37.04957733911159,43.01537628118185,40.88819670505848,42.10363739819051,29.349222562736813,39.60326687538264,31.95410944274607,40.42678350782021,29.473158063857717,31.33254867554586,12.966399143750396,15.03354462866914,32.91144817913074,9.612489005981512,10.9268779305392,10.620650419763162,11.135163334491562,19.6986444341794,16.994814913855958,18.18399824266288,11.03276182731776,16.5790603123801,10.202859650640896,10.781831926560052,14.725691859821378,15.62941542184909,15.284325058783995,14.483245209211548,14.031349899317089,11.06598396423468,14.21553701745346,11.292015785549758,11.413067424682724,13.838508132194194,13.181191659074202,17.367159196389828,18.87235749413868,13.244708217534322,39.637038337445645,38.67840004730096,20.433929535016983,26.406035464018945,7.527375995214089,8.892200333726064,4.916077149172819,8.415401856082772,7.73151197528464,5.315022121170411,3.4143132122370194,3.319897523621945,5.6114091100602,2.5499106831864875,1.856289536205939,1.7578098602383332,2.548089111007253,4.289309306273832,1.5944209182138236,2.246178240970309,1.9350980416567027,0.5466451844395347,2.2734957598143524,1.72913740594911,1.2478693802211194,1.431245090704063,1.2294295617260471,1.3406457305941,15.338395693794872,14.874900449130516,13.32996221212866,12.20032080328624,9.102880675765713,11.399277993516414,6.305169146531234,5.754621765109776,9.263876293041518,9.141587195935626,7.472611905144596,7.216797955021096,6.811303472708859,1.7698627148374582,6.129677345092182,2.499897777426491,9.308795994164496,9.225196169094907,8.553041043182127,6.727290268419572,6.257357051518232,5.7285506251871485,1.3543631591410883
2024-12-01,9.493027970635255,5.940195260142054,17.105499397086536,21.27576078171226,13.93556747909383,15.330372364532762,26.385060464397583,16.630631231908144,29.253944529693356,17.096972472563852,21.76456232914983,22.7180675932541,31.141387282547253,34.01055489792984,34.66953635211735,29.611396559960365,35.08034693387923,24.367909491349344,33.61876047653151,35.13048094500709,37.45982425945975,28.26328418010468,31.85558094746563,25.86714013704838,27.61926822300707,32.98545504903445,28.3448825345671,38.85058540528558,32.861766151418855,34.076145049343964,22.972607030255222,24.417186134606712,14.89567701722345,15.440703966309464,15.866922996991274,15.70667182737593,15.993399123872235,22.59020307955705,22.96477889160283,25.17096447756209,19.182959829400303,23.65654355328153,17.527123250192915,18.149284488835708,17.71845579964426,18.03396948220522,17.91592025219823,19.164731269471464,19.860971536937303,19.700194334578622,19.268060854624306,28.231023521849817,27.653008827603472,19.742466131641468,24.216722723858062,27.52279990847071,29.806473632838816,21.911675300576675,26.08293470793264,28.357653335098703,23.096985545956876,27.07449498237368,14.339522943874844,17.42398828026536,13.093928472454024,16.800149956593238,14.851776337264754,14.217230814748817,14.632055117715256,13.891921510204684,14.270082186969882,13.616150192933036,14.199008820379008,13.618942999090144,14.15618367732788,14.093057821247324,11.119487564878032,17.694653615448946,14.33303670552374,6.762412761063938,13.279251615479822,11.859131250258727,10.855553488940986,10.821340395597176,8.601110100434186,10.17363219320368,20.87975460946108,20.838217515723507,18.663006125298818,17.944425318128513,14.69042609908406,17.179394761565558,12.741958147220169,12.122055770847249,15.332769293805695,15.17954738144277,13.971452669127675,13.690138342262706,13.358626245202874,10.167898533348351,12.729821771744607,9.174045173991384,15.172815285505717,14.484772381711371,14.167130094792745,13.317806674369752,13.21951126109288,12.795360101859517,9.967013633776649
2025-01-01,10.763255823403128,11.828218834504046,16.48843548280425,22.1579039434332,16.79305230801567,16.551453451387047,12.65885798718002,14.984389811200598,21.33053089188861,13.113911155254709,16.458094174435367,16.694964538111808,18.00976164233071,24.447553971110604,16.790739366379707,14.816964837103908,27.56977643611382,18.633961101587253,16.11506868636484,13.353875172545564,15.501175293213509,12.73149383451257,13.998898098039597,12.835032466478168,15.060510269503355,14.716091210607887,14.7408073094969,14.882115831451465,16.9843575953856,17.265931221635814,16.626155639285944,16.696740758754384,22.063971540223573,9.881764103789738,11.530699721664808,11.273981227130143,11.741080651721234,16.703755444020086,17.02007755333235,17.06300695994055,15.519610855136154,16.470507632130406,13.503202188449276,14.805965098573328,20.33757095652639,16.73323555566079,18.810663779777105,21.559155573256696,14.915057406184648,16.11441133650776,20.16962787937827,20.551448364514822,20.451795138841216,15.48834643038816,16.575968908422766,16.46194838191888,16.29119442101426,16.538028451253652,13.38432403993053,13.662613281645324,16.698652182294914,16.926282147726113,11.705050819467605,16.5870620003297,9.309433418217674,15.819076997315753,6.525257130336716,7.295463572354373,4.318186847914819,4.111448264204482,6.472613611075276,3.511256475853517,2.763240020679381,2.710762846059948,3.25278594102075,5.163477890707044,2.4433741051978024,3.401384831515048,2.567931849625151,5.113376700497981,3.4479259233736537,3.17790492812396,2.542334343143649,2.9971123981130523,2.65959415510486,3.025790350375153,16.697130969636106,16.71021714398001,15.486339011880276,14.32184320945769,10.723487927816562,13.45156524892963,8.303120765833638,7.226930351172902,10.772229447840788,10.501148439669793,9.119846847960956,8.662422254910362,8.242597558600211,5.247671771349409,7.718278514659041,3.7574716822047978,6.9254661114621365,6.675832077280512,6.232888848914539,5.0549344289741205,4.822301589275587,4.589048171822069,2.973452408341394
2025-02-01,24.399538955258496,17.000008563744416,32.704949756564226,37.30303008116778,26.76784628110379,22.20043042446873,23.572893001117325,18.802901837793613,10.235849895867648,12.164781420683328,11.53791271460077,12.69993421617743,10.342365259909588,10.15844835418806,8.807010755525924,11.170803275412462,16.56382130934422,16.989195331480616,13.951663617584977,16.646978065871693,7.387432426466426,19.65155016861116,13.414818995988568,10.664964731927029,8.069199336840207,12.87286314554346,8.393696247300788,13.831249780989598,4.364935579726907,4.481897611380847,10.289546305848136,9.583909923692724,29.26824885114889,16.690966433095635,15.740702144260773,15.820144398437044,15.574647506687478,9.48049091254,7.283194130641428,6.123045493787596,10.231060041608831,7.176534941158257,11.509492520915364,10.43776036614384,14.726282582997229,14.46700907028531,14.442197610862925,13.171281164406832,10.92633587282461,8.151439249845676,10.10540193749158,11.804809651299678,11.585464273172036,10.745712021668936,7.546509256264978,6.899435782695695,5.4365576219653065,10.41659712166268,10.05275220124672,10.80803128448785,6.912455973094293,4.242668422680324,22.78739551791377,20.631352761278997,23.19227455246684,21.10011407216822,12.393280677493074,18.1347133751239,10.08597996753232,10.109500375013685,14.049776714077192,9.952945516445237,10.235520328467851,11.243681226549468,11.62171162547241,12.845811706313947,17.028584184181444,13.069867655091528,13.895143175925432,16.986633442248728,10.066110656202238,11.333935510375763,14.02178443030376,13.099570649262432,18.090497107132894,14.286910698095063,10.537710034359945,10.42095475946168,12.367082846061198,12.36116331965511,13.193001007660534,12.542599878845328,14.132448369129715,13.573835306639626,12.567041681012077,12.306198011783676,10.578571361208308,10.012181642094587,9.661917420154984,7.309623631764342,9.38067618405528,7.7265206317029875,11.19217690507805,8.433675691849364,8.269641945040323,7.703460529899278,7.833679053579255,7.874542937403508,9.579249100583246
2025-03-01,30.210285776159413,15.621028250843256,31.59497944768256,30.8840782181172,24.65871696283602,27.17423207550652,61.54684982243087,31.770443946158345,34.59001975915092,39.43708769022327,30.773263152902704,21.5525343270798,44.49553882028605,37.08667829664765,32.13149999594947,31.925443890187523,11.004330327040226,19.27336004298827,17.95732598856264,22.94656384070335,17.417196520589,28.25962427847196,20.278711967860445,16.10042640082941,15.009880934904947,18.342343434471974,15.310117400780255,20.32625255782609,14.44660418687387,15.04332708139518,13.145207630774342,13.447735826923171,19.84462294346576,13.648022889380572,9.260593388327065,9.647151168135558,8.95122613822106,5.3876346868891085,6.95808548454404,9.699774735444748,7.708986253130457,9.269377310757942,7.848626450519333,8.927147450844693,11.776757120122545,6.090040740789733,9.038875610658726,15.454522728645602,8.773017181903649,13.155676857691974,15.539482169694612,24.414496830206765,23.82564024172044,9.646352590978218,12.1114625510529,11.530932978016514,14.734217493393125,12.669992667930646,15.47201385212796,16.25097587683548,7.8153865060974494,13.414260908207869,28.83647390281584,27.475170855654955,25.983809798254168,27.186691452412028,15.827648085947656,22.224009053857436,20.651590843727504,22.723230678799546,20.353741539949255,28.50815608528947,31.211695816201203,34.09292215546816,31.86937127578384,24.440755406827066,45.82099208133808,33.444935721738155,39.997792159918056,29.927357014572294,27.07578904080109,32.89410925215447,41.914868349807634,38.21017968997371,48.05642549070844,40.31344038586165,5.475853284410412,5.572272085566948,5.54847960345604,5.425537513022232,4.204779768458468,5.142433899270047,3.5996159183622014,4.146509177900103,5.68020628120389,5.950286003034585,7.292341085045711,7.85762501119067,8.900414272508943,23.201944381479706,10.233343302693305,14.382967911486894,14.702759909505316,12.841539269320318,13.55781746559975,13.948356844286376,14.008673747012836,13.98807098095488,28.78888525460274
2025-04-01,35.34052888106085,17.73034405398445,33.40863000663562,35.445316314387405,26.990296990433443,27.56512086352217,49.572862053953,30.115695602262093,11.148862349701048,28.98676893826418,17.93015998642037,14.546943001772505,14.404482155947242,6.836552404557624,2.64989082426561,8.32085905529221,12.704302891748874,16.88659697786582,11.965224066211452,15.630713620183906,5.504638708023284,13.835944073603017,18.45867852848053,17.012992863027087,21.214743332509112,31.210139097077708,21.33022476588975,44.62255153136238,10.930185951388822,10.283681959251274,20.576958111493614,19.014987466775235,28.692357848491945,38.52728219419229,35.74509722754886,36.01682706167069,35.346562241208574,17.422942911960273,17.08285696727123,16.43356649324467,23.48003125976901,18.49275930640561,29.105795832275803,25.63901517795108,26.683341557170756,29.55775682962684,27.600991054089345,23.015196043088743,25.567649485383484,21.604436450680915,18.71056735944198,14.587518650912534,14.679850739242198,24.75385632597111,19.76341791106329,18.03768795585565,14.719807332193763,21.74591450295901,17.89717994678364,22.886297224658385,14.83098327837419,11.312527823782071,37.96050198371688,26.486921698477246,33.7566746905309,27.17241465153297,41.09005098630174,32.79960824374469,16.84822740703292,16.040590913109394,30.163135255687937,8.64578567535939,3.0180675000249115,2.1481945778387543,2.529690449237497,20.267711171613097,0.9489487408105832,2.853366259501421,1.6810106560560611,6.97636303312185e-05,7.308353414074355,4.309754483650121,1.0144984161353536,2.7332947771631337,0.3233264172599717,2.157182210314009,20.89255920325061,20.994389566149508,24.095530926732945,23.498960920532184,30.23753233004346,24.620794981447997,26.423937109693945,26.75406107396469,26.24188254509038,26.23506148544262,24.35114547469969,23.615700542528472,22.602497154502608,7.248634845131561,20.093372318060133,4.794490023888724,39.52345808082232,33.93545732705593,33.95830564791141,26.943419128598972,24.56721363639227,21.6202748929949,1.718167319713233
2025-05-01,3.726470643365471,0.2747328173836367,3.572149845660804,3.6414195894594856,2.36256203604155,5.5935610975793,24.96363916600332,9.22799373352536,0.0,7.522329836784742,3.497765464159412,1.9556780892592251,10.166761743788454,0.0,0.0,3.833297647554286,0.0,2.418061110487945,0.0797595873063865,0.0270032810423965,0.0064438048323113,0.0018556538191478,0.2280634714497311,0.8386173864981011,1.3391544909585358,0.6345052028557421,0.4699556552554577,0.6750630415007188,0.2197692111353693,0.2153107719657034,0.0516940537893986,0.0754322071652083,1.4331829952836677,0.0,0.0,0.0,0.0,0.3844740153687634,0.1076749372784313,0.1518654460659093,0.036240077426494,0.122697733353389,0.0,0.0,0.0,0.0,0.0,0.0004387446193501,0.0552493587799162,0.0049015797684571,0.0069081162758355,0.0229047297730088,0.0216571643314445,0.0468712870368009,0.0137677377334148,0.044427893167012,0.0679172558884904,0.0397850340887456,0.9953575758791688,0.6429324424315994,0.215971621805331,0.3450570938686247,0.0,0.0148512110013667,0.0,0.0130287919908784,0.0,0.0,0.0,0.0,0.0,0.0,0.0,0.0,0.0,0.0,0.0,0.0,0.0,0.0,0.0,0.0,0.0,0.0,0.0,0.0,0.1605144385054634,0.1596521057533304,0.22139331402809,0.1397545011539241,0.0,0.1150335377264847,0.6039381257100439,0.4582485452301895,0.1529122178263434,0.1403936100461921,0.1258575135088003,0.1105913130002688,0.099788355096891,0.0,0.0859287820387296,0.0,0.0,0.0,0.0,0.0,0.0,0.0,0.0
2025-06-01,9.390837124755873,0.8076357650641011,6.708745490021211,3.783950280008769,4.469376968441249,7.432640140052947,25.293751292409176,11.021676358150009,0.0,4.731950813985395,2.20028295679382,1.2302268912111476,3.0326428118060536,0.0,0.0,1.143434148387619,0.0,2.829315187204452,0.0,0.0,0.0,0.0,0.0,0.0,0.0,0.0,0.0,0.0,0.0,0.0,0.0,0.0,0.5487891740398423,0.0,0.0,0.0,0.0,0.0,0.0,0.0,0.0,0.0,0.0,0.0,0.0,0.0,0.0,0.0,0.0,0.0,0.0,0.0,0.0,0.0,0.0,0.0,0.0,0.0,0.0,0.0,0.0,0.0,0.0,0.0,0.0,0.0,0.0,0.0,0.0,0.0,0.0,0.0,0.0,0.0,0.0,0.0,0.0,0.0,0.0,0.0,0.0,0.0,0.0,0.0,0.0,0.0,0.0,0.0,0.0,0.0,0.0,0.0,0.0,0.0,0.0,0.0,0.0,0.0,0.0,0.0,0.0,0.0,0.0,0.0,0.0,0.0,0.0,0.0,0.0
2025-07-01,0.0,0.0,0.0,0.0,0.0,0.0819455786790334,0.5360061554652852,0.1674673042594887,0.0,0.4026523051490573,0.1872270104572468,0.1046827669191646,1.1438706213669416,0.0,0.0,0.4312874317794761,0.0,0.0566940708995179,0.0,0.0,0.0,0.0,0.0,0.0,0.0,0.0,0.0,0.0,0.0,0.0,0.0,0.0,0.0,0.0,0.0,0.0,0.0,0.0,0.0,0.0,0.0,0.0,0.0,0.0,0.0,0.0,0.0,0.0,0.0,0.0,0.0,0.0,0.0,0.0,0.0,0.0,0.0,0.0,0.0,0.0,0.0,0.0,0.0,0.0,0.0,0.0,0.0,0.0,0.0,0.0,0.0,0.0,0.0,0.0,0.0,0.0,0.0,0.0,0.0,0.0,0.0,0.0,0.0,0.0,0.0,0.0,0.0,0.0,0.0,0.0,0.0,0.0,0.0,0.0,0.0,0.0,0.0,0.0,0.0,0.0,0.0,0.0,0.0,0.0,0.0,0.0,0.0,0.0,0.0
