date,05AB021,05AC003,05AD007,05AE006,05AG006,05AJ001,05BH004,05BN012,05CC001,05CC002,05CE001,05CK004,05EF001,05FA001,05FE004,05GG001,05HD036,05HG001,05JE006,05JM001,05LL014,05MD004,05MH005,05NA003,05NB021,05ND010,05NG001,05NG024,05OB016,05OB021,05OC001,05OC012,11AA005,05051300,05051522,05053000,05054000,05054500,05056000,05057000,05057200,05058700,05059700,05060500,05061000,05061500,05062000,05062500,05064500,05066500,05069000,05079000,05080000,05082500,05082625,05084000,05090000,05092000,05113600,05114000,05120500,05123400,05245100,05267000,05270500,05270700,05291000,05304500,05315000,05316500,05316580,05317000,05319500,05320000,05320500,05325000,05449500,05457000,05459500,05471000,05476000,05476750,05479000,05480500,05481000,05481300,06468170,06468250,06469400,06470500,06470800,06470878,06471200,06471500,06472000,06473000,06475000,06476000,06477000,06477500,06478500,06478690,06479215,06479438,06479525,06480000,06481000,06482020,06605000
1984-01-01,18.75601502033808,27.86598267587977,28.201121106606298,35.64117912500041,31.26437607231276,25.69516076201805,2.4007771910790785,18.09178272641083,7.629753920729652,8.992854801996607,9.298163550486835,12.40725658105094,6.022880081824521,8.705034338501937,6.758035254145909,7.609572554747745,35.07117921338632,22.691896863567568,17.68849148104677,8.79722305929281,5.895103650386019,2.612311841533398,8.162666784002173,17.114292727033618,13.283556527006803,5.107387814871119,11.239217408435271,5.271342009639617,3.491398441346857,3.7628290480291593,5.383994063552279,5.365944381021139,44.43504240508562,4.377688995083086,5.147457668063497,5.195024301039303,5.338424363274723,8.782615391074792,8.965423553306179,5.963670470232694,7.225979694698907,6.646961917156604,10.639660527022782,11.144993463072922,1.62353138299557,3.820037825074903,2.61238136436912,1.8617681182320371,6.569097996085456,6.373532974421215,4.9147533654541045,1.9797146500825171,2.254261045847416,6.383240534934458,7.638969064977438,4.344951053678364,6.275624109447269,5.637584150431005,15.36406156457172,11.904450687407817,12.375290495200671,4.340987343038269,2.1006329578134166,1.2652260528753974,4.194097209605917,1.616719811619929,3.503143446124044,1.8705770941182047,3.723172859207786,4.048213058674647,2.610172212086457,4.507341477669541,3.796810259919884,3.414851358945978,2.340538409984702,2.894632254964225,4.823726587987942,2.340503380853934,3.6101019374819856,13.76624384975012,2.9398107852579365,4.007356134793238,4.917910983467113,5.092245739228553,7.589322670052977,5.969521708870418,9.956180969382087,9.60845755979322,8.546134916041211,10.879868482896208,15.976778930127043,12.162504035543506,17.367850486297804,20.28883440916501,13.73331554964914,13.247846653160256,17.885060423546523,16.896301909673817,16.521240487368356,22.873602590748227,16.40864199085312,6.590689381430906,2.1035203007439005,1.7840572460986197,1.9342737318215115,1.853883507667495,1.8153864202931305,2.033529121069482,2.585954202254623
1984-02-01,8.560633584109814,11.415470907380216,4.686279070173334,4.759973477037234,5.6759265840998845,6.649971103027149,1.9398432483893733,7.889832522818169,13.346666681724225,14.859527254121083,17.172867161572505,20.290824612285952,6.686111294697062,13.189222215755256,8.847623993868545,9.877061687326105,13.604634962432998,14.148209708601378,21.985485269111933,18.574814221289817,18.600803909783465,12.609204932612458,17.96865683507039,27.798675005709025,29.701175502692653,23.37529253121337,20.38039467853872,17.96563815924762,5.709094077543819,5.545638024138916,20.395043774750672,18.90092046147737,4.911981464264679,45.812062510601294,38.12957772514805,37.288839848061535,38.30615620611267,9.114825696221237,8.754279475440782,8.176049348225018,13.202405218372473,9.675203649589063,17.245061869449373,19.9937207586526,30.52616785172625,44.5094399522668,36.70052396470048,30.396299354419856,22.71022255629247,11.94112217485134,29.253852632970585,21.0165537680515,21.43366208775761,22.67064289953635,13.960849201381054,11.21730134460325,10.86130497471077,21.32072337740697,30.282196283511382,23.32793041938488,24.376664194079925,15.880380654662185,45.92297005950595,30.856041971222684,49.82895627247818,33.16593050636554,21.800861476279486,49.529611836003504,31.872451164582213,33.93323575717535,37.16520313754475,44.309936441446126,55.34697440710568,64.31374762768353,78.36454442204864,46.29692638428494,105.14731373766924,93.91643991884148,94.41689250459896,74.94538940672045,42.79098978001595,60.45998825812485,82.81425653579834,74.12371919438255,106.50547135684138,80.74949672706649,8.681071662548119,9.24498868132326,9.76387263478999,14.72677375929773,24.53632841605791,17.2131378591343,31.47025884899328,30.5747317043018,20.680781333867703,20.949195388991303,22.439251303959452,26.938886623918105,31.34042390742584,83.46534286887172,38.70384740945781,73.11220399505854,13.430660530238931,14.582309993130888,15.896541721737409,22.36210597423858,24.93333950939151,29.149390185931647,67.49583371441207
1984-03-01,30.673857054089986,22.437316671626903,17.86346522585887,16.67518801714339,18.465753751594136,15.770733416324545,6.640105489823616,13.058979887254702,48.71132309488665,22.31850908447793,28.65493514252455,23.49296160855148,32.756795324671806,40.259016858901525,47.56664275350386,30.01121019701301,17.527275532832828,16.882676105044673,7.423190356440552,12.680372640185878,16.497237743782442,28.408984504685755,19.154446274282662,9.779523284451152,14.957157623681525,18.015529760459877,21.325038292023685,21.711221319771795,58.45747048822226,58.92072756780124,58.0618829672724,56.74365031268644,21.05236616738562,65.02760681450701,67.18526941928418,68.97623086414048,65.70850761866333,49.0418778334986,58.67889113643019,62.22316391169032,70.16512346888187,64.4132597421488,79.12057660372506,67.58306401329891,43.87017989318072,46.2008474373644,45.589206874339766,42.85065099939801,64.40743508153213,71.3942872945289,51.67387085789793,35.370201690196126,36.61874730561935,63.45069656859864,62.15570502760453,65.20493639707783,56.58053950874192,58.71127137743392,10.894212931053676,13.228951644116384,53.25525870231494,43.89761560551831,52.82121129601099,30.835814561120923,50.25867552227909,32.70893387545597,68.02171335092228,69.23709172005918,50.67096174258556,63.04285452299092,70.70944772729376,72.0132822828765,78.79180600773446,79.52860580350617,73.95632625024804,73.4628052573317,47.81377088577485,48.61380443899828,56.265772364928914,36.360848052964,59.38920179159496,63.49071462667293,68.49137980030935,61.00503667338388,40.15042249774361,55.88053011464087,56.96222961803487,58.78456328452752,54.92794842044379,63.143547873877296,71.43540200606972,63.627475407361125,54.84981013847592,48.55731818999977,60.35056734431559,61.13310579563595,54.613183778603215,54.18762373224144,54.4642125545565,48.88261541636105,55.5649630170755,78.74971673735699,58.54055743350788,61.89086750786608,60.981933698365125,63.70086096539184,63.83182834140867,67.03167425776098,78.8218500070625
1984-04-01,30.058575589005564,2.9326253795086905,31.392144954042475,27.61058684774368,21.202852591455013,17.07496688509073,28.63128240476245,14.99883390232771,6.96379614679695,13.520743910826612,8.458528697815888,5.527776184648192,12.193907548823944,5.717577223949542,3.073152531055966,6.263622844195972,1.282528673251205,8.028941529148112,0.4514484258067825,1.569131006329466,0.6222599051568749,6.719186336124813,4.209679850469994,2.5128184645774265,6.857909014267762,5.16344428764213,5.503340816218588,6.505818949761339,2.0077797048056887,1.8369405658614075,13.65017482391523,11.98828023153293,14.164501009788776,12.732355567304609,14.45209291950389,15.663748156026609,13.63759325658659,61.21248451942649,38.942730144853805,20.33137517488679,25.146787342271782,20.59428612986745,11.107759061809205,4.29575582363738,23.35584902669421,3.340351545201608,13.642833295114846,20.997195004547933,15.174815037166844,13.226137035340784,6.0662398086973575,23.39094345063361,22.106800738784987,14.57019089320255,4.932962648536416,4.062423555647243,2.509254218210644,14.38564648218074,4.224679236274568,4.599928550955306,20.02371371871061,7.777953959530739,18.041283920513678,40.43425465770319,11.137127831150517,36.96586609854213,81.14549448698814,8.050699433988408,136.92419199338667,111.68058081826725,50.16971218632198,88.52171558089682,62.43501800323922,48.2325404033702,18.699333144344983,49.52188963677309,19.4370357116974,16.658898045002914,20.890778009957955,12.902735913142006,113.18558148366913,78.93389382926856,33.986860871131924,57.02969485523801,16.634970910011912,47.62553793353783,47.92939199560295,44.58446875270887,55.24023738225807,35.11329613488171,11.434381193384048,30.16993183500962,11.300289174512228,8.286388445710294,27.800985012379005,28.011120345200947,20.79976119540582,18.582524326641952,17.11528056587246,8.362437031196576,16.010838569219963,14.613546752511086,102.04644064293676,83.71216736776222,85.51619187354751,80.35452958469176,81.7274097804496,75.8739319070395,46.24775286637646
1984-05-01,21.7004940649934,2.95890040707998,42.89762760887436,48.07626684522909,28.411051827566595,28.082686155526886,69.45800317219454,30.87821105413965,13.919816526373577,21.5968207369241,13.046638560589438,7.9798158903106495,18.876178618258912,12.833033883492368,2.137120056315184,10.587608762284995,0.8107761813027783,12.054910694345429,0.9323588322609973,5.3134678181758845,22.861593733251716,12.137336870650168,18.64888266149385,3.764821070541332,32.949087675120005,13.211648978251915,29.183708484897597,27.156305595732636,6.357792146750468,6.462863712931773,3.618178724151202,4.657217753647562,9.152585801852345,0.2691427243651791,0.5472279449380516,0.5434506886869248,0.5529157345637836,36.1385959416855,22.77544594696686,11.953218590971344,3.391854457913445,9.912448192972928,1.0606974121119457,0.8748312780486092,2.592716632215798,0.9212044412640964,1.8074563951188112,3.055929269793367,4.910465262317428,1.1189426213593314,2.179523236932825,3.175543726544742,3.090100531381489,4.416422096723975,0.9634312087693438,0.9237035772018776,1.1478968434827157,3.800162454494556,9.399106849268104,11.454044951421888,45.799520981012485,30.12024103261435,1.213697752966821,6.14604911587247,1.7425339604728745,5.767502910402757,0.1343932256063052,0.4328340578429451,5.5021693139672845,3.590217791986271,0.8728755086513633,5.012530745144499,7.612875966742844,8.234751850495249,10.30405133710942,3.349783306686336,5.253381646108567,13.75638417398848,8.457863497438556,1.3187026928684624,8.685153438360022,8.28167923793456,7.270682384864314,7.332107125773693,3.869850742235956,6.434264579742667,19.48835989242757,17.857000037028374,11.056256519034296,9.069695261356763,1.1106315498058024,7.5601059773760815,1.2633331125650265,0.9235167559563544,4.51443192151985,4.171533909041439,3.08137940248952,2.7183638321738437,2.468014813471957,0.3657851583750139,2.312472846711741,2.641037402874914,0.2877128641242193,0.3495221409183013,0.3718028653609459,1.1799574306396796,1.63437235904151,1.9756386313707344,9.814224978059915
1984-06-01,2.2356359222765936,0.0650260451511607,8.7465605458739,11.68689301915237,5.717494300224415,21.428340392884746,114.90094726316268,38.459908350952205,0.0,18.02804476822172,8.382967076611243,4.687538735778031,33.30930766648547,0.0,0.0,12.561553714201018,0.0,8.476193358947922,0.0,6.670365674386928e-06,0.0,8.367895341398486e-06,5.567654289864203e-06,0.0,0.0,7.394979650880522e-06,8.252252366091523e-07,2.720760881456171e-07,0.0,0.0,6.345337958837356e-06,5.511153188565176e-06,0.5227728251462902,3.050541853243199e-05,1.569149177852099e-05,1.5866226701859867e-05,1.5362127222955962e-05,0.0,0.0,1.2651818033486129e-08,0.0,9.945083500444061e-09,0.0,0.0,1.694137559758238e-07,1.2632331031083511e-05,3.98037690781426e-06,0.0,4.866227604025146e-06,0.0,8.860053630566766e-06,1.709758416848971e-05,1.6100158963020947e-05,4.523271318923227e-06,0.0,0.0,0.0,5.8948286715772566e-06,0.0,1.5623470410458168e-06,0.0,5.825242392757551e-06,7.752016005833775e-05,1.4605957697943449e-05,5.4825470777393615e-05,1.8678208643373977e-05,0.0,4.071880771017319e-05,6.35885014645329e-05,3.632113387927159e-05,2.109459020827346e-05,5.266250533869893e-05,5.770740611190121e-05,9.050217878086772e-05,7.524997835695986e-05,3.834662306570094e-05,0.0001027913511318,0.0001021643314038,0.0001117587089538,0.0001117587089538,9.547070730348118e-05,9.419909021060148e-05,9.101085812693802e-05,9.411998796977744e-05,8.79315687064622e-05,9.443433711404235e-05,0.0,0.0,0.0,0.0,0.0,0.0,0.0,0.0,0.0,0.0,0.0,5.622303915361324e-07,2.696571080684814e-06,0.0,5.602214754073495e-06,5.087451187813133e-05,0.0,1.4148543354891836e-05,2.8050751958295927e-05,4.325067914257231e-05,4.470325815016652e-05,4.8466770857814375e-05,8.022927730289112e-05
1984-07-01,0.000632084194293,3.301687127555446e-06,0.0009294142636924,0.0,0.0006071442194764,0.2148309053517249,1.4669982556099783,0.4384709413231385,1.4969433446224812e-05,0.0967520296793817,0.0449907543548505,0.0251553268972503,1.757196560748549,2.783394813000514e-05,2.532444668653244e-06,0.662539230464378,0.0,0.0788664322066217,0.0,9.262089365242298e-07,4.7794230111465686e-05,8.26656207244082e-06,4.308653402665919e-06,0.0,0.0,1.2469836119323004e-06,2.073727063151348e-06,4.53878981779731e-06,5.0358159322473e-05,5.587935447692871e-05,3.896631980832712e-05,3.765323270223606e-05,0.0,4.674039457843698e-05,4.030625953815717e-05,3.980784158952012e-05,4.136897642982403e-05,2.966600004481569e-06,9.531197226737525e-06,1.7425467743788214e-05,2.5424700246005023e-05,2.11097162522509e-05,3.756184624768212e-05,5.046592285486353e-05,5.471856080223931e-05,5.587935447692871e-05,5.5282687934163706e-05,5.587935447692871e-05,3.297013123895002e-05,2.3243524162687258e-05,5.587935447692871e-05,5.188086711067765e-05,5.186915771984432e-05,3.4366934551702656e-05,4.168474435162886e-05,2.609224257949343e-05,3.0882771066178775e-05,3.847765732573634e-05,0.0,2.722049230196892e-07,5.6621103131037785e-06,2.162685410735237e-05,5.587935447692871e-05,5.602643235176492e-05,5.587935447692871e-05,5.608386878025764e-05,4.301776527463783e-05,5.1343329953126575e-05,5.587935447692871e-05,5.587935447692871e-05,5.103167026096748e-05,5.587935447692871e-05,5.587935447692871e-05,5.425088972940189e-05,5.587935447692871e-05,5.26392014862756e-05,5.587935447692871e-05,5.587935447692871e-05,5.587935447692871e-05,5.587935447692871e-05,5.587935447692871e-05,5.587935447692871e-05,5.587935447692871e-05,5.587935447692871e-05,5.587935447692871e-05,5.587935447692871e-05,1.9951869933904056e-05,2.2300540693959017e-05,5.635509922727909e-06,2.0011183264189308e-05,3.0087298449692177e-05,2.223157058139037e-05,2.858476720421784e-05,2.320779307076574e-05,2.4257691173093136e-05,2.604254259502404e-05,2.478282146633229e-05,2.77117462195421e-05,2.997961698038245e-05,5.081434249542866e-05,3.334154799696019e-05,5.587935447692871e-05,5.587935447692871e-05,5.587935447692871e-05,5.587935447692871e-05,5.587935447692871e-05,5.587935447692871e-05,5.587935447692871e-05,5.587935447692871e-05
1984-08-01,0.0001426032550931,2.7470915101185345e-06,0.0030631832862673,0.0,0.002000137372685,0.1064169064834519,0.702707876116691,0.2156126535066312,0.0,0.0581136329415327,0.0270219284065072,0.0151085584616046,0.4070711134822698,0.0,0.0,0.1534836739221142,0.0,0.0398076324043138,0.0,0.0,0.0,3.5878071516789706e-06,2.549628569742404e-06,0.0,0.0,0.0,2.241537240449322e-06,0.0,0.0,0.0,1.5122406377844006e-05,1.335986588104888e-05,0.0,9.77060726608583e-06,9.393761282335898e-06,1.03951392466724e-05,9.859942062695866e-06,0.0,0.0,2.3545634995143477e-07,0.0,1.8508273315168169e-07,0.0,0.0,4.84204443408548e-05,8.091544357533389e-06,2.7383978342453053e-05,3.376969235483295e-05,4.816789758972917e-06,0.0,3.3611820819188755e-05,5.212221032999162e-05,5.082399456320922e-05,6.311330696329077e-06,0.0,0.0,0.0,1.428991501426787e-05,0.0,0.0,0.0,2.847361816174161e-05,3.4773323793409e-05,5.719012545333752e-05,5.301499328472273e-05,5.689975998365031e-05,0.0,1.064216341052719e-05,0.0,0.0,5.033578837336174e-06,0.0,0.0,0.0,0.0,3.1067684299719104e-06,0.0,0.0,0.0,0.0,0.0,0.0,0.0,0.0,0.0,0.0,0.0,0.0,0.0,0.0,0.0,0.0,0.0,0.0,0.0,0.0,0.0,0.0,0.0,0.0,0.0,0.0,0.0,0.0,0.0,0.0,0.0,0.0,0.0
1984-09-01,16.345421911656466,7.963373900719123,12.520123098232563,12.50537311800512,9.672733329994692,12.586743781703742,31.79585078652246,16.42801621600324,13.335297802164494,26.136572835248963,16.276419021662925,11.5675703388907,11.718190403614177,9.846360489130053,4.342741837921228,10.080637459576083,5.954485211525476,10.591337797950027,5.836442443004714,9.690240126786795,2.9726816122901587,10.752124429856938,6.927341829002174,5.334296293930484,5.525178180035655,3.008591012164469,5.243421896198275,2.4047188032139664,8.250714069278041,8.425042371645596,3.50155681381424,3.866123520927408,10.00984121424484,0.7057532274651181,0.9402993008387376,0.9498125406516074,0.9163890382101068,17.600020787577456,11.774873941286485,9.003027884198044,11.587142567092805,9.035921389148635,5.327716246839105,2.972038344434399,0.880222980868025,0.8355692260605655,0.8305243094795024,0.7849017040273747,4.795992054794972,5.765090054722365,0.4849553304224214,0.4450400357053824,0.4462230846648412,4.402292151339937,6.766953631500168,7.750371118405624,7.538341981666482,3.6406873545348297,5.599568174807931,4.140835436858926,14.396375025021118,6.248410046792371,0.0996543775876028,0.1242882205183038,0.014910261910312,0.1100260015709441,0.7518169564944687,0.0383066470075338,0.0374085042986865,0.0225559348022175,0.2262943461825438,0.0024067434150818,4.388824309248996e-06,1.4263075694786133e-06,0.0,0.1398706730484724,0.0,0.0,0.0,0.0,0.0144614296491505,0.0080417036526172,0.0,0.0045761526683426,0.0,0.0035270868513449,13.782668474058694,13.373587631476958,17.319330991536436,12.219704102690624,2.716227985381173,10.36762813037448,2.883901386330332,2.253024262710281,6.66377022640554,6.268753196703989,5.061443676227914,4.659173318896088,4.321814219472036,1.1696555021609978,3.828311515086179,0.574773152582124,1.449243078739848,1.4486694591023423,1.2287765873637482,0.7664831006060547,0.6764302066049456,0.6372687505452652,0.0010682041407393
1984-10-01,13.336701557778232,8.8977535998931,14.11814692796483,15.867808394711457,12.753314345036454,15.653045186849358,27.08447335934181,18.35201766113663,8.02554524249589,23.217292164303863,15.22501701603174,13.659316458115873,18.47252045181186,7.537345659356188,7.350980728073829,12.007633564021978,11.002229995102727,14.19573450469798,18.23455944849954,13.130514190803368,2.635522888740851,13.76104653665406,14.363141310341636,22.39035744502095,24.11793296922972,10.207149113542366,19.30642534618724,12.70630288796974,9.27434677549703,9.88127452626938,8.000145428379144,7.776949793012587,14.063999100466734,5.259639446243272,6.39401495915277,6.36982617681873,6.301289092956639,28.96715464219481,14.759092408464834,8.173263288268434,2.892961564481186,6.966161897528519,1.676599080866481,2.17793415859361,12.668449626810611,9.266185948765203,11.108040700730704,15.494069015742223,6.368475312374811,4.245270456203769,12.365245968623096,11.4628976656921,11.37427547415506,6.807348797455342,5.460129203980439,6.4368946520524695,7.244785713611957,7.669799290108907,22.622776333806502,19.626461242819005,25.14093160651254,14.17164028030904,1.2923505487078708,3.02556464880579,0.2706865623025762,2.6812071991957453,7.300515844665953,0.5242631704685425,1.6237008532937809,0.883949892583738,2.1585860811175577,0.1148402443078206,0.0045531013940841,0.0017820366946262,9.92115215326761e-06,1.3422521066564748,1.11459644944081e-05,3.921615740456019e-06,8.593029417469907e-06,2.5883300845378102e-05,0.2930166757735946,0.1631505079502272,6.764672657484275e-05,0.0928602112867608,1.50627333100588e-05,0.0715774590303219,17.27459541894325,15.512638665465111,12.06763104741268,9.087632715745718,1.9477225934927225,7.733921421739141,3.226662872711257,2.4195168986129465,6.012765201945896,5.825495940352227,4.307455607566402,3.891955273498709,3.564147721118058,0.4207888823074205,3.1182045623896526,0.8030681809628328,10.189483860219996,7.661741912254835,7.247937692457144,4.900850272570909,4.492168642688003,3.984289955117827,0.0760229031031735
1984-11-01,2.8365589555980235,8.302515898311418,9.259552366094166,13.114795037985791,10.85813968941835,8.288309857917223,0.5439594649587693,5.048311153406411,2.591911294144539,2.7723857194539345,2.7467481940963294,3.9269680438010535,1.1771137021928595,3.57087428402333,1.0696230934746758,0.8211173557115405,15.049771174954008,8.25802782965771,10.85362495945114,3.113606511871561,7.546385055035756,0.6041446440835232,5.011471595039706,13.276368752519364,18.153673419763724,0.9285929607430186,8.360759046115993,1.2834111030794608,10.772352132232866,11.42976091689309,6.599864141631858,7.171978386485403,15.049719310074408,1.62349103495902,1.9679357792700451,1.9498805278570932,1.9894008726296843,5.963459989950273,5.86460531364585,6.78903139629547,4.222713233043318,6.046194213090785,2.5101642157295947,3.2082435335235537,5.204803477054938,2.6972722580490545,4.092294292145191,7.1784226913678895,4.160713025030616,5.505379179793757,7.724506201258187,9.344428541318509,9.266282953768153,4.542031256313552,7.499701295968888,8.206723969990897,9.729965174128216,5.961741386956641,13.702162423885676,8.980967019015742,6.521766057615331,8.186173013097166,1.2771895075300832,4.291292999136691,0.6949587425961732,3.867497580866888,1.1000898271555992,0.6425829194216979,1.249093081457209,0.8692518974563921,0.8137746833198882,3.772432751522928,12.200621769796356,11.533273899376088,9.094147605341156,3.70888779252913,7.880747807905179,6.91866455411316,7.498758453581929,4.421752391516557,8.40148895756926,9.318507710816824,10.35208159496459,9.234277248493187,7.54100349426884,8.734914669695133,5.14630529784861,5.123107755918822,4.749224152347896,3.835544385132754,1.2904119575258144,3.3635219353943837,1.445861230375776,1.7753238942225942,2.682208681661696,2.548605977433683,2.036177866368716,1.842718291155785,1.7075978243621277,2.128375342606091,1.623815030144686,0.8266258896474454,1.1947298842153284,0.9706817342713387,0.8357063356706476,0.5996983243801005,0.6427117692906977,0.7246696571596356,14.32745715311918
1984-12-01,0.2649012129254984,0.8164372118777876,0.3615944072584975,0.3409966345744704,0.696659826125982,0.6252343837519635,0.0781466192012776,0.3830777522684003,0.1481630588643668,0.4529440249838606,0.2386251753012383,0.2412005470988045,0.062543052476952,0.0663833242195624,0.0093357088999916,0.02623837778077,3.710940354080648,0.8965186126008133,1.9909156215766088,0.3760451692115389,1.2434251306751607,0.0,0.4408298207945217,1.1851161128368537,0.3454989703231294,0.0,0.7626485825060082,0.0,0.9834484080039042,1.074702266552357,2.076314888049851,1.9712354705284716,0.3497042253339016,5.076745151574476,3.887376851229324,4.034312082191108,3.765804244445064,3.189959149970805,2.961942102243432,2.162846748816828,2.859210670341505,2.266410094695442,2.457859805742145,2.3513037305566225,1.6445857990973394,2.382297107835783,1.9955391287561743,1.251682302771543,2.7017181377231823,2.686798692581976,1.4883243592174429,0.7187479366969486,0.7712509894661411,2.5949956268713263,2.532261544265713,2.228147433146673,1.880464468010435,2.2063227517539583,1.15479734399739,0.3657124391443174,2.868914911458813,1.23545519575835,5.7956054795368015,3.5782143242501534,9.201797953101934,4.262400903300939,8.193152110342318,10.011992850952328,23.37592577762795,21.86855692060472,11.982685159642786,25.3964292755414,33.46487459828961,36.90358307494349,39.615934346337205,20.171634518076825,34.10334454467634,41.25617766193027,38.35627441123786,22.924596205633964,28.845809262873736,31.61508315874689,35.32911965779121,31.95575323339263,29.55012339887785,31.086872298720795,3.9596858288209,3.9056695209032952,3.654838357519732,3.2287581165406487,2.4551921642969754,3.1148079297131086,2.4900322256567,2.871780634497106,3.832165739519455,4.209157044873278,5.821766981764139,6.614369440845045,7.403664150376499,12.770158038179188,8.44405657767772,17.745475895016547,8.23273045066756,9.724988062397724,10.242485674530398,13.928563696506869,15.095814904035445,15.958850428538824,34.41739702177907
1985-01-01,0.7835640040656787,4.41042653268241,0.7435374430199805,0.9924511867927563,1.6740230162020169,1.5612417456022751,0.2878957106062353,1.3438413282860966,0.3238886086546235,1.2155474213417743,0.7436081413167108,0.8153891697888632,0.6459402138131175,0.9920474399046636,0.7795844198612646,0.4577570494095465,1.165865409256453,1.2884120389055518,0.0669643398214419,0.0094346975208518,0.0,0.0,0.0040013988636456,0.0179782932843415,0.0,0.0,0.0011781385528678,0.0,0.0,0.0,0.4252316152777119,0.3670823067933302,1.1617298175643018,1.474193376844141,1.1799204299850654,1.1391591411516548,1.192059899793592,0.0,0.0,0.0087529908510583,0.0548743091360401,0.0409442802220158,0.5782230218384541,1.098763044960429,0.0654270447309071,0.9306878662407572,0.4795502510840544,0.0165428363814335,0.5983468752600315,0.5840522977846211,0.440527747643411,0.015901290003367,0.0525247098248367,0.5883845619584894,0.2807551323232593,0.0916288372884257,0.2534566017103239,0.4733844639341011,0.0162281556787463,0.0031858288210475,0.0,0.0,0.0368103806728921,0.0444380671003077,0.2159079412206611,0.0677438559181249,0.6875428069156022,0.6248646984556351,0.8694189783361185,1.1187895258524878,0.8924491363756784,1.2015929719961052,1.0837860706479927,1.0058867568631176,0.4954804003058362,0.9125930203931224,0.8127031455758298,0.1776378359175336,0.5015438346772085,1.944462708062018,0.9753781607675596,1.1012979017928428,1.161037316815688,1.1773415633923934,1.0952660894534,1.2066084203175815,0.0,0.0,0.0,0.0001406282895006,0.1367160233318443,0.0234497428553423,0.0734371879676475,0.3689472556860257,0.2918507891343102,0.3384809424236766,1.3727635503275637,1.5705794416465937,1.904251761021821,6.829144758776032,2.4328238820027104,3.3994688531532926,0.1310658940192555,0.2019823660746265,0.2645610416469418,0.65412330591867,0.7512830589545917,0.9636701889705666,1.0848842658540794
1985-02-01,3.1760821323149315,10.685116314156724,4.265642230988903,6.434446667980016,7.484340879746806,9.32024793733062,0.7883424510609206,9.82527573060373,3.4759907529806973,5.816687592754829,5.534291190333833,7.633703777302393,2.201954424654247,4.117469052525487,1.5957437757283517,1.508240214788869,13.423373643980636,10.906444755733135,7.691772545514309,1.754949570850928,6.66121179328476,0.8737089041211914,4.087568968958458,8.689541981986272,7.699057414598462,0.1781866584566229,8.088598605609336,0.9790660497964234,4.67910131329414,4.472065741041097,13.679260867974383,12.499082345613193,8.171607774707613,20.031493923072667,19.97357755136561,19.86526080424824,19.999453904690448,28.394884992520492,20.412289056873032,12.61349364745841,27.058205080355144,15.909970159486369,27.619910961500764,23.991708355536176,10.823117760283338,19.217889908004725,14.761101908260471,10.440313823039634,18.452177725811097,20.577316700043067,11.710134958103673,5.5857205864180495,5.94094047086698,17.92541635592897,14.614472356285418,10.368573157743274,7.846418572748498,14.71675864385252,9.247648705532086,4.51323157097791,27.90598490095507,5.886552186696664,18.79425558119051,10.644065240055248,20.906707219752604,11.852011023834647,20.038701553743067,22.7114252100224,16.033224831729502,17.41020674069166,21.284826041191817,14.733475267881673,16.282705532858646,18.08373371640629,30.920239176011293,20.898886924752016,21.991136968418942,39.45021343104638,27.90112284476378,17.715702973975542,11.962439964963473,12.93393519205675,15.791423975368009,13.822780066270314,17.968986795018548,14.5692276224716,26.51147198100192,25.973364156347117,29.46850598539491,29.28663293452787,27.613380961930854,28.4268618660366,23.548377054285265,18.931491049616504,23.5451263872922,22.97671388955939,19.115761889572568,18.199271070416856,17.427550645162594,8.872695081205874,16.207350008970362,9.825074565925094,20.159128243431944,22.009761633101903,22.32044396311672,22.72848931997035,21.36063943159884,19.732285517259644,10.853548422007014
1985-03-01,22.598577320118466,23.295702889992043,16.27463569070484,18.77475116307452,16.360865899049095,15.976642000915222,4.847394623948858,15.840831725715814,57.40309877974378,30.378812968281185,48.83730337595716,52.11739023628589,48.71381038264238,48.475914437451294,76.48645428810205,53.83818858475972,40.088866022939314,36.37213062771144,64.35197266226805,58.40466771959185,59.62431974998932,43.56754125991022,58.74874719838257,67.0902984063518,65.92464451980042,73.79831118183719,63.600079201732015,61.48745842506855,68.95936553864753,71.37902970537658,48.35267451555928,51.23063786283152,24.935951882167664,48.367056928332325,47.077382651651554,47.581564934199335,46.50189221405079,29.67386325245643,38.75771695552612,48.88698603638307,29.304405863483517,44.893050775247225,32.497747725526466,32.5431157092043,57.83567429629176,45.63098267948934,52.13371806683583,57.22729378661812,44.11072789859104,38.54929246689715,51.66859634197757,49.13095663770064,49.23144456027762,44.56320848897583,44.2687838484053,55.78929380677752,59.943183302261055,46.91967607719175,61.97122038945192,76.93012820390503,27.590297892488948,47.50808873732962,48.19301362863244,51.69804331256025,47.382857412265096,51.04624062521509,60.358205872079424,49.15784292990132,55.45300902393127,56.11172343959454,56.144624310738266,45.09412405139398,37.77537849632573,31.21596759110125,33.0262305555504,49.05068201286761,22.60386528270371,33.8778684895155,26.690975529897365,11.931074122238718,34.32164124119937,29.149256496052686,23.35324486664648,25.534736583373466,19.32927038615184,23.747643640026,30.1309241516559,30.681201986811327,26.30981622360303,28.455448048122083,32.7360759723692,29.418423132782657,36.69787513384477,39.64972758784826,36.31010496849648,37.4349381447876,41.4840324475914,42.95272504911341,43.86880399403977,49.58041912021864,42.74987515104513,28.54154672409274,62.67568499633674,61.61519725854546,64.04536215499208,61.78307848285309,58.63715246878395,54.14800083864217,21.32335362089552
1985-04-01,121.94375211390312,42.433761348026415,92.65902165261946,76.3322565255572,73.54743001565333,55.36116505949279,36.99081379565137,41.118541479587655,60.09702940109303,48.17799536953228,48.27833236241924,39.53960248684572,54.82360652874463,62.75350285610897,58.819469959632855,71.14992754147738,32.510852824113584,40.449704124916494,16.43316146787312,68.09178393983771,12.120722306824316,79.02096485901096,50.1552912729074,15.303254080223663,20.563933203172223,75.24421424652127,24.8820347410163,90.43405573057842,14.034245458751329,15.244910543470525,10.332820057887432,10.553955399595829,55.948607517218285,2.495649345071824,3.480582531362103,3.4598472236743936,3.548696858123557,19.482620587796507,16.435156023513848,14.251405965513914,12.48299190462662,13.722164177353651,9.790073992518488,8.753022377423498,11.500329133732432,4.883215130621252,8.407243850782201,9.81629727130727,9.05669646349222,11.343333317258118,6.162362427796703,15.684450098304607,15.00299723591382,9.02153392257946,11.834952440840306,12.397653806339717,12.09912365673456,10.115547506054924,17.1397493368288,26.75423651607051,19.207551006574292,18.374838644952327,4.237372475391052,13.66778254267246,7.217600798312008,13.022606928147471,3.3647779129486377,4.542317144089846,17.33706609691855,15.16573184301555,6.4663916059033015,22.913963312701817,30.331737436359088,27.41497279285559,26.48697676857656,13.722419932735743,22.27108468577025,25.735841918259503,21.62817182042339,25.473654179324612,28.06168890229221,26.19377828251316,23.254927852025062,24.703818918565503,22.60644415687297,24.2864367583404,17.178692921586926,16.68270264670204,16.308515859403798,13.428456120175024,7.14042467450498,11.96443432449876,4.931214537268829,3.618203065489701,7.750606760506654,7.18785000428842,6.084917040205825,5.52191678580558,5.74544563002533,14.000010244374192,6.687206911932068,14.10815728730372,3.5902978973039525,3.1413818303342675,3.5043867878708297,5.975861902399187,7.750294574206257,9.321726563870772,24.24673592454478
1985-05-01,16.74724324104009,1.3289867377441529,52.02765601344196,60.38327090695371,34.51200289311624,49.828557523903406,174.6316623045434,69.21815782142772,1.0108188221331886,37.67639444028848,17.68476351557114,10.13338679859046,38.8062949932668,1.1365806793584143,2.046716984590115,15.34736766656325,4.395400319024414,20.198009559586843,0.1470521618482032,0.2080672099601949,0.0004130270307995,0.114242740688256,0.0919412501462153,0.0075460574558188,0.0119243359117905,0.0056074497751212,0.004855012146813,7.269523746286607e-06,0.0,0.0,3.149569793083646e-05,2.853797890448376e-05,7.955645185014544,4.505001399397044e-05,2.841012180438713e-05,2.827617301246105e-05,2.96248625028682e-05,0.0,0.0,2.677607617550064e-07,0.0,2.104759273921378e-07,0.0,0.0,5.222153949721729e-05,4.277067837854415e-05,4.496478566659535e-05,4.918447067707359e-05,1.3478029858654424e-05,0.0,3.268356456212636e-05,0.0001503827919471,0.0001418237907816,1.4712163041454024e-05,0.0,0.0,0.0,3.448651665772196e-05,0.0557713839772359,0.0131204386808189,0.0,3.33928624185285e-05,5.570553715863566e-05,0.0006362931148742,5.587935447692871e-05,0.0005659356548645,2.4927983358335323e-05,4.301926539350053e-05,5.587935447692871e-05,5.279462748631856e-05,4.2450384790185855e-05,5.13647656140576e-05,5.350625142684328e-05,5.510815793150021e-05,5.585035851946093e-05,4.688210673887928e-05,5.587935447692871e-05,5.32142629911897e-05,5.587935447692871e-05,5.494272680844766e-05,5.333263199039319e-05,5.411483917753218e-05,5.566863788624193e-05,5.41100898007949e-05,5.587935447692871e-05,5.451568708468658e-05,0.0,0.0,0.0,0.0,0.0,0.0,0.0,0.0,1.3983506586376894e-06,2.0238751358101124e-06,2.24152230626971e-06,3.750422282354861e-06,6.049830924922738e-06,1.7319993938816862e-05,1.0739466492011318e-05,5.587935447692871e-05,2.515259283746668e-05,4.291256346396385e-05,4.575118550039048e-05,5.126030040346573e-05,5.1952523546806216e-05,5.255589028404288e-05,5.065977296608262e-05
1985-06-01,3.053118668042353,0.1016588050100091,4.261066134352628,3.75867204228852,2.793149338554825,6.80403807940406,33.905027730164804,11.30022530582113,0.0,6.155708063909839,2.862307761101095,1.6003796407074533,13.63741062212388,0.0,0.0,5.154045437395275,0.0,2.7231748199819967,0.0,1.451673039167666,0.0,4.0733727473297865,1.0558654019794402,0.0,0.0,0.0094081235052794,0.0034162339429141,0.044028762201853,0.0,0.0,1.373580801551194e-05,1.2041770503879516e-05,1.4921518922948125,2.3255013016829758e-05,2.0387909658646663e-05,1.918000643228921e-05,2.113141239996237e-05,0.0,0.0,6.325909016743064e-09,0.0,2.533853060811708e-07,5.4823603257229875e-09,8.168529068031718e-07,4.360564988471291e-05,3.804917981805316e-05,4.293578082443675e-05,3.379427565384729e-05,1.113959039444414e-05,3.779541711231704e-06,3.1090381501280384e-05,2.913904071092893e-05,2.929354197658181e-05,1.2445512460267206e-05,3.0093646817811106e-07,0.0,0.0,1.4020042212300829e-05,0.0,0.0019912895451188,0.0,2.162685410735237e-05,5.033500683986069e-05,4.363395756867628e-05,4.607524458736937e-05,4.4101786680912e-05,0.0,2.5422558911102385e-05,4.2556388121872766e-05,3.0466448417175004e-05,2.414263981799357e-05,3.091134112356973e-05,4.919177795314172e-05,4.759081056440942e-05,4.891829418268574e-05,3.079736871724705e-05,5.580273388613538e-05,3.989873010035435e-05,5.583487512605708e-05,4.4223977922401816e-05,4.452211467246057e-05,3.964277089527571e-05,3.972892273530283e-05,3.9961098325992495e-05,4.805224714410391e-05,4.169519323873171e-05,0.0,0.0,0.0,0.0,2.4220008750378143e-06,1.843626897476759e-07,0.0,0.0,1.0974937375383306e-06,1.191914454273823e-06,8.643078268782581e-07,8.523307801407802e-07,9.747260790234762e-07,0.0,1.036848886404141e-06,9.582103715801503e-06,1.6772563032304073e-05,1.3273292358241476e-05,1.947237842353e-05,2.56076217974507e-05,2.703988641476497e-05,2.4815064720955963e-05,4.899845767909176e-05
1985-07-01,0.0,0.0,2.2457541029956706e-07,0.0,1.4661653046007837e-07,0.0011164902081246,0.0076631024548789,0.002281567880833,0.0,0.0084864676179039,0.0039460744198501,0.0022063375777352,0.2285449414579284,0.0,0.0,0.0861711300473693,0.0,0.0009907494947683,0.0,0.0,0.0,2.0499908115515303e-06,1.7028596836496254e-06,0.0,0.0,0.0,1.3302975957890132e-06,0.0,0.0,0.0,4.622224673981023e-06,4.158169370959964e-06,0.0,0.0,1.1652362107625337e-07,1.300579455155174e-07,1.2403929389817953e-06,0.0,0.0,1.2651818033486129e-08,0.0,9.945083500444061e-09,0.0,0.0,2.067521287999721e-05,2.6468717152067134e-07,1.070950794042913e-05,1.424747744373851e-05,1.1556762760827936e-06,0.0,0.0,1.8210090132854597e-05,1.701974998776106e-05,1.5348920858544732e-06,0.0,0.0,0.0,3.964376914852963e-06,0.0,0.0,0.0,2.717102786069547e-05,3.170296889261098e-05,2.635270441522589e-05,3.324027370970724e-05,2.8652882926917013e-05,0.0,9.294024292307458e-06,0.0,0.0,3.151779588639216e-06,0.0,0.0,0.0,0.0,1.9453056444818148e-06,0.0,0.0,0.0,0.0,0.0,0.0,0.0,0.0,0.0,0.0,0.0,0.0,0.0,0.0,0.0,0.0,0.0,0.0,0.0,0.0,0.0,0.0,0.0,0.0,0.0,0.0,0.0,0.0,0.0,0.0,0.0,0.0,0.0
1985-08-01,0.8466988388815023,0.0123273152577114,0.3470138409292955,0.0002879457104442,0.2279178707176087,4.609868040411687,26.23391719004192,9.208364578692365,0.0,8.29344153565371,3.856320317221537,2.156158828619868,6.900647756242434,0.0,0.0,2.601835026454351,0.0,2.1446812394363866,1.745247841629334e-07,1.519101543367079e-06,0.0,6.560302645920366e-07,4.144261151218953e-06,4.965088766797658e-06,0.0,6.450536330621057e-06,5.856718105726256e-06,1.1695347997454775e-05,0.0,0.0,2.309904620043587e-05,2.0430307540133604e-05,0.0,5.655919902755573e-05,3.688253825390995e-05,3.8313708546577046e-05,3.795784901225021e-05,3.6451765490661514e-06,8.26452977653855e-07,4.918155010535669e-07,0.0,7.513196076706279e-07,9.37972412582362e-07,1.57735939934437e-05,6.89469412526898e-05,2.7284473950907154e-05,4.814574156028584e-05,4.836051164650664e-05,1.8011639654254403e-05,1.1967729250874732e-06,5.507648685072927e-05,4.78545993844002e-05,4.855906168899231e-05,2.033816811761043e-05,0.0,0.0,0.0,2.374730674935268e-05,3.900683421574023e-06,5.397871215417666e-06,0.0,3.793733300330214e-05,5.672974220848768e-05,3.567583110301215e-05,8.086736862703876e-05,4.076565972964719e-05,2.674135429090871e-05,6.751277996933349e-05,6.094175071702941e-05,4.335423693110332e-05,4.358733432261029e-05,6.471575705609761e-05,4.297648621343696e-05,5.449542291839797e-05,2.779225384123832e-05,4.571284025898708e-05,5.909799721534053e-05,3.448534069194116e-05,4.5434560733130886e-05,2.530721605594444e-05,7.64499960576775e-05,7.305398969464452e-05,9.361505862731212e-05,7.549806944060989e-05,9.467631513595192e-05,7.754448744565752e-05,0.0,0.0,3.688485026137333e-06,5.699960589411725e-07,2.4220008750378143e-06,9.080678380671056e-07,4.2714479471193243e-08,3.4492045830200376e-06,9.931230871303492e-06,1.4221067312044828e-05,2.6852389992173168e-05,3.256190176742562e-05,3.7190979129041695e-05,7.223102540837075e-05,4.127498180930222e-05,7.718682575382442e-05,3.158407369434285e-05,9.00271175502479e-05,8.059163576282584e-05,7.502445732310655e-05,7.390350215636819e-05,7.378326643924684e-05,6.894422555665653e-05
1985-09-01,45.44603636162767,19.253482213706494,50.86709315831519,54.87277348709164,38.16881925705102,30.703577034372188,42.46445931499129,26.02946881715458,6.591212208144124,21.67936180912524,13.086812902015886,9.52301353304362,12.8166280132839,4.7095719234981726,1.903802525016452,6.106334471540092,13.482635787265862,15.260178635379324,4.547953100600773,2.73562445376026,0.2240664521404282,2.725955234028804,1.965131531407157,0.9952068425067448,0.388776853786607,1.7182771879922356,0.5776122322239593,2.3169304198909746,0.012381754173838,0.0083017089138283,0.0554269506960846,0.0531101848868647,50.354967098406,0.1692218333424544,0.1884738644918377,0.1894800221290501,0.1946614920101826,0.081891378021016,0.0498476284264285,0.0269981746248611,0.0083418105919269,0.0239616704383662,0.0190276349118944,0.0277527511970793,0.1046489194275046,0.1051446680132063,0.1080383071972575,0.1207873057286809,0.091176906362002,0.0047803248009173,0.0523011927635632,0.0168978827212787,0.0168324259972287,0.0844126795560148,0.00262927735847,0.0031556745966084,0.0034984660116765,0.0620055004756695,0.8718243679145933,0.9146144048168152,0.0361065096105037,0.069018320857508,0.0179703125506382,0.0374654252213914,0.0023546349652678,0.0330192707259468,0.6708832158432784,0.0012483763398675,0.7475895005106058,0.4494446255815161,0.255825087232819,0.1425322303827897,0.5580769602280433,2.5237237708794016,3.084795770975554,0.8012099949997148,0.8484616562210054,0.7861409284672685,1.8705004686500155,5.624767077107835e-05,1.353939162897004,3.201731018970273,4.486896066685445,3.5165432274372423,0.9995103916118232,2.877813378669959,0.1001836630005992,0.0911608763324639,0.0991985570125156,0.0761559956340212,0.0283017332628379,0.0672774788018538,0.0934453494429088,0.0569799158722374,0.1323095978915104,0.1463715593522465,0.1104679319105134,0.1077067472217486,0.1117259458778295,2.010932627722318,0.3786269667486637,1.0077153086157518,0.9700697017226604,0.7716298231483669,0.7662065966362123,0.7959529404002107,0.8305961013211702,0.8167706998495925,4.891681075207556
1985-10-01,27.194441649375765,14.926921259538505,35.67977701548672,40.82218269848061,27.594639106287232,19.730662428800443,16.470986772856314,13.679567423516458,4.403847918876779,11.918920783616556,7.229339073202449,5.56539368049334,8.771126599201743,3.2561660809088324,5.1933309037828765,6.626102840621344,18.64233989927082,10.86352493668296,12.418184711272405,7.554127506375376,15.185936647880292,7.352777060041123,14.096894066462722,21.415090944413247,26.296040773611956,14.682580312852254,22.1918099172934,15.680632942802552,33.95651035101325,34.54020525384627,14.580307820271068,16.50651895529696,32.478624759403715,0.4676272719044413,0.4693165058686251,0.4805209771028046,0.4767750177791553,33.141927383921235,34.265803164457154,33.60389659828185,21.547397049116498,29.270720099603327,3.84393235629791,1.680005165882721,0.5373929725254717,0.2355985719017354,0.3973058656497744,1.0077073806205026,13.647719606465676,20.16247624520293,1.514664714287688,7.375895059542527,7.07833129743064,12.798447983355112,34.77964131640809,39.059483250107874,37.89457407461448,13.34854229645898,23.120299100442452,18.250248414107062,34.69442800095678,27.693258706874254,0.286565429050897,1.3090898960833297,1.2155868228441238,1.2708869936166298,1.6861910236815585,0.7368441545764788,3.134705967977783,2.571614985049303,1.3774006289084102,0.975928191024312,0.1393951055151925,0.6056846105736317,0.8214403109891338,1.1346087195816703,0.2306242783209516,0.2336886970734194,0.5267278188554269,6.138604902493993e-08,0.7902586864843325,1.0715820502257036,1.106083860008634,1.0278165519383426,0.2373828434985033,0.8315968017528208,33.25016826836061,32.92473006510845,27.450211339374206,20.074055335478,1.136371599154442,16.474164418236178,0.722472776468634,0.5154098017985196,9.551084121752965,8.848901908689339,6.725120434854271,6.05601350970495,5.680721114684582,3.2908118345475685,5.282522254019591,2.2987990558415774,2.111486235613566,1.859087780442298,2.0146344932349827,2.3539686035726777,2.40520311356943,2.332058433502579,1.290574935962962
1985-11-01,3.0225200905196514,3.0510733447521123,2.991990642730646,3.790958730149359,2.655756642125407,2.280610388154564,1.3449362582319944,1.9661916790044676,1.7446064741442462,2.422936893213052,2.047533907157824,1.638642844127752,1.2582690751140513,1.8222910241695316,1.6352100277408772,1.0313695010862296,0.6488318143525454,1.6616015978096916,2.978181321591221,2.657650759444925,1.1945211072538902,1.434350773996261,2.210880374743511,1.5608780912241924,0.8813676423599606,6.119813496682999,2.065108344287483,5.040468925369941,1.9718216718069232,1.7279801106121693,0.4908572985156623,0.6337968387686229,1.6336781249148262,0.8051839833012864,0.4350280699723002,0.4567039694286294,0.4226534398057681,0.0102129204580035,0.3019333847794852,1.081138668002548,1.0260832282146697,1.0301025481873187,0.5583297185089912,0.3824392579388191,0.179927243609006,0.1762178048142662,0.1754413518813553,0.0529654780459316,0.6594691952607102,0.7252424572917889,0.2299922611179431,0.1126414474582249,0.1287686915063057,0.6143886928134243,0.985611469565169,1.248107938202984,1.026340317309545,0.5244816003262603,1.1696409905364489,3.159714289348873,0.0290507043099048,1.749675003901746,2.038129451547789,1.9877550668979824,2.6717530449643827,2.1091218853469647,0.0491278359862382,2.9886816851943143,2.711488883261968,3.821840475967739,2.521836965161701,10.734294670664395,22.1575135726618,26.955163901543017,27.0240874832938,9.771895491333614,26.94131459297637,26.91281631853854,29.40693656015745,9.67448591169002,12.656187755847652,20.90370988721811,30.620956846550104,23.907628540380934,21.84613138031223,22.95231015724766,0.1885423692709137,0.2896786214489412,0.0923635803988971,0.2210693608092357,0.2706604157147463,0.2118332102877083,0.152869533397423,0.1246971372249542,0.1409121366536769,0.1294556470233116,0.0997950700735627,0.0890252451691207,0.0947107783842099,0.0128283198390033,0.2393807991034005,2.8118233360509666,0.0010308580843503,0.0010586561480313,0.001998077205092,0.2098827751322012,0.5907189829983375,1.1244296483958396,26.531358981089674
1985-12-01,0.5762815469058848,3.970596358310466,0.1496642923626688,0.1108737326227155,1.2217246805195865,2.211059911108786,0.1638336377291836,2.742077630419941,4.833472546682451,2.1516427859118803,4.403761422484965,6.136039640005526,5.7712254219876575,6.463176456001082,9.934441355123232,6.115891294842347,0.0052271991246702,3.786302073899308,1.6980296252408085,3.018196776532025,2.8182788091843816,1.511863827979562,2.635828172094752,2.8197284085572494,1.623260862174665,2.262823827255949,2.9719896591695,2.2538526604288,0.189668819956763,0.5392222312306216,0.9475888301598896,0.9261484603312772,0.0021074525936478,1.1130968932420815,1.1462409898190915,1.189651594322336,1.1872248256723354,1.4157061558543964,1.9167691332474424,1.3471926375036667,0.9997614237687448,1.379777022320755,2.503388562277814,3.143662978985569,0.0,0.2309858490066397,0.094975012567959,0.0,1.3797727511753184,1.6700179184065187,0.0625922877070666,0.0002764909310522,0.0043971102771219,1.2787461286854132,2.1344797159460827,1.169830829434921,1.6704270918276525,1.032090188243298,2.247797293737125,3.524386809433305,2.819889479762191,1.0354052796434026,0.0,0.0002297185052513,0.0383962713838264,0.0066074572880268,0.5354771512592709,0.0831267325248506,0.8195132261744366,1.2949540718007382,0.6818585315077621,1.6649456365799098,1.8795414422774288,1.87405559110817,1.006335567438415,1.02139737465851,2.008279050050511,0.464374079309326,1.2460709505881835,4.479933613418485,1.5239156957367896,1.9835197889120904,2.356605726409184,2.3167263405633625,2.729964517620604,2.502317946735195,1.5644718102320896,1.5566028758904331,0.8539060019587282,1.1987182436434378,2.304885028487695,1.3912137756337968,0.9626114553661648,1.0964181354905018,1.3199461305485152,1.2917665156889802,1.6664409019940007,1.7410479846303688,1.8636332187652036,3.885118074212597,2.1589130043622293,2.298106371332445,0.0030071379232678,0.0173381865164792,0.016779245846855,0.1910686181086008,0.3107656593768801,0.5293392738942044,2.2581288591835467
1986-01-01,12.37139738715348,16.82577779324815,17.018874189114403,23.20782674954712,17.7814926462973,12.248384622192171,1.4349858020253907,6.832935828524697,5.447213934803336,5.683992770935207,6.112805621545337,6.585536234548666,2.664542238518233,4.449898312465111,5.452793854867691,4.24600337696628,8.569036869105528,12.67158622398168,5.003237585215131,4.248110503024716,7.99167572173992,2.55264952992109,4.7213541649278925,13.486063167706243,4.048455279611488,3.5439913217231984,6.072047949091254,4.965449673569263,2.999057761649557,3.383007854332828,5.1710592732955405,5.149363969933956,31.78155645893212,9.007547797219598,7.429923986393381,7.47984365154419,7.513387203375303,3.0508193628706093,3.4769759954576016,3.364093112489296,4.63050724767133,3.989014137114226,8.588753646979953,10.08856869871397,2.515307978397137,5.50587940992242,3.8068253969636183,2.6736264488643684,5.855351093845346,6.270579891644986,4.147135411675837,2.495356124639367,2.63825089785372,5.738204669220385,7.027029377099453,5.091080192553994,6.666239998826788,5.262260906288254,10.704293576124485,8.924255328653269,3.984546500380565,3.378372057486006,5.236365779094545,3.260666026978684,7.696643360768596,3.815736739313892,9.184589019647964,7.078637417802041,8.062118474119227,10.269042164371005,8.740360906980932,12.047967917688911,13.864206526691603,17.049849938972326,12.975185026233472,10.793607811547364,29.68197379858357,10.234323542560842,18.263457080377265,44.712397490075006,10.99454254303548,19.55423482858329,29.14198655377077,25.341545505829345,38.71829835357383,28.635403902881844,3.3306423183913734,3.469426818269503,3.229880157739075,5.268976540745469,10.760423822244205,6.344039141072823,9.503700878890886,9.465080023333414,6.699291898953145,6.447543667917065,6.640758342655818,6.184410521475471,5.97498795336303,11.337499252047357,7.641316605069855,13.920429570021405,4.355240684929381,3.435097778715579,3.809932099648283,4.195436002588847,4.654891626168112,5.569190735622664,22.55126545410361
1986-02-01,39.876844072431545,29.27031707524969,41.84801212505729,44.22711521780267,35.72000199700232,25.342520706146225,8.716041326984962,16.792976222984823,23.84355978993981,20.93172570441955,19.928006359280555,17.831206254117504,15.347439003053031,21.45291719891721,18.031739560184903,14.997890373043264,45.08442784881126,23.09651432517252,18.39696832974874,11.418930076680384,3.0015727308614224,1.5747474425289272,9.262164897176232,27.10745655339458,13.814084448278534,10.20575892674307,12.171089556080725,9.775920749151176,2.737287860006889,2.175362335118398,3.958408486852907,3.678326914290507,53.73985970918495,7.468533145072542,7.227063178779328,7.382811524456916,7.242153735324786,9.24828898059008,7.459773032012812,5.409022840647685,6.128388633519517,6.002923542969565,9.13717533136969,8.8506122250009,1.5288693064729362,4.558123620209169,2.858733787474269,0.830984785974006,6.459408612257335,5.340937151670642,1.4828773789606542,0.0448250214276173,0.1234868151144166,5.914177714130915,5.966520676781012,4.269515667750427,2.736193019957183,4.4172149110117696,23.60114574526781,18.243481909919986,9.93820740971231,6.349645235306155,4.274105089103738,1.1081883711558669,5.677889860517055,1.5801440869075976,10.962484920256609,5.879331857785568,14.085008439061465,13.875005749734004,9.07389037222131,14.875250840300655,16.068001351539834,18.874568562695348,14.613670309268516,11.74492635848327,27.437343487498637,11.13985970657897,16.56425829024284,28.107866279343185,18.79967683800284,21.78052171194461,26.318528633935173,23.10773256651608,29.852473335063983,24.388347681078294,8.669847804059948,8.362650102266425,8.888324613748892,9.266719199429309,13.463359801431269,10.197561518696531,14.9000938011392,16.00734787371268,11.57285455559226,11.497116910237246,14.865870046139309,15.272289780193724,16.69442658377277,60.95062812698845,21.397109864372165,42.6051515816901,8.54274182456151,8.840219715290477,9.771531401561251,12.569314195394972,13.940494593738412,17.517000959952,30.362871957859245
1986-03-01,37.38602021944399,7.957011005661132,31.31094228541184,27.53420362020081,23.982711999154223,16.11040846703598,6.695939119336408,9.611062016499863,32.46899561230728,18.055049027772647,18.79229162232585,15.537743728512734,36.967608632185446,28.92723494151161,29.471139663091886,40.160316682073486,56.87207257839304,19.6596797318199,64.95020342528267,63.63446350053623,63.72149513680009,64.899852556543,61.77591007001893,21.238794620146933,60.37181359047013,54.0377704699808,55.93727602566505,54.50015687501738,86.55776605166074,88.12488581234089,87.79099389860147,87.70401764539261,21.778424183703244,91.9149082729486,96.19210171284703,96.44497203332423,95.4259625223265,90.82071787867037,83.51595618567019,81.0432576950169,81.7210318443857,80.80206573510135,80.61830431061739,73.3642152882948,105.66601519401192,99.52131019090784,103.37639247428936,100.80654974061656,86.98826499689902,81.44735646126652,93.55881287919766,83.4467102438886,83.9540335963009,87.37049884623482,77.83613492644281,87.99630313415506,85.7893456750681,87.00107139603011,31.466710732132054,34.423412511255684,84.72602996823856,70.57691645436442,103.71655191405152,96.08491312891243,99.5580373311711,96.8810877245814,114.66266297198504,99.93979957682036,123.48567032005452,112.07457083381978,105.11908696723528,95.95668963618886,76.40295763161333,67.10202663886207,79.08933385649594,95.3306453063907,40.61523666929213,84.69941516610245,69.53058836146076,18.673691540736208,90.12256477264664,67.69878813444417,41.92900829556076,54.60151511328916,26.280201371294808,47.889995370096045,84.26105782008618,83.87683094891341,82.20054765376443,81.05498421222647,74.46224977765755,80.16465214527688,83.08716818722972,84.77973163501528,86.30343270824486,87.43631975240866,88.79283849852014,89.4337876693157,89.60014093480707,60.72867044975233,83.66919227291517,51.61622638051327,119.106171359913,113.86994178648712,114.8867439374562,112.87651191501632,110.08801721962293,103.32176454989133,38.62454988620964
1986-04-01,31.242260690296813,13.729721666846103,38.216147401821,38.74086232984631,29.19248390658933,21.32093460976837,20.59810599358464,15.382760422427914,15.998875404085776,15.996063301076804,12.242434035151218,8.49010386480774,17.35992556657928,16.699506780335895,10.115666845294768,11.824899920611418,14.686625599034404,12.11659475553446,10.188761839239058,10.831613985070693,19.98588115061031,38.32943521773111,17.98154221383225,13.491332552337056,22.51195925655315,11.479961407865868,16.964002852105097,12.433735087146845,14.884249656246787,15.609700014643664,15.817757093199187,15.707293016105242,23.94836468055653,9.061167706099138,18.454533581744787,18.61678332042805,18.668055440726683,39.115522714598086,28.121633503367363,19.09825948734255,20.877376780371044,20.44615922166371,30.257909874271544,26.69018644018639,22.66844492542285,16.711491902862445,20.00727052942184,18.581342603064968,21.049288508969237,16.90984983923945,10.810953859232075,10.239807474433745,10.073712358767112,20.10962040566155,12.795231495509055,12.721005070338563,11.247451315460744,16.68834597923554,15.797516585501532,13.62984525182846,33.026429914479294,19.880603182070026,12.915059949610876,29.19212096197625,8.334247651206502,26.7322045697158,13.455363077701572,1.4474057146060937,1.2870925179548622,0.7611680481075072,4.2352725704681,0.1317617249348669,0.2001026736308222,0.4259477499671764,0.7964808468347966,2.759331552068547,1.6622694078045648,1.665944418026814,1.8631508445539235,2.1401828683684374,0.2387718440483345,0.2409150673726029,0.5892033850454709,0.4305729671252647,1.358027403072175,0.6542993805774848,31.60967117089858,30.201777652039187,31.965433044043717,32.51682988562989,40.5763577670356,34.373238202500964,49.14178015555923,48.96782665335304,36.800476428749576,35.77346889410195,36.55268240161816,34.494594916448314,33.23294176167763,26.619825483744844,31.659083625686787,11.285520265584012,19.86629836548472,16.967435807436047,14.788085972894317,9.864024160497191,8.743918118165261,8.164616153498207,0.0514584371402137
1986-05-01,42.476642648180295,16.840966188299035,52.086477934188096,54.42836047365685,37.49424870379275,58.18803172363551,180.8694326810486,83.29807405497314,53.05033915095544,76.17839531121085,56.70845202519256,40.63579075779642,55.78286556202172,45.16376659280103,21.44494170384341,32.0484814962441,61.53024915312294,38.84005826014072,31.043925685834715,16.94151460152919,4.503686840820505,8.854039920139188,12.115243509824312,18.12581178405026,13.169212525829725,19.158877366515693,8.940210753254997,17.086392205450377,0.6673674224002974,0.8946452956094785,0.2026378938833757,0.4120967689200203,17.820859230966228,0.0,0.0005979274070358,0.0006570645932054,0.000555493450562,0.0247681408304777,0.0242059177460745,0.1222540401046654,0.0005321501194663,0.0969998234609145,0.0004443969192861,0.000631225661046,0.0337758416483566,0.0008565589820779,0.0179225169998272,0.1253468283477422,0.0451028990972932,0.0031905503556895,0.0744180142428499,0.3080212701761704,0.2890829994749195,0.0449853126895695,0.0166722961784332,0.0844427397784686,0.2703705859128985,0.1022529053388275,17.752395741395198,17.074494767994484,0.1167798059321858,0.8457673125099557,0.0001242056432981,0.0474579834992191,9.36901132954424e-05,0.0416425378811045,0.0,8.940943259184527e-06,0.0,0.0,7.009910414118261e-06,0.0,0.0,0.0,0.0,4.326577386645184e-06,0.0,7.213464932359691e-05,0.0,8.218850442435895e-06,0.0,2.5897031946967e-06,3.081213467553909e-07,2.433784060041822e-06,4.472877136718257e-06,2.9449428206704192e-06,0.0088791695636439,0.0078805545506987,0.002296730463561,0.0077997574752573,0.0096029998804456,0.0071181319535014,0.0016629717504716,0.0009995824402224,0.0041787338749389,0.0038381912779005,0.0027837184395158,0.0024460603462866,0.0022074721820198,1.2881451040037572e-05,0.0019030312416712,6.078182582555267e-06,0.0,0.0,0.0,2.6124126134160923e-08,1.1052499537645966e-07,2.403008450817215e-06,2.434666798310672e-05
1986-06-01,0.0086990566702898,0.0,0.1369745046302607,0.1726012143432992,0.0894253142122216,12.983673673351865,85.19452510047785,26.450566375853526,0.0,11.006242779866412,5.117730373549445,2.8614365533797783,29.197839817894064,0.0,0.0,11.00881644569406,0.0,5.141756527802861,9.307775176556565e-08,9.398671868545232e-07,0.0,4.850188184625255e-06,3.232676917941009e-06,3.857932654519085e-07,0.0,2.06273934685704e-06,2.739194288101754e-06,2.4050227021901367e-06,0.0,0.0,3.053064047216125e-05,2.675950577708444e-05,0.0032922736049998,5.408534172245397e-05,4.85480826984744e-05,4.903182434726681e-05,4.8591521509514205e-05,8.164741125691577e-06,2.401617944542973e-06,1.5836157509063495e-06,8.090203383799974e-06,4.0295939145034265e-06,2.4519671637013333e-05,3.2183544843404605e-05,5.310978585904675e-05,5.522880547799756e-05,5.425520110120346e-05,5.587935447692871e-05,2.658721100739013e-05,1.3799005310002635e-05,5.577369247898219e-05,4.967306430531506e-05,4.980567250393356e-05,2.8228796175210343e-05,1.6161762576616006e-05,0.0,2.3800786544452854e-06,3.043009137965117e-05,2.573128724414923e-07,2.4080409804502955e-06,5.6621103131037785e-06,2.3501685451083023e-05,5.587935447692871e-05,5.519004876689236e-05,5.587935447692871e-05,5.526854232296316e-05,5.587935447692871e-05,5.587935447692871e-05,5.587935447692871e-05,5.587935447692871e-05,5.586904129991096e-05,5.587935447692871e-05,5.587935447692871e-05,5.587935447692871e-05,5.587935447692871e-05,5.587298909480061e-05,5.587935447692871e-05,5.587935447692871e-05,5.587935447692871e-05,5.587935447692871e-05,5.587935447692871e-05,5.587935447692871e-05,5.587935447692871e-05,5.587935447692871e-05,5.587935447692871e-05,5.587935447692871e-05,9.832027132567093e-06,9.065014911812423e-06,3.2021280532167406e-05,2.5724624631005387e-05,2.9274090820858237e-05,2.919307555451109e-05,5.387261801696838e-05,5.481142622836058e-05,4.071482704316271e-05,4.195631561623564e-05,4.578316727315936e-05,4.7007809574103006e-05,4.7874414043505735e-05,5.587935447692871e-05,4.898621768688211e-05,5.587935447692871e-05,5.587935447692871e-05,5.587935447692871e-05,5.587935447692871e-05,5.587935447692871e-05,5.587935447692871e-05,5.587935447692871e-05,5.587935447692871e-05
1986-07-01,0.0144114741927809,0.0001485301577722,0.0205094563935407,5.288748273258826e-05,0.0134062840276799,1.3501835739349393,8.769628008793585,2.74678758136758,2.2424313930795683e-05,2.552819056801013,1.187029492393612,0.6636971535057296,5.221504133599227,4.1555461973411305e-05,4.857513008132279e-05,1.9687566187693333,0.0,0.6371663090876198,1.1985042498925894e-05,4.264387231247243e-05,5.587935447692871e-05,5.522332421233668e-05,4.431779067264467e-05,2.0493547080569016e-05,2.9555975110449923e-05,5.4061077484602925e-05,3.813483631177571e-05,5.231691073095294e-05,4.89959857529105e-05,5.587935447692871e-05,5.4633800695600667e-05,5.46645381349792e-05,0.0,5.587935447692871e-05,5.5186217108063295e-05,5.510541726949372e-05,5.5236571594483006e-05,5.453667155454577e-05,5.303959786474354e-05,5.302789442564486e-05,5.587935447692871e-05,5.363793682192246e-05,5.500579429914585e-05,5.587935447692871e-05,5.587935447692871e-05,5.587935447692871e-05,5.587935447692871e-05,5.587935447692871e-05,5.4646049133593066e-05,4.2260318116768616e-05,5.587935447692871e-05,5.648875452669394e-05,5.644891983403919e-05,5.390364581259227e-05,5.430945465094176e-05,5.189154698980879e-05,4.689467864152003e-05,5.408696001885379e-05,2.068783148319638e-05,3.544755134532382e-05,4.270919413998622e-05,4.40044466399598e-05,5.587935447692871e-05,5.722470289624737e-05,5.587935447692871e-05,5.735539694658484e-05,5.587935447692871e-05,5.587935447692871e-05,5.587935447692871e-05,5.587935447692871e-05,5.581999942606949e-05,5.322841799878559e-05,5.556541270940017e-05,5.5777345631289605e-05,5.339190434994582e-05,5.494011374553718e-05,5.587935447692871e-05,5.5685102489769485e-05,5.587935447692871e-05,5.587935447692871e-05,5.587935447692871e-05,5.554284561265525e-05,5.482067570610275e-05,5.449257039540519e-05,5.587935447692871e-05,5.481048543909401e-05,5.119958868339965e-05,5.181572083950972e-05,5.587935447692871e-05,5.459261739622069e-05,5.587935447692871e-05,5.483164953159054e-05,5.587935447692871e-05,5.587935447692871e-05,5.428805371737715e-05,5.409928578495431e-05,4.812031099704484e-05,4.869202600928789e-05,4.869300553407512e-05,4.481202824459943e-05,4.919042529668959e-05,5.587935447692871e-05,5.587935447692871e-05,5.587935447692871e-05,5.587935447692871e-05,5.587935447692871e-05,5.587935447692871e-05,5.587935447692871e-05,5.587935447692871e-05
1986-08-01,0.0,0.0,7.52580455707214e-07,0.0,4.913304406776931e-07,0.0064501096359245,0.0405738914801659,0.0131812471373778,0.0,0.0712370647084302,0.0331241184728135,0.0185204280355912,0.4218885890341636,0.0,0.0,0.1590697782273419,0.0,0.0073396199478784,0.0,0.0,0.0,1.1997596020753446e-07,1.5491731546079231e-06,0.0,0.0,0.0,1.3930201441314077e-06,0.0,0.0,0.0,4.829416549147752e-06,4.3102405200266174e-06,0.0,0.0,2.8686810885307684e-06,2.707415922216832e-06,3.3230099757889312e-06,0.0,0.0,2.203592796144251e-07,0.0,1.7321553551129989e-07,0.0,0.0,1.529172917866925e-07,5.300208606724885e-06,1.71217554516519e-06,4.4553089709718505e-06,1.1257714502975382e-06,0.0,0.0,2.1310223515263655e-05,1.9917236749900604e-05,1.1226614225464164e-06,0.0,0.0,0.0,4.168963801126981e-06,0.0,0.0,0.0,2.6264584431429183e-05,2.185956058955216e-05,2.2575066251267425e-05,2.3980898558387e-05,2.4564787872465705e-05,0.0,5.60030198317724e-06,2.617426870182968e-05,1.5616220387684184e-05,5.7517334702219065e-06,5.691958333355139e-06,0.0,9.350215666054215e-10,0.0,4.0222802879555054e-06,1.2709063542032936e-07,0.0,3.631688466399364e-06,0.0,1.379569852171675e-05,8.019849502593868e-06,2.107165906867781e-07,5.328877059300639e-06,0.0,4.107252001952998e-06,0.0,0.0,0.0,0.0,0.0,0.0,0.0,0.0,0.0,0.0,0.0,0.0,5.274532025186868e-08,0.0,8.284402004133787e-07,4.574069562709756e-05,0.0,0.0,8.561351164268406e-07,1.5728855283015427e-05,2.326916294061109e-05,2.605372794112256e-05,1.868609825296204e-06
1986-09-01,36.18486326868793,12.565495141195,25.47501604593347,21.078541224631035,18.43949884747446,17.405372228702017,28.59769691733151,18.283032477059216,3.809956247202148,17.789206159554265,8.986695106542326,5.572754722976441,9.844760386944282,1.81336588985868,0.2015443467959574,3.770677602962769,1.5795312343134624,7.6861461513723,0.0500654142429164,0.1084348856194687,0.0,0.5705833917841939,0.1272636960467419,0.0,0.0,0.0,0.0,0.0,0.0,0.0,0.0,0.0,15.899729369379044,0.0,0.0,0.0,0.0,0.0,0.0,0.0,0.0,0.0,0.0,0.0,0.0,0.0,0.0,0.0,0.0,0.0,0.0,0.0,0.0,0.0,0.0,0.0,0.0,0.0,0.0,0.0,0.0,0.0,0.0,9.841671189435854e-07,0.0,8.633981885920381e-07,0.0,0.0,2.039241063669945e-05,1.2384522887186227e-05,1.1667575013518838e-06,2.9935954080563496e-06,9.231630154012462e-06,1.2176983713628278e-05,1.286017466977787e-05,3.912854171263516e-06,8.950351580884893e-05,4.829747951345504e-05,3.464718641035726e-05,0.0001109868148297,1.8534961154901968e-05,2.6503141962279185e-05,2.5511312952129557e-05,3.505940972991459e-05,8.77594855729299e-05,4.859807096153131e-05,0.0,0.0,0.0,0.0,0.0,0.0,0.0,0.0,0.0,1.814235303045719e-07,3.7240395823426113e-07,3.272363848626585e-07,3.974404146300325e-07,0.0,5.470031177580078e-07,1.618606018262903e-05,0.0,2.3528046237905868e-06,5.299234355942598e-06,9.4727017197045e-06,8.992048812339888e-06,9.69179140122592e-06,4.549301504476738e-05
1986-10-01,10.781791225227394,4.582663110925752,10.656131820424989,9.89115198115293,7.769919780900978,14.802633514167042,52.62423671761403,22.856332184535624,1.3373628007940868,18.08941388446233,9.194431519454032,5.681883459518466,11.338276718322952,0.8399567807197945,0.4611647242492153,4.494573781819244,0.1473871911511275,6.666859025795528,0.1785301371168632,0.354136400903869,0.3976695817682301,0.3624045464530764,0.5002769398749705,0.4742224621467145,0.5997635560982523,0.5679114842434789,0.4810954129078924,0.6903407838016609,0.8509888511738349,0.8818273705796593,0.6478654614797884,0.6410400879968242,5.7948634531437655,0.7762951912492132,0.7205783916750753,0.7610789997506898,0.6926733877997636,0.770966074133266,0.6140435843557012,0.6474158882037417,0.3242392184257424,0.5698652147089521,0.2675392018765353,0.277455362477092,1.2882624396196722,0.3112554104090911,0.8130618594077801,1.7183939039570706,0.5727677058838568,0.5291663409378298,1.1229426794648243,1.019099961890622,1.0084395638084782,0.6244843134893668,0.9573366492701813,1.1043981128454212,0.8635426913124822,0.690334517101686,0.5366962789219857,0.498476903185111,0.5502382550370057,0.605682279122715,1.4940580594316872,2.107786974441133,0.4646913455158796,1.903429989731137,1.5830846851911833,0.5636919127409395,2.490095734802164,1.8473577398421124,1.1305579541255462,1.0937785918616545,0.2849603476761959,0.1816074234041698,0.0238477278466055,0.8265395453170065,0.1537710290834434,0.0689735341324534,0.0966998741341826,0.1777872384326997,1.4576246792092236,0.8843572018483474,0.1321823168453168,0.5513827460494797,0.1289726932707479,0.4541185761813895,0.6609903154143634,0.6318377640643721,0.5498223727642794,0.498528683961616,0.3705088724466677,0.4945136163454398,0.5678478446428836,0.5791186145304688,0.6836530317893603,0.7406184129832089,0.9082261127986316,0.9132528663771668,0.8673504526213994,0.0780908596740615,0.7699328782625653,0.3298948029548965,1.6564423563407262,1.6177066311298962,1.5795147965304304,1.4961088111333176,1.5318395747747644,1.439066370357488,0.4324915029830763
1986-11-01,11.774694908688732,14.254964131030723,17.85827758461387,22.67280255793483,18.01475324374069,12.600768684675906,1.4858294012979374,6.801615367010125,1.8050775953698093,2.800492738859873,2.697577703914056,3.926839638940285,3.5588025421614047,1.4522744750073606,1.6250946543816729,3.430373072223479,18.931568223046085,9.8223145818485,8.597631990659908,7.282679040796929,6.138978538160431,7.475625278482846,7.427668998111331,10.452940971402528,12.178451283540126,8.35761780036467,8.285327089127607,10.20143511013855,1.7910545664996904,2.5111653493017907,9.134279156826237,8.381871943699268,28.53255815288024,8.961302174669218,11.297221110634366,11.341186007990364,11.366221840191946,1.9861972493274176,1.0428609903612671,1.0925543252260168,4.480555177367213,3.1724612067643867,19.278023386705296,18.071925432534112,8.317283973473224,10.28842811853908,9.257500254613092,9.309199111093433,8.48489357873275,11.59301177462054,12.452923717006016,10.346856679515072,10.629127181380742,9.033148456095056,6.164530113716972,2.944614368351956,4.746218470950004,9.307553097059351,10.6635963391574,9.358036747308743,3.4281871381658493,3.171062815149069,7.8665871966377585,7.081121848235751,7.524186091929749,7.040106397374073,10.185493887427269,8.46742303362474,9.837719690862649,9.683418787097798,9.311546476569625,10.018055549534768,11.428281597913005,12.550925220040476,12.034795113498848,10.123069125488229,14.971473365331567,10.54825791304474,13.25758075133074,14.309584589323668,10.95573418942652,12.182575359612484,13.846840388506694,12.984702047351403,15.358689830415454,13.470871226223856,0.6058072185600825,0.5796381183297528,1.035266821888296,6.14829300227617,20.229916135657827,8.830033583096343,21.98407229566021,20.988364516607323,12.222418116484448,12.108387752955052,12.551879217093422,12.217180762015966,12.13469110079825,13.20406230600529,12.477211997253622,14.411544799750184,11.217995033854454,11.3375046676027,11.051765064170494,11.094698973890692,11.034103285465187,11.28618768088445,12.379659782990984
1986-12-01,1.1960102471135672,2.332094526172498,0.7299368208680344,0.8476658668990731,1.1747157022625556,1.143455505425984,0.180830617430634,0.9912563319613596,0.5568657454325253,0.7034310473245686,0.8408567417151652,1.0524348735504363,0.2111294133205876,0.6778355768022957,0.3270406720455599,0.2093870959356348,1.8637323373786496,1.4004919491712329,1.3365585708947263,0.4844087949318357,0.0,0.0384838041940752,0.6779957930375603,1.6009665595369782,2.056981865343363,0.2778905682021501,1.2369116259922446,0.3607642887896155,0.0,0.0,1.2986553290859335,1.1206944826137686,1.4286617465651386,3.175526597887097,3.144455446964349,3.1296345293290697,3.120942683505166,0.0207549091187531,0.024592475779014,0.0178635085579508,0.284286257973896,0.496250642958308,4.018219086835205,3.6250365823234896,1.1347762349008663,2.57142836941779,1.775530096732899,1.3469935912877116,1.901084816389397,2.3177428335446653,1.4640460135691329,0.3625548278642124,0.4413270153767233,1.9240837592632407,0.1278886758442222,0.0,0.0,1.4542967737414727,1.7937449518399264,1.191451674745862,1.047251343176712,0.0240357048078566,2.7903236183961524,1.2985596196050415,2.9576031044278817,1.4862427699325502,2.4597832729729907,2.8311838175099977,2.400325884900149,2.507827543286413,2.617507056427816,3.4679306425409053,5.136430049446201,5.956125600360112,6.162995593687149,3.594352952648292,9.184780844293265,5.341716901054131,8.010618178141797,11.92366898979412,3.727126750397919,5.338178366086985,7.439591785982192,6.734895436092093,10.03501164234254,7.623609657842646,1.0085197380464164e-05,8.757392810539614e-06,0.0,1.321799717267844,5.312210433628627,2.033830418674084,4.765768760233613,4.60836446348736,2.8151110932498056,2.8172452019830017,2.764125051268023,2.683048911951583,2.571949784648497,1.218658635886891,2.4588888473900536,2.512266758823269,2.51760029191812,2.754222452881069,2.612986618523079,2.44930299139713,2.444586232649524,2.4927264505776794,5.394327780505238
1987-01-01,1.769525246863933,4.114218335236475,1.137021895293655,1.5033590761122655,2.153343808403921,2.7095855973516696,0.5016617295659302,2.9239321861433907,3.978644308764949,2.876104657410898,3.5734710744587,4.630406510265426,1.8436248425429056,3.625327372435575,3.863814533661645,2.609924681788846,7.212809189543575,4.972356073482758,4.6239823881266044,2.9074122062534813,4.093097093678469,0.914454295648754,3.65780102269528,3.992424622115192,6.617288936889255,3.893080467117581,5.679117603371672,3.4902713062393045,0.0482298990088946,0.2990047743295175,3.272570313252753,2.9200750054251463,2.5264848596435368,4.149826057916752,4.104728227861576,4.159314280329624,4.048445113622396,4.562913544514008,2.616885392583,1.3172336584128104,6.457947607634802,2.5189734441111518,5.218821419454966,3.978306370691362,3.454341703460102,3.792440906482613,3.6574886226256775,3.407829952199408,3.370413347462474,5.85671223078648,4.289587105836189,3.0228700984125707,3.153913601152242,3.619997922737132,3.828955024577009,1.017491191174517,1.2361473608173823,3.482294642520611,4.894035041133498,4.5516635065533695,9.046015395707713,1.7637055497813623,3.618170931047189,3.2287582421745005,3.7595072742540414,3.2844813161856905,6.280479668595937,4.109290530877932,7.462166715535948,7.3765976829803215,5.424674482948858,7.266610520113749,7.754232469464737,8.86679786792021,9.107624373528456,6.471285628561009,10.379769751047936,10.126510906399188,9.916664724227562,8.080742387116079,7.98701693712005,9.27153295675114,10.470887332132088,9.758966441483322,10.436127219523367,9.828560984011665,2.2853307552861137,2.1796905326315685,3.4979690646866137,5.695236816102407,5.803790512186102,5.7292817552232975,7.457231378473198,6.798145084944002,5.925021236455442,5.933956537419569,5.909844776672918,5.9725772430130615,5.9565302693212825,5.186324855286022,5.846520989394894,5.122225056702981,5.325712440088854,5.596592376492524,5.683208533905943,5.755415067548124,5.784223370265,5.747764091982007,9.580369041786826
1987-02-01,13.021062563845293,7.032249044661104,6.9205714255376,6.045753521067479,6.878179777075971,5.592257625367076,2.188944521762998,4.515435654509035,13.392565555070352,6.774581770224959,8.026472290725357,7.007658260796786,6.427949963126663,12.388351073348032,11.875682439058972,7.832990478269522,15.174734917141445,7.740389029731641,14.519875557346918,10.431429442167794,9.380485963198364,1.9121483543128197,9.482788146191307,7.742760456173567,8.533742916795958,10.66357040017622,12.37991896848247,7.6237309275002865,0.7378669956624754,0.6145429904823849,10.7698454919811,9.509109708636396,7.013736015988003,14.100801658175142,15.71367919833522,15.6899524340588,15.70609781740792,22.007910379213584,18.316046417951963,9.710392502529851,22.00118913614206,11.78581426946265,14.546943302980685,14.361790989314292,13.003837333250214,17.52794631649099,15.392534192631755,10.824123822565094,14.022618778581396,16.346240441405936,15.432532235024809,4.21458554824052,5.109945801000256,14.340797166712838,10.878193192972663,3.196182692195406,3.164744358087626,11.879252974722242,7.958406540867566,10.21906845839458,33.866811690866825,8.52344050909027,14.75763972718884,9.62287232680534,11.29391353148662,9.80790315446036,12.451820117464743,11.272980240788858,4.931244767296401,5.698460842827122,10.453253804638535,5.6764228351681085,5.775676203049079,6.0339623677747305,7.527175138643162,8.862870810324111,6.609072382182872,10.386181226294278,7.908498683040219,3.110736922406601,4.894377215125629,5.000169541015381,5.613539343708123,5.050306653770478,5.323973253288898,4.999685618034155,16.641816471302143,16.164989162500106,16.259610007600184,20.371408673200012,17.535792127138663,20.02788399011503,17.916119462849295,17.305264715059213,18.92051164457824,18.656136349818308,17.42562502901086,16.841578673307215,16.32889002110933,13.46847915218142,15.56094479711404,7.087432196078015,12.27867630051472,12.959103937601547,12.313925218314353,9.854633197607225,8.963747940351766,8.23133937779456,3.622100753538124
1987-03-01,47.69447143871,37.01647266113478,42.16291829366524,40.5314515562021,40.95004324976162,31.05210095229117,9.418840523492978,22.12928646349436,28.22053952285836,23.464400257344536,26.283682872325848,26.371973195391927,23.692860138769785,25.93745283507321,34.51477181491655,30.805494169680127,23.405514829121334,27.772641037169542,31.151647808485315,41.5009419018328,56.7569233150174,51.36017148962564,47.93847404526014,39.96290344862123,47.695489173627486,45.491435170242376,52.81860107734609,49.355495744966696,67.19225616082754,66.95224278820567,52.96550376068747,55.84972959817652,37.63329049412096,12.060266400749809,17.952548324111216,18.27473406567231,17.99270420421637,84.35280293858476,84.88771616921403,76.00630968315059,77.82365183095735,73.46404907297789,47.92088865357989,37.96907394301672,28.37357601615449,14.76801963819333,22.02574488038082,34.74095795496597,46.16897217752273,60.532505025973805,34.28861670459709,45.44370096013017,44.86729514788487,45.63746252892396,82.7138456241795,80.45300105821264,80.40020673248385,49.88743410025761,41.48053408518182,43.91090685562586,69.51861664270442,66.36190480732166,11.850852326201291,23.54139774700734,9.527400685905874,21.777596320515475,25.786007029917435,9.89109882881457,17.27609913361808,15.56587955269922,14.557751306084242,12.541362844023222,10.63779751944903,11.687655235285424,10.184962018776922,13.175335416769755,16.34767858745003,13.962864848364095,14.125209427797191,17.65695669221223,14.896304745597568,14.924301631394542,13.89410210433834,14.601971624255418,16.09947655205897,15.010587755575433,85.18176137286176,85.25072666806267,84.78953875744591,75.9601014085802,47.897142717059175,70.78479591626831,59.81780239554206,59.382940151090274,60.66353086685228,58.27533454336376,60.40096357909475,57.05012190426861,55.00977969623416,48.51020311832521,51.40255701179361,18.11150780041569,32.29484499522698,29.2279143650319,30.48492698241061,26.08451621551593,24.61145281744489,23.47243308553909,16.349768963741415
1987-04-01,30.571133559141245,7.20846490737072,67.93324646224457,76.08117330695711,45.70124566227937,35.012307031570906,56.69601008801539,28.618481730085183,14.47049230892905,26.34814057254368,18.966689112486225,12.236786622751897,37.91767786054299,13.505849328024098,22.933061837915737,28.24478918466863,3.0583706438493725,16.26976847757059,3.8094498427403054,4.900635761033669,5.313815621326889,21.024209117942057,10.41122726907922,5.946039127892863,5.7945816098312255,7.819547473739083,6.876169916861582,7.263411954824647,69.43733478972435,71.93749653980672,13.980879641699293,18.990246502236356,47.29602316731916,0.2322980301864487,0.3307691594575494,0.34360270971715,0.3254850750702747,31.73100109210588,27.63662893907233,43.03613992179076,9.687258273501326,34.96014106407053,1.3120069902505846,1.004287455191552,1.1885117356471828,0.2849690451064793,0.7599290234806335,1.815982946982548,16.03723377459006,8.311882461716646,1.4764535476027425,3.668363291565801,3.5253449412237163,14.070971222534054,20.794877214925098,62.7096567528735,62.47092366129907,13.041770474736452,6.010932852375481,5.7712259337156855,3.9396137858994766,25.663160574134444,0.3995717580782267,2.62155484192717,0.4011235199757852,2.360954584539801,0.496636168327201,0.2549346886599823,0.3997605170228618,0.3430372493618552,0.3027287721828709,0.6443931003124819,1.7396505157896875,3.5705686236742045,3.582745032586577,1.1205239669113305,8.856804404340753,5.50968277468713,7.60868667717348,8.734658211595518,1.3394850957841966,4.128493018141361,7.146700801780054,6.067100301701762,9.281454549789936,6.923080408621607,45.386612248344086,44.64952608162508,45.275039734959314,23.941835277953743,1.366853647075787,19.729669427443405,2.763653878201106,2.351236504639941,11.76361390417912,10.895673128805988,8.723767591516191,7.771611846622687,7.09487419314535,0.9589497615805134,6.170231592774625,0.3676211963404095,0.902632128946555,1.3463493931104065,1.1653416810140096,0.8372400857337337,0.7654999920088494,0.7203028912685735,4.254751054555819
1987-05-01,4.427164987266698,0.8258860853082649,22.7367847456328,31.717332107458816,14.948636642217403,25.96462714334056,112.72755913512276,39.12183541774,18.96140337068504,22.937222912999463,13.712138452272518,7.763627960596732,39.42935474475974,21.26427472244524,7.252055240256521,16.314670038908986,0.0667582455918158,10.875467643424049,0.0020723049370796,0.0002893164798825,0.0,3.068555260352535e-05,0.0067349541328999,0.0077533310534334,1.7497933054425066e-05,0.0,0.0171208549909826,0.0,0.1697361689513321,0.1571865495294994,0.0103332381432134,0.0180015529837638,7.636886606861524,1.0288685689332447e-06,4.706560535428189e-07,5.25753548893093e-07,4.36464210885031e-07,0.0608082227953195,0.0150453307320134,0.0334664186924709,0.0060531918901532,0.0278291173179987,0.0033591347917374,0.0,0.0019935325019766,0.0,0.0010247593230088,0.0215753264547052,0.0127302188616446,0.0300182621880129,0.0003902180457742,0.0094442829350066,0.0088269378727713,0.0130860429429291,0.0011051777639071,0.0061257423100031,0.0336541873434473,0.0113372477474381,0.0051712460092109,0.0011737958704614,0.0866194174364853,0.0933462488812258,1.5865063109494284e-06,0.0870551888249887,1.914129378310788e-05,0.0763751710125048,0.0,3.706509717934204e-06,8.14277033007901e-06,2.1120891017022905e-06,1.5340829687927946e-06,2.4448123631339146e-07,6.5485847414767016e-06,2.3382441427972267e-05,2.7895835882826117e-05,6.744513301163308e-06,5.587935447692871e-05,3.456703184596845e-05,4.821213138480664e-05,5.587935447692871e-05,9.06856810456386e-06,2.0191167421426376e-05,3.8796230932142826e-05,3.088815107230932e-05,5.381293596696865e-05,3.629489847183868e-05,0.0447048130143959,0.0388194079875923,0.0483282641285408,0.0280536600436677,0.0,0.0228422408922993,1.527904639944312e-06,3.620381195017392e-06,0.0128287966440283,0.0117787289233338,0.0085468609566502,0.0075110539509936,0.0067800849229163,5.275283386431019e-05,0.0058447717324962,4.9725893266726296e-05,0.0,1.1871517561306638e-05,1.0448126655069398e-05,2.2600649136501412e-05,2.583031951360177e-05,2.805211037011724e-05,1.1193247341924334e-05
1987-06-01,0.0012760113269434,1.0629605647036636e-05,0.1423921211961545,0.2547194202836838,0.0929634427946896,0.665052008870489,4.255777389109657,1.2724332467326078,5.981583236445089e-05,0.2356778905632785,0.109590849683255,0.0612746704951672,4.212868708935079,3.554225884503773e-05,2.7174937485356336e-06,1.5884306241407224,0.0,0.2395013965884745,9.307775176556565e-08,8.005350291333698e-07,0.0,4.311345183458547e-06,3.063959922023632e-06,0.0,0.0,3.0137031882483346e-06,1.9822201745597926e-06,2.867873180842911e-06,0.0,0.0,2.299472972789404e-05,2.0434105656163077e-05,0.0394209832220147,1.6500983396017888e-05,1.6251307526145405e-05,1.5095322150437637e-05,1.733955788271575e-05,0.0,1.385394468100732e-07,1.8362595200746389e-06,1.08783355587505e-06,2.297376275136124e-06,3.141818163741586e-06,1.582624669135227e-05,5.218801912100689e-05,3.355374146935389e-05,4.2371252545340487e-05,5.497269772143945e-05,1.217245617516386e-05,1.0102846101851594e-05,5.320482075652377e-05,5.001508892298778e-05,5.012533997619646e-05,1.5594019741954128e-05,1.8542369045030263e-05,8.451410442241722e-06,3.1768794406603058e-06,2.2148402603670605e-05,0.0,8.781587440812716e-07,0.0,2.3501685451083023e-05,3.320852794514472e-05,5.24428210454792e-05,5.177534228414412e-05,5.248446125894462e-05,0.0,2.2367324283800165e-05,2.517569732409175e-05,1.784178481614415e-05,1.312354842339646e-05,2.33915547841678e-05,2.458718552968771e-05,1.9771419175714725e-05,1.707622556202204e-05,1.5217758939219075e-05,2.0196713284713173e-05,2.0601453782977e-05,1.0360481730348726e-05,4.332323715495952e-05,4.191374027083854e-05,3.874477410261704e-05,2.4158759833466364e-05,3.5681569017424405e-05,2.3943536226063424e-05,3.4815624662145284e-05,7.712697824777152e-08,6.697253601740855e-08,2.017361452186451e-06,8.578247204720203e-07,7.009954286984874e-06,1.2320676350858462e-06,0.0,0.0,1.3998962420409505e-06,1.795629103870554e-06,1.302086977031636e-06,1.5750293260138043e-06,1.5784867419958872e-06,3.0789542946898407e-06,2.3715301454298e-06,1.535379486866739e-05,0.0,1.2155810376587894e-05,1.5855479879672217e-05,1.6979182948602205e-05,1.7717059861599022e-05,2.0322593778097027e-05,5.587935447692871e-05
1987-07-01,0.2821695001820873,0.0028748980485693,0.7212512613554074,0.4775148254571363,0.4711954153104478,0.9834915368839564,3.7297562648643376,1.5704846995503383,0.0,0.7140864877564783,0.3320390237454806,0.1856503698153766,0.8730452770461727,0.0,0.0,0.3291763331129459,0.0,0.3807760798122431,1.9293682201543558e-07,2.681533217165216e-06,2.5011873586449342e-06,6.67173868369067e-06,6.119961907828713e-06,4.866889389365403e-07,0.0,5.27560841279087e-06,5.563277254193591e-06,1.1555894495491918e-05,0.0,0.0,2.9308728382681763e-05,2.6233983613840945e-05,0.0832143076388039,4.1752019656113206e-05,2.872260164131574e-05,2.8088019748199986e-05,3.097729865153045e-05,0.0,1.385394468100732e-07,1.03808414242984e-06,2.1743059078685918e-07,2.173947985579257e-06,5.262584904109608e-06,2.023350106037912e-05,7.966830042102631e-05,2.9683796403013663e-05,5.255803734494941e-05,7.464123684442487e-05,1.6832045070581894e-05,0.0,4.983010650050274e-05,7.830659128525456e-05,7.516854328583267e-05,1.92665503526861e-05,0.0,0.0,2.928888478449643e-06,2.8014654724230977e-05,3.246073482297444e-07,4.093359175862432e-06,5.783940950443896e-06,4.1087872940434674e-05,7.920868928247035e-05,9.939896561920637e-05,9.84587187119138e-05,9.981887581750306e-05,1.2823683447477596e-05,4.119744068866046e-05,6.773131580920049e-05,4.2304873959295545e-05,2.739782542505196e-05,3.0504693443826508e-05,6.016032784401568e-05,8.082270491144515e-05,7.14321396172675e-05,3.964097957851784e-05,8.970340001096801e-05,7.874249754386212e-05,9.009099265453886e-05,1.7614886623319885e-05,9.767605550288658e-05,8.914410233495451e-05,8.46659366484282e-05,7.839580310480245e-05,4.315364516629343e-05,6.936164309004597e-05,3.119843862352707e-06,2.7090890916126585e-06,1.9040700315322996e-06,2.6868425371416284e-06,8.560835564024706e-06,3.4349628037226013e-06,5.142368080412146e-06,2.736622494871996e-06,3.7230308778305576e-06,3.874151186693729e-06,2.809311675986927e-06,2.698013784248321e-06,2.4521933754172e-06,0.0,2.316613612953185e-06,2.1718797430035e-05,0.0,1.1030367715762912e-05,1.1633702889425742e-05,2.2917035924636856e-05,2.501686202487794e-05,2.4824346194948795e-05,7.572394834325856e-05
1987-08-01,0.02047889207095,0.0002056159313371,0.1241191334412387,0.3590726583136822,0.0810553290257327,0.7751453990044712,4.608225871240059,1.5085295549970474,0.0,1.349631147527736,0.6275573285941054,0.3508811970943252,3.679613629248992,0.0,0.0,1.3873694126378586,0.0,0.3573589632460784,0.0,0.0,0.0,1.1997596020753446e-07,7.114654715028792e-07,0.0,0.0,0.0,9.836754360017826e-07,0.0,0.0,0.0,3.253488186199275e-06,2.88789354084242e-06,0.1124844627191657,0.0,0.0,0.0,0.0,0.0,0.0,2.203592796144251e-07,0.0,1.7321553551129989e-07,0.0,0.0,0.0,0.0,0.0,0.0,7.799693609788163e-08,0.0,0.0,1.5184241638811173e-05,1.4191692328861982e-05,6.557925697894972e-08,0.0,0.0,0.0,2.457736364100021e-06,0.0,0.0,0.0,1.561706327405385e-05,1.266305611767792e-06,7.811769451965097e-06,0.0,7.826623779462215e-06,0.0,3.250463382627686e-06,0.0,0.0,1.2040107060631242e-06,0.0,0.0,1.0793854178814086e-07,0.0,7.595718393636821e-07,1.3802968156721928e-05,1.2814002619617834e-06,8.711280313903901e-06,3.2506554531291778e-06,0.0,0.0,1.2357839386949914e-07,3.420644848767876e-08,2.2231236379411616e-06,3.731914103531293e-07,0.0,0.0,0.0,0.0,0.0,0.0,0.0,0.0,0.0,0.0,0.0,0.0,0.0,0.0,0.0,0.0,0.0,0.0,0.0,0.0,0.0,0.0,1.4737429033313796e-05
1987-09-01,8.589918365285135e-07,1.24031775767846e-07,0.0256049470316012,0.0018161721727963,0.0167164854696316,0.3509771622983777,2.283832540121643,0.7016820234829666,0.0,0.7310789904738798,0.3399402711574092,0.1900682273972472,1.2661892376770023,0.0,0.0,0.4774070650160113,0.0,0.1705378288156126,0.0,7.232179183362567e-08,1.7223919795653455e-05,9.40476221428305e-07,1.495968318271265e-06,0.0,0.0,0.0,1.0756501057126176e-06,0.0,0.0,0.0,1.4799774149509185e-05,1.3139303160498284e-05,0.0003186857661165,2.8855839045446295e-05,1.9819177836152e-05,1.925890830256864e-05,2.0643925170543588e-05,0.0,1.597648362121011e-06,1.5269788042757591e-06,2.4639966327997894e-06,2.1844788563463555e-06,4.37065221398304e-06,3.775785433922783e-05,2.7713398415760785e-05,2.793769127602736e-05,2.559041934070335e-05,3.655851035076326e-05,1.191086828767814e-05,4.355426296702e-06,2.6325949880567177e-05,2.958564969776745e-05,2.963606723342128e-05,1.3322889140154226e-05,9.71187438797744e-06,0.0,2.928888478449643e-06,1.530410765741303e-05,0.0,0.0,0.0,1.6002360076160414e-05,4.909734537898552e-05,3.4785968981086687e-05,5.455500734404169e-05,3.708059073610411e-05,3.5961020720913914e-05,4.763511759300514e-05,5.587935447692871e-05,5.545569504656519e-05,4.581507013633176e-05,4.96372060089498e-05,5.263209711094512e-05,5.420446802957319e-05,5.523146769740925e-05,4.849113183179968e-05,5.587935447692871e-05,5.587935447692871e-05,5.587935447692871e-05,5.587935447692871e-05,5.587935447692871e-05,5.587935447692871e-05,5.587935447692871e-05,5.587935447692871e-05,5.587935447692871e-05,5.587935447692871e-05,0.0,0.0,0.0,4.289123602360102e-07,0.0,3.492349817793901e-07,0.0,0.0,2.716577317614929e-06,4.0715964234946846e-06,2.9524844247127544e-06,4.65708472279682e-06,5.275645287096176e-06,4.8231214383127175e-06,7.170301020967425e-06,5.1885830217811445e-05,5.587935447692871e-05,5.460077721817906e-05,5.503820131609555e-05,5.542977152530949e-05,5.5497147165216e-05,5.480402218307359e-05,5.587935447692871e-05
1987-10-01,9.823264592478528,6.227631377623674,7.840271534704019,7.062582600366052,6.354823960532964,6.011042632961264,10.2425407143251,6.277468626296328,1.2360687116057194,5.156249299076348,2.85828534980314,1.97497469172978,3.0019750406287597,0.9456093120391176,0.7150334652137487,2.653435537829433,2.706931750002692,3.235080093491288,1.8257946262276776,3.3095035117913767,8.452102398225682,8.7722352395233,4.517439806229558,1.3669309477306049,1.606152070362921,2.0695983680165906,2.3609268146309046,3.565495399125306,8.629707759526749,10.500371793250771,5.039712698999492,5.684850796876849,6.734604377235309,0.6399787033998433,1.2870681406377935,1.2664643850578237,1.2910519928962505,1.8050463550737412,2.029550614847446,3.639377505001872,1.3804573151292712,3.0857451927776145,0.8788703647750092,1.3909465297904378,7.675031556491287,2.89340040598112,5.435846937028836,9.334571930910789,2.4335880262984397,3.555119054724746,8.104614437810625,7.227329298584738,7.293996669213015,3.0173617927822334,6.566203865971337,8.082512660120084,10.99919417405914,4.638922137197509,1.4324617791780878,1.4866354375967932,1.7632610141789162,3.986702280751348,5.941143396799218,9.117944536921906,4.719879812631877,8.809899258014854,0.5648460126272723,1.1810866609900703,0.3826813238929504,0.3106768965614369,0.8940155965356283,0.1767773718504639,0.1499534509931295,0.1478509096544729,0.2705365963327306,0.6208507833608332,0.0475288792956224,1.0752240999245868,0.1696994150401523,0.0034351080253936,0.2264387132492477,0.1592444702970015,0.0704052890658771,0.1133591045243381,0.0168917826754125,0.0900803508810243,1.5552764145426703,1.571688722051189,1.072074501806503,1.0951531841117663,0.449433406012292,0.968863443239722,0.5643940444394933,0.5050463317128772,0.8040314170010974,0.7968106479410527,0.6257824045088609,0.5851173101081081,0.5417072030451844,0.1847786271803028,0.4890040655336108,0.154247768147852,1.0306384621205844,0.9471394570034044,0.91913743094541,0.7184740739890367,0.6560397862775859,0.5821080160627627,0.1177168521847314
1987-11-01,5.682966969675448,5.825155610795009,4.758535557996564,4.896877696287583,4.734320790240469,5.019439588048598,6.086119664069469,5.5067269875327005,1.526781480236639,5.555984420751163,3.555443807493716,2.9308047126095573,2.171846801096553,1.000016282440203,0.5188863561366192,1.1997762573137412,1.973430618299458,2.9995981596460126,0.5176120157233765,0.4027708522566866,0.3680001577550878,0.8675493623615191,0.4920591324459817,0.2399420700237541,0.1557419214341833,0.3438251895393411,0.3596813504966065,0.361787012777348,0.2263809572801632,0.3067824689377718,0.7504533004277709,0.6920000725380303,4.83793297870491,0.4644343395470829,1.0516707391195157,1.064144066802888,1.0794053970669368,0.8377656077559934,0.6821345095756368,0.3994999335659557,0.1764447255242099,0.3946858085393316,0.8276746379753281,0.8483026244536293,0.9371950136192804,0.7629758995404399,0.899060629992481,1.3549620454418014,0.7873300405880871,0.2151163574531841,1.1813124184974286,1.1606760499723203,1.1392299272828903,0.7867984586831915,0.1570561140336614,0.2467117683558527,0.312661900181293,0.7789308146463535,0.2010293688962132,0.2574841316888736,0.9612652243548052,0.4204763334210162,0.333926212956833,0.9773856379493602,0.8371249190897622,0.9820402079270164,0.605591019734373,0.5213173056423803,0.578087707914838,0.913657758692334,0.7552562801817755,2.432571199701886,5.364759592766003,7.10853382382512,7.601594727105566,2.7359571049493008,6.354955037920752,5.357730946258432,7.065815992101088,2.180554483817504,1.1405585104327345,3.272625173929975,7.588106496428679,5.163667052261687,6.70713038582548,5.446793455771884,0.4287098729686462,0.4062615574442046,0.2407780890747543,0.361166792488604,1.133615863900047,0.5534016769324637,0.9481736491654212,1.452836982026045,1.3495241744055455,1.4903516882870502,2.381328151678147,2.4055618854714305,2.368388011538129,2.4916606065089124,2.146077008459597,0.1230056749798859,0.7474243511021337,0.8583254943756252,0.719937761818339,0.5187391715254451,0.4837988324593389,0.4398635988925308,1.4550625370957595
1987-12-01,3.609740972681938,2.258086373238926,3.332176048662974,3.2873477947610845,2.551572789318772,1.9379723738441872,0.8475652069987036,1.521307015192027,1.5668684671589663,1.4889392873578065,1.9998115138082493,2.070599754659613,0.8372282969812934,1.5445905249293743,2.457744145651474,1.3963284685082384,1.190790607205191,1.8451712457046727,1.6252734457629807,1.74297111929673,0.8147534835504616,1.2126950757557575,1.2988217660741608,0.558793727969169,0.32183269103351,1.0665623822871886,1.0700156315474745,1.1556374258206603,1.4169310360385774,1.4046491143427156,2.0663803935429006,1.9551919255726984,3.095033167863252,4.756242855433581,4.471712645178184,4.647249000602804,4.367635939600175,2.310739012359506,2.183820066945357,1.5550604658588685,1.2577906703360944,1.576897653862325,2.251863180050846,2.3553515290876503,0.961307251619376,1.9907657925678477,1.466636997084084,0.9397933005416712,2.646992405353957,1.364157867691134,1.6991252159272046,0.8947781102086471,0.9708077635596944,2.4743670148360515,1.04718834941356,1.0998634123254316,1.4045385526546212,2.139908748861836,0.4636470016725403,0.6957975854604818,2.1922730916320803,1.543503855321238,2.824678948773396,1.231707453003207,5.204214563708927,1.6856815500785836,7.993221439379535,7.854262155100299,19.45008448875353,21.224805168253003,12.039198176824176,23.71180161999648,25.5826732577711,20.13578090574333,10.228398518219652,14.764778644940494,6.253032744043242,6.08929895335317,7.374069175857849,8.16048138395354,22.199066395995903,19.943049337583,15.756720084641753,17.480622870541634,7.259530499065006,15.199640202057063,1.959531031443505,1.8857670439510623,1.7842475344604238,2.426986058283192,4.421077327839845,3.001156914536629,5.403859615250002,6.351539536939091,4.7468018087890895,4.917357769545085,4.8827746775751,4.923150695132391,5.122675801529191,6.4804860518297085,6.149940881887164,17.49075846256459,6.296364623842299,6.221740176848561,6.880106352649771,9.37968827884562,10.389481714696068,11.48503298910146,20.8801480195079
1988-01-01,2.777626437654106,4.410050157491011,3.5093713064843124,4.281521308367071,4.244204738465882,3.517010461379729,0.2351174161653871,2.569496220998905,0.6253810406792462,0.6994513698202518,0.8612841168528501,1.846724989507426,0.4874046651605977,0.5237274546125441,0.7600539095184983,0.5110416654707103,8.711764917720181,3.896428990807326,4.126888663182451,2.334679119248091,0.0,1.0451162257818567,1.6944446066683931,3.766608846845124,3.5175795339462703,1.6651167003383107,1.869825414805537,1.5701062335653706,0.0597592561156232,0.0265033011248924,0.4376367616501005,0.3881415240553972,5.017388295705143,2.4424981157889385,2.097971359299608,2.2017489705130884,2.019868998155043,0.0802235548054961,0.0784097644861076,0.0498694952602687,0.0302982718786389,0.0798401703923514,0.4673344150971373,0.5904371795678013,0.0055712789496703,0.4544533606950141,0.1899316422842475,0.0068109730859948,0.7849290178287026,0.1479140077735797,0.0557055843268081,0.0545240242261018,0.0536329581499497,0.680781278417916,0.104464812374601,0.0035462235484312,0.0138571870952779,0.4895130797029501,3.722679367692292,2.670856076793864,0.3892669192154928,0.6402857792847569,0.5544965627040203,0.1187354909635627,1.0742916252110382,0.2146766014914101,4.700745662730572,2.0625483223673338,0.6976852711747487,1.3945550426239377,2.740986807315031,1.764361880712782,2.767855254777871,5.592805743681947,5.373528050136446,3.2947465983285067,23.50543432986436,9.752931216937364,14.507205720105036,25.26754433795335,1.4311976049039523,6.607667406636717,13.347304543646352,12.338142689485052,30.39748504548924,16.501400003653057,0.095108976440886,0.0853725827570576,0.0164802816321968,0.3238870551186114,1.6769217370608271,0.7820678911706198,3.3610461266154124,4.291425609211231,2.4476570878814434,2.628775787432069,3.5700992344899114,3.5941612049991063,3.600538595109015,5.792398852184772,3.7920488850117473,3.0138063312437624,3.62110766459648,3.565332896664734,3.5392375333477384,2.4115107191542577,2.23809303581578,2.200381050102409,5.381642296374072
1988-02-01,13.80003723633689,9.194223581774343,9.43766208758752,8.49097922610949,9.716015090105394,8.567687836958633,2.8034292668285072,7.248301672548687,15.610836228172063,9.244308570405549,11.680318207464174,11.348510542113672,14.425756889618649,16.315597570232484,20.33938773507452,14.480905958371196,12.284687205460976,11.042736481874462,15.584171781573822,14.009529358744032,12.860936085162024,5.500131525730348,13.31804396538725,12.34116183367946,13.803525764304206,14.444390664521665,15.948627725803965,16.416486964888023,19.03956567323799,18.88580105319105,16.733470952535324,16.759515271097424,10.239180734179008,30.30520953322581,26.18065642243064,26.238561330530608,26.04365400846973,32.03329991686529,26.80350555965956,20.46148400755805,16.916030293871145,20.737138805896613,27.47905855879812,25.78735716307222,5.638490887544086,19.61774204666837,11.995277408554594,4.13403397707386,22.53911075288974,21.938708687687623,8.833014577159954,2.4416022391623,2.9547063683842816,21.224957326622757,23.805179129565825,22.876182010439564,21.674732217406223,17.711160977412494,12.899346950047342,13.174123584660483,28.057166325023527,16.937609202013086,13.205007514577902,3.978330554567731,16.229115501660075,5.233886913579785,35.57024472828304,26.86776111431873,22.22101102060493,25.783458590196226,29.51933055347103,28.00556236045393,34.57393413568288,36.755268306984426,28.625350315814952,30.526748588977377,32.97147813141412,22.049339163665078,31.227495720547243,14.127211027648244,26.302816925035504,31.470018559674337,38.96386224888585,31.16453336274417,22.50622250814224,28.48476934053916,26.618654312947413,25.16710596985299,21.684499623494595,25.790501609987743,28.35777761216975,25.74774770668194,23.2323495585412,19.478711576814057,22.896098584678512,22.656331002039234,20.555028033709192,21.585290494037277,23.341590636132786,49.69364926216227,26.459498613588227,37.3541929738374,29.760562086779437,27.871211442125617,27.89371881422449,25.036906328679816,25.13115541512643,26.149176685743697,36.55401074170101
1988-03-01,25.111118233536345,16.94900868524759,15.72140860992755,13.815212797439942,14.360707390453468,12.845856487328325,6.572591269526023,11.885899851326906,17.752869223669734,21.132881013095066,16.44398207864236,14.145266164398077,14.511957636301958,15.577015084506384,10.30803927337814,15.812911206116558,7.199234774534668,12.069205488157223,6.141561315775195,15.727487062273376,10.313914494420183,20.00329289095861,15.393935148329126,8.974629762555468,9.318967640020078,12.465619601444429,11.909707278451537,14.10430999125983,22.470510004916395,20.990557574682505,31.69143173777717,29.853738529175835,15.817029005600382,19.65364204651964,21.550553164006708,21.7593777282806,21.405817437848874,36.69797214579864,37.73487910555399,36.32449123406252,54.61942832292584,37.39613385707061,26.12613070788618,24.52757817180443,41.55370727066889,26.58628446964321,35.09275779351921,44.184391261449655,30.20798639688644,43.31866369484796,47.97874468509099,27.840826919173114,29.39633278696869,32.34243234401663,36.95364023107885,35.05428877592565,27.260221912875892,32.29925577888024,8.865492948149845,10.186225993734723,26.26200914031456,13.679754977094564,43.34553456032368,30.287369565709085,39.71472750494395,31.96791588894392,19.40402344880264,23.72700706102127,62.05465743733984,53.31778259367195,29.18733258006439,51.15778370236318,39.07046919568242,32.93143299399709,43.72663183256182,33.126718207056186,9.805218874580111,56.92741544187354,32.27700519000011,1.6892789009886853,51.94988672849371,34.711648888169364,14.288271360862112,23.97558130279324,2.99871886155768,19.08684606592481,47.86105939566712,49.59503151724841,53.35896018470005,39.6972715205703,16.132353590275105,34.86391012441713,13.27702808776844,12.278306316646704,26.272244342301217,25.39654903907445,23.03847203441339,22.208499614703168,22.483803959745902,22.73807306780981,22.25977378261673,23.96376786847139,18.54924526145582,20.99601214794689,23.99626461733358,35.576578175477344,36.5487625211736,35.84884795529893,25.44084360588965
1988-04-01,21.00291695689043,5.888789177145797,43.915088763993175,44.26668931830901,30.09953332335845,29.19701363068401,62.75795205041802,31.00847587784965,13.87189846399898,30.42785424751607,30.178737940941872,20.16987160048186,24.790564248837867,9.932894099058906,26.20815681057447,29.62487683958849,3.222209139596744,16.6863875369258,3.170999830240224,23.14064627333459,9.699814802728984,74.15457765153975,23.08219194701152,3.529738408222307,0.3722678060296722,6.884812347946407,4.115399170198058,14.979240128544788,5.208665685472897,5.3383556177505165,13.61104803734024,12.523375765000363,19.066042196406244,0.6061276243872663,1.5063083113429476,1.5942636310218443,1.4615186465774652,0.7495163199775295,1.1115685426576305,3.517885356957449,0.9549087659394708,2.969195882698647,0.8193963202354441,0.7183679124576504,16.580061117189995,0.8146962063758463,8.94986498942075,31.605607753320232,2.448862310306809,1.2880008692628748,15.919638295571811,54.23945652751746,51.03863247506251,3.7967767351747215,2.775315812265648,4.318553363651874,4.5660292945063095,12.055409580910837,2.48823076148124,3.233942176327828,0.5196745741128755,4.802547582602987,1.8956952483638956,50.85590982728553,2.2383832163498707,45.23315580843698,4.113725113916246,0.7950820005820939,18.85798250867469,12.809737444528844,3.72370258097094,15.487504548046898,22.85632904351745,27.77523126707408,27.925988417625906,10.861597893922808,18.936837418622147,35.74287211102652,32.65698911339,0.4967223081931528,26.904910007944917,26.912332503528848,25.613374869662465,23.58595190663345,9.798676274803206,19.81468724901565,0.9531801762935403,0.98139367165519,0.9538738200090656,0.9096033697415165,1.2598320776710374,0.9978735966194148,1.416321315918348,1.609548229155399,1.744494596720935,1.9672151718537405,2.627124314795171,2.9090420334757017,3.3097387180324374,11.535371783276828,4.519025899469513,14.694653940924344,6.593985013925369,7.289568694109195,8.132055050705748,11.229582390439695,12.531488516706055,13.56430921226479,35.59059175674649
1988-05-01,4.705830706267362,0.5245561723896328,20.53733053747851,30.364750647273453,13.467161565324655,25.194976486402265,113.95423264648524,38.93052570171015,0.0232068990355475,16.480224928913408,7.688171570629165,4.331561471892633,27.13217087117109,0.0006575507600103,6.5834797152819e-05,10.299462071712584,0.000857273134207,9.636185762054698,5.415738868667469e-06,0.6713437163520901,0.0196654901211972,2.253623496152305,1.2596106445701292,0.0681927439597857,0.2681324611021536,3.990583723136767,0.9319166515860292,7.741968154753088,0.0,0.0,0.0041401436874324,0.0035944591029462,1.9297520697385528,7.081619362879333e-05,0.0001214889109101,0.0001329624931432,0.0001163306493601,0.0,0.0,3.809175105463995e-06,0.0,4.246832968456497e-06,1.1200447026887396e-05,2.204335749194145e-05,0.0003239878834764,1.635419967803274e-05,0.0001726766131373,0.0002023990904985,4.853046203917213e-05,0.0,1.4608155331779436e-05,0.028544784563845,0.0266788957703948,4.912400141916978e-05,0.0,0.0,0.0,0.0045707529146697,0.3478186790855936,1.0938307635590283,0.0,0.0002376525044804,0.0009461037711755,0.0130068449767599,0.0019394803737869,0.0116276824757001,0.0003760293189608,0.0006731481827361,0.0023213604242934,0.0013862149210833,0.0005476926044986,0.0029829129392358,0.0126317347954719,0.0405626920888677,0.1254076878329299,0.0169572231001303,0.0527799165668326,0.6187865757368552,0.2164956859356756,0.0003074162392811,0.0076004832925399,0.0136516937344897,0.0275955600646748,0.0158863387047125,0.0120955211583421,0.0141746363811741,0.0,0.0,0.0,0.0,2.33674521346012e-05,3.4952927104343583e-06,0.0,2.346216707968325e-06,0.0001559077896497,0.0001542237433403,0.0001164662449175,0.0001039301636104,0.0001090054542618,4.933714926674575e-05,0.000100775851615,6.479587441338792e-05,0.0006628616652845,0.0010689205988332,0.0010078300922457,0.0008635986841665,0.0008075241148697,0.0007241170981212,0.0084513346215691
1988-06-01,0.0363786832178806,0.0003123780973627,0.0338233843123518,0.0471171856269334,0.0221165854804032,1.7305760988560088,11.601154309540629,3.5160502969079395,0.0,1.0540248370797052,0.4901050277635061,0.2740285723837573,4.2620453518795145,0.0,0.0,1.606971814211134,0.0,0.6552897387489567,0.0,0.0,0.0,6.094482288396135e-06,3.497414278671742e-06,0.0,0.0,0.0,2.466158958964202e-06,0.0,0.0,0.0,1.5420328643113847e-05,1.3819442589620124e-05,0.008224299619358,0.0,3.2172553837383457e-07,2.71771360776973e-07,1.4655013648079043e-06,0.0,0.0,2.3545634995143477e-07,0.0,1.8508273315168169e-07,3.794338362766362e-07,4.459907066935422e-06,3.231698160013575e-05,7.1036384126263504e-06,1.998994596866516e-05,2.9851114683094973e-05,2.488127675027801e-06,0.0,2.817628273373552e-05,5.876710391006346e-05,5.713478758478285e-05,4.766327259743953e-06,0.0,0.0,8.786665435348929e-06,1.4398101687094827e-05,0.0,0.0,0.0,3.41416953713679e-05,2.0361638064008726e-06,1.9922380060507964e-05,6.796585136180922e-06,1.923075065181149e-05,0.0,1.5240256235406845e-06,0.0,0.0,5.571076066125815e-07,0.0,0.0,0.0,0.0,3.438516372253961e-07,0.0,0.0,0.0,0.0,0.0,0.0,0.0,0.0,0.0,0.0,0.0,0.0,0.0,0.0,0.0,0.0,0.0,0.0,0.0,0.0,0.0,0.0,0.0,0.0,0.0,0.0,0.0,0.0,0.0,0.0,0.0,0.0,0.0
1988-07-01,2.791723468717669e-06,1.9709921057116177e-06,0.0010778736381433,0.001565522632948,0.0007039200955479,0.5610682017355323,3.7809513211924832,1.145965258231347,2.7608030886566932e-05,1.0818112469065058,0.5030348966177395,0.2812588138442955,1.7372360545637529,3.160197421997498e-05,1.3247687251273369e-05,0.6550181553180247,0.0,0.2663001244082436,9.307775176556565e-08,3.049697064412734e-06,5.523353521078317e-05,1.8849514007715336e-05,1.1015000778037828e-05,0.0,0.0,3.317708542472895e-06,9.54047569056534e-06,1.6542093251365738e-05,3.0657920403458325e-05,4.927999863485541e-05,4.422839556713723e-05,4.155385892298961e-05,0.0002264173827769,5.320398613337638e-05,5.0288602037775085e-05,5.01095501934596e-05,5.062612973547776e-05,3.2350411849025465e-05,2.6305258050735856e-05,3.120368682126589e-05,4.000995932985211e-05,3.404967279579104e-05,4.209844925343543e-05,4.970789812225331e-05,5.307626548283634e-05,5.587935447692871e-05,5.392368876748063e-05,5.587935447692871e-05,4.270692648439008e-05,2.8849283588933672e-05,5.587935447692871e-05,5.239041735419272e-05,5.234540015947853e-05,4.314662029293621e-05,4.2600898185614384e-05,4.0731232973933785e-05,3.034214771011258e-05,4.43514787182465e-05,0.0,1.73646700925239e-06,2.0740739538473203e-05,2.967573984435109e-05,5.587935447692871e-05,5.614558793576316e-05,5.587935447692871e-05,5.618840102432365e-05,5.104936780453951e-05,5.5024132639471374e-05,5.587935447692871e-05,5.587935447692871e-05,5.457682789998575e-05,5.587935447692871e-05,5.587935447692871e-05,5.587935447692871e-05,5.355504858720667e-05,5.477080622253686e-05,4.999322516759161e-05,5.108216570193296e-05,5.587935447692871e-05,1.396187343463095e-05,5.587935447692871e-05,5.587935447692871e-05,5.401208204941065e-05,5.53675048471398e-05,5.16548896376762e-05,5.482317363469149e-05,3.194537828313578e-05,3.1022903257858546e-05,4.403796929615565e-05,4.023810835692538e-05,4.076649817707016e-05,4.063635705824793e-05,4.923086969396249e-05,4.146502202338781e-05,4.3016274058408775e-05,4.393915241675146e-05,4.11551425149582e-05,4.2711689293095744e-05,4.368737976249201e-05,5.587935447692871e-05,4.538071927203627e-05,5.587935447692871e-05,5.587935447692871e-05,5.587935447692871e-05,5.587935447692871e-05,5.587935447692871e-05,5.587935447692871e-05,5.587935447692871e-05,5.587935447692871e-05
1988-08-01,0.13589284969826,0.0013940530287395,0.0522694821727494,0.0,0.0342791903936182,2.533573021934404,14.982424332654723,5.145744810374875,0.0,3.535458861070904,1.6439329532904166,0.9191593123222628,2.603949819429929,0.0,0.0,0.981799509487319,0.0,1.1043087808899592,0.0,1.4464358366725137e-07,0.0,4.653906323041628e-06,2.4255051582837397e-06,0.0,0.0,0.0,1.0883616453338425e-06,0.0,0.0,0.0,2.213353860733046e-05,1.9348383819177428e-05,0.0,1.857415314077182e-05,1.463053333588682e-05,1.5758662485110478e-05,1.4734814395069196e-05,0.0,0.0,2.3545634995143477e-07,0.0,1.8508273315168169e-07,0.0,0.0,6.078422890537211e-05,7.1073332878685805e-06,3.452914855006053e-05,7.118106114220178e-05,7.282165072828319e-06,0.0,2.3819946012654985e-05,7.685795815354419e-05,7.443949925354818e-05,9.790831868081453e-06,0.0,0.0,0.0,2.06227715235115e-05,0.0,0.0,0.0,2.0133529995716187e-05,4.748751331172837e-05,8.558246723511144e-05,7.16348109035165e-05,8.43391629642311e-05,0.0,1.5786994221258643e-05,1.0509667646856128e-05,5.091667325374999e-06,7.195338555931823e-06,5.802620576755657e-06,1.2656346578978833e-05,4.113167528137874e-06,0.0,5.779196173359186e-06,0.0,1.2814002619617834e-06,0.0,0.0,1.6849999180675827e-06,9.369910757483564e-07,0.0,5.3319840127303e-07,0.0,4.109646697974613e-07,0.0,0.0,0.0,0.0,0.0,0.0,0.0,0.0,0.0,0.0,0.0,1.0660255398656475e-07,3.8483299096334553e-07,0.0,4.211628254708079e-07,0.0,0.0,0.0,0.0,2.790486687871623e-06,2.440224470359064e-06,2.321595334450165e-06,0.0
1988-09-01,15.27571864177669,2.910271214150354,13.998254541263451,15.631718938481464,9.465719626335371,14.415166246048068,44.75115503458216,20.632061151850444,0.4415666546129191,21.459796929864645,10.130121391360191,5.862451561805638,11.257145059298905,0.1529125810418755,0.3332726626004171,5.325999887941953,0.1289142022163014,6.497483783977909,0.0,0.1302064826993856,0.0,0.680517979381795,0.1375277344706804,0.0,0.0,0.0,0.0,0.0,0.0,0.0,1.3552524731685464e-05,1.1719905236153195e-05,9.90104737195042,2.5916174499571152e-05,1.7166570906386678e-05,1.668395895587137e-05,1.761589857975155e-05,0.0,0.0,0.0,0.0,0.0,0.0,0.0,5.2506078438928e-05,5.4406966063963e-06,2.985532430914505e-05,4.0856017879736574e-05,8.447564856696966e-06,7.868199707236135e-07,2.321985763407026e-05,3.574522159998174e-05,3.425036415448311e-05,1.008169694986163e-05,0.0,0.0,0.0,1.3581945550984584e-05,0.0,0.0,0.0,0.0,5.375068561444112e-05,5.291425472687568e-05,4.885728412745297e-05,5.259197314404951e-05,6.708890042133508e-06,3.0958665029922337e-05,5.39481840528344e-05,5.537130713466459e-05,3.1943961934060634e-05,5.19626251926407e-05,5.4720043339301865e-05,5.550262980773272e-05,5.587935447692871e-05,4.020150479393505e-05,5.587935447692871e-05,5.587935447692871e-05,5.587935447692871e-05,5.587935447692871e-05,5.435712328480316e-05,5.503287315410311e-05,5.587935447692871e-05,5.539766232412428e-05,5.587935447692871e-05,5.550808844153049e-05,0.0,0.0,0.0,0.0,0.0,0.0,0.0,0.0,1.5167686185668983e-06,2.5023527470668336e-06,1.8145623263020607e-06,1.6110692398987534e-06,1.941464897268259e-06,0.0,4.310313908734761e-06,3.489916653468396e-05,0.0,2.996537902015052e-05,3.1609358632302026e-05,3.899236248884415e-05,4.124287435612984e-05,4.267241562620523e-05,5.587935447692871e-05
1988-10-01,4.520390591885718,2.9013264664908207,6.042154952954393,6.926278071930662,4.607571155350596,5.06361664622337,14.79500208607721,6.030557892128689,0.1403033610558333,6.464878854724419,3.1296010759329658,1.9051686035242408,5.311852367295265,0.1519596204003183,0.2738683089841066,2.2138717033857365,0.4884173971558228,2.381743902582536,0.5872463619951871,0.6351135111484598,1.058524697605115,0.8536316870501592,0.9099142942256896,0.6522238091023266,1.283508912867293,0.8350161202590834,1.090018873017434,1.0028593490891888,1.2753477396653743,1.205198297070598,0.6781288178761102,0.7280761564396647,5.373613758329313,0.1192579225682559,0.195472379080621,0.1937099778351351,0.1963363283835299,0.7182381162094414,0.8767433769163689,0.8691802782651743,0.4448595002992775,0.7623971888180637,0.2353161593285359,0.233804163931827,0.6612432097691987,0.3573329544302703,0.525778971205993,0.8066940176938245,0.4885385633211532,0.4494306853017222,0.8214795253862835,0.8904012262816117,0.8852845384327225,0.5156783037700019,0.6442429272692072,0.8406323115024893,1.2129426285428586,0.6410817470273582,0.8012449831004805,0.7983098992301727,0.8690425498490641,1.1339580891929208,0.2836802559413318,0.6474734384041615,0.1039568765851165,0.5872512068436518,0.0757590546621742,0.0588646612586478,0.0519691808398844,0.0291060616144249,0.0706057655446845,0.0200555234825549,0.0200328871514865,0.0214582213737773,0.005741130545696,0.0493790356304787,0.0248601064373286,0.0021019452218879,0.0107367592407516,0.0500822073336937,0.0616096380228238,0.0556510986283703,0.0565960545149416,0.0688234630350344,0.0697676546711378,0.0681963326515541,0.7775266432321308,0.7652501313628584,0.7383510877112242,0.5672434470359979,0.279375139520228,0.5018981297749847,0.2173956553627074,0.1625723838489762,0.3498411882630103,0.3332815385188493,0.2868817418846758,0.2703359959039698,0.2702703134088814,0.1146431565305181,0.2489859115119066,0.1395115033359254,0.1258149686296515,0.121520483047197,0.0993478609563737,0.0948463142159256,0.0979998732744178,0.1023190394441461,0.044041001552868
1988-11-01,5.840088442328143,4.655840300906,4.969561969362677,4.599256682767908,4.660629868430086,4.296359653169174,3.1380778268738365,4.030225910553705,2.692445942586138,2.9661277016753256,2.4802483367772528,2.438987544361693,2.614092598179254,3.335280597530216,3.6800685896028833,3.94965364553029,3.2148965196805013,3.426045159827143,3.019893679090279,5.903322171520794,11.11125770435974,7.983988498219331,6.855497113169929,3.895234311093395,5.261192500178567,6.206185517278381,7.118849611477732,8.556098720125478,5.872347130979313,7.043538851121443,7.919319570806797,8.098114920514826,4.1298329268547125,12.416997377187208,10.567163067025088,10.6254878397449,10.473204306642725,3.892782525058677,3.7806419017816753,3.758248609764349,3.637598335363448,4.019604594998366,6.833016005127649,7.449351218223951,8.13617809375511,9.389405966274143,8.63601326451074,9.440817889162783,6.94042709648572,5.643563120443483,9.602036410078004,9.80340905557752,9.78997260871474,7.090352525209746,4.531362623699963,4.286351036577819,5.414111047941497,7.586977512794594,3.911732071628919,4.97805448998202,5.815173817443259,6.631124551465383,10.331808635964364,11.098094039177838,15.097037576725551,11.74952370811136,14.17904886670524,15.464961665666268,24.98747041235992,24.181408092916445,16.949931699145264,23.279941619679956,18.15844248397352,18.50482088883996,22.990545606145364,18.37419181100601,15.81812622198991,25.26819713770491,20.43266881997513,7.348198258103832,23.54780153560243,20.738587309760877,16.488805630495794,18.29565626703318,12.53631230989422,16.724132916674495,2.7531722612292944,2.765212842923865,2.473573697613731,3.0299289682136097,7.369341342030201,3.864058690607623,5.561912262698693,6.4957147622827565,6.222752030924704,6.761815209026102,7.5169142958283635,8.150657224696133,8.559602603158368,9.376306883461542,8.872584137129154,16.034701325768612,14.85094947215708,14.600805549000736,14.92702096749218,16.299232664589507,17.030113629520546,17.464783654000783,20.515613832736346
1988-12-01,1.7250727465764517,2.024492561413504,1.8086905971053768,2.449172611200535,1.9462973788570563,1.6589198722540772,0.2223385292027613,1.2652327127365597,1.152061000088075,0.956439554050734,1.1402160014136131,1.4042940725193602,0.9128597118843236,1.0080551002499023,1.0969132061560822,0.9769885683340248,2.5691244197777814,1.7090939028055847,2.283202974833186,1.3076976619719098,2.2460015296910467,1.188818032839278,2.282496930603238,3.5071734916929085,4.179928278851882,1.1973707857386506,3.762166382680804,1.6460379828336411,2.2607999741755425,2.6397718213008843,5.079412511640648,4.919191858611706,3.379165246704824,10.576254033662114,8.538894137199904,8.555018596810347,8.536367689558979,10.413186770750723,8.175360487767229,5.271552904055256,6.487011363141448,5.652763543203464,7.818657641934385,7.120468373973238,0.580906757861644,4.980063222432507,2.529283262088431,0.7862026478310029,6.671945129177055,6.481204728523494,3.105359333389698,1.1939723237948288,1.397881310099045,6.318409034087341,5.099350313926287,4.233551705375761,4.3006754529284414,5.305767519144169,3.919869346606432,2.950582876672847,6.994816289249737,3.3584555938403176,2.4776849756610115,1.0212595238039324,5.809743560924683,1.576670744073048,12.932891619703396,8.695102811657133,12.638857992338291,14.09503983736375,11.50349330517103,14.534433084475216,15.508275439399586,17.150451540156695,16.242463641031478,13.116140637178356,12.519191161179036,13.6659091530563,14.23097514438664,6.2560903594996535,13.780584419936943,15.984149665487816,17.55216625023892,16.16748205579232,11.963780266477352,14.97383394823821,9.335024068676162,9.048581904136595,7.966126966264479,8.136620034446585,8.268377418971426,8.139993558390447,8.256223010317845,8.125905477596197,7.998049002272628,7.884764950801893,7.455998573598508,7.286962008877211,7.187635278425679,8.077696718875828,7.362927024032007,9.316529257438294,9.505407508597038,8.785767495921188,9.006609231812947,8.751326175481502,8.851110106902947,8.973712112146348,16.447456506194516
1989-01-01,5.254424821388619,12.18202626871225,8.70167642736017,10.681556126322294,11.987927993010247,10.833670601212155,0.5739244171086219,8.114633081505682,1.646936851605666,0.7734449104935757,1.11359296719626,3.070216086978317,2.5669016294273668,2.6250526323423844,4.532276710589875,3.123686968890405,7.859786818864263,8.984711278058397,2.147368804926124,1.7314669251648949,0.0042808717792196,0.4216236964825185,0.9919482557127316,2.559924677787108,1.433176877852857,0.3039985995219702,0.7912323601750021,0.6091092244245625,0.0,0.0,0.750451450058158,0.6490075761509952,14.491101336810996,5.248450412440311,3.3844715495683566,3.605243389392067,3.283506349684208,2.150368151874964,0.8346683488948103,0.2613204241270103,0.3479902644671772,0.4164362766906193,1.5691567241280908,1.9378826791371264,0.0,0.4085359782508889,0.1594205029349308,0.0,1.4140419659636978,0.261476271036572,6.949687398796407e-05,0.0,0.0,1.2035475656173005,0.0181505287370087,0.0,0.0,0.8407516399723236,2.255622428627408,1.2896545811801252,2.1354978592536247,0.0760843427694306,0.3361852376152429,0.2048444203447457,3.8619858987226894,0.6367773417585187,16.614076771563212,4.788395155850318,7.188652569522019,8.822585293574125,10.447441216836404,8.51744497782765,9.212528880042218,10.61210155129856,14.129294931172636,10.676362765652586,12.04282862030338,15.670832633226162,12.778887893562024,6.923446007947001,7.199134702266083,9.434354797366732,11.73733227701397,10.50593135391632,11.250477560289603,10.539846494228552,1.258001550175948,1.1517753625828624,0.8185711920527408,1.3159896917757237,2.506353795795523,1.561317062558112,2.6279140127509257,2.996697114156623,2.737383035057585,3.2509432922630164,6.681123745295427,7.440692654310292,7.697345735255229,8.172123576500335,7.57704051009666,6.487695916741021,12.21289417926718,11.437689888946876,11.799599289213036,10.648768919834955,10.123459571401073,9.606514778564106,8.93196927436359
1989-02-01,1.6146764484517997,6.541346897918863,2.5867375910569903,3.365774949715932,4.424262768882977,4.428456877147264,0.1732032862682097,4.069169484711372,1.7488176344221371,1.4467036337545176,1.7883167280225578,3.0419100385091093,0.0826466439699958,1.1011873663432217,0.1785587831909241,0.1095026301670041,2.79947141281693,3.896138048322538,3.981101761231664,2.5548950789302185,0.0,1.2130605875502352,2.0222539716052337,6.0735087862575625,3.210588381417429,1.980588978913615,2.5710642223115925,1.235758169761948,0.4367097318016687,0.0071983037575235,1.710920700719942,1.4989615240522332,2.516425148199133,1.5069709796206827,1.918829592189809,1.7833349053013468,2.0779592740500723,2.0842497872814265,2.7113977222968564,2.1067833940553635,4.051773375421331,2.49931305366729,4.685309608618539,4.879191181470743,0.1352220933380811,2.171651026931706,1.037068032668324,0.0242319864737792,2.656898990624013,3.689001938630852,0.6063442060674002,0.0012462067659299,0.0221543112622222,2.5440895493163898,1.7533242087602274,1.615405616248466,0.5128562849096022,1.8985227888139864,5.3087516908196335,3.7109491313217937,3.137018427630532,0.6940178293349861,0.0098565979286789,0.0064144612216878,0.2934164127673502,0.0420248784729572,0.8899927845953997,0.3542040162920795,1.5131796629429266,1.6264908190477356,1.1102070811096794,2.060657427308792,2.757254134422464,3.0086997559087103,2.658189338923433,1.6766940627865283,3.0259797029769318,2.5717277149126536,2.774226961235401,4.208001528549876,2.724416204652305,3.385343999646853,3.6477685827017967,3.616445690558965,3.3686623921818293,3.6232998920306554,2.561400605149946,2.6370565309168152,2.445068478186215,2.8328660582393037,3.4149807650334565,2.8935027594412634,1.4876375376819424,1.1010297080886469,1.9604775506032115,1.8419974257061131,2.450069793290677,2.452840398104388,2.7153322659656096,6.994562616750436,3.3115983291485183,5.59671241727344,0.0052165957047265,0.0470252855410566,0.2395386383093192,0.8683499887300999,1.177242021101384,1.672652035304955,4.7633535102201625
1989-03-01,26.672820467758005,38.36682073123176,28.52975322503463,35.89646261853985,30.682338339517266,25.60696640723664,4.278725808951277,21.2748489506888,28.999087428790038,24.81804200592337,33.69935492561514,40.00149318828152,16.686070766352977,26.744239199179763,33.32538274481458,25.134987251974053,64.02420202654727,35.882342636346294,61.739181597197145,47.04628575189517,33.54063546698993,39.40397713835655,53.71944687425769,74.342411444956,86.53955634329259,62.786938731697774,69.37794119217878,58.00007369508689,30.485724956285598,28.987315083832684,59.81711433229405,55.85490163078688,44.3188615200922,84.05485009477758,81.36211174661065,81.54442171486683,80.73438370661738,81.72664483751574,77.58707434522333,56.37406294587494,77.02094093618173,60.974641905733485,76.28267807451438,68.29964282760739,61.2211628946581,79.87764362322893,69.91526434723218,62.23510670484444,69.99662170745177,66.35402276048492,65.82109564537605,44.68080698031015,45.80537827927223,69.35629250148105,46.87019503896733,41.271389838772606,33.40263924514899,62.38048868451895,76.55931130405007,72.46557327888519,78.82612780833881,45.206134100615,90.11120826033496,67.045789859871,97.33810868602735,70.75747777547707,76.96126289646082,94.1925654069189,62.47763080578724,63.56364068799715,76.36251186084887,63.08648709386064,60.95270323045804,53.17081731087774,59.19160938202914,69.48044043388026,33.46920479884528,57.70542790083384,41.500865958548616,17.329261213155444,52.67486726972451,46.14057327754822,39.322640198638354,41.53025069852628,29.02833754208417,38.16239444783204,83.19140703879779,82.45894014466552,81.34557724073207,83.10129820948677,85.13914969314497,83.91884797441499,92.05225242807654,94.4315452749458,88.0967072142119,88.11464209783091,83.90408784441085,82.29902984376842,79.23915319190725,39.860830951751375,73.09966162364726,33.310547679580964,81.3645861306638,83.34177287095581,80.33197128387886,70.85648203630231,67.15683159179643,62.40841123751645,37.5925554166191
1989-04-01,102.22453793292384,25.00085457845736,77.48236161560484,66.69047479620592,55.55958768176545,39.84654126314706,38.95039417596918,29.04815327415677,55.21562031182094,52.43623143841733,43.88873488172321,29.20613422677305,37.98762844137053,45.96885698631726,19.98988391063081,22.6737912701977,11.314762400847355,23.541734784635103,3.4887134567610247,3.681574043424628,36.941767204634765,10.777675052528874,13.054022526938072,11.090293131142744,9.442930882410092,6.12629529440407,15.165242598481548,5.957339078116608,77.65099816224236,79.7410347052969,51.01932719488193,55.02449137734534,62.49659008543082,11.901366034215137,17.098063569367014,17.69814792999269,16.54929970524177,8.835454538715048,20.904049057354747,47.381689842139245,16.45355991704123,40.35324337668232,12.270886227825107,13.90165055055541,73.84759971683741,23.50596358517948,50.79113756465116,76.11665964283817,29.05718891885464,34.233911855569126,59.480863851551824,88.32410921515239,86.30457159917587,32.33812603605684,56.95027931149664,66.9628517987552,76.56373618341347,46.14851641480902,11.067920544423735,8.123167148602437,8.13894627063444,54.98661040846104,40.85941303660333,81.98620281589037,17.6269870700589,74.28225390779991,8.50185714263747,13.120395413767962,6.046661359261589,4.1569167224233485,10.940614827376226,2.261722233397531,1.5960255030520791,1.967016872922621,1.9925272099751932,7.533332614564286,4.41255438521792,2.519974776776905,2.7673796400653274,7.034998078808091,4.87183617518718,5.42334836100793,4.6193221074185145,5.491539554430692,6.275540107014407,5.74965766465709,12.585462954825871,13.488652726527414,12.737832373951528,11.634852374761568,7.526198776361869,10.847452628923303,12.140577688708545,12.03107114923212,11.578642977848542,11.163313502539392,9.92001904450508,9.209421647227447,8.716313631142988,4.596571750768685,8.054844775754345,4.943451053301654,11.345220434169825,11.227008272711938,10.55144184529405,8.776302622797527,8.410107779572337,7.971699039537826,5.952919522262901
1989-05-01,32.610561660180764,4.230928325615526,72.053630819537,83.43494617419319,47.65132531604736,50.39936964401205,138.4958244862505,58.5489596418262,17.216760075367606,41.78716975425046,25.56069233466814,15.533409898990534,38.73873823008002,18.19738429564235,5.191287093924336,16.02521150883205,6.964268636661986,21.675589760560214,0.0309926881649591,0.072305025791023,0.511488112684891,0.4218819322616582,0.2313667589002041,0.1415090085843864,0.1970358401729837,0.1910726828304445,0.2569743416722992,0.529573406000996,0.033498504052917,0.05861751359183,0.406521626575291,0.3682348282834215,35.10420901132674,0.02467868567356,0.0855128584756177,0.0904146726546316,0.0799046957462302,0.2789637475102962,0.2068225170628986,0.1513665452363108,0.05319232237621,0.1245813682327052,0.0004391732491002,0.0009835592134095,0.9127640264552852,0.1261971129721499,0.5319335469958681,0.9718671647203568,0.1136344731942584,0.0104793031832172,0.3748162032864229,1.6209257796127663,1.5228755311894533,0.1452750974104298,0.0131764894919839,0.0177747546446661,0.0041741337554491,0.3661958549662247,0.1438814298958748,0.1338264815610612,0.2552957308662882,0.1816229289606968,0.5006069171571162,2.7329766723890074,0.6923745485546926,2.578282011893045,0.0078199601880694,0.0923535338720944,0.0355785719465256,0.020842677317086,0.0600221243808,0.0039354018475937,0.0097182090982524,0.0170704675367716,0.0558824805442362,0.0451549006770926,0.0118736399308908,0.0836763110309085,0.0330808115694136,0.0002762116918905,0.002763072017145,0.0022358803866672,0.00654712414391,0.0031429709689954,0.004145271738832,0.0031113273326779,0.2324782081083926,0.2098139857856159,0.2155281359266172,0.190368920801134,0.0068733623628418,0.1604785454658819,0.5082433611600791,0.4661044610824941,0.20022098339737,0.1875258799647074,0.1894885659593835,0.1685575675395889,0.1525495911120872,0.0989717925077618,0.1345677949198063,0.0015573837886099,0.0271423768646566,0.0478873410381881,0.0408764556349971,0.0369430574346579,0.0334364244839688,0.028784099952098,1.9613386016232444e-05
1989-06-01,1.261905852241329,0.073808838782867,11.53023873201275,20.56003729603234,7.537713037516747,15.318630838362989,71.11894827663045,24.27633153566273,0.0008679527206966,10.19994158753242,4.74290967288592,2.651936279590477,21.049107214895432,0.0006768489659994,5.370216436761542e-05,7.936437360212876,0.0029615675705894,5.8681676719902045,1.3723725610758756e-06,1.117487387406832e-06,0.0,7.129960028866066e-06,7.419510899859509e-06,0.0,0.0,0.0,1.5364368475131738e-06,1.2241984593699765e-06,0.0,0.0,2.302313092186155e-05,2.0028377986811967e-05,2.7134813660663664,3.852657293523906e-05,3.153074295343286e-05,3.0166528760467705e-05,3.329960131163355e-05,0.0,0.0,5.291956144932696e-07,2.4639966327997894e-06,1.278070180852026e-06,3.093819394422436e-06,4.970789812225331e-05,5.423010417741995e-05,5.406453617498349e-05,4.974248893888471e-05,5.4476458996962974e-05,1.8644982928197443e-05,3.305197255217604e-06,4.951821489986077e-05,4.458370938468471e-05,4.474722050152744e-05,2.0486137189813437e-05,6.241468402468569e-06,0.0,2.928888478449643e-06,2.3235381539385396e-05,0.0,4.327962473653267e-07,0.0,2.1624464469868587e-05,5.587935447692871e-05,5.330134055232436e-05,5.586083585701052e-05,5.349458928544671e-05,1.966177306039364e-05,3.552544295137898e-05,3.756882725422624e-06,9.180163588056213e-06,2.2203533801006172e-05,1.87679626819502e-06,2.5054191896641782e-06,1.5127125744387692e-05,2.922128426810509e-05,1.854737240048335e-05,3.3002956519196755e-05,5.3232262420318665e-05,3.751909146348129e-05,1.5717954083639162e-05,1.1142658770703343e-05,1.2123343245463044e-05,1.8221356880143517e-05,1.2624703214813948e-05,2.96871060341715e-05,1.6700539773417572e-05,0.0,0.0,0.0,3.879007646068495e-07,1.0023873348941022e-05,1.453528693404046e-06,0.0,0.0,2.6915218099319427e-06,4.3922141788613805e-06,3.275784107481744e-06,4.556685034163755e-06,4.232704755454706e-06,2.213972779968234e-05,6.271601168773689e-06,2.2271133452201977e-05,3.824947938974381e-05,3.300204317703505e-05,3.0152907260398863e-05,2.711801190896128e-05,2.6775419083772785e-05,2.8231441408162976e-05,5.048058036609095e-06
1989-07-01,4.0708168969166975e-06,1.9979608304922004e-05,1.930589515452428e-06,3.1857358113632216e-07,3.511787945127584e-06,0.0103523690535633,0.0714007148271236,0.0211530571884583,5.1543243771762864e-05,0.0042496452732983,0.0019895744618471,0.0011154135695659,0.2674687446209977,5.587935447692871e-05,3.292241006280517e-05,0.1008602359617947,6.355329734693626e-07,0.0037746782116374,3.681763000937732e-06,1.8049120696378452e-05,5.587935447692871e-05,3.3087599833918027e-05,2.1702673345484943e-05,3.4733305007274653e-06,1.15136632838584e-05,1.6977361820158216e-05,1.619358259640609e-05,2.382648938454525e-05,1.8048582642164357e-05,2.7183327334769903e-05,4.608167781894665e-05,4.3869798227613656e-05,0.0,4.401337565725049e-05,4.484727877409807e-05,4.488080426788674e-05,4.558010335044777e-05,4.264901459330168e-05,4.137890062812098e-05,4.065235480225939e-05,4.2758096323569536e-05,4.110907440221679e-05,4.384278983542927e-05,5.587935447692871e-05,5.471856080223931e-05,5.587935447692871e-05,5.5282687934163706e-05,5.587935447692871e-05,4.456722316162355e-05,3.16052221723484e-05,5.587935447692871e-05,5.104116277600595e-05,5.108434239298517e-05,4.490944481537652e-05,5.0987591413706885e-05,3.6486279412780784e-05,2.88429143054309e-05,4.611032411135119e-05,7.587882086014374e-06,1.1940018559109687e-05,1.6075096131190374e-05,3.353048791814792e-05,5.205067336422745e-05,5.5552962205168847e-05,5.587935447692871e-05,5.56684773396035e-05,3.362542166742585e-05,3.330535782823252e-05,5.587935447692871e-05,5.510041799158624e-05,3.803995403962457e-05,4.919456946577163e-05,4.792187197628295e-05,4.565404830942535e-05,3.785003534841411e-05,4.006933494416814e-05,5.587935447692871e-05,2.847552371306937e-05,3.992912438403036e-05,5.587935447692871e-05,5.587935447692871e-05,5.348230606519937e-05,5.564802735970531e-05,5.445189802785959e-05,5.381293596696865e-05,5.445674491334766e-05,4.992418907643765e-05,5.059719584283697e-05,4.1048868766020905e-05,4.359448554828743e-05,4.024914160248392e-05,4.331939627780562e-05,4.649540837814824e-05,4.161754397336777e-05,4.4615960501294486e-05,4.550614355140084e-05,4.320731845772257e-05,4.474440704330306e-05,4.5832108826728713e-05,5.587935447692871e-05,4.722756759530986e-05,5.587935447692871e-05,5.587935447692871e-05,5.2414905585032455e-05,5.252219979718343e-05,5.437177794183727e-05,5.459770718002112e-05,5.479463527842518e-05,5.015766343260057e-05
1989-08-01,0.016092575427992,0.0004305490835888,0.0102020400336952,0.0,0.0067082258916418,0.918108323497451,5.682954955108171,1.8700275143886056,0.0,1.295480665429137,0.6023782032085288,0.3368029906030217,4.201395661237381,0.0,0.0,1.5841034969793504,0.0,0.4012172715874502,0.0,2.892871673345027e-07,0.0,5.08985778715467e-06,2.870407854945032e-06,0.0,0.0,0.0,1.7127871136014418e-06,0.0,0.0,0.0,2.889311172506096e-05,2.5337331510318215e-05,0.0,2.4644598713857537e-05,2.038086546361217e-05,2.1584373675382024e-05,2.2317423379186785e-05,0.0,0.0,1.2651818033486129e-08,0.0,9.945083500444061e-09,0.0,3.15471879868874e-05,8.294539451786275e-05,1.7745273773919053e-05,5.029249105922268e-05,8.86945331664431e-05,1.273216373471407e-05,2.7704128665347e-06,4.788822103653245e-05,8.488192630296196e-05,8.257891376974614e-05,1.6808556055181825e-05,6.018729363562221e-07,0.0,0.0,2.8161299504798377e-05,0.0,0.0,0.0,2.8255057464859527e-05,6.810978985527407e-06,5.829912119120504e-05,7.9894327385594e-06,5.402992734409449e-05,0.0,5.452677698715489e-06,0.0,0.0,4.922217760248521e-06,2.991349232974931e-06,0.0,0.0,0.0,3.2861557393630168e-06,0.0,0.0,0.0,0.0,3.044462384251113e-06,1.6929626456511954e-06,0.0,9.633843056088643e-07,0.0,7.425320707964393e-07,0.0,0.0,0.0,0.0,0.0,0.0,0.0,0.0,0.0,3.3204066715095417e-07,4.6736929580912004e-07,9.017334410873086e-07,2.0823937889896907e-06,1.4390959345789032e-05,5.162928392374605e-06,4.770685810167323e-05,0.0,1.1754944891882072e-05,2.268187405478953e-05,1.7637262831180472e-05,1.4994097948772412e-05,1.439938166417533e-05,0.0
1989-09-01,2.8249457498768566,0.2418479775359963,5.327614135843918,8.146830554410037,3.5121553444191216,3.858662099938863,11.429373587609115,4.601266958039074,0.0003771048674718,4.287931547056851,1.9951618079414395,1.1192352507425951,5.437995988649562,9.533991254528398e-05,0.1070738141459099,2.1211341114453184,0.8762066528555537,1.7060493155623273,0.0884803522518793,0.0556469040622729,0.0,0.0003631599761124,0.2179268983932366,0.0008871434629704,0.0695117283666159,0.039716108676461,0.5297496681516137,0.0002879365198531,0.0784357333704357,0.0,0.236933375389612,0.3808317013906936,5.844267139864673,1.3376293064685906e-05,1.0449523036958807e-05,1.0596515355723037e-05,1.106692177853445e-05,0.568018092883859,1.094088261274547,1.2772862014186246,0.0,1.0040231288060817,0.0,8.168529068031718e-07,3.492240443853658e-05,3.280617018254499e-05,3.1997154517286145e-05,1.829027878457009e-05,0.4521064294350196,0.0,9.851398770779307e-06,2.3162508165561696e-05,2.1661993088950804e-05,0.3801291597716725,0.0,0.0,0.0,0.2654422606373037,0.0243187955362442,0.0171086288322022,0.8841433793839949,5.904431502332658,1.998055592548511e-05,3.592509087086792e-05,2.988378310729508e-05,3.552844286757905e-05,0.0,2.559306580975845e-05,5.2693776046688274e-05,3.4222069848996425e-05,1.91346109499268e-05,4.631066961120066e-05,5.328062000196925e-05,5.30581969754516e-05,4.829598164743559e-05,3.0392641683257e-05,5.2850017953493175e-05,3.46427176845303e-05,4.985029500658172e-05,5.232624948630588e-05,5.584462691914099e-05,5.5860043199373295e-05,5.587935447692871e-05,5.5868365349811264e-05,5.378618405088869e-05,5.554432201854814e-05,0.177703840447728,0.1543362580377954,0.0038799971093592,0.0495384554689048,0.0,0.0403358895592159,0.0,0.0,0.0226515689700749,0.020797146985422,0.015080895158566,0.0132518772022746,0.0119589780904259,1.372443266294346e-05,0.0103029351743628,5.587935447692871e-05,1.3093778702521955e-05,9.200121473825177e-06,1.2774788922621346e-05,2.6945775678391425e-05,3.128183508481366e-05,3.46532642208944e-05,5.587935447692871e-05
1989-10-01,5.226097734426153,1.039586429119104,5.01054994930097,4.776001479179925,3.4417053675069478,4.7219475536379285,12.96604589562857,6.422014901464865,4.457203573216707,6.072967115825581,4.660511222375288,3.162405140354014,4.781290433100976,4.186208815236181,1.5268587726063632,2.7103529139670064,0.8645468240284787,2.7126183216573194,0.4899525840066296,1.6672497437964766,0.2118080030280349,2.2970213907451766,1.4672493509163915,2.451064814014921,1.1919588621194248,2.101263564220844,0.8589997797872981,0.9318435266992589,0.5143197699469548,0.5847743474638768,0.2459154957366641,0.2638230933118832,3.506832694349776,0.0025241767763469,0.0038179630441255,0.0042133956687664,0.0035892452050984,0.079402192880194,0.0873252812123833,0.1845804092742066,0.5736462878355226,0.2773170214057566,0.4840735510181348,0.3515468253374639,0.0400418434188374,0.0030077776695324,0.0225800703968411,0.0650965896184649,0.1655519972145286,0.6848983985838103,0.1163400311615954,0.3022155794951378,0.3004050498415131,0.1968750812901489,0.3960808413639012,0.2944686969993196,0.3099077200353211,0.2340161739189828,2.721911791454669,2.0657977180332887,0.0517773682095035,0.0855412378019974,0.0291884836026355,0.1272479728479089,0.0415696290006367,0.1181987137980757,0.0034123113480267,0.0160925222358914,0.0783510665658021,0.04205529111587,0.0147741655114089,0.0177059027760395,0.0045090304012433,0.0100029702965628,0.1129034198405646,0.0209529357643221,0.366637909844127,0.897307756376202,0.4752945447526083,0.4962119538311254,0.0418861341351933,0.0285067678008361,0.0153989733905052,0.0310253595106485,0.2570537944365679,0.0959877576181679,0.1608699412804182,0.1742249625769933,0.3739538080957892,0.5371913135442383,0.3015355971805236,0.4893402964498828,0.7189939599746716,0.5194454599638508,0.3662265908178337,0.3363276146021591,0.2461464456362445,0.216316252265554,0.1952571153958588,4.937821122547243e-05,0.1683071680487425,0.0101232678093309,0.0039450897095422,0.0039009607335091,0.004530241945154,0.0134177994567338,0.0191243613799353,0.0205759923957878,0.0192195751313397
1989-11-01,18.233981323038773,11.621989197787489,24.31205551415423,31.951338681623454,20.478061546036443,13.973350867129254,4.07467004933841,7.760033326291081,8.544885790308902,6.388718428304944,7.379432744036981,7.577152093953333,6.247403097483579,10.172862972324188,9.2644664517868,9.00880732230434,17.327484975072604,12.760615800686978,15.727366810378046,14.511626199575163,11.937050758345702,10.432332037383311,13.340234631689786,14.469469105831871,15.712488060094646,15.023693735961311,13.98481037768692,14.055875957330905,11.10620451525049,11.90405239894336,8.730014282366172,9.124347195011682,29.66908736255785,7.004566688184169,6.621720278219202,6.755802481791128,6.560911495403177,12.061603321083808,10.49482922813736,9.92457470451096,9.488752944704714,9.82388598151588,8.636021542857492,7.63683959133831,6.900910550939142,5.8488849112963175,6.431724330702273,8.320173334775255,8.180331156004476,9.540247741474827,8.827416233155446,8.506955179069816,8.546339243913014,8.302267708689719,10.374597801785454,10.993310231275045,11.260117641001573,8.58122452066685,14.539764687820233,15.488776677160365,12.239900161582062,9.999592640640776,6.680845839980524,7.663945824108575,7.9856747864339,7.712964228398268,13.233511202934814,8.614269905608976,8.946501667236909,9.222075291605746,9.84140087713992,6.890749603096378,6.491220669226317,6.277066567392461,7.643716307738831,8.624364969987294,4.874009489393607,11.056875278684746,6.902697564145007,3.179907898345836,6.6889200304751535,5.588525045731042,4.578651966228167,4.909080676991655,3.874366891911192,4.63564822728091,10.522779819949315,10.400596194133875,10.6491666515441,10.465801492306342,8.130493247211966,10.015525778677794,10.071651523339757,9.744579594368906,9.89135259503102,10.02679992329005,9.927966176729717,10.0846637162818,9.882615419799096,4.560964568960872,9.017574992584304,3.833412177691025,13.870071279629943,14.257524967736032,14.558180037390663,12.747728310087544,11.844606055353085,10.74818485266622,4.295969357134745
1989-12-01,3.710793848360161,3.870090069658074,5.006149038302406,6.512037790120518,5.346271500389214,4.392150944724987,0.4956852176644432,2.996665244694675,7.571708777606652,4.461215931598858,5.4575636755703885,5.439285247043849,6.626441859138301,7.994179673357625,5.929407641427478,5.94665609643235,8.755236753762546,6.051301161997186,7.380633704401472,5.2726383879430525,2.080444918154728,1.581835106687259,4.789381792727019,5.277597755602036,5.137286956824732,5.966129783423574,6.095464201567136,5.88186695962421,3.5457281517862813,3.178021421244989,4.23838612653959,4.071977960159539,7.00769265732995,6.993940121034725,7.68513265921837,7.982161701081595,7.482025532519131,6.0932212075182735,6.386499241625756,5.603909043953209,7.988391962557953,6.396171408640504,9.010818248279207,5.496049989145614,2.0940356875854675,4.232605919459713,3.111866022114671,1.3263246366925774,6.552305129956202,4.795484854353298,1.798086519927864,0.4823374662493728,0.5845043209119934,5.98716900990844,3.830008518363816,3.743885436948916,3.1951527103144177,4.619298644020796,5.20354780552586,5.801707663273133,6.288169687930705,5.2909101442216455,3.134980012075346,0.8593199753271021,3.649899632778825,1.1603186233405491,10.290033193203495,4.921726163608112,9.546531501373751,9.875456123328934,7.612597724861739,10.169042654790813,9.754768571376854,8.528764399486457,7.406253757925508,8.052329838740333,7.260389547295489,5.529367237857541,6.341597189271548,8.799438408248118,8.86657900393739,8.364355280615774,7.801351193731724,8.215817321940637,7.981720342270032,8.240847953188137,6.660730009263078,6.693980328839855,7.726491407170477,9.403467384237278,13.037102314791314,10.20270267569639,15.134240530909096,15.349636990740748,11.39482098525335,11.16742033783532,11.571239775000262,11.23139961746232,11.08068041064088,13.570915099482376,11.058463776672486,7.635474597342066,9.14008946254221,8.154476148504113,8.224615338389105,8.01244877138625,7.882288894700366,7.674245818726793,6.381803723580795
1990-01-01,3.692091551845691,9.873179884305038,6.796917732230359,9.718602789136789,9.42621357492849,8.646212263754585,0.2298987349392234,6.565518930649356,0.3336845826793386,1.2942874261331687,1.1290656641027057,3.9413601592679615,0.1693116252249076,0.3880320166890957,0.2065395274179532,0.7531074848861348,12.548402344929665,8.275372788595128,5.994396350436831,3.781420275003456,6.660862681673933,1.0613676449957814,4.291613521235809,4.363016373855071,4.464161047331825,4.94332453449233,5.761023677643018,5.345681923151337,7.607365265225082,6.9720781430303305,6.994575216454112,7.124922895477306,13.73157199866151,6.658243689641412,7.019394000383215,6.817861441329533,7.117458016797944,6.054643350104894,6.940962098821613,8.215004062188608,6.367193926454579,7.8962551901441795,7.9668321449473,8.66237624126055,4.236241226211035,8.623031603260054,6.359990954867157,3.944127314795228,7.651348445751579,9.495706619616016,6.054696377551688,2.954283155090231,3.1909858688011585,7.596480854381689,10.314393220609611,10.688458288983291,10.572993842732169,7.079782919334802,4.4205470219542695,4.691854435201892,6.547978918437416,7.417226380751492,6.291793757061316,3.1836851221145173,5.999128284112357,3.4961616060032523,4.808162490223388,5.279377126564267,3.1764690624682683,3.0400279800229977,4.427850077876975,3.254368357358102,4.330864091313092,5.330873417525676,5.994181690748268,4.581418663472276,7.702418214421886,7.073167080485747,6.81304312176864,10.150506821083985,3.6724183459466695,5.198597988253296,6.898802979885203,6.061838888124955,7.871163388829652,6.502647136104019,5.624582172939246,5.692549768501592,5.214124819804016,5.77180993265104,6.333460921985652,5.808447967128936,6.219943030280646,5.570701455173702,5.766162883294225,5.710892257555981,5.084510575727735,4.911696284353299,4.744188545361522,3.2710706172072044,4.595660436727277,4.047726178230919,4.870897401342518,5.280890976021716,5.034817358126076,4.445165044540437,4.236475745490116,4.144721996659506,5.973177683375645
1990-02-01,9.187153383000451,18.77042435588481,10.74063330944745,13.010937812646649,13.489533464294698,11.991593451098709,1.4314186892098744,10.555621040538226,12.452801590526835,12.272648028402315,13.10325354209495,14.737807965635312,4.479630136212636,12.122625742436428,2.75762023495664,4.169519621416931,12.349612817572105,12.922482958618872,12.229730823831936,3.816496312883263,0.0384158645830217,0.0,3.4607976613580798,7.324055458059782,5.785919799798208,2.7941234442931293,5.325326601948515,0.8871712330487378,0.3744611039358729,0.4294202973896425,7.869932638589569,6.955885092893966,15.900105133235703,12.390848582047427,12.25246464333529,12.15872920027682,12.233492783871448,6.218692160134159,6.746249638835924,5.751493581274765,7.664529043134117,6.336988020535634,10.122775963533869,10.26157662024619,8.843082461947537,13.229686405571512,10.947957963526727,8.83698696791786,9.273968525768677,8.825219515123312,9.722095501437996,5.213374958695416,5.495060712918471,9.289256249907616,7.469285713592447,6.663959925037859,4.961311890836259,8.4263532654233,7.007127011769421,6.073488700548721,6.481212664756548,4.812516675956041,10.667719743727256,7.0709939460086,8.408736959412419,7.277453942601015,10.881245492193164,8.828930040459184,8.072092607408917,8.32751059974434,9.529462836904358,9.288605219375816,11.017320054992652,13.246681231199029,13.417752481869128,10.4180918633192,15.08576245316349,14.441137952964745,16.303565462064302,15.53141238925818,9.562919875580413,12.145274255722216,15.267660886597518,13.489308241679014,14.405362403959185,13.712487993598309,6.271439307207615,6.3977101371288185,6.504389919334421,7.6768858357837635,10.232311911688958,8.202067141657409,10.671845167463252,11.302486348897403,9.599425638577117,9.690956964428688,10.80919599077213,10.86713981355523,10.80005895065479,10.558697430485578,10.6645618825295,8.98525501998117,9.327370971958588,9.461952074008302,9.157907078300202,8.519005190101,8.420669471890669,8.498028900216749,12.91534988225699
1990-03-01,41.38431024293351,25.401240922848505,29.828717127367472,30.217558647005884,28.36507514216814,23.526103458258643,7.307856322706121,19.003202842508188,43.87754652877563,30.02778481996389,37.72113286013922,34.96226852575035,34.99347742455933,37.54181214466125,64.89603382409125,45.67494759213636,26.43426086072284,26.254010991538983,29.649036908636617,44.56143018193763,56.85676873380084,27.77702722482345,34.688646051941774,18.91189968331497,15.85562633509219,39.95456472559754,24.56888159340826,45.41285914957547,56.30073907672336,63.25259152445175,32.65694846278264,35.828221968700696,40.62473146285403,14.070296909672171,16.610674952592184,16.247704716089537,17.017559492617693,13.736580112024978,20.785109883195958,30.59322864311433,25.81195032557429,28.6170755619844,17.881640264458404,22.89651780224672,47.66038805862466,24.80336142636155,37.23434197507336,48.73549048521765,24.5898279018562,26.90950296102848,42.1360296762568,45.047930137340586,44.69028515841202,26.517229758821266,28.74615958326412,31.27324326475438,37.35068055424355,30.770193554595867,17.343952532112045,23.61774319031357,14.110825925869634,32.55974380530436,23.169208257964883,45.047802889002654,22.344311641101484,42.33568173822781,10.979190518889814,17.332035090457264,12.753060352471053,14.103861729854223,15.20889915276064,15.946103389894215,13.972096495617487,10.447402844956397,6.914892220112096,13.90713421274658,5.34998585609417,7.941214352434282,6.006547276799901,6.539237786820612,14.081255851594031,12.737737671442408,8.45151550554295,10.8213784981448,5.104382043937289,9.599062711350498,18.172419697139503,19.45405732513962,18.455565177942997,17.94918657546257,12.331604246893312,16.687928097257675,13.521832998712696,13.026973337224032,14.198274366395026,13.707716344411535,14.293223656005202,13.591418372208112,13.382114411600206,17.516477808250578,13.389806099106009,9.029888877799246,9.628201367078468,9.388004711364209,9.499742521625356,9.132577342940742,9.011364747247343,8.703389503171922,11.733526652685894
1990-04-01,60.317749133112486,19.37520843226505,67.86486179894875,64.44063113620369,49.162146139959326,37.491111430313126,47.54859708532473,29.9806692121369,15.689271739426433,31.26465202407401,21.976782943050967,16.385653848738425,22.769425507585623,13.327135483718193,11.41005019980851,15.09359248427719,3.299550293132511,19.25331504640881,2.7958509465088923,25.745732883986943,15.02711543208151,89.93853386938373,29.18947413452741,2.7773688534940133,3.0582219937794424,5.797095549018878,5.0108421563786685,9.171429514319922,12.93746757283282,13.084242661800186,8.34037063159669,8.797504747071024,43.901465291252535,4.5941450949170735,5.1360144460652775,5.154610629832818,5.172998640093194,4.12756650653532,6.214427670175623,9.897155446086185,8.284752574642544,9.329280999803943,6.5982071476522295,7.145959619768729,8.771214884256844,5.292475692666112,7.200389425498671,9.667956957427942,7.517561862249419,9.15953368374164,9.300683664820363,10.64219232028976,10.555645772404898,7.788166048417479,10.05813196767042,10.54041522127368,9.550550394549406,8.341393205281259,2.784525622919732,3.3929764813892125,3.61396220779002,11.091283802665032,4.393288698468476,9.53143534843878,6.507014010111688,9.227251830584558,6.182658173295096,6.636019217276005,1.7788879317806303,2.77996407666856,5.814399054105666,0.6748442953256207,0.071668723161144,0.094695569649607,0.5500898601085749,3.74662834362054,0.0654677465195384,0.849432890233657,0.1997674708726254,0.1416886735101994,0.218071194895737,0.1244638356200427,0.022493473033833,0.0786903383271351,0.0377814118433847,0.0709342178518007,6.457461953624732,6.801685524575232,7.087609595638629,6.292854325779091,4.733698279274866,6.007327633015892,4.191986541194472,4.620970046034204,5.743465278414058,5.721490500925352,6.263283140670163,6.32720215502333,6.239949921806394,4.070591692839142,5.63428496255428,0.9364046585425247,4.3923041600188855,3.965504892345407,4.169713815915315,3.8488272528492,3.462689867414844,3.0473375136517906,0.0046796125850719
1990-05-01,38.39031526725472,11.972237488533372,68.84428654992954,76.08712477022267,47.12124674006338,54.468843239095534,153.32419391467124,66.93082096330822,10.32577049801376,47.91901993265942,25.77923159113122,16.85967907477568,40.06744828238402,8.799871453389937,4.610267930021873,22.802439676024807,12.169005904257112,27.201770523444267,7.887938575176543,8.352693169839297,15.362035498465977,11.352836127547016,7.887751617368186,4.280190513357176,2.617393642118316,4.120892296231168,3.940393520458696,4.226459830688495,18.250044205670044,20.8705292519901,9.194753649993205,10.395580094926506,29.096660816054357,4.325256474706321,5.894822820613123,5.900158668750614,5.980630440670057,7.595057900443126,8.628848733599689,11.611477890882218,14.55566501889071,12.21584759330668,12.6801892835094,11.695524635907056,5.846499892001368,5.507385074093701,5.743972950476925,6.373567915819202,9.594957727956604,14.35886262283991,7.18174342331254,4.307891262723067,4.5574608213913175,9.695385511913855,16.118820677461674,17.433527736176,18.573823616442212,9.244262826191118,4.195300110614253,3.12570575673468,5.241882014024563,8.262486881678958,4.916045527639176,4.778634791766966,7.695136834722741,5.203541129822352,5.542869187820717,6.269177635298856,0.989732948681199,1.5103659071185522,4.892163413375593,0.2874119241573337,0.0043774808345567,0.0016006302085292,0.0,3.048047093695205,0.0,0.0002357570670547,7.246326838323248e-05,0.0,0.1012773333899218,0.0563257930297988,8.47908724114487e-06,0.0320546801138776,0.0,0.0247062650544552,10.0975476337156,10.469313812461165,13.161170858541874,13.17564173824333,13.302119515183572,13.034407583422576,14.56046994022235,13.698382416734043,12.30239375876766,12.027388397394386,11.54930465444222,10.75378013199187,9.905115280566768,0.8461176948582224,8.580638395329398,0.2221309579918898,8.250775969853498,8.514346350008072,8.14555132210979,5.508319944053851,4.756762024144715,4.062974861932852,0.0005311644180777
1990-06-01,3.924491215791159,0.0611428268188413,19.198111114571816,30.50489101380559,12.540861567688482,31.7389731687751,154.53966389388708,53.16793096262077,0.0,23.283341618102614,10.826388894007083,6.053280285763638,37.27595378219429,0.0,0.0,14.054605541526394,0.0,12.305894322903525,0.0,2.861363399014731e-07,0.0,1.278816013626383e-06,2.048586106769132e-06,0.0,0.0,0.0,2.17047594602405e-06,0.0,0.0,0.0,0.0088091970055742,0.0076023331992883,1.856240450129592,8.915361714443088e-06,0.0081169747742605,0.0090657635936806,0.0075291452679767,0.0,0.0,2.3545634995143477e-07,0.0,0.004017985462701,0.1485089533354047,0.0182868665298252,4.696957472363535e-05,1.7886442173526765e-05,3.414672207947014e-05,4.845776589822272e-05,0.016791364946544,0.0,6.983466117390856e-06,3.878677551969164e-05,3.977502971376365e-05,0.0141204646015987,0.0,0.0,0.0,0.0098675600434028,0.0,8.753061309268468e-09,0.0,2.8356235485891035e-05,5.145700913784677e-05,6.43378052520548e-05,5.3558254548377166e-05,6.334193365852094e-05,0.1778203014072366,1.3412761956449992e-05,0.0109054339304616,0.028768456477913,0.0562365448261898,3.2169374108426586e-05,7.562056151372726e-05,8.387341208984822e-05,0.0001022993584109,0.0347343701112746,9.844080947799348e-05,0.0001069615201788,0.0001009129140673,8.835325189507045e-05,1.7921595928972964e-05,4.330755876105012e-05,7.506848184314071e-05,5.911448942021686e-05,0.0001035446266064,6.904974995544269e-05,0.0,0.0,0.0,0.0380766613023434,0.3822183402221377,0.0906593336900327,0.0477185073961394,0.026109911389271,0.0702551696501765,0.0686740908316376,0.0497985018947478,0.0447168448674555,0.0404187126433528,0.0,0.0348050673949539,1.977999962285583e-06,0.0178482491121553,0.0760363739639858,0.1740858204284843,0.1742467358737678,0.1482251790292468,0.125456550832322,2.259622197534579e-05
1990-07-01,0.0,0.0,3.0875550641262417e-06,1.0073412251621556e-05,2.0157443350668843e-06,0.1008047076005844,0.6953074117340722,0.206006704317409,0.0,0.1168168296555768,0.0543179947260209,0.0303703935000284,0.9659264593646546,0.0,0.0,0.3641962753237842,0.0,0.0422026159541085,1.861555035311313e-07,1.7152088814485855e-06,0.0,8.758664005279549e-06,4.744229943868623e-06,0.0,0.0,0.0,2.768594408597047e-06,0.0,0.0,0.0,1.4604986355702863e-05,1.3063786383735051e-05,5.189995436273132e-07,1.4333210738877923e-05,1.2747730044752083e-05,1.314624370145948e-05,1.4342145230577526e-05,0.0,0.0,1.2651818033486129e-08,0.0,9.945083500444061e-09,0.0,1.6337058136063436e-06,3.949494822921313e-05,2.4703281189846263e-05,2.8106506061334658e-05,5.097196641375926e-05,6.825011943641734e-06,0.0,9.433996121513052e-06,5.3148453788662944e-05,4.967428358037517e-05,8.032874078858203e-06,0.0,0.0,0.0,1.4095810984750812e-05,0.0,8.655924947306534e-07,0.0,3.575438283978214e-05,2.268469291842595e-05,4.5448796529770414e-05,6.467914229039074e-05,4.7608637216351335e-05,0.0,1.7176706481439023e-05,0.0,0.0,6.354203152249599e-06,1.710284685225547e-07,2.194412154624498e-06,1.002553137100047e-05,1.7371232782489424e-05,7.060437695910368e-06,1.411363496552745e-05,1.5507795463834883e-05,4.303882073053496e-05,5.327565353103695e-05,7.656224742031432e-06,5.430254925565368e-06,1.4288623712522672e-05,1.5943851470326666e-05,4.357510748494049e-05,1.9845280982492773e-05,0.0,0.0,0.0,0.0,0.0,0.0,0.0,0.0,0.0,0.0,0.0,0.0,0.0,0.0,0.0,1.895807784817971e-05,0.0,0.0,0.0,2.133916682742391e-06,2.3745535758715045e-06,5.846482277833099e-06,1.518060173924872e-05
1990-08-01,0.1765202764912549,0.0018248803158557,0.0697849299068332,4.9733491541211664e-05,0.0457620858837726,0.525617872677476,2.6028629509554406,1.0314977811732655,0.0,0.72478072206663,0.3370116750712377,0.1884306892705309,2.002988082165508,0.0,0.0,0.7552111868632906,0.0,0.2284688452281326,0.0,6.220962772827702e-07,0.0,2.328002215355694e-06,1.824161375188559e-06,0.0,0.0,0.0,1.434182726926563e-06,0.0,0.0,0.0,9.0531586791563e-06,7.981910492657947e-06,0.0,1.0288685689332446e-05,6.108410596267079e-06,5.722204997440391e-06,7.782142329236871e-06,0.0,0.0,1.2651818033486129e-08,0.0,9.945083500444061e-09,0.0,0.0,1.6719824826716365e-05,2.085230848151049e-07,8.65905603269417e-06,2.6080199797625616e-05,3.359003430854901e-06,0.0,3.763602222567872e-06,3.0657467155926194e-05,3.105060709833414e-05,4.220853153687277e-06,0.0,0.0,0.0,8.585741579590187e-06,0.0,6.82740684912157e-07,0.0,2.1321541033907665e-05,1.2891449608144691e-05,2.6153077886225615e-05,3.3848420892732334e-05,2.733170592398543e-05,0.0,8.283636783969313e-06,6.466743120199485e-06,7.507452285566413e-06,5.6132155036812685e-06,6.847998482654455e-07,0.0,3.2211504090868664e-06,1.5327640298907568e-05,5.202746271823897e-06,2.6785658059853478e-05,7.660015282595569e-05,2.3186888171183723e-05,1.3658917893482e-05,3.1501031862479715e-06,3.47282304550705e-06,3.958995950390889e-06,5.316165869279056e-06,2.146373795473691e-05,9.177853076936342e-06,0.0,0.0,0.0,0.0,0.0,0.0,0.0,0.0,0.0,3.3204066715095417e-07,2.407767994015143e-07,6.705003760293943e-07,1.0619752897891611e-06,0.0,1.253583451479245e-06,2.4319065173020408e-05,0.0,3.697359248674525e-07,6.536092281397975e-06,2.5025481026453436e-05,2.471852669839641e-05,2.5255946991005013e-05,0.0
1990-09-01,7.286614762996753e-05,0.0,7.223954102292207e-05,0.0,4.716238012292246e-05,0.0393273223840006,0.2635089874129633,0.0803269265758357,0.0,0.0676122162359896,0.0314386207513875,0.0175780289411236,0.5705862305274788,0.0,0.0,0.2151350785144618,0.0,0.0180680551318883,0.0,0.0,0.0,1.652641325156771e-06,1.4900496746920908e-06,0.0,0.0,0.0,1.079288243352528e-06,0.0,9.601462449010867e-07,0.0,1.913412962860181e-05,1.6755949277725092e-05,0.0,3.338498284222457e-05,2.4891922313397316e-05,2.3815781540802945e-05,2.605167633309191e-05,0.0,1.385394468100732e-07,5.291956144932696e-07,0.0,4.159793130340537e-07,3.8491619660235917e-07,4.429446650018812e-05,4.664546191511609e-05,2.889429867873724e-05,3.97183464712912e-05,5.148518115917271e-05,1.3375607679530034e-05,4.25056080086586e-06,3.014803799087506e-05,3.897073554293567e-05,3.940786791132411e-05,1.51786709320384e-05,1.1904326109465752e-05,0.0,1.2153840004616044e-06,1.8391350107640684e-05,0.0,0.0,0.0,1.6002360076160414e-05,5.388981927228222e-05,5.262558059866687e-05,5.239017730083287e-05,5.237967990417038e-05,3.875056535245666e-06,3.828842904327921e-05,5.587935447692871e-05,5.032510315580522e-05,2.8515142913203133e-05,4.818517539597863e-05,4.84393398938581e-05,4.542537903853358e-05,4.777682125002674e-05,3.499740960176092e-05,5.587935447692871e-05,5.587935447692871e-05,5.587935447692871e-05,4.502037923278754e-05,4.48632515941873e-05,4.7144911966659465e-05,4.86795302508042e-05,4.744038066974658e-05,4.499190544490228e-05,4.676565105130496e-05,0.0,0.0,0.0,0.0,0.0,0.0,0.0,0.0,1.305908908905459e-06,1.686568170664143e-06,1.4866183408472112e-06,2.7296687209410107e-06,4.09933806191197e-06,8.055126775471258e-06,4.767732382074529e-06,2.825968013442471e-05,1.6772563032304073e-05,3.851834544062152e-05,3.981663581804117e-05,4.1229213277513205e-05,3.9658382165878376e-05,3.917355672828301e-05,4.796153427850567e-05
1990-10-01,21.91610118762363,16.779668632661142,19.946225735526028,17.19540334969924,17.28343572133344,13.917236541240303,9.433387867741716,11.43109124985579,27.282484913713198,16.717971528411667,17.596437223043974,12.212779572884422,11.502380131595537,25.470300583353904,16.368791644794037,10.999039979305106,7.665249904998737,9.854356881074509,2.6881899949535137,3.2801602708162934,0.0641265000445956,5.3260974671326204,2.7611495918980578,1.2511390518599217,1.659770194020736,2.2327812291945675,2.0921320421332186,2.3157772434445896,0.6597868611796018,0.5109943196901143,2.569297564826737,2.2711179249767603,11.26688757367422,3.860573143226264,3.661460417463748,3.804438671586108,3.5683145677679,10.053948733238643,5.51963854683428,2.8637453508795985,3.38917463378236,3.002426767580395,3.4976624158621297,3.130537834854759,4.162191102606833,2.30027662148668,3.2797411372079237,4.747665271768292,3.166982521266933,2.52377343203389,2.48385119873227,2.8279234383135345,2.7241343728709086,3.1192013601802717,1.7531564303504024,1.1899242281747489,0.6890984808391284,2.764793752367333,1.5124675019040836,1.3804928417068814,7.9826060994512495,1.6396995030018175,4.717268723818517,8.807524246675348,4.136580663764601,8.310921098887938,5.561414094945121,2.667892350630705,5.125468653380294,4.55664924151853,3.8837674756592215,3.452661346273158,2.5188004047325068,2.6215681767448498,2.94356697016914,3.4301032465398222,2.7750985493791034,5.068620297108483,3.4284853628298912,0.983667798730876,3.820437508636159,3.1329150518114512,2.280092250118432,2.67271520547524,2.0545046805124936,2.484429150134917,6.513001806457448,6.1316460063314,6.270112192443475,5.506123092803929,4.052943598265698,5.26813246355972,5.044315971006947,4.804242286631243,5.044224128449699,4.97143958919014,4.583628049646283,4.3835961832637,4.188185688413628,2.6960471723765926,4.010249134937736,3.0955164623447304,5.335018958411992,4.539695997116386,4.564652390455721,4.221010515196859,4.229190130905988,4.095819569802496,2.841704625166884
1990-11-01,11.110022819763577,7.718977756168116,11.802517147549484,10.365111729002466,10.116300569095417,7.416683417959523,2.642374884179264,5.018134745701959,5.004604490299494,5.702304894506011,5.976132709814234,5.784323288040173,2.4533171172243464,4.91278408021121,4.7384062705449805,3.571641494541345,8.513721424267313,6.363455669494727,2.7550262498230182,2.750143079701477,1.8215262031796229,2.6896116882438768,2.0123693726691703,2.017316196605304,0.69610147085328,1.5106386702925911,1.041647847197505,1.4478675252483255,1.904688835755797,1.839462764409864,1.2684437976592855,1.2985616407390348,9.446011829784146,0.7356647289560362,0.7876271187253246,0.7786822163586483,0.7797919652160785,0.9661839722439568,0.7560656060845464,1.1469656837741793,1.115312106908574,1.1109310891628208,0.8652139913462,0.9800023129071064,1.7202639478789383,0.9184567669646188,1.360617309442916,1.9306276466686152,1.0011713172889607,2.063529263052559,2.195208936428895,1.290772076310173,1.3592712295595706,1.185002864797778,2.123911227221521,1.8878166477299672,1.7746720580980355,1.3046387085321716,1.604572982776782,1.4154030978666845,0.94085589400245,0.6616335310706436,0.9860951053265378,1.798014167103362,2.1759385926920185,1.8636296251161204,1.51034304046477,1.8646514785267507,9.144178319022808,7.781046389420422,3.025844957594016,9.943138408876775,11.235124459087164,10.339474931686674,8.623802291744774,5.557590872829363,6.557508757599518,6.79868676692088,6.454602323143598,9.83981344380194,13.728158669070671,12.737699270275195,10.102507751681046,11.486751962061112,7.556328479530758,10.613397425806236,0.8527908726174621,0.8682643189594735,0.6637947724216624,0.6523664977422958,0.487323679469283,0.6185994816434557,0.6532778427429261,0.7008650113408657,0.6696884239606637,0.6910333717271216,1.124830745861876,1.3012014915375048,1.9210240714863136,15.756178096760143,3.858745235430826,15.192383757171656,1.4405702039824246,1.683657594866777,2.0029830489816383,4.18466353971779,5.171634573899682,6.645707809903244,15.905280734225254
1990-12-01,1.3760803445260408,4.312099285261311,2.455827077744098,3.5910535454030965,4.304938197009964,4.584419988267269,0.0866851891030476,3.768294795605596,0.7175219141519863,1.0182179355506544,1.444650293733498,3.920174558303126,0.983429468721255,0.8459077302372224,2.618693368632892,1.725448016112468,9.482478035747793,5.787363871210613,3.7851304194264914,1.8769179061707493,1.3922037975202,0.3031183534257526,1.4292016246848076,3.769677661088619,1.8356295399981717,0.5352287540420172,1.6603556141904754,0.6008739086959806,1.2924950349352369,1.344058709169624,1.6075790083923982,1.6001188208074748,3.1833770166592097,3.163805208553212,2.6837978559990185,2.724913751515647,2.6387272206823784,2.4463927152966014,2.122712386679822,1.5726957125331087,1.8231618385064357,1.638035251064619,1.912374423133468,1.661250480436613,1.6707414500725588,2.103500235378953,1.8600214596367253,1.492403460305618,1.9794466417138812,1.531546986798895,1.341318006002967,1.0446790845052811,1.0546505132961117,1.8954645581413785,1.4137701041178576,1.384985234041137,1.4245445781386237,1.6632775036639955,3.1312160999258185,1.9213487136848693,2.582056787038898,0.927260831086251,3.255377005169773,1.9655073256517812,3.8200476144279967,2.152897289640019,4.306720165065085,5.33442075509873,9.54290517932359,9.343251015487937,6.139815879951121,10.241160883985613,11.190007330764876,11.703831409358502,9.666583634088813,7.820825519341798,15.28840591378962,6.825877829832652,11.32743503365647,29.08989252870946,11.097468507859038,12.406232664239804,14.539259761958872,14.062200806704766,19.725170225572494,15.745568524347748,2.308203234353832,2.263021310043376,2.2118086735181826,2.256190257139862,2.315645381565329,2.2916371474000203,2.646637971919126,2.835492474636875,2.595112443370043,2.660237231761052,2.9308947817740822,3.090749775481788,3.36748337180685,6.907803023587017,4.1712943581367785,10.11969883068902,3.5259416409899367,3.6947112703485696,4.037431506304726,5.669391498709056,6.23731832129127,6.802085819104724,11.99439865963337
1991-01-01,1.4686927113201418,5.402749887410089,6.369568039097027,7.375511641110447,8.311798740777824,6.405671712979767,0.0529007537722076,3.473927053801986,0.7946123076109718,0.7710662032329201,1.0211178839003667,1.6560792996513438,0.6060578758463322,1.4685643005190885,0.9172239372354716,0.6142547232739296,4.0151633167561975,4.604856170120312,3.1537312204714034,1.153501080426148,0.9327292104365168,0.1973422038604175,1.647983559559386,3.8505932180991738,4.800466604970143,0.6874912108581915,3.1296293170983955,0.9279838691646444,0.0254693758999632,0.1462382936091905,2.921636919809396,2.575809093311225,3.1256940332571608,8.722813308930565,7.736921189584469,7.958787406294726,7.584327361770457,8.188683262172768,5.938780026051086,2.8611061767905754,5.345293276251121,3.683469585331801,7.478388326409296,5.330528671009958,0.2255047754442136,3.2098678498638167,1.537525088978791,0.0158191905648887,5.086701864017528,3.407769803333968,0.2896383465558264,0.0061694556103483,0.0280268845260954,4.5174177354273946,2.7030208529143214,1.5967242665510937,0.8365101936252407,3.264634387534602,4.02692600976606,2.660366139282237,8.64616395444587,0.7505419175001806,1.2857454035083469,0.1148645728299506,1.5358115169057127,0.2431263849074776,11.277776420517233,5.451512456858225,1.8450211821937856,4.5075963897418,7.098931682402135,2.859516475005865,0.6040599332823997,0.2284048048165029,0.0118185683756808,4.759311782084719,0.0,0.0,0.0,0.0586538635042047,0.4689207792441756,0.2607570510365692,0.0029342559202929,0.1491887718104448,0.0,0.114987806036527,7.12184382288236,6.848562641624006,6.716781040334174,7.889897265730096,10.36452609896793,8.41260796606661,10.447632097759936,10.948303023662136,9.346306489161933,9.424466890482757,10.666752393083264,10.95033878408374,11.034538004356218,15.362902373005277,11.462218032713922,9.225965919211646,7.933855354131526,6.786205627328041,6.548138199677423,4.83688952675299,4.50432638610501,4.551181417051696,0.2359123593632041
1991-02-01,30.729972354402477,38.49696983307741,31.087450603027055,37.4885822096896,31.36723510551868,25.17855874121903,5.127087842023678,19.76973582047048,42.884802316642926,30.498414981682064,35.46890678943529,34.01222808212204,20.520574904296826,39.68783379614197,35.21415032696704,22.552561359846237,49.95756584759823,31.9960018278897,33.74599603108374,25.249581151741506,32.46171599125481,16.321709158640434,24.42795260940845,34.46151797813218,32.760919236208764,23.467286320082195,28.82353771995259,26.425950318802396,28.05766802637465,29.325265553058927,28.049264131135462,28.37973965594679,55.852662632906885,21.944955667353582,22.469819392812724,21.9547878572187,22.837927136284087,22.49229644822417,29.559647976526087,31.58446320886445,32.0333175192644,30.779488591674312,25.042148901761102,29.607316850225573,26.02920145935144,32.46613350113367,29.206246714584317,27.12944970051292,27.89701091499261,36.61140907564843,31.739426346049854,20.364191848843756,21.211815439412764,28.823394638697547,37.18294255913501,37.92771513843199,36.60137385320979,28.42458534240248,34.03946133023535,31.723676991646872,20.566998294066845,25.993233165117708,31.26913723571157,25.670353346061237,31.675573656423857,26.468420164053956,21.502574316443752,27.06077952496171,42.98417173473511,37.19295578919856,27.430885706529025,43.87838788731296,61.83957006209925,65.51150544880986,64.13323898363956,39.23867632458432,68.63172623501633,48.465255527818826,66.44113820460446,54.2705144239438,51.60811044761168,58.33463475420382,66.79350635165376,61.203971718640574,64.01986888002763,61.41686352218898,28.136868044435108,28.96707850578097,27.81714267548181,25.01300248930258,18.149880838655143,23.71519365717742,18.57428075306571,19.159737910051888,22.46630814330511,22.293190777123677,21.883710066458047,21.342530566958438,21.64545959244821,24.716100501890192,22.09261464585645,28.26697468078171,21.0613098431038,24.08434076591682,24.908244018829272,31.559731045295905,33.03018934462425,33.22648318513021,58.706550478095465
1991-03-01,25.89404475491448,23.040545341132987,20.65345121211388,23.12560464081369,21.937157872034653,18.915251441893908,4.663030397328667,15.085126523072374,28.57219976258941,20.47593709977143,20.686063997781048,19.182127313229177,27.10856703548763,24.09219927758048,24.684979903801256,31.95412608236001,42.49429476152839,21.51803388782951,26.85522495863126,31.82276252999098,28.746473692006816,39.78824598081268,32.90449553229236,27.24322739233708,21.470473202535956,38.0716433672433,26.2444867204583,33.97254712579861,36.18577801065578,35.86226818108836,33.076900917708,32.840428458954484,31.060682277255648,42.10515815074736,42.22113457855312,42.5098718108931,41.80095358102203,20.19293686180127,19.32111176221185,21.84209225094223,20.20560396735723,22.033757469509307,27.84466903560907,29.27502794502792,54.51666575294783,41.447205767055806,48.43966605208148,51.4278529601424,31.400858931370745,22.731242974543857,41.59857348456268,44.0199457433488,43.48517167972668,31.898185426817363,19.303845199757227,20.30730815871983,22.794994942374515,32.80573150516376,25.41317244780459,28.407140138428485,18.64505288490656,26.53807182706971,35.13966075186433,44.46019864797704,32.9231716212562,42.91485131045245,50.57223310808447,37.42215386253064,54.4573481332752,50.06497966656592,45.03778043529407,43.34889848662705,40.45848732435996,39.20045709311032,31.02171637950866,42.28168137166367,35.29098565471695,53.128906256234416,41.72722942352283,19.033350622417835,46.13536174476112,42.715587637716354,37.99466610782471,39.009562148818205,29.70033948187797,36.331922934542575,18.38934125916406,18.422861557539456,18.830184642191018,20.012102124626736,25.680347534063483,20.840272199241483,20.47330035521988,19.01840035738595,22.980797152572755,23.76775212095672,22.31847837229829,23.731478752878168,24.61040382064889,24.123120816012584,24.915740583679803,31.913488817604897,48.55546024524109,45.501096343584905,47.74614874417891,49.807371579322535,49.35733804409507,47.33402638926982,37.61709794970589
1991-04-01,76.66648979073412,18.23589497743569,52.28984410274959,47.48507927575553,37.34706702448795,26.29862282032473,21.65312966787216,18.028854059733145,6.166399787696546,16.702750864245186,9.959699412470776,9.14793859932207,23.532490980954684,6.768459928525653,12.263108973764693,18.65150776441341,11.84758581508948,17.2982027462073,6.913267968955106,6.512994414892692,18.565600824947516,15.38926147254124,13.6662363828726,17.49102371249847,26.255464075283253,15.33957255390097,16.765842683646362,20.159682399795265,17.16497660062006,17.264619464193935,15.591672859031217,15.729359770030946,54.940012755652575,10.754624565923404,13.077864230306163,13.358484522155695,12.750476567569276,23.596213303508343,19.767271468618205,18.590918852089388,22.177505683207933,19.182307118501843,17.892151236447756,13.14804088508632,16.773773673908007,11.314209022507772,14.073581362977496,14.577455309334145,15.59192790833784,16.87314066933514,10.833067011179056,19.407610851045572,18.78462960997273,15.180227135239754,18.623636645469112,18.40983946321679,14.55948979873192,15.431153734637952,19.33257981164327,16.530771717095433,18.977737644048265,17.30101003105742,23.227225111838163,25.96273181925601,19.34521874970399,25.10366476950469,5.069230545656139,15.984705334375274,2.428529478746027,2.777410533863451,9.046110594563782,4.591006846600706,5.128860799215592,3.230055753544213,1.8499175898616116,7.066912214200151,0.3717347752052963,1.5035969819057342,0.6989702278760459,0.0499785887332539,3.0725926962642807,2.151616108953414,1.098961992447945,1.5586824685154206,0.2291341221949286,1.243029796463453,23.846684690162206,23.52722671498381,24.741073388405635,23.18847495819601,20.392143347261808,22.771826911418163,26.403906109429624,25.36198376906607,20.639778702726183,19.34167273809747,18.59897904154108,16.510399544748935,15.073544678068169,2.01818483310034,13.068475414946349,0.4283988078618284,6.61462033031149,4.352077651498396,4.083483330348608,2.5458421210727478,2.301287471129203,2.050647149256791,1.4914857442298803
1991-05-01,20.727817156672327,1.82307582759372,77.83344314873635,89.06293093329468,51.45765102908542,54.80155312329668,152.02743613445404,63.68515861163279,0.0455043409917683,34.462618212231526,16.13126777657851,10.790685047195346,38.44369367211504,0.0191127433251123,11.799276169174902,25.47375186423361,42.185631074513424,28.45095291626901,11.12721818333351,11.889272584282557,21.33708029789448,13.73436906252527,14.390444189521991,11.747307181113367,13.78965237296064,13.97906124809466,15.139040621471738,16.7532873203185,28.63302213215137,31.673488573273797,9.413250122533306,11.29812195995012,23.15090288068277,0.0583953776876638,0.8458708141588824,0.8676635732829143,0.8419090210005794,16.2990595037916,16.81063080239316,19.47943102729104,22.774322950615574,19.79997407041361,14.562478530965215,7.814700129781579,5.949915613798688,1.959903477674751,4.162914141891475,6.578458209569706,10.624026191493629,14.347786607769288,5.56828858516936,5.025859454798634,5.078673804344211,10.25630884071727,15.851410638658711,20.81579747614471,20.769723113732105,9.4078390703346,11.813369144892,12.89875553918803,14.970980128801306,17.756002735717427,0.3115069943096461,2.9637700843757213,0.5721629290613732,2.8761460071833365,0.0597624891219095,0.0500132628926072,0.0010132760172632,0.0047694308532866,0.0949539216624464,0.5561620675266606,1.958573535645549,1.7537541431709294,1.6768079891603145,0.551060284819204,0.2448629110568625,0.3059249323736069,0.6076099512536712,5.587935447692871e-05,1.2887684149336698,1.4380168863869531,1.232771307963119,1.1939691958562226,0.0821761886023984,0.933102178160306,19.177007429350944,19.494421163868672,21.59097689550785,20.79778830810213,13.456461247740483,19.03137940140764,17.393082909687237,15.142962727129955,13.877857558344948,12.780920406940975,10.754183316117295,9.455756019529126,8.532265535226367,9.156502982088088e-05,7.347274805711196,0.0012698371473002,0.1822303470637067,0.120936999056332,0.0866023326464207,0.0386995954116802,0.0331898915272319,0.028276685664685,1.5398742325222834
1991-06-01,3.378357485492539,0.0701535240184094,15.577889508286631,22.705685960114067,10.177970875459346,34.837546579873546,181.9339105415222,61.70383645469089,0.0,24.88954902785363,11.573250162789934,6.470860409019881,38.31519405015036,0.0,0.0,14.446446285203375,0.0,13.458499350972216,8.907927783542741e-06,2.8251840508388445e-05,5.5614273758973376e-05,4.592093090994266e-05,4.277122125924281e-05,3.838453181136083e-05,5.3039561304538e-05,5.5318097425935925e-05,5.259755083734234e-05,5.203706783264278e-05,5.587935447692871e-05,5.587935447692871e-05,5.488572434716754e-05,5.458734179495234e-05,0.4574700818325048,5.587935447692871e-05,5.587935447692871e-05,5.587935447692871e-05,5.587935447692871e-05,5.587935447692871e-05,5.587935447692871e-05,5.536281068046893e-05,5.587935447692871e-05,5.547332024739511e-05,5.587935447692871e-05,5.587935447692871e-05,5.587935447692871e-05,5.587935447692871e-05,5.587935447692871e-05,5.587935447692871e-05,5.569652199737656e-05,5.434426429058468e-05,5.587935447692871e-05,5.131735952732465e-05,5.16155637476558e-05,5.5570023436864765e-05,5.587935447692871e-05,5.587935447692871e-05,5.285810797271751e-05,5.4828333215879095e-05,4.318738927768766e-05,5.072684251840297e-05,5.587935447692871e-05,6.183410176255196e-05,5.587935447692871e-05,5.601994977963494e-05,5.587935447692871e-05,5.599660467875672e-05,5.587935447692871e-05,5.587935447692871e-05,5.587935447692871e-05,5.587935447692871e-05,5.587935447692871e-05,5.587935447692871e-05,5.587935447692871e-05,5.587935447692871e-05,5.587935447692871e-05,5.587935447692871e-05,5.587935447692871e-05,5.587935447692871e-05,5.587935447692871e-05,5.587935447692871e-05,5.587935447692871e-05,5.587935447692871e-05,5.587935447692871e-05,5.587935447692871e-05,5.587935447692871e-05,5.587935447692871e-05,5.587935447692871e-05,5.587935447692871e-05,5.587935447692871e-05,5.587935447692871e-05,5.587935447692871e-05,5.587935447692871e-05,5.587935447692871e-05,5.587935447692871e-05,5.587935447692871e-05,5.587935447692871e-05,5.619877718091909e-05,5.616004023311567e-05,5.6132621837168445e-05,5.587935447692871e-05,5.609744561365938e-05,5.587935447692871e-05,5.587935447692871e-05,5.587935447692871e-05,5.587935447692871e-05,5.587935447692871e-05,5.587935447692871e-05,5.587935447692871e-05,5.587935447692871e-05
1991-07-01,8.589918365285135e-07,0.0,1.0757103379244447e-05,1.836770921861589e-05,7.022893437716295e-06,1.800114125995174,12.175531519992733,3.678779602361525,0.0,2.217218435146778,1.0309718182031673,0.5764391701135151,5.631050274730778,0.0,0.0,2.123144402058346,0.0,0.7631732009904335,1.9293682201543558e-07,1.7132085305950783e-06,4.554891896337073e-05,6.131972989389915e-06,4.943798591977999e-06,0.0,0.0,0.0,3.647028679383383e-06,4.430084752729621e-06,0.0,0.0,2.0764127494250247e-05,1.9188297828457022e-05,1.297498859068283e-06,2.813226363393444e-05,1.8590739753915462e-05,1.923178122646861e-05,1.9434314075328567e-05,0.0,0.0,2.537795842150499e-07,0.0,1.994858880395732e-07,0.0,1.4956741086640528e-05,6.788582350031878e-05,1.3892751758536147e-05,4.114549802459594e-05,6.060831293936337e-05,1.0462651960555694e-05,0.0,2.4182224564266095e-05,6.61225951560769e-05,6.366623611878464e-05,1.2436714032446213e-05,2.6815429365923754e-06,0.0,1.089759059142528e-06,2.026423119348593e-05,0.0,1.3714834583332194e-06,0.0,3.775992838671317e-05,5.834861948151608e-05,6.657151514374443e-05,5.373800048098744e-05,6.561394092078573e-05,1.8218263463828016e-06,1.7014177229456808e-05,4.39868432269773e-07,1.1401567217279825e-07,9.76784790640895e-06,2.0547080843540275e-05,1.3548086943298504e-05,2.427966261990737e-05,3.25133377645327e-05,1.4259660041134707e-05,1.66451767374972e-05,5.944123177314673e-05,2.2651494200727037e-05,0.0,5.56889850778062e-06,7.336655811843025e-06,1.2955389380442386e-05,7.726224566871934e-06,3.2998650597663263e-06,7.212371695093497e-06,0.0,0.0,0.0,0.0,0.0,0.0,0.0,0.0,4.368107688635354e-08,8.015959765130941e-07,5.812713102103472e-07,7.402291521531912e-07,6.679209015988004e-07,0.0,5.751535789608536e-07,0.0,1.3951090757402782e-05,1.5454041104296204e-05,1.909319741724736e-05,9.665718727597548e-06,9.15745554992194e-06,7.750391132108254e-06,0.0
1991-08-01,0.0,0.0,0.0,0.0,0.0,0.0112269010103077,0.0774720145751486,0.0229437497140455,0.0,0.0100964324684602,0.0046946828397108,0.0026249011201355,0.3121141705521678,0.0,0.0,0.1176815926102362,0.0,0.0044881928460896,2.745835756955524e-07,2.5613375675493084e-06,0.0,6.131972989389913e-06,5.932506457854529e-06,4.866889389365403e-07,3.050755088065756e-07,1.013442134925559e-05,6.075222678768196e-06,8.568658911711246e-06,0.0,0.0,5.7465229648338e-06,5.207206043529851e-06,0.0,2.5981987045476295e-07,1.139380252409643e-06,1.2727621513287931e-06,1.056607471682545e-06,0.0,0.0,2.537795842150499e-07,0.0,1.994858880395732e-07,0.0,0.0,1.258847257976901e-05,0.0,6.471004195619835e-06,7.252313228041141e-06,9.100128582707128e-07,0.0,1.5853738989085138e-06,2.620379489959176e-05,2.4490922234760348e-05,1.174150606239106e-06,0.0,0.0,0.0,4.982236486381977e-06,3.33380340163864e-06,7.900980186202873e-06,0.0,3.209185117708688e-05,2.563762554832568e-05,3.404134273000271e-05,6.435249974971181e-05,3.850687562957708e-05,0.0,1.7120558349834174e-05,1.3153914677457711e-05,8.971337731614348e-06,6.773004113617975e-06,2.1440434077662532e-05,1.724336189580017e-05,1.3380729048027617e-05,1.0529534302114785e-05,9.683012298606896e-06,0.0,4.939227729470566e-06,2.4501056791055706e-05,0.0,3.3350953844374474e-05,1.854579537256372e-05,7.480483676251342e-06,1.2604045606671644e-05,0.0,1.0149730841816824e-05,0.0,0.0,0.0,0.0,0.0,0.0,0.0,0.0,0.0,0.0,0.0,1.1561214352493577e-07,7.474782973787898e-07,0.0,1.09960772354372e-06,1.0470322076186176e-05,0.0,7.11221878674103e-06,7.468030429165511e-06,1.836905670578035e-05,1.972455403831665e-05,1.891370956400478e-05,3.234014555305668e-05
1991-09-01,2.4585124198173385,0.0617960235402514,3.59673656503539,3.672501291199638,2.355017050208973,3.142275364048201,10.24086605918938,4.22548367880954,0.0,2.6242495215927346,1.220234893327583,0.6822603444777933,2.1184944361438744,0.0,3.2235407403616125e-05,0.8425368055363363,0.0010456710104633,1.244269287287977,0.1249090749404702,1.6581828778339518,0.0028558699548331,4.742237761536251,1.971343389594252,0.1077582679301795,0.642527526054672,3.8075984849623774,1.2958043443964702,5.064899925210739,1.4002399162100594,1.104990356346203,1.085627261316433,1.0181231347507145,1.5419181720447102,6.758444588921612e-05,0.09206103747184,0.1006602082751388,0.0868997839579608,0.1220785667020769,0.0542114496005355,0.5111522328667648,0.0448522253891034,0.4072616202272112,0.0034743750923615,0.0079856305622549,2.193058356526553,0.2598853896602446,1.2935132987074949,3.1987321868033782,0.3212390744572754,0.4728720866602382,2.477645814940997,3.123217162700901,3.0526372620965763,0.5195494802553158,1.0628097233181848,1.4173693623649946,0.965234679294232,1.0167036712520592,0.1479321716094774,1.2656110208811966,0.1224940589161725,1.1845501583249085,0.0022723103805373,0.4852483239106491,4.8025843428722285e-05,0.4257089535480889,1.0355378719271264e-05,3.1722485710868795e-05,5.587935447692871e-05,4.93295157393071e-05,0.0020699884732677,5.058623955081178e-05,5.587935447692871e-05,5.515350925399057e-05,5.279191586076438e-05,0.001297510151721,5.587935447692871e-05,5.587935447692871e-05,5.547326622547861e-05,5.177606812544588e-05,5.587935447692871e-05,5.460292350615118e-05,5.587935447692871e-05,5.4915970171319846e-05,5.587935447692871e-05,5.513682240613227e-05,0.0629557831037648,0.0576248384331193,0.0446247772036862,0.0341124726838252,0.0,0.0279414694787529,0.036638225104108,0.0251494567781075,0.020092405623644,0.018451166641993,0.0135231651220536,0.0118956779002725,0.0107374849233483,3.1963321143473446e-05,0.0092507658004605,5.259742124625716e-05,5.587624662717353e-05,5.24372812081427e-05,4.536524059285181e-05,4.575109032960911e-05,4.672205548745045e-05,4.5784164932102095e-05,5.587935447692871e-05
1991-10-01,5.5640142907163925,1.5700734617931809,4.271046504497834,3.0046337242366827,3.1133057678930167,2.92765968097534,4.897221258816509,3.0265718653411677,5.957335494720114,3.8570383711118046,3.2962108656367866,2.1063725533640247,8.55867807908863,6.200960221047621,4.912717596467205,6.4487060926381785,1.6852673067258916,1.986060665990938,0.7105967240177589,2.891390373912972,8.691509372935341,5.829666758272058,5.089379155229381,1.953207261160752,4.558530500479236,3.4912153687525804,4.970317461044735,4.784427784803159,11.075993346560312,12.006951767793536,4.6055467173966,5.398153451834698,2.190294904994498,0.4350045261427134,0.5415778274199332,0.5334192853870595,0.5251133007734854,12.656862431500851,12.076222234281667,10.695279443988856,3.616532585312363,8.864917339639376,0.567603075914405,0.3146626808589992,0.5286223487030589,0.4932162158791955,0.4685174645280119,0.5583759426859445,4.2307950999780655,2.617332558265131,0.3511959787850295,1.5069980328482109,1.4396498696897866,3.752719244548013,7.301259339665053,11.942134206760269,12.915509740435802,3.783883362946554,2.67238571216594,3.01737508431487,12.522300603361929,6.864912515067731,1.493845088173489,1.2553407142970017,0.2824781258939732,1.146384418769074,0.2939491648005849,0.2699509191916839,2.201957994201696,1.6068523653519866,0.5953459199657667,1.51792404829797,0.9505044419273916,0.8306679393774977,0.4900234627661964,0.7103842070069776,0.8189646250697338,0.930584896066242,0.9974279267330316,0.0096175131807015,1.835916479647496,1.384151866460907,0.8097395746327721,1.0619997247872923,0.4824300850329628,0.8990625129244953,10.9904802838996,10.578339470397411,8.068326337150861,5.8194286220905855,0.5036601477914702,4.837473366865973,1.0080204867302105,0.9428330148687624,3.1663303165638053,3.015221976548532,2.8434874108261208,2.594018781775153,2.4199667858001166,0.6149260290286966,2.125666472700484,0.4511420357158835,0.4199051752656761,0.5163272636911207,0.554850948325352,1.21324560246841,1.3505779927148718,1.3298370640045245,1.0064355758501011
1991-11-01,15.29187963323113,23.20216194926931,19.93793430665616,23.89312176313756,22.876128790204984,18.634154874082107,1.279107409075611,13.682720314637557,9.635069800969628,6.186240716330362,10.961370523298882,16.18892066348545,4.1645017449215045,12.089188487997452,10.7094797455276,7.032099172402122,27.75451780398132,19.96212113433745,15.438088736317123,12.486637571714914,21.99329815239073,10.432421537337133,18.942205339755816,18.40002544928424,35.57604190023012,21.07344829734604,27.52353278251824,26.75235484583932,15.086649287826525,15.92702054210844,14.577514037277844,15.01054640774914,28.16862099403825,18.711597946450613,14.8840258881869,15.142974001469115,14.572917171998178,33.42778871572042,27.536845462020644,19.19880680165081,12.765978382113111,17.509571970247315,9.525117673396103,9.561055588124216,19.2218272770748,14.247099395582122,16.770733194262217,18.95560677048732,15.171235797148324,11.006028095840463,15.442319020722008,15.609963035627732,15.48383683972951,14.993064461696072,11.837292328176238,12.639913711738174,13.152247304816989,14.808836709476026,23.19693898955641,23.08211098008801,35.87920407037748,21.86651574636274,31.868347326713565,28.361946282242062,37.36737613912636,29.674925462297026,17.50697033729851,33.54220395202461,39.71656218281284,39.411214965179845,30.71565903721997,42.3808447402966,48.72140685955278,44.68586048458676,42.7655848260401,35.90834895350339,25.565318717451085,22.43658578942242,26.15857147255954,31.807357714248305,41.87607020575841,39.32984966998294,35.17506235293902,36.57865785983927,26.775689837548175,34.68947313023838,25.565070018873197,24.243834721901383,18.87502567349095,17.093836372188296,9.517082918132914,15.662379427612356,9.85245080875718,9.033257247293962,12.89129835773037,12.640358381899924,10.986689196400713,10.547129319275928,10.465063508619824,13.67448005642215,11.83905384105249,28.807685470119843,13.806500112975217,12.960991449387844,14.2876333756451,19.47440847938356,21.92998813319573,23.81551899259516,43.99679375644474
1991-12-01,2.206479997758987,3.84404897299065,3.0365572905298848,4.334376238586194,3.6230864391816815,2.9333957820297902,0.3233682085287137,2.14597262146464,0.0662042783612756,0.4505595481642294,0.364449960407627,0.9762042564145302,0.0045224095582375,0.0426173913608127,0.017634041060393,0.0144294981065701,6.041624662970537,2.680997314659765,1.7337947240901554,0.2549416884015786,0.0,0.0,0.6712161928138668,5.775627175649816,3.488020614250622,0.0162963302670837,1.5615937631685324,0.0003894967580841,0.0002509049420479,0.0,1.6025993939632288,1.387681124009807,5.026435453058872,5.303781180957934,4.461250637484834,4.668501761488514,4.347129674355357,5.614236404007922,3.385339967837348,1.238310638455883,2.080017938457912,1.552114595720104,3.171546833952921,2.450968717953084,0.1173039551684318,1.194915879878768,0.602499311490436,0.2948599404706772,2.5678230181152863,1.5935565629091468,0.9431031557797126,0.1181661264588032,0.195901118827279,2.3510651670759715,0.7647357852049671,0.2648611048132457,0.3722976474068351,1.7729418723982189,5.847569403970514,2.157474002113812,5.918600005270994,0.1678029841160368,0.1952643652828869,0.1712584665371524,1.2595161266902364,0.2864943027866921,11.204007181411496,1.232553923710879,13.115486729081358,13.89363458071412,7.499220777461909,14.517803085916038,20.5593731652872,22.241803112079246,16.60374069707046,11.276628229516476,25.28447178132324,17.165006236510337,24.35176378972997,14.050284230174226,16.367004520874342,20.25102831637891,26.04025702723249,23.15068733238415,25.074634393785576,23.19601546053536,4.353116113522983,4.012085872547502,3.8379844923256856,4.377223684307465,4.925062151704939,4.597940231503504,5.819389477877429,5.641852694513503,5.106622890836408,5.210500782631683,5.676588652007522,6.145438733465156,6.994998975486829,21.006420936257708,9.088349714590366,19.60359790127003,7.403138276106415,7.27944526256444,7.987601881523378,10.241796954754136,10.894051038744628,11.929975109218253,20.913969507673425
1992-01-01,6.584014108368397,7.445286443765752,7.161229666251784,7.623896980228903,6.668832579853166,6.019485909852476,1.3022003058006808,5.475332776128637,4.135087599979308,4.828846776093023,6.279850851287002,9.026457713949966,0.9208332908730728,6.053373237294031,1.4208855655408588,0.956421697791001,12.29906360607943,8.173364698949577,9.24165047201624,1.6726233824710075,1.4262099881104229,0.0,3.0209975532733644,14.61937091843321,14.861020878004398,0.4209101990294443,6.363133863713251,0.8946770339749105,0.8074068619861076,1.1557764796111036,7.922354155810865,7.047639871553833,8.566585094823552,16.125071699874173,14.931281864479349,14.8419380444501,14.92998542401156,14.116469004242791,11.034309513733822,5.241944822721487,10.551362518141604,6.742805120386883,14.509974018466934,13.922259514376565,5.6808277500010025,13.515093373954493,9.356765356031506,5.404424273409225,10.77751110636665,9.10974949293094,7.534027280300223,3.1565468424898446,3.4663849700276086,10.380751705884231,6.14895707616779,4.085431026509941,4.058809062587929,8.602158079439075,14.193902137357073,8.359611221271232,14.88458715626867,1.2471764031073007,5.409055971583042,2.9061494804909387,5.115204427101174,3.115264505743089,16.624091874675983,10.844539849056908,25.70885396739128,26.180723412805538,17.843287666774028,30.637122051117263,14.8001438469508,13.651028313024398,21.21653954521438,19.07389688022994,11.769897194831223,21.11782253396973,14.1368180976713,12.503292088488342,22.164834680627575,18.012777585909035,12.10606189719233,15.444121059030495,11.560183065684068,14.563447158797535,13.876251303579274,13.341605456076636,13.572182695425296,14.01093692068695,16.58505282546633,14.405395896524116,15.168634852390806,15.705877159815062,14.70109768155146,14.650099089432418,15.00957156263078,14.90494030890238,14.687904099101363,9.416979076574476,14.259735527778837,16.121064084415092,15.273179307275708,15.76630755099541,15.998789405480244,16.78437798891121,17.31037233449363,17.660859094475658,14.077075944865609
1992-02-01,18.32137155021711,8.369674916909888,10.427159460304749,8.480985922746548,8.794564422107255,8.510233320246632,6.040699302374789,8.678439717611797,38.605584209049546,27.70676235555477,29.79538997261959,22.97973494222809,25.88227473901113,39.5094704352058,24.84053959248638,22.59153584573101,6.628164060991364,14.57953857427191,31.098703844150243,19.51469587969973,25.63482988838553,13.036218305469804,20.865742424264827,9.89278588266145,14.816643678384292,27.693261997089564,26.621434058160165,27.03271456185504,16.807295115891037,17.80386782513693,22.26084943421968,21.77073453574481,9.755009985603143,18.28134689090921,17.459504637117945,17.449444453620824,17.33111691001075,17.552589443629103,26.242654654125623,27.27988277441399,25.97026670193373,26.27009023362112,19.79786274884049,21.361289773048423,25.691157693912743,21.943233485659054,23.956542255762542,26.906889787147698,22.15134891127269,27.417159916541895,27.451823303620973,17.574715571676577,18.28284063098093,22.879262327323207,30.66820795922135,30.93773955244205,27.039157881702,22.890407444058205,9.604504882256618,24.113480841691278,14.671931318263836,28.56152812962817,35.39934848579883,17.50732708278997,39.00570492092401,19.74153593246284,14.443090450819527,40.48733807769025,20.37212480723915,18.756830958287747,25.068734416283892,21.48392813141656,26.84309223666048,29.85251230149544,33.00927857655646,26.55963169629133,36.231782105266745,39.25612839454734,38.99338174162354,27.52432356813765,23.87294329579496,26.757535966295425,32.08077544536158,28.959767958996267,33.78591335897865,29.87860011416821,21.334495324927,22.30741343966808,21.13666272290268,19.160727288598466,13.952103228052334,17.99220048158888,13.584000764895617,12.87670771703146,15.88134328407683,15.668992098967244,15.572479835663996,15.50565088238511,15.770485488825743,16.877205873132397,15.864734728781766,17.606136495079696,16.227285914784275,16.475553004958606,16.293273199041742,17.04745633185004,17.513194702008988,17.875048887937655,24.728249854766325
1992-03-01,18.82829596271261,6.165325130195418,22.299006285183488,19.487569210662432,16.01904312809155,11.31630363048622,8.361772943846235,7.848910918117586,34.84829388912847,20.78126302924735,22.12125875354841,15.415544369154224,34.27698740850198,15.008980759248692,47.46376836344668,51.93606879802247,8.516989808571045,15.03981026979349,11.566443965708109,53.92067982655517,33.595903282389784,55.950586686315006,41.20216480744664,7.71036641004095,5.963867375664084,42.522773372862254,21.867461246900056,45.75605952946618,48.52574950647231,47.70868664127028,18.186672348965114,22.09455327484405,15.359968258473476,7.170859114900459,7.731020946192607,8.03803951607917,7.512343278835225,5.183547859156872,4.592587679788054,17.568938831535213,3.1967503263969066,14.499280213687738,3.164346403435806,3.715571667097215,23.98340192392953,5.197005477406213,14.906524611651976,25.75212049342628,10.354084523166447,4.580771768047214,14.624499647146315,34.142212286302026,32.50767981745527,10.510229511833463,8.049198263730142,17.253548495766065,25.638954448982822,15.173333999605134,7.5034139390421295,16.2421670170735,5.389690144448498,31.11111114526686,21.5133145224284,42.65817756579386,29.02807158929479,41.87949978740255,9.17050621023468,13.833062945777131,17.462643025610326,16.80291578361551,13.068110906912036,20.42754531136929,24.304850201076224,20.44881494404699,23.264787399937177,16.262696133704424,10.118486833011788,23.00031609896342,15.098767154469146,3.841103382172344,22.953764783150177,18.531597675651508,13.029590718328055,15.053636508433138,7.314565381800961,13.030105889154308,4.165626011200342,4.054803841096688,3.84253646508656,4.208850563821083,4.675585515652818,4.508312727113394,8.368615324301047,8.339074248588773,5.838471171435486,5.83404977288652,5.577676442324768,5.49994618943106,5.460308024190455,5.909871243093121,5.683456876694758,8.795237671004127,8.092940080022666,7.725945008170293,8.266043589741589,9.258174770831811,9.628966338044131,9.780202663334109,20.12282761390068
1992-04-01,16.203570498112065,5.521252882199802,37.59336343108106,43.09554515912336,26.11572155084285,25.167265202632983,59.71834169122685,26.54688556343831,7.043411849515242,23.833832386940603,14.357922574114063,9.0833306870984,23.552231412034875,6.235683121028536,8.890046478785338,13.5609912017883,6.725413362225086,12.941266062541938,7.754365796409268,12.274311402054002,25.816376687530397,35.21978106771557,20.2898715905036,15.625526250883262,20.400909010003964,14.275492436915073,17.379535731456592,19.23924308042852,14.841704554675202,15.857502895713678,17.287685606565564,17.365344948490602,14.164477842772508,13.720048066734986,17.543074794576594,17.513833904020046,17.724458398436596,13.630120572521136,13.983918912994476,14.373580065897912,19.09517632860252,15.6453939323654,21.922857596910777,21.67417836163128,13.009251546055848,16.25282642978537,14.635901200223378,13.27810193569927,17.241794833446438,19.5012733468592,15.33030772705878,17.375101774562967,17.31844282874413,17.16794481691892,18.52190360752361,17.102257911407953,16.377131501666504,17.15804087156276,16.437110808785455,15.038963086390712,14.245898946176904,14.429293921113263,12.029063410669664,21.431968924772097,9.865934392974449,20.31296722592301,16.412833097002196,6.585455815882784,8.671770224886123,7.338711391440011,9.123233297160326,4.918443245158515,2.05332898508113,1.6936850576559843,1.1771171031109244,6.493755825322325,3.6123920081755134,2.4374155821783114,2.523156679376718,6.589361595912441,5.7024002235310265,4.328885912337228,1.6682195603390018,3.543497222097798,3.623153438227237,3.718809547254781,14.973794306614272,15.34380830643064,16.808420167328,17.55732994627568,22.004027245743394,18.22670435002466,17.255631075011735,16.01823730114247,17.5306850072002,17.515148014853107,15.283273198041424,15.751184192434888,16.417023940067565,20.919894532984745,17.842526544973303,27.993935005909904,18.33623284031048,17.65984461520155,17.286852308519222,17.447697571177507,17.281504878914554,18.29419193268647,5.606621009597278
1992-05-01,20.28530072529393,8.522964117717521,21.2129897451084,28.793831222748423,14.963228097754046,29.61660599261442,121.75645415305824,46.55713297385067,18.84151262537275,40.96305358744304,26.255623764187312,16.403869832726887,43.451286367342014,17.68792265453133,11.022405742756968,19.74539441052709,2.80119160894405,15.208964881366509,0.7991894731496476,2.959894359119125,0.3113718427367637,7.399424666574695,3.1249293454004,0.0007386352340626,0.0001956968523912,3.1149038046708784,1.72569196818486,10.696325583086251,0.1425286606826065,0.2068635635901494,0.0067938015903427,0.0398199532356506,6.712090128192916,3.086835356383199e-05,1.5731504960660185e-05,1.756237717129133e-05,1.4904070286702394e-05,0.0264861942331438,0.0068002982600266,0.0184677963816881,0.0396610819200512,0.0184207788512073,4.645783964309989e-06,0.0,0.000415248504164,1.0426154240755245e-07,0.0002134871888533,0.000531895202053,0.0083108040962115,0.0003668915524384,6.909220394945935e-05,0.0104553833493848,0.0097754974382513,0.0070291925160904,0.0,0.0002459134951248,0.0107959931105738,0.0067796102279072,0.000504136574348,0.8267160468543183,0.0269129346165081,0.6718316231486104,0.0746840580721198,0.0111781625307042,0.1652755795823751,0.0203826504057959,0.0,0.1043085250202302,0.0,7.868663875312521e-09,0.0216626100614795,0.0018053995076547,0.0010551077085179,0.0006515089211411,0.0030921149197043,0.0138847717289557,0.0034247312596167,0.0009668766232193,0.1169903382487207,6.138604902493993e-08,0.0020183751341909,0.0011256005006826,4.164178601643628e-06,0.0006428693514418,0.0,0.0004954964882602,0.0012383350250754,0.0027884155832911,0.0,0.0010374801302006,0.0,0.000844751487618,0.0,0.0,0.0004765317527129,0.0004375342193539,0.000317274657555,0.0002787900337245,0.0002553787935714,0.0,0.0002201569595264,5.585096589574187e-06,0.0,1.038262661701027e-05,8.46306314446737e-06,1.3096596394431932e-05,1.1198438700662744e-05,9.98980201058914e-06,2.2784459445225003e-05
1992-06-01,0.3131958597510507,0.0060285551125949,0.0840966030661491,0.0015446414337827,0.055571453246269,4.072908991335808,27.14860779536935,8.27173776749785,6.602079331353812e-05,3.122711102930413,1.4520164888010858,0.8118545675501609,16.75102012897469,2.608953614566302e-05,0.01486432852053,6.788952959372573,0.0,1.5925748966557265,0.0,0.0190802811457478,0.0,0.1036101105005858,0.0200916370648968,0.0,0.0,1.840735316060144e-05,2.798158514769361e-06,3.2477606369311674e-06,0.0,0.0,5.947585608601169e-07,6.826069331085643e-07,3.996296485930311e-05,0.0,5.978016028122384e-07,6.6778343090815e-07,5.543729924925161e-07,0.0,0.0,1.2651818033486129e-08,0.0,9.945083500444061e-09,0.0,0.0,0.0,0.0,0.0,0.0,1.640945291248598e-07,0.0,0.0,6.840492353454432e-07,6.393349445258057e-07,1.3796948742722052e-07,0.0,0.0,0.0,2.0499994035457158e-07,0.0,3.888945622795153e-06,0.0,2.1321541033907665e-05,2.2875869697029065e-06,2.024753745761791e-06,6.589979810736204e-07,1.9687219849364724e-06,0.0,4.334139326184556e-06,0.0,0.0,1.2920220034139024e-06,0.0,0.0,0.0,0.0,7.974471644829844e-07,0.0,0.0,0.0,0.0,0.0,0.0,0.0,0.0,0.0,0.0,0.0,0.0,0.0,0.0,0.0,0.0,0.0,0.0,0.0,0.0,0.0,0.0,0.0,0.0,0.0,0.0,0.0,0.0,0.0,0.0,0.0,0.0,0.0
1992-07-01,0.7103486090287101,0.0089207333849759,0.2676390250477938,0.0005172119269726,0.1757196444773503,1.3246191036182902,6.644049639599806,2.5431747406606817,0.0,1.6545568220646043,0.7693429876481652,0.4301566983430098,1.1630810870590926,0.0,0.0,0.4385305869553263,0.0,0.5632557931773674,0.0,2.892871673345027e-07,0.0,1.88095244285661e-06,1.9904938581672096e-06,0.0,0.0,0.0,1.5640007516473062e-06,0.0,0.0,0.0,3.593909366541969e-06,3.3902267162533256e-06,6.441884336514036e-06,0.0,0.0,0.0,0.0,0.0,0.0,1.2651818033486129e-08,0.0,9.945083500444061e-09,0.0,1.6337058136063436e-06,4.319373185671246e-07,0.0,2.220338945804485e-07,0.0,3.864228309325164e-07,0.0,0.0,1.4912607905059017e-05,1.3937814495036043e-05,3.2490150767529306e-07,0.0,0.0,0.0,2.595669504449955e-06,0.0,0.0,0.0,2.59156886988643e-05,6.40575545496704e-06,6.825211732740644e-06,4.356425778940506e-06,6.832515123817425e-06,0.0,0.0,0.0,0.0,0.0,0.0,0.0,0.0,0.0,0.0,0.0,0.0,0.0,0.0,0.0,0.0,0.0,0.0,0.0,0.0,0.0,0.0,0.0,0.0,0.0,0.0,0.0,0.0,0.0,0.0,0.0,0.0,0.0,0.0,0.0,0.0,0.0,0.0,0.0,0.0,0.0,0.0,0.0
1992-08-01,25.957801717025937,16.655738227702674,38.92328887888896,44.81933023952889,31.11619408337023,19.011095269160496,9.662576551465367,9.295568726071869,7.886161146916281e-07,3.5037833707322954,1.6396592293997156,1.2950671580620043,3.0904945668764814,0.0,2.573947987962967e-06,1.1652701187753045,0.4302347102308275,7.515286678449369,0.0,0.0,0.0,0.0,3.765078449453979e-07,0.0,0.0,0.0,8.693836803933554e-07,0.0,0.0,0.0,3.509246339521096e-06,3.124555169247237e-06,40.75875215310577,2.5981987045476295e-07,1.116071864572574e-06,1.1592146324561975e-06,1.2837353015098642e-06,0.0,0.0,0.0,0.0,0.0,0.0,0.0,3.386810801547615e-06,0.0,1.7409627743421907e-06,0.0,4.621518615011398e-07,0.0,0.0,1.5184241638811173e-05,1.4191692328861982e-05,3.885739261686885e-07,0.0,0.0,0.0,2.6832787059694867e-06,0.0,0.0,0.0,1.870414773339054e-05,1.3206981817860573e-07,6.557881172721829e-06,5.891580817316203e-06,6.5985598668838295e-06,0.0,1.7264377590870017e-06,8.550605539759085e-06,2.2634316772099645e-06,6.868886535767374e-07,3.2418255012803176e-06,2.4160399084605104e-06,4.730689626692773e-06,5.03778876888815e-06,1.8093879399654005e-06,0.0,0.0,0.0,0.0,1.342014824538321e-05,8.118328337807535e-06,3.964100106783488e-07,4.728403446033267e-06,2.3797067106782344e-06,4.015700745308851e-06,0.0,0.0,0.0,0.0,0.0,0.0,0.0,0.0,0.0,0.0,5.019863084379238e-07,4.411007195113153e-07,3.991600867855884e-07,1.744167143622877e-06,9.428444431894822e-07,2.557592379027622e-05,0.0,0.0,6.320639834704334e-07,3.0527295613369747e-06,2.8026525796981045e-06,3.942755630459446e-06,1.13915082425257e-05
1992-09-01,26.869065233429744,7.013133105985934,12.660366735721476,6.858271594585343,9.13827193821822,15.071321992077513,44.61811295408168,22.266297134246106,15.556882761824644,27.942446420985974,21.161823455559805,14.259790497128304,17.001402801664184,10.20850538884996,5.413927495418613,7.855076536246312,0.0011459240520641,9.52901447868982,0.1039337535376867,1.4246831184126656,0.0046048074964056,2.624764164032859,1.14424440637848,0.0,0.0,0.2704750016661381,0.083778549568902,0.9242399755072492,0.0,0.0,6.067654461466544e-05,5.26662655609521e-05,2.9739415606515154,0.0,0.0,0.0,0.0,0.0,0.0,0.0,0.0,0.0,0.0,0.0,2.685774390101937e-05,0.0,1.3806013030711716e-05,0.0001400463636592,7.338181973109216e-07,0.0,2.420165678277223e-07,0.0001564510511831,0.0001462243051535,6.158223374891529e-06,0.0,0.0,0.0,2.920302525167372e-05,0.0,0.0575079215186767,0.0,0.0,0.0,4.441636925974672e-05,0.0,3.913186387674713e-05,0.0,0.0,0.0,0.0,0.0,0.0,0.0,0.0,0.0,0.0,0.0,0.0,0.0,5.202959471326863e-06,0.0,0.0,8.912083795491027e-07,6.707136167000112e-07,2.694586739613772e-05,5.2940253863746e-06,0.0,0.0,0.0,0.0,0.0,0.0,0.0,0.0,0.0,0.0,0.0,0.0,0.0,0.0,0.0,0.0,0.0,0.0,0.0,0.0,0.0,0.0,0.0
1992-10-01,28.868867241353577,18.86572783220697,24.74711297791352,25.128079338055887,21.28876715943392,20.012499878309733,25.24469627314817,19.711112545876045,3.447573978391844,12.123943122982372,7.965871972763791,7.652817239390873,6.995971314431313,2.258311811184053,3.0081890520340657,5.598174585652298,9.514413213670132,11.991602295531166,9.98423994155256,7.9870605043320655,9.389585293522648,7.396764712644168,8.318695576747546,11.546622210462644,8.379673549270338,10.256185857145097,8.339646842820212,9.9193559006293,7.389247128641794,7.5697340955951695,4.670806181864468,5.074790029199324,21.145938684338915,3.416925177157194,5.372058832848842,5.413791605161321,5.343607151626604,1.8817495013788847,2.4820395757938165,3.923516352995209,2.100029433629928,3.7984519389600977,4.431574158478454,3.18561800698468,5.340016107140083,4.882874812294375,5.099114195094398,4.986419287121491,4.447302932992463,2.1359977004930952,3.3493322193892223,5.456732026400517,5.263592848016188,4.236889964771478,3.368004786307003,4.760904182166166,5.871852125822076,4.454226159578365,10.683202094349454,10.172470709123813,2.2778074104164547,7.678192945274203,5.376144770659455,7.393642689687016,5.3046380639655375,7.420064762260857,3.8366442898185102,1.7694113493010872,5.668078530486883,4.053478638557573,2.920292874390685,1.619969490432253,0.2458364359724978,0.1091082080547812,1.293403197814622,2.0753127048417683,0.0096202810124972,4.9562688038298335,0.3346388764522899,0.00108129238935,1.5368015482180013,0.8567560254599051,0.0054964430918733,0.4895271225838675,0.0031342795226323,0.3780156451210063,1.9784797616991587,2.018065244139446,2.6586166857224907,3.6268019476732896,7.891460877967408,4.591012664630993,9.893206165817668,9.877040334437494,6.050933577613555,5.857362929066966,5.340247347301068,4.891078449919877,4.520483054933929,0.1650921313928031,4.014866519463138,1.4621011500920793,5.150174294537985,4.210730735357276,4.398045139688788,4.355412545417812,4.163743140051076,3.769209158234621,0.0288326317263378
1992-11-01,8.212479609713133,9.950140105483046,8.373598601409933,10.79991667333865,9.061306560492373,7.501152177129738,1.4698405401082424,5.464962581884642,7.623839017081972,5.853373549297233,6.5308981264624455,6.684666108207803,3.654318482299118,7.452670292192954,5.066572061792481,4.507994189822419,13.017245969973535,8.005627576313442,7.720590806802854,3.176457307784846,0.0213400515643276,0.2487654266227803,2.4979475623114906,6.214671016903776,3.13566306525025,1.2598326556446888,3.19549702426607,0.520546798538244,0.3834323076141937,0.2755193273555381,9.932878366766118,8.643282782336588,13.20445891769449,27.810436183313147,24.27723861904998,24.43644829110677,23.980252477847905,7.715325344528122,5.911734880677664,3.3997917197266707,7.353183895822546,4.847277326498171,14.925395037186242,13.572263353686676,13.235347128971322,20.556826131620845,16.483487189568862,11.01046924386646,13.310097878554895,8.599575182499688,10.653569463718704,6.40829835607933,6.609035393972372,12.818871346499083,4.873936707307391,2.441107438857445,1.756460293204041,10.776772539278967,5.585130299778866,3.677915084453657,8.733777716106768,1.2046457677794993,22.075110772702416,14.618587349180668,26.235886534636027,16.020261202921393,29.070260160373543,29.7648365488824,31.19720348128052,31.140553353607302,29.175515450033533,32.966170881629324,32.44396018546512,24.425604322589923,23.21804607964588,28.760735767530967,5.875325052361733,11.673385596805044,8.7218780262239,3.2443748959254197,28.49786355566114,22.81770738687317,13.844581075887872,17.76353600040569,5.010951795183495,14.74913254564684,6.045521802572546,6.010232429554231,5.174070636713696,7.292370214862291,17.014588465282085,9.278260415153753,11.553196647788331,15.534361448763397,14.32997007257694,15.279313638163735,17.075045090239872,17.698521239633422,17.734754855663873,12.62024368854281,17.28051659411504,17.373236522356137,24.00268729802349,25.272984342825087,26.08346441632385,26.24637579480773,25.477961711142243,24.298242724510107,21.14587458701534
1992-12-01,0.1155515437606456,0.3664114468760608,0.0914075856905966,0.0843798202190096,0.1510369397258253,0.1025497884151153,0.0003348436603818,0.0322295426166303,0.0458989624555617,0.0418828600378184,0.0238108508978706,0.0175963309930658,0.0261671345662114,0.0207507030478054,0.0020205615480344,0.0115860903827823,0.0115212090220936,0.0630124658611437,0.031486714749961,0.0050768360234096,0.0,0.0,0.0313030075575833,0.4038668293035489,0.1238572343740731,0.0019606520687108,0.079818400983301,0.0,0.0,0.0,0.7312038275393834,0.6310033370931973,0.0517571307670531,3.759781810774391,2.6653596432716378,2.647949850156213,2.6525516340788022,6.794001220629003e-05,0.000289038529727,0.0047089593139891,0.1614600838410532,0.1179396160744714,1.4805093314736928,1.4488819035965277,0.604449300241745,2.297374908160058,1.3923729067635269,0.3086764523141762,1.2598948648639463,0.4835221517737109,0.5334007554297971,0.0438031990371,0.071710314548061,1.1436443173457524,0.0189106826565652,5.808397445921157e-05,8.706005509954568e-06,0.8190179084917234,0.397420188342554,0.1815981807294758,0.0627893660451375,0.0,2.472985537947795,0.7896376303363296,2.6988690397344715,0.97678976703846,2.947710340843499,3.066240530663765,3.674175413697661,3.822189677051593,3.2374463687562627,3.774158823540585,3.657123615886037,4.816604227478738,5.934619860844869,3.774370041388944,10.508144844189276,7.540479582801071,8.742125281812257,16.460907306535777,3.140466748397728,4.2808908425547685,6.60519107163386,5.653417278430793,11.029354773509516,6.938051875344471,0.0,2.715696560796291e-05,0.0001470551348538,0.05412858524632,0.8544578756182782,0.1677284644721999,0.1082644660155406,0.3016701375988713,0.3723693815126818,0.4210999596632048,1.0289772790760272,1.1557750008365757,1.3595271128869475,3.9659625413828814,1.7913658262700167,3.7624628438006407,0.2594829339332252,0.7572601924471221,1.0082424515273247,1.8496166483386025,1.972407470968416,2.120849815712117,3.6543537228479774
1993-01-01,4.108105372209198,9.984789485235238,7.152970310218819,8.657814484897795,9.614316173953496,8.258323978525262,0.6296668940032716,5.811926012418732,5.415777893619055,4.150418521636846,4.137457136781044,5.222445555578788,6.113885418123886,6.177291569481772,4.103526663878504,5.361666641009698,6.22386628248693,7.228542652753363,5.700426507605469,5.591968633953757,13.77484813923733,9.827823785576395,5.44134587635209,3.777545834630928,2.44984590243078,2.7895629014240333,3.4553950959438104,6.600871427124015,4.070134601170447,5.323532786135891,5.378800697600954,5.682545819356363,5.592649849713449,3.992331031181872,3.7195170304184586,3.6112246745766514,3.999200833350169,0.0919659305916152,0.589646782645946,1.8461679165380769,1.293460681310337,2.0996546648076397,6.820342543244351,11.41481684931083,3.2494665380545587,3.853556918457009,3.4555932385153243,4.26453639308712,3.875737819934757,7.203660558089115,6.147193765171401,5.126673574989722,5.278698197778443,4.334021893749803,9.384302355504518,6.89090443044181,10.108227266773696,5.140369794869023,3.4237753570258413,3.198509281765417,1.1145916979094668,3.1777547814301537,2.598905785808189,4.245451389408597,4.867014464588461,4.394369728896974,1.7135737080752893,2.127151108252812,1.8806637757636413,2.464811657504188,2.259107029724556,2.7682448543647427,2.8238205037539497,3.923872982761636,3.318504535992409,2.647770998285972,11.938053980609505,4.409424645625007,7.408398250212849,14.401254628665344,2.398821971317219,3.992313998647077,7.23111253203796,6.034858419731143,12.88043102105771,7.617130708068663,0.2228570577376027,0.2708639677700031,0.0920092104002064,0.2275610450060224,3.808040810892056,0.7633081106288757,0.7056659035020731,1.0463454420066258,1.1398844528145915,1.2265332458128593,3.500079552428891,4.035288707470604,4.813646810682696,16.23501977170136,6.061688024790379,7.592268130573273,0.0111894229572217,0.0690662739027988,0.1463172214650447,0.8580667586525395,1.0909790893209763,1.546920565982894,3.004670518691245
1993-02-01,10.458969305182295,20.53006258954532,9.591509335768166,13.872485382775029,12.468238765672815,11.98582549123656,1.973969604928448,11.626842911754242,18.964004322160186,15.214790965957553,16.674481830623876,17.941031456543552,12.55970527000274,18.861125053698487,14.936857028901892,12.295256003421803,24.13022143914207,16.547750880761438,15.015768995054533,11.078190804998174,14.28530510990193,10.195596900184302,10.449006986950488,9.642699555955392,13.50317405739676,8.376960839600782,9.659468606847073,11.435742703148552,4.741220367357815,6.176623688384448,4.029061308294277,4.769257636149407,17.00698585873846,3.557562780526319,3.177642178104564,3.262421825880147,3.2154934107869533,1.2359346283880364,0.6115372919855283,1.7300769458165817,0.5819482161354456,1.912325584226834,6.644592854847169,9.115219440388596,0.0499209725438101,1.4295679300236086,0.6554258493281907,0.2995140620660831,3.0129384388188423,8.188747069368983,2.915311268885436,1.5717759570132337,1.76124212846428,3.36228462637168,10.47192956102018,7.317357080805814,9.30488980336014,3.790406863317595,10.298581526071326,10.04114326482564,2.605077757509572,4.051642929898414,0.2151352350433738,0.4215691646952676,1.1096953006453978,0.5601521162334842,5.2897306041356655,2.281484108755029,12.466023335903616,13.375561966291276,6.2426962515677324,14.237974479001531,13.73946446418882,14.547085384735423,10.287732215646471,8.718621073293411,20.63889071665915,8.421688226986566,13.77456082782432,24.957536139360467,15.655344856470272,17.431245400996023,19.245558100086317,18.779811426204738,22.37386234844213,19.65796192130473,0.4634870035633733,0.4060794408088934,0.1062926289023261,0.1823868777112488,3.977810405356796,0.897634746582156,1.2761910282641813,2.903505128194204,3.5249527135753222,4.261560486144766,8.024875140673057,9.400745252478965,9.929531198192084,7.94158417971759,10.605886303482952,24.6391897217639,2.183310540349793,5.183024923304726,6.208437925476226,10.920320093488591,12.126286310426044,14.14189274413477,20.825520454016356
1993-03-01,47.91899946465408,31.782642134529805,42.34455382961862,47.79378994249435,37.142662820135904,28.741758111573496,9.678500368530832,21.96603770010562,32.407923458816384,29.35006045766957,33.69658775551313,31.93812461520669,19.74591878960901,23.974575060124565,37.16079435516467,30.903390114392792,29.350678572072557,29.768671378075865,34.33803499659241,30.078804377906348,37.75167100733763,18.60758767312356,38.03085749970571,45.56201926464723,45.25929185127462,40.38087361580288,52.58362558036088,27.91915324743649,87.82970636957093,86.22980483798554,71.90372090646325,72.20874400262566,65.52960131371537,71.83459557459301,74.8187380926691,75.82761120946928,73.64967162317254,114.31060567685108,110.05603627291674,96.35102438256553,89.32919184065841,92.99556310617304,62.57088458210821,48.659751587454615,86.64334136314463,70.1395651529672,78.94580758542305,84.80144756440549,79.73647180900646,59.317247931632735,69.14199384409723,67.7065354594985,67.18518897389583,77.42354588114185,56.744122097241565,71.32854278595967,67.69908802269167,72.92215716351504,44.04294240210235,42.14404070158117,98.42355685274784,84.3064414520009,84.71137608725117,83.13946895555388,83.8484225213388,82.94825451093989,104.72724788959384,77.8976354769037,93.75570577050574,86.25662545079061,84.65716002748039,80.98168189738143,84.51785428256277,87.43563496011683,86.99480762437956,84.75503086390677,74.06672434652879,85.46070094497873,91.37061193765425,64.00364102629409,86.35946790757332,84.76379312314658,83.11081883855823,81.97132662123741,68.58487356183568,78.71569745120297,118.28397296376272,116.46635228005388,122.63255735758776,117.14447739444086,77.62998994423457,110.36679937720756,115.58663823845936,101.6806938183784,98.74309880849208,95.88103592350228,79.90074603622747,75.7935144849149,73.5370254664067,55.76788609042643,71.27568380658107,60.42793074804329,119.86180036105831,104.0540233213803,104.04049482145405,92.67669061825814,89.69639803416733,86.13399161632319,80.72460300507377
1993-04-01,65.55251005205083,15.393697278228284,47.17590814035111,36.17399113668189,34.25768581995256,24.743996939531925,18.613659240136087,17.859172653932724,19.894670770692827,23.568833218796197,22.217750260054046,20.34495250446924,28.339712932268142,23.263777195878344,33.93922709081218,26.771426271543405,3.141717832393485,17.111962337750644,17.465975866527458,18.459241080061663,1.596443297043243,28.90110124898061,15.251829484504158,17.912199361906474,6.658328899337134,15.783514401321712,9.541174544737991,18.459784998132783,2.249098008938544,2.265502561854221,3.731284098402449,3.425998085989186,35.30262011952756,9.158806952924452,6.871220535018131,7.245917854506183,6.510839731798452,11.567831924429914,6.773061847430702,4.114072535696479,4.0101220128607,4.127268361614222,3.753087230428622,2.789043123832912,8.44025281786491,3.0404239710047856,5.710570548193529,5.463070079275553,4.544441723961225,2.8608869691703718,2.168224353092748,4.889984799898778,4.651337552596667,4.302022843702407,2.4713699134112206,2.34278125310267,2.304094071071201,4.0259333096546985,14.507832541323886,12.880647243230763,10.528425723654866,2.8581088341232115,10.79776872052143,11.520997023815816,10.236190014892829,11.266823755182628,23.12827794875864,12.152173394654213,24.16563235459156,20.44648059525715,16.455246390757505,17.89090375277417,20.36384250843115,22.88367341192517,23.31288407826882,17.98859480520243,29.82668409759344,33.173609729010934,29.19720783832327,23.78718033127368,23.18720255940077,23.09594212233181,23.681477061283108,22.88137911107736,25.221660260021885,23.123692088629944,8.791631378478362,8.180809248507162,11.471042164095714,7.701205360134767,4.402421836090133,7.096828049040272,7.2043950418499065,6.620246445865701,8.170720562424219,8.398196694252361,8.485554924731835,8.52256120526985,8.6198267298368,11.470573761861624,8.456031378065205,7.094984730789467,31.94528660485432,28.082231890429004,28.148667257014765,22.77655196862059,21.70239956009753,19.87811472127328,20.15094579976608
1993-05-01,12.838951157789555,0.0730887190793452,62.53515615113137,71.23815799570752,40.8348931740902,50.61758733718198,169.2171707291873,65.36312509994453,0.0894276131709806,34.763182434897736,16.170829740148005,9.041514443077569,37.05779169942584,0.1331888368060645,0.059091042672929,14.166208167095286,0.0006756664075932,19.45831909181681,0.0216932341871725,1.5632171839070383,0.2252241587283806,5.696432698587474,1.485352032280398,0.0054409115179914,0.0084819384121936,0.7659185319048906,0.1245967464076499,0.9341167611195228,0.0234036061228064,0.0556639447012081,0.001248926326677,0.011101823061945,7.329429715834866,1.0288685689332447e-06,6.931373688654211e-07,6.62779403685592e-07,6.427828824457039e-07,4.083214364533141e-05,9.25776658015678e-06,0.0004807324632869,0.0,0.0003778843859519,0.0,0.0,0.0,0.0,0.0,0.0,0.0001703420047472,0.0,0.0,0.0030197992657304,0.0028224038508863,0.000143222319523,0.0,0.0,0.0,0.0005819155815624,0.0043410105395724,0.1670801441466033,6.725460164036237e-05,0.0142381213740957,1.6691358244104342e-06,0.0034153490361008,8.607669403790116e-06,0.0030065728757848,0.0,1.531394747567995e-05,5.210418804663016e-05,3.2544430594429625e-05,1.1900917745501034e-05,4.995409196990048e-05,5.587935447692871e-05,5.587935447692871e-05,5.487727774614732e-05,2.7698498577866748e-05,5.587935447692871e-05,5.587935447692871e-05,5.587935447692871e-05,5.587935447692871e-05,5.28377893392272e-05,5.41880029302384e-05,5.587935447692871e-05,5.491688697090647e-05,5.587935447692871e-05,5.513752903285599e-05,1.1302382562209029e-06,9.81432490195952e-07,0.0,2.035507513637325e-05,0.0,2.63068818331588e-05,0.0048816695172959,0.0031396233911873,0.0005993924770849,0.0005503818594085,0.0004025240272017,0.0003545332473586,0.0003226225489089,3.1835704837431654e-05,0.0002846188747638,5.587935447692871e-05,0.0,1.4106811222133578e-05,1.984507312875956e-05,2.673292079822525e-05,3.069778234409972e-05,3.4566989673532484e-05,5.587935447692871e-05
1993-06-01,3.17519587688112,0.0436477779667446,5.688750336610477,5.600756386255606,3.718800876226776,7.283251450564926,30.537336383079197,11.41633839507699,0.0001670815096598,7.872974633211458,3.660821878415382,2.0468465657276016,6.045634673746325,0.0002969713267726,1.573971846988316e-05,2.279472215475121,0.0,3.0080009968561265,0.0091951177940814,0.6600703141219237,0.0078630814061018,0.91325454437876,0.3385021539337072,0.0,0.0,0.0010028994851634,0.0023599080273825,0.0007952751500639,5.510819113983057e-05,4.625461044383487e-05,9.724629804520738e-05,0.0012263222678284,1.5976020939820788,5.587935447692871e-05,5.5279019771541647e-05,5.520874939976958e-05,5.529500040451285e-05,4.450529586494789e-05,2.764175529368119e-05,0.0003584666614564,1.803157665432076e-05,0.0002882816837124,2.9345179262998245e-05,1.7984828489374296e-05,5.363761903645442e-05,5.587935447692871e-05,5.472700845570852e-05,5.377903688149232e-05,0.0001565146929466,6.702747535633657e-06,4.817385222382927e-05,4.480001665921855e-05,4.450237188134012e-05,0.0001367980033733,1.835721149974511e-05,4.2806511851677614e-06,1.8176523711218926e-05,0.000105091597369,0.0,0.0002145627517276,3.195564092457216e-05,0.0140171701306823,5.587935447692871e-05,4.86302718015804e-05,5.587935447692871e-05,4.951372747454838e-05,5.587935447692871e-05,5.587935447692871e-05,5.587935447692871e-05,5.587935447692871e-05,5.587935447692871e-05,5.587935447692871e-05,5.587935447692871e-05,5.587935447692871e-05,5.587935447692871e-05,5.587935447692871e-05,5.587935447692871e-05,5.587935447692871e-05,5.587935447692871e-05,5.587935447692871e-05,5.587935447692871e-05,5.587935447692871e-05,5.587935447692871e-05,5.587935447692871e-05,5.587935447692871e-05,5.587935447692871e-05,1.981697155917025e-05,1.8790285471001308e-05,3.1435848650446046e-05,3.4874517015292766e-05,4.047615040335076e-05,3.72128086354743e-05,5.38519344200574e-05,5.383341068055914e-05,4.4432905081588985e-05,4.537000227691136e-05,4.82585765516965e-05,4.918295788744001e-05,4.983708603275274e-05,5.587935447692871e-05,5.06762947846935e-05,5.587935447692871e-05,5.587935447692871e-05,5.587935447692871e-05,5.587935447692871e-05,5.587935447692871e-05,5.587935447692871e-05,5.587935447692871e-05,5.587935447692871e-05
1993-07-01,2.056231269551227,0.0254274785035666,1.2962529605292246,0.2830516615532757,0.8490907922524389,2.7662076195894745,12.21469781811886,4.861302560963447,0.0,1.7522172489017331,0.8147535553336657,0.4555467521553558,1.851062458076787,0.0,0.0,0.6979296063338545,0.0,1.052341742886327,2.67602535928499e-07,1.2723415348662883e-06,2.604037948439841e-05,6.986428694587189e-06,5.618267324369806e-06,4.866889389365403e-07,0.0,2.852891524173884e-06,5.6556061035636576e-06,4.146409231541769e-06,4.387249715114328e-06,0.0,2.9606879814074823e-05,2.7860281183686043e-05,0.0192322635983069,4.625274200673969e-05,3.711913471619369e-05,3.584687133236394e-05,3.781221332679924e-05,3.510402170266376e-05,3.145583709972323e-05,3.164662897733446e-05,5.3938786280524106e-05,3.225138185196044e-05,7.933724591360124e-06,7.771892337543579e-06,7.962835308021851e-05,5.424011550825905e-05,6.364054506691664e-05,3.495497207540939e-05,3.2585209957414234e-05,1.1083627171569433e-05,2.685939899520405e-05,5.5575719890278346e-05,5.3821508293672e-05,3.073341777092868e-05,0.0,0.0,8.786665435348929e-06,3.14178320764523e-05,3.246073482297444e-07,2.814118441601631e-06,4.5268341339165215e-06,4.684610208435216e-05,5.657188178642819e-05,8.89082749433783e-05,7.904834864749025e-05,8.829860078708016e-05,0.0,3.821945900971458e-05,1.5881572352396943e-06,1.1701827784991734e-05,2.526441336886361e-05,5.57235700914158e-06,2.599387718102471e-07,5.282562873214894e-06,5.3291720607001765e-05,2.125162722617356e-05,3.750399692970511e-05,7.96297828663863e-05,2.06531060919856e-05,3.786433180548197e-05,1.945619151651712e-05,1.3752872251793491e-05,2.55351012263959e-06,1.1890105915441722e-05,2.9529719161266083e-05,1.5185261868396563e-05,4.443663381266555e-05,4.468827083281378e-05,3.600767602120359e-05,3.3597695173451685e-05,2.012474847285689e-05,2.947859898863869e-05,3.069956172073497e-05,3.106674769070215e-05,2.6904681259017012e-05,2.8173887310384357e-05,3.1214243350054486e-05,3.21651964751937e-05,3.133935353146091e-05,2.131183916062073e-05,3.0093549224151328e-05,3.423905164561215e-05,0.0,4.878029193631514e-05,5.035065685296714e-05,4.433208681362584e-05,4.170467225573722e-05,4.1488538636102985e-05,3.122692424309079e-05
1993-08-01,1.1900839188329864,0.0200825262766732,0.4518902146930539,7.070809590636233e-06,0.2972469670974388,2.864742137051932,14.70711234147933,5.577300596411036,0.0,3.791600826221186,1.7630349521476656,0.9857518709518212,3.23949405959939,0.0,0.0,1.221426525921294,0.0,1.2336677811050092,1.9293682201543558e-07,1.537433700287132e-06,0.0,5.268354190071979e-06,4.570076869243831e-06,0.0,0.0,0.0,4.153267880383216e-06,6.360017983842735e-06,0.0,0.0,1.5691688218134967e-05,1.4052122186020272e-05,0.0,1.4684924324122004e-05,1.0928000978939844e-05,1.2108986235282765e-05,1.1302076533392652e-05,4.234617035261461e-06,2.9140056209499814e-06,1.837477033833232e-06,0.0,1.4443665316117491e-06,0.0,0.0,4.413010309820723e-05,1.773820224295628e-05,2.8151770340215982e-05,3.586259206023521e-05,5.841823190540467e-06,1.5350901863440348e-06,1.7544525530065964e-05,5.401817823140632e-05,5.333759349148172e-05,7.2001291193380985e-06,2.7068805850995263e-05,0.0,1.6804806694572535e-05,1.5339244340441333e-05,0.0,2.5769517196791742e-06,0.0,3.588509704298252e-05,2.8361545744867248e-05,5.3970698914326174e-05,4.041266949534432e-05,5.317452826502432e-05,0.0,1.3145582844376544e-05,0.0,0.0,6.5582801400063256e-06,3.141144652134689e-06,6.98012214260622e-06,7.335732296523363e-06,8.90396585484604e-06,6.1177293506678455e-06,7.73164935873955e-08,6.594585558362602e-06,1.5848329377670427e-05,0.0,9.581771807192286e-06,6.264867902506678e-06,8.753925659360022e-06,6.972907988237365e-06,2.3801319319844422e-06,5.745727388926185e-06,2.1573210983086543e-06,1.8732908800527355e-06,1.4855955957997592e-05,4.85027755143243e-06,0.0,4.283385172186181e-06,5.378370732333039e-06,5.198002760628804e-06,3.93333735111581e-06,4.203120871043916e-06,4.154677834550611e-06,4.659566569680314e-06,5.885264126581457e-06,5.1631931478980826e-06,6.701777002410284e-06,1.3122487336402806e-05,0.0,6.609986707780354e-06,5.35411993267897e-06,7.723604713316106e-06,6.5747611903721365e-06,5.603040465369493e-06,2.33125823005788e-05
1993-09-01,16.949829763123166,3.025650783847889,20.45200427991979,20.03784826839806,13.796821231620394,11.486029216853122,23.50749550370521,10.606371851066136,2.001558281397408,10.748780514657138,5.429200880884856,3.0819524108201595,7.71120519475507,0.7147033930789203,0.10786337365506,3.0410759306779678,2.7721360221951272,5.358242396115918,3.1504091413365285,6.054289900376924,0.0,11.13408033447499,3.732980755381092,1.2544751842798896,1.241201932868943,1.5705202118395702,0.5201348786348258,2.061534559894641,0.0,0.0,0.0029703645043029,0.0025633207103219,10.514284171549615,1.0288685689332447e-06,6.424364027452482e-07,7.176434173935425e-07,5.957651993580759e-07,0.0,0.0,0.0,0.0,0.0,0.0,0.0,1.2380946457134913e-05,0.0,6.364332075290331e-06,6.77152374580305e-08,5.098115514728133e-07,0.0,4.741295444647701e-09,0.0072923304067153,0.0068156521711289,4.314230094234758e-07,0.0,0.0,0.0,0.0011587233251198,1.274797281880429,0.837368713212135,0.0,0.0,1.7477458242968038e-05,0.0236307996590922,3.7446580886985526e-06,0.0207321514546039,0.0,2.920409938223579e-06,1.5323738692342454e-06,2.7991842782528505e-06,4.691799934747313e-06,6.110338385805635e-06,1.8765872404937808e-05,3.802862662902316e-05,3.935947366472257e-05,1.3000490871253068e-05,4.100141120405689e-05,4.7151808137152544e-05,5.222874694991033e-05,4.619163043524537e-05,3.0381245258619734e-05,3.938983057755762e-05,4.481325994412128e-05,4.271885518640908e-05,4.501432206343645e-05,4.359237889747664e-05,0.0,0.0,0.0,0.0,0.0,0.0,0.0,0.0,0.0,0.0,0.0,0.0,1.0352483584990293e-07,0.0,1.2140634769469928e-06,1.4755617649825467e-05,0.0,9.572926795054283e-07,5.914652949885343e-06,6.83996822926697e-06,9.658541181975308e-06,1.2554883250883022e-05,4.7043482392612e-05
1993-10-01,13.844626549713498,8.579559240593891,10.415222443252926,11.06702623888699,8.694882596621257,10.147580628041029,16.077316428011965,12.34479865686952,8.321601991129956,14.388405462467716,12.870291333308908,11.365838413823584,4.017306468278754,4.827970696713422,3.60721381146306,3.0372258031521424,2.1352309840685946,7.806659588459316,1.7061164699581426,0.7892588312736473,0.4058969115600768,0.8070404204940176,0.6307191531416394,0.3488338887993806,0.1112858688604964,0.585786167353973,0.2463010023570573,0.6117556667113129,0.3276664285475747,0.4302316518689366,0.3249918113170906,0.3353214835387953,10.202800532710665,0.0016296614007391,0.0028306799564686,0.0029782160294675,0.0026844435112442,0.0823032760252472,0.1289970673509894,0.148165407158697,0.0494001903522848,0.1225385336552469,0.0054079759402937,0.0003334918396419,0.0194225155543246,0.0017418283691777,0.0108830921429194,0.0560974393143283,0.0570042660455933,0.0385441472293212,0.0305378378806434,0.9016087144480668,0.8434405250316872,0.0529849573545078,0.1089498345922158,0.2059215967769295,0.2222011225102923,0.207461076425882,0.2732685637545883,0.3571254681132547,0.1154319594495708,0.1506042258563432,0.0010999426250214,0.2907690607497687,0.0029822305537644,0.2568978164723037,0.0123230758791075,0.0001597235593123,0.0002933344457181,0.0002954479592574,0.0026180972393129,6.661059531920102e-07,0.0,0.000177013232022,0.0085186761314827,0.0023047124566081,3.711962171325793e-06,0.0117273847219639,0.0040014545092338,7.296710466695218e-05,1.5247572417425358e-06,6.447392415332957e-06,1.4952778879223532e-05,1.1325744935623464e-05,6.138318874695239e-06,1.032711071642219e-05,0.120813986941621,0.1171837882674226,0.1416314150280515,0.0914988131654443,0.0020131730273648,0.0756838527653382,0.0410059111687423,0.0301032812545219,0.0508668935693161,0.0475750043039323,0.0362241861417836,0.031913970991241,0.0288624102130332,0.0014018148576807,0.0249684733873158,0.0002896039641868,0.0180623537312292,0.0151914298557294,0.0125990538264778,0.0063547438848315,0.0054426071090733,0.0046063378242737,0.0
1993-11-01,2.900825212158421,3.100035250909239,2.783416674383889,3.372276106094912,3.466593876491356,3.4374316314003828,0.4265647633703428,2.880390137670995,4.637072441719014,3.0779649493544,3.750595664758793,4.1260426903123175,3.659793241967012,5.085431568026755,4.50025866426676,3.726864916265578,4.180675815165253,4.689835237237793,4.70314805259323,2.4275767651622724,1.7011646968101233,0.964347816538962,2.433193478479178,3.7064567039316336,3.755683324415211,1.3239168242047348,3.2306896011161563,0.964973308626208,3.132948469065908,3.357357902758902,4.435198163191135,4.237162020181018,4.054875442296248,12.634141571478375,10.444556458202245,10.58685269903621,10.17734202172809,5.081080297257538,4.622864153365549,3.717399112484357,4.3285080492235055,3.858562915653602,4.46919195921686,4.0507407340523445,4.735239823966274,7.117118497813883,5.646230658770427,3.6079317119381447,5.929908171042104,4.547509113779754,3.117567403883008,1.996532349957419,2.036814591647409,5.595602364807471,4.1598794715367005,4.198490938190306,4.098630491194809,4.681462775149068,3.748007485875729,3.040157812514954,5.552413564783879,2.680237735267306,8.756755605438892,5.848373504405951,13.87576260447999,6.917802887307303,15.308796752342513,10.015374796685975,4.74392440992919,4.664825839839102,9.198852753075764,4.409775917668376,5.1407834341228265,5.064685632756421,6.1682554338027344,7.636570101515307,5.739115180014251,6.674764427992742,5.142347898965224,3.9127704714337126,4.229347617762121,4.186840046550106,4.663818146985822,4.3955980796894085,5.849916081932536,4.676438789860657,4.858448098073077,4.786908658751631,5.150375474615667,4.901869266526726,4.624705458540507,4.904687014621696,4.119027898580068,4.867282684526339,6.3514011947968605,6.804733104562842,8.03908749993963,8.396092687613258,8.324561568657908,7.904151459718016,7.859267905243528,2.8555007944398776,12.098965827399129,10.95013333760863,10.638403198182932,7.572584827668884,6.927433910868891,6.336035513574654,3.473164374257201
1993-12-01,7.475827338041337,9.112717038617088,6.199228295048609,6.221101801151908,7.127913485265591,7.0950930631635005,1.1341588780147127,6.750548572646276,5.069409372137463,4.657412921691314,6.592725989903843,8.253905761913977,3.114985755899566,4.315906414945845,7.591342994095254,3.480089050595557,6.222198223171336,7.839705939371407,2.093917212798869,0.545695017449964,0.3216515962822463,0.1935474902978787,0.3874082598156192,1.2442512355777344,0.0470417219605776,0.1485656654405887,0.2825313956969119,0.4294544653815201,0.0,0.0,1.7318995611934649,1.5263558917920577,7.69425256672211,4.987883668798579,4.278869066091423,4.256637252466585,4.413670241508423,0.0,0.0043553522919748,0.0066583258873234,0.0035212119779362,0.0781720939143123,1.695455386407511,3.444130326391876,0.9334767989224476,4.112142544597216,2.5029135454024933,0.5647494759611357,2.23273516844478,1.0955048909862375,1.846817423404652,0.3291938825878462,0.480277625804553,2.138206757155387,0.2963649165902153,0.0100610245867684,0.1426045808555601,1.7874169469015313,0.983181835788578,0.5347386315826462,0.018311981685425,0.0127555357044863,1.9385975543589744,0.9653620048737716,6.081175520170736,1.605930515696204,6.974196984133121,9.836091244398803,19.37929278656261,21.04478224475719,12.332867588832002,22.781337846804067,24.117280059226182,23.250777620780177,20.24362971998422,16.20092350025736,15.123883637908744,14.963279897815314,16.90584222955094,6.390085868486779,21.55783621751595,22.52320258459497,22.120936489051434,21.67251746643222,13.466585785305345,19.52188757180366,0.0924153441820484,0.0828093309977035,0.0149411033659334,0.0313865072152109,1.3131835784017696,0.2803795795365906,0.1776163293689601,0.2574690673288001,0.994047928283882,1.26071896602638,1.9906933398764448,2.636124701079384,3.991668679418372,18.891618816227385,6.350374176526777,21.748090344031212,4.913297279343082,4.743741274787927,5.833245187983577,9.596671698835486,11.01253641934548,12.615601833724993,23.808896177806854
1994-01-01,4.716362576456242,5.632241978059486,5.009735211959298,5.833241073168314,5.734359752671194,3.682806307794338,0.282025027162537,1.426687631747157,0.0,0.2876796346335111,0.1337952993071737,0.1578290414885927,0.0050703046288764,0.0,0.0,0.0019117185290715,0.621710421824647,1.7093402927380426,0.0,0.0,0.0,0.0,0.0,0.0,0.0,0.0,0.0,0.0,0.0,0.0,0.0,0.0,6.990030958481851,0.0,0.0,0.0,0.0,0.0,0.0,0.0,0.0,0.0,0.0,0.0,0.0,0.0,0.0,0.0,0.0,0.0,0.0,0.0,0.0,0.0,0.0,0.0,0.0,0.0,0.0,0.0,0.0,0.0,0.0,0.0,0.0,0.0,0.0,0.0,0.0,0.0,0.0,0.0028467132426623,0.1189202106172669,0.212523865374837,0.1155136758708241,0.0419915773756902,0.157207973212312,0.0,0.0561183940411898,2.035270999276083,0.0789786171298107,0.1960719901701675,0.224172309147697,0.3364042885269186,0.2574260948971861,0.384905818631956,0.0,0.0,0.0,0.0,0.0,0.0,0.0,0.0,0.0,0.0,0.0,0.0,0.0065620032369661,1.2997037659192066,0.2228693235406082,0.8710625788368856,0.0,0.0,0.0,0.0,0.0,0.0379292564151813,0.1381634000800179
1994-02-01,2.098293910377412,4.741047020073836,3.744289785896663,6.675530899902982,4.853170789852928,3.837812702935543,0.2448310268997193,2.469870363389648,0.2099549866565254,1.0065997346449989,0.5868560865007629,0.7917721439608915,0.0373124755677749,0.0681956762730796,0.0381712288566818,0.0203215510471534,0.0,1.9092486211597144,0.0,0.0,1.7709672881669365,0.0,0.1321528916407961,0.0,0.0,0.0,0.1541260493594852,0.0,3.2212371106676896,3.919945418391599,17.128664061405786,15.521740743789792,6.773064870733007,29.00859727572087,26.89112328151048,26.78585823347509,26.986118626795854,0.0003259179532865,0.2387599806696321,1.7673774625661858,4.5634080844430605,3.185210869141957,13.92708098293878,19.569261658711863,24.89354159619,29.801070039391576,27.05896804327432,26.93758107552972,15.116384563461768,12.170338522546544,28.437649269642733,21.484330597782527,21.81799002378881,16.144608468531345,11.692151405374478,8.14238659104143,8.325201262404034,17.15672805666738,0.0,0.0,0.2728485429229808,0.671125762231577,28.71796968979173,25.171373739335955,31.83495971063085,26.05041354589175,35.547665188362615,31.00573085416516,48.739619064136924,48.66141633994349,35.93856713741034,52.817524637529495,56.38044779125948,60.75774594000311,59.69710647899426,43.80851738842303,67.75568767000074,57.22867616794567,64.49381369329288,46.02298359327504,55.271305767008286,59.20381019576429,64.97412151153813,60.464962677184,63.45391009150052,60.333695118522805,0.25620590647815,0.5078509357933122,1.229270007560378,2.7033721210395654,14.484442804414504,4.899463032859372,7.712308911228606,8.218400498885122,9.753577090599476,11.21685027876446,12.081141147116478,14.104828843309068,16.428829568175598,38.6920963917712,19.83497073905765,46.56474758830865,33.93703325310319,31.128092278898254,32.73854054927204,35.53410172916296,37.584763600030165,39.36765614985637,61.953146447711205
1994-03-01,37.95876911363722,19.60962963062773,31.269198170245367,27.96820750214363,26.04190017045835,29.542337103546803,14.377035689108268,32.580689654132144,84.1585468761804,58.09972773401108,67.14840424998714,67.81045977367505,58.16573356775624,75.0281932976287,73.46553631233823,65.99705907223732,85.58790292999848,56.489861440545226,91.25012766021246,80.11208282094078,43.01818622731609,59.56936224086475,77.40564888222583,102.23294676729697,101.66392911410276,88.43987178052531,90.34959058233486,81.02778297561059,75.82402967925373,73.21499739094837,75.44289050567858,73.65938608034435,38.313696423708805,102.4238291677774,97.8383540652203,98.75005909235364,96.25816292035267,130.14749266959382,116.15230474469388,96.34212718809574,105.29597777532054,97.7864820904085,94.2145125150115,75.00336859654357,69.81060325367098,81.37421506824694,74.67393063874289,66.77895870321386,92.4160779677798,85.2956140947709,60.9183280774253,47.169548813787806,47.87139294229727,89.04938611111861,80.83255548682122,81.86211657699734,72.82158984284362,78.68092188717198,102.6090653412144,93.7872281145422,117.62429801021864,77.88467080115855,87.53980670986515,68.93638147327815,67.34232817167275,68.66897776862339,96.4964383404083,67.58035688486416,43.64713147559818,44.37211007260173,71.41639418378412,38.627699047844686,33.25372843397133,28.670441682621103,25.29550695080302,56.23619245425229,22.80098986651679,25.105811699540947,26.78842165277433,20.97577402851425,35.243804079250786,28.65359389133111,22.07271903421636,25.2424080579179,19.799909928578995,23.99305889292617,124.10766080007248,122.2353033863897,124.5191842999872,123.79243687586134,107.90314617379288,121.24247863108718,122.7679721459668,118.32784689077698,117.19548274983713,116.06761726755036,108.9546786692702,106.01437176656437,100.092567306987,20.03349127213187,88.84117052427627,22.392412968577343,97.53846630461614,97.54014078766176,91.83114260075052,75.09689851026789,69.12808432090391,62.48559485932885,19.187618089188877
1994-04-01,38.83839208707013,12.988243302258006,50.98584119132671,50.59128916259207,36.31681453545367,30.587621740955896,55.534146905281744,28.3479585229225,5.912903868219419,23.57992898173361,12.549066614062948,7.592845603459525,21.476635558760997,4.301528208051677,1.488610150469999,10.402801576188454,5.570133317999099,13.192408054543115,2.978522805283513,4.30821439866505,8.372884538838276,7.485323382830871,10.26203585278767,9.994990024207295,22.431569205330305,13.720295745187594,14.83483566285714,18.29095585486496,5.007801383714338,4.571357162468186,15.311244780469726,13.847389117398254,29.03984074347459,16.25906066340474,17.966876550205292,18.345718931233968,17.62657976800591,27.209764186003294,20.961114782778672,15.503141093663816,21.29874626752389,16.213378483996472,15.36212328600126,13.11508941226094,29.677454814125607,14.918682226467034,22.47378184751209,20.688782124276425,16.36231304926312,18.407171270999072,13.24901845876125,16.16696152837904,15.977532350243802,16.470874048746015,17.145243382774016,13.067361556189343,7.153053995532571,16.0225125101786,13.43285868045543,13.285802677791382,18.38009304228576,11.604692908968328,25.81478990466288,40.51840168944331,18.238953154688858,37.98848227102939,16.44146390719645,16.280282828072973,27.435875521708947,24.027915824684428,19.0941320958889,25.525860675454407,21.21032335195733,16.12770801799965,12.350228302101398,18.70990210538717,3.804256762114592,8.968611360889986,6.02125484787675,0.8555658510491019,28.623640904228715,21.42746826388408,10.388451895099074,15.668349882212652,2.9439585339112697,12.640626386384614,25.997827553952547,25.60077855585245,29.33775702014657,23.672903768249657,14.529950647659884,21.881865108434823,15.203889647827356,14.051309032437215,18.7856463026528,18.44886389246632,17.46432138911586,17.38229161573728,17.612979345030862,20.24988614583457,17.97273597716672,21.081855079613856,15.75811271661983,15.49507083862261,16.028214951747614,17.64246628854693,18.536640222067344,19.14487052388821,24.725905422385736
1994-05-01,9.577288282154557,0.8861590919769095,31.13790714080761,43.46423386146472,20.45653648409235,36.80554007709782,153.00111376599665,56.13603860797163,3.1751315823319617,28.4737658996302,14.027660297309422,7.886770373377767,36.26244600801799,3.3750594693863585,2.522639466781541,15.717481123221368,0.2994632114842395,14.60780202187465,0.0409453352359263,0.0609790238283354,0.0015614444866229,0.1564812463052664,0.0839727767365713,0.0332077212414717,0.0255695012486583,0.0074077063738673,0.0987121685158327,0.0067846395049997,0.1602069386832923,0.0915892972794149,4.4467159265705085,3.845007880322426,8.03465891671795,6.261901233607003,5.654012658351678,5.79377915215709,5.511306642563285,12.174952680431677,6.421600386596774,4.133179889915192,8.989193520475101,4.68178111058907,4.028453616865663,3.4488827479171977,7.063143316296504,4.560489298995945,5.7919073442616185,6.099071400203179,4.727210942062282,6.19082239615727,3.857190454457976,5.724089293928452,5.581986123990413,4.77924291131675,5.464935172580936,3.037328753391618,1.0289291699895056,4.715557029586849,0.0333917034274046,0.0166337251161492,1.7813847842848949,0.0250941060484418,10.68912756607427,10.125196176961833,10.40354770879409,10.157454171202154,8.70000064969804,8.438707598097388,11.124901979119292,9.494096733991082,8.501754299015783,8.364859213119212,6.029442160641192,3.95726378168375,2.6303181136453464,7.1730932161867145,0.4102290658861289,1.0799330320532674,0.7382797963800267,0.2029149238557369,9.848351012349871,6.530423616202597,1.9732188927154275,4.376387174036296,0.3844425156765448,3.4625231645841468,16.97801057191882,16.18788918029759,17.080548574740387,11.31754811230277,3.882097751407063,9.971927745295057,4.949407535845762,4.696099188733003,8.061799618246612,7.9362310497320285,7.148501008574732,7.025731951149933,6.915610928527711,6.283587421003667,6.72956990506227,5.931069867793158,9.165349700921675,8.59980232959877,8.983572745802316,8.398390065958699,8.378843998060427,8.225055879669963,6.272263083071571
1994-06-01,4.843541926901947,0.305496064754072,4.950230332902833,2.136459976857518,3.269721190702872,7.6562230654265795,39.3305324955866,12.5973550123371,0.4639897362813757,5.962494121329671,2.807656877770857,1.573896401151386,15.539385696105818,0.2433329058738275,0.0128132134737935,5.861102575984454,0.0,3.000257286657984,0.0,6.12669295803902e-07,0.0,4.280376489648493e-06,2.281126207100112e-06,0.0,0.0,0.0,2.5367597361758704e-06,0.0,0.0,0.0,4.571412121506047e-06,4.193126472735645e-06,0.7280426560057346,7.658396240866595e-06,6.132896417429088e-06,6.27704109745813e-06,6.19177644785155e-06,0.0,0.0,2.537795842150499e-07,0.0,1.994858880395732e-07,0.0,0.0,3.430690660526735e-06,1.8071246811436956e-06,3.413368064778273e-06,2.2796238938314792e-06,2.2475414855328736e-06,0.0,2.656361888381366e-06,1.562117084100848e-05,1.4600054863684489e-05,2.0360476321245863e-06,0.0,0.0,0.0,3.957416854123564e-06,0.0,8.753061309268468e-09,0.0,3.584151386454819e-05,1.2696592847285385e-05,1.85932322723592e-05,3.4560646456094054e-05,2.184445028693753e-05,0.0,1.0282531852865594e-05,1.8230730938221848e-05,8.863504186995174e-06,6.333497255562266e-06,3.844383107237427e-06,6.693065297022656e-06,2.096516108957925e-05,2.6701129659379103e-05,9.496416137717784e-06,4.83018134580692e-05,4.718338654054095e-05,4.943955425334352e-05,9.897946586365286e-06,4.5081156925630447e-05,4.009148435835117e-05,3.6735417829044414e-05,3.392050139348647e-05,3.5365716610512186e-05,3.243194683041524e-05,3.305416121206236e-06,2.870229137187546e-06,0.0,9.088500566939598e-07,0.0,7.400165218252719e-07,5.038604339916136e-06,2.681402374111861e-06,1.9360813294617027e-06,3.2580670312394085e-06,3.473730398137885e-06,4.671866603007375e-06,6.054958150871331e-06,3.448572576588485e-05,1.26804832615402e-05,7.396652578824612e-05,0.0,3.270089080136202e-05,2.411885794293765e-05,2.976590692440224e-05,3.455644217149149e-05,3.932567643890294e-05,3.486826524743273e-05
1994-07-01,0.0,0.0,0.0034607505787998,0.0003215471050759,0.0022593891378157,0.180644072913499,1.2378460945847685,0.3670645297617763,0.0,0.397828264690674,0.1849839072592815,0.1034285982568826,1.319473496439031,0.0,0.0,0.4974987877926146,0.0,0.0893418764244657,0.0,5.687023492997619e-07,0.0,8.100063783166025e-06,3.971654629613945e-06,0.0,0.0,0.0,3.1037428617801537e-06,0.0,0.0,0.0,3.454065182598196e-05,3.053105300031251e-05,1.8387632429592872e-05,3.1498111402206256e-05,2.464884010473657e-05,2.246524267638213e-05,2.8928263353719293e-05,0.0,0.0,7.766492896915765e-07,7.124570289775077e-06,2.080969598197573e-06,3.2424963917763777e-06,5.020384970826079e-05,8.214720221160797e-05,4.1981610668576175e-05,6.111482798802615e-05,7.651798233669024e-05,1.9252680903736197e-05,2.0096897408248304e-05,5.912122105248849e-05,8.675638266727343e-05,8.509777888618668e-05,2.366645190589293e-05,4.0028755370628986e-05,0.0,1.558942269411093e-05,3.473846172663899e-05,0.0,5.327168674058574e-07,0.0,4.1087872940434674e-05,3.289056202450685e-05,9.435658506612218e-05,6.619495266553486e-05,9.136018116885462e-05,1.1193273224055073e-05,2.0980885448820428e-05,1.4455703439227528e-05,1.2546835732122944e-05,1.9131644705725868e-05,1.3384225704628387e-05,2.49538370668848e-05,1.887987564944909e-05,4.240067407094158e-06,1.6975884445279465e-05,0.0,1.3963089246921871e-05,0.0,2.7377810174367185e-05,2.681845953607732e-05,2.377284394885178e-05,2.533086788231113e-05,2.0605764516879294e-05,0.0,1.5882056561280905e-05,0.0,0.0,0.0,1.5775224242422965e-07,1.80233695049428e-05,1.8639317650233053e-06,0.0,0.0,1.8324481345776472e-06,1.7579389907499233e-06,1.2747562741869154e-06,1.3651566998095249e-06,1.6593502616259224e-06,0.0,1.8908101683042549e-06,8.240571263253313e-06,3.10784975517243e-09,3.8791258490981897e-05,4.143528323966111e-05,3.221598926262882e-05,2.821009865837667e-05,2.663340827501488e-05,2.407266332980624e-05
1994-08-01,0.0,0.0,4.353044808581595e-06,0.0,2.841933254937248e-06,0.9828652507936256,6.720304313013955,2.0086205927084686,0.0,2.738201042190415,1.273220564254422,0.7118858077102564,1.344330606039449,0.0,0.0,0.5068692942287852,0.0,0.5278384494899315,1.861555035311313e-07,8.455625302880935e-07,0.0,6.560302645920366e-07,1.3499460831191377e-06,0.0,0.0,0.0,2.3277728650046147e-06,0.0,0.0,0.0,6.113446991477222e-06,5.481995948140767e-06,0.0,8.65452919026366e-06,3.5821150824190702e-06,4.0014564838779085e-06,3.842741777424324e-06,0.0,0.0,1.2651818033486129e-08,0.0,9.945083500444061e-09,0.0,1.6337058136063436e-06,3.05834583573385e-07,1.1013344907594025e-05,3.551618728617944e-06,3.934941100359969e-06,2.8171122831071237e-06,0.0,7.292020142567348e-06,2.0293651274060327e-05,1.948444676374209e-05,2.680958073229796e-06,0.0,0.0,0.0,5.5130954716621205e-06,0.0,8.655924947306534e-07,0.0,2.819677897327931e-05,0.0,1.22748020411566e-05,9.960083317164014e-06,1.3275712677776444e-05,0.0,4.200764394879658e-06,3.656740975186381e-08,9.508415522895289e-09,2.824028166539949e-06,2.7754472118110586e-06,5.0108383793283565e-06,1.7505776538687485e-05,2.464361903283274e-05,6.554752011511589e-06,2.6905933696096876e-05,1.0319936513319889e-05,1.5038781758112105e-05,0.0,1.4313824850795766e-05,1.860869102793131e-05,1.94654940662546e-05,1.833549489972624e-05,6.7976820483685765e-06,1.5938921002510238e-05,0.0,0.0,0.0,0.0,0.0,0.0,0.0,0.0,0.0,0.0,1.1027591471054393e-07,9.690381857047405e-08,7.326415365578595e-07,6.843182388925689e-06,1.811666774895064e-06,1.829225551723842e-05,0.0,0.0,0.0,1.1342054208861816e-06,1.0967546769141778e-06,1.3153760081137952e-06,1.1098639026160823e-05
1994-09-01,0.0074224057952617,7.476599992269395e-05,0.0129106367334329,0.0381375250690949,0.0084371366685286,0.19947550379787,1.2537181195677822,0.3997880726098747,0.0025719585843159,0.4076511772097059,0.1897376632010381,0.1060865284849058,0.531453269614895,0.0480086310011073,0.0095042179971025,0.2021150016060619,0.0,0.0963818422071912,0.0,2.891721707272976e-07,2.0946298686409328e-05,3.853427038804311e-06,2.4571731221462373e-06,0.0,0.0,8.457470308182868e-10,1.6061272645235703e-06,1.231683321195789e-06,1.1830792341778106e-05,2.7875197019317635e-05,4.0618233894172974e-05,3.7524721202896274e-05,0.0074000123035054,5.587935447692871e-05,5.105656620396235e-05,5.161017916805795e-05,5.140692824979139e-05,1.7417239806978417e-08,3.040983179019529e-06,1.3977788854364962e-05,2.581978436272254e-05,1.827992773204176e-05,3.987635435498788e-05,4.970789812225331e-05,5.471856080223931e-05,5.587935447692871e-05,5.5282687934163706e-05,5.587935447692871e-05,3.599220760155089e-05,3.620025490373191e-05,5.587935447692871e-05,5.040696059416516e-05,5.076467492072226e-05,3.784975809513107e-05,3.862834865261473e-05,3.043486160195741e-05,3.3946862822561475e-05,4.044859903105682e-05,0.0,1.7868208345038438e-10,3.2813125248806046e-06,2.3763829326399444e-05,5.587935447692871e-05,5.518691976600146e-05,5.587935447692871e-05,5.526579728744093e-05,5.587935447692871e-05,5.587935447692871e-05,5.587935447692871e-05,5.519629746756463e-05,5.4941762108414775e-05,5.507298006400913e-05,4.5469158578143714e-05,4.5132110487744646e-05,4.683019268874495e-05,5.221285614688548e-05,5.247909689308676e-05,4.6756956700973336e-05,3.950182888487543e-05,4.542397720865037e-05,5.5830580679976914e-05,5.471267393436387e-05,4.460654033294167e-05,4.951138344311718e-05,4.947264809307524e-05,4.914576445522277e-05,3.123408880564841e-06,6.054182594734812e-06,4.559380686826976e-06,1.7528503469310112e-05,5.080233457194005e-05,2.3579601226604827e-05,3.926117697339322e-05,4.168675130297288e-05,3.51292601020277e-05,3.6828027516254114e-05,3.471903942038219e-05,3.676767256274809e-05,3.736970983294722e-05,3.237929195067157e-05,3.9064280674239e-05,5.587935447692871e-05,5.587935447692871e-05,5.587935447692871e-05,5.587935447692871e-05,5.587935447692871e-05,5.587935447692871e-05,5.587935447692871e-05,5.57098888277821e-05
1994-10-01,23.413628815352723,14.854632465558897,37.63524260884356,57.17016741276579,30.625329685405266,22.26835486251472,18.939728205754232,15.564859107398457,3.6997485458235633,12.337776647338243,8.462760137471918,7.422430073666926,8.134437913356255,3.629902662093948,6.168027007702372,4.760565681329484,16.7887432884236,12.294233293943329,0.3676565585735161,0.2904205906454477,0.0048269599039675,0.1405514977580552,0.5496020955944132,0.1752288042347574,2.379267421000232,1.541129747457053,0.9681796502923552,0.9836497373317342,0.0187517387205854,0.0323494498715262,0.4210936048750001,0.3801145562205918,56.29664721096897,0.0029373960089246,0.0224304131789426,0.0241879890294386,0.0211715506106007,2.7939677238464355e-05,2.822873178232712e-05,0.0015168098621523,8.750944528755693e-05,0.001225762419992,0.0010181667663547,0.0054682404005935,0.7557138003156931,0.0323291673934319,0.4075631676170284,1.2515031692752938,0.0343162417701437,0.0088665906476585,0.6639063045435352,1.4260199039200985,1.3468566238404112,0.0969336614595079,0.0133615893778543,0.0163622696215661,0.0323205392993685,0.3196225349677666,0.3052619594755401,1.0013434591159045,2.7939677238464355e-05,0.0098933250470155,0.0545036050427807,0.7636296813250915,0.0044317218682288,0.6711711680089094,0.000225854952509,0.0022048698561612,4.138382476203818e-05,6.830899901111435e-05,0.0039201832910045,0.0003184700630984,0.0002833848188006,0.0002152661784462,2.8662219966346747e-05,0.0024863455584669,2.662321236481567e-05,2.3378478350486668e-05,4.765275269989955e-05,2.2711988604325183e-05,0.0005888117720191,0.0004372161521596,0.0001484062702038,0.0002938222036279,2.473632404653762e-05,0.0002319569065516,2.7939677238464355e-05,2.8143199698430865e-05,2.7939677238464355e-05,2.88013969005858e-05,2.7939677238464355e-05,2.8641318595533973e-05,2.7939677238464355e-05,2.7939677238464355e-05,2.9385373908068384e-05,2.9249477158986643e-05,2.878054872089892e-05,2.867070574251976e-05,2.859929624442057e-05,2.7811700853716945e-05,2.8503974443448893e-05,2.7939677238464355e-05,2.9502503928088744e-05,2.867597244077955e-05,3.075312232755633e-05,2.896270421620713e-05,2.880939080203348e-05,2.8675757283168237e-05,6.89899395491771e-05
1994-11-01,3.538422812426406,5.44246990893063,4.170910793137909,4.54298105216281,5.28993981322678,4.7064304215161386,0.4528477798869043,3.800390985803185,2.108785622139917,1.740809913150205,2.45588765835249,3.967158570688644,1.0169708886124584,2.109227473587939,2.83620416975446,1.9484889921719335,6.60976114788296,5.174046713365654,5.002460175386808,3.8841296496252657,0.9995278656303526,4.7644239090151945,3.4005067414149748,4.445183920389365,3.574902536968952,3.1466590775220635,2.672166740711297,2.919213596173724,3.059516061165474,3.2067365991438943,1.892535725936166,1.9903164906340525,5.682300231353338,1.1002146485160178,1.299043982672519,1.2929251150608665,1.295708446327696,1.5417846224591083,2.3137436477179074,2.476038292187205,1.6020243469345357,2.263958159166088,1.3010882603325868,0.9673043032636724,2.1309926821758705,1.543481960692709,1.8691427099891915,2.407680509189124,1.7570723919437694,1.1898309029686756,2.123309679369949,1.9808036556024449,1.972268843741316,1.743743240809005,1.153275735955396,1.656379757081769,1.8009335730490812,1.7703021566211214,4.1516680144073455,3.690899750604692,1.6677223477491898,1.7429724089570748,0.825631204066065,0.8452498184901147,0.4698740146349407,0.7944698108320627,0.8117554735700314,0.5224505530830706,0.3381399243398474,0.2665204550653532,0.5441586993094253,0.346973512379661,0.7077361925602116,0.5993321629969609,0.3446281396897748,0.5060661056636949,0.7159010046097259,0.2002039809212703,0.5782015727795552,0.0958041418012419,0.7659583113442301,0.7817085151527641,0.6665742847462416,0.7526531971446443,0.4947708991871117,0.6720331061330497,1.924145428242531,1.922902237131853,1.62591771558438,1.570716192738405,1.1506403526057558,1.475905734375944,1.26912986138592,1.173284142508593,1.2982021825625016,1.2786005908593954,1.2244335999673486,1.2033438088854314,1.2057345536350998,1.330067495478187,1.2192003144575505,1.2634887481859691,1.0813586497702878,1.095943710514021,1.0098367463997302,0.8904199405052935,0.8594405830797333,0.8962032780454157,1.4624593370338002
1994-12-01,3.4669498269322627,5.003812983937792,3.1813238522106366,3.1576635663703523,3.59441513422054,3.2999460656172195,0.5627185267574409,2.9619699502420103,2.786167454800995,1.9163222401026208,2.8816669758096403,3.7017048614966552,0.9388876632159364,2.8232975486663467,3.3372058495602235,2.0519840423971134,5.930985148222356,4.145490616279512,7.170650148117005,3.883359293673716,6.218403641304604,2.114715598639903,4.780359027518609,6.744169815575153,6.054730255243624,2.892765079444128,6.412721193928611,4.442486780062132,5.675523752641934,6.289098948739548,9.310156645280806,9.046588087352486,4.137878746039025,15.067288443744443,14.60462585717966,14.731695609749648,14.494599922767904,7.29997916684733,7.502211471115371,5.976567005846825,5.733884606264849,6.459125616653885,12.295721509155843,11.423157203347431,9.36850887999065,12.151020520951526,10.618238629589731,9.252701110327656,10.176431860325584,9.939760047078677,9.14509638347617,7.439704843267403,7.540657302141148,10.09500728706992,9.548779861811049,7.823085703103646,9.005435288689725,9.549236039587266,5.935582192699672,5.084315603707707,9.818558873862798,3.904335996944133,11.100961050087268,10.10523339896572,14.966932886496698,10.740878087570934,20.3053234603176,13.114154511141004,19.278938628077142,20.113982342927528,16.655681225449516,23.53322884990264,26.782283503130405,27.831242858315047,28.520496123084705,20.35345924363924,26.609963350397496,29.369539349459348,28.61225257621052,26.91420760151598,23.55574250570257,26.49613267209687,28.81599150156033,27.22931170532053,25.360401259279435,26.79267991533945,6.821126196498321,6.635833697580593,4.347343411729249,6.60892383004992,11.926215758740838,7.657855786806419,8.656695760220371,8.308170579013291,9.597423452311547,10.17024708888651,10.77830210114674,11.470759603856775,12.196842234395364,23.276643974758983,13.58272515842625,21.4794973673934,18.863768185657904,17.55041888395159,17.522021789534605,17.086122835337797,17.198855842570033,17.753412074046423,27.881362524089443
1995-01-01,6.775585354042868,6.182524533723493,6.723328976875522,8.092844916513869,6.496030272805477,4.917659707620177,0.7813564062153517,3.429137242787915,3.523892568470364,3.3620901886046104,4.524123598945219,4.9744919605615125,1.2424443408690475,4.160231764772379,2.5683268830663595,1.9971509897740396,6.8915453643963644,5.236820966961594,4.960062897773458,2.273253121199805,1.9799480749418603,0.3023360143371708,1.7133003547277987,3.401783718058092,2.3193006812571277,0.981118182622634,1.9958378204221343,1.0656086643327896,0.082246217398615,0.3745199857189187,0.4948532286984159,0.5179398406252312,9.18953308467359,3.2096464214979465,1.7920917715122606,1.9094847215731976,1.7051213252090374,1.8380321066934693,1.0757995390743718,0.3511258316285701,0.0608340038906341,0.3299469260557365,0.510992354110281,0.975998346341154,0.0050982141673462,0.448787333411995,0.1820585732973772,0.0001579927666881,0.7554649627873002,0.6248974905613929,0.0569361812203269,6.936319028878944e-06,0.0020914461174036,0.6906635259079894,0.8579006219275038,0.4485409297068108,0.5649467256776917,0.5453326385631314,2.994484789352835,2.175618144696486,2.7282079407293334,0.5043072671601415,2.203565972897633,0.5025779944628795,3.622348409526187,0.8617399290163545,4.221680477041965,5.647334478970355,4.296019518051593,3.8795855860224457,4.69401767926829,3.780734023767568,3.7936311076569553,4.654150703371305,4.86005087687898,4.644620689645265,8.360398720019665,5.244250760377176,6.867642754266782,12.68502126371955,5.422708644658943,6.784723191807949,7.529799913963479,7.747054254130671,9.57984668402419,8.342352753585383,0.8789222420716267,0.7650900533572861,0.1452948319874851,0.4777699420543835,0.6405571723180711,0.5863634511050247,1.5690352138979695,2.21672587649398,1.5419271543564348,1.7978248013083638,3.13922061285195,3.78390609613016,4.267826451792134,10.267653318964856,4.884799728705019,7.199371542146951,3.5261498967332323,4.384215738385417,4.481874401979762,5.275280084860308,5.355170594368518,5.617596285091324,8.882704194573087
1995-02-01,19.595101121992585,5.251213303882167,18.59418072025797,15.713502983366158,13.139523723217248,8.66600229260325,4.285445371203995,5.280290945469195,20.750099473998045,13.10612989790858,13.340780373317042,9.580280267630616,9.08283697875902,17.97138740559033,16.416767751941325,9.864336363916532,6.638728612165993,8.166456431690928,21.532615836512964,8.43924156480991,1.006326257497935,0.4998217844674137,9.63471590388835,35.01751453264828,25.268696787139003,8.45157583314566,16.961794228768316,7.090345423940317,1.9286562200321944,1.523821846171593,6.7402161910914415,6.154369680538029,11.866876078809051,14.948535565126866,13.28235655520249,13.839953289137204,12.985939362413472,21.23636859543917,16.466490097245426,9.383168016338637,12.087676503215564,10.217604385988722,13.1573047412291,12.45300263724484,1.904839075899554,5.567965649519068,3.581567816885757,1.4874934665626018,10.630953444915928,8.756187250220892,2.419786322002798,1.095667768481244,1.2343389308427315,9.719462484938086,7.521944173320405,5.289185193211705,3.860325276421288,7.471152812559783,34.45310746538392,21.0397553860156,24.033498177388356,7.929445107677585,4.567813075416167,2.4336060282877865,8.225752927365596,3.1628943842191486,20.134125184073184,10.71327207248728,9.86058146439151,9.230983181501763,12.151914735186564,6.564405641544626,4.784057181234624,4.580337243217964,4.310245134477154,9.497157578314928,7.524140306676294,4.53948323828447,5.345028989510047,10.02738301887898,6.753146576047939,6.844805435413257,6.392443900339662,7.17407752460341,9.401148706020397,7.785186248455186,17.41949288980805,16.76980615015423,15.137422635570282,17.28003597474508,18.042380254316758,17.91622748474553,26.01475450743725,30.6207851806237,22.537478327134146,22.88433825061618,27.14248043128949,26.635873345484075,25.589789025803963,12.740147970154712,23.643641650452697,11.099665315090803,23.380921181560343,24.42267050863011,22.93383347748555,19.816941020495783,18.53739787773696,17.22728129322858,6.082609146578971
1995-03-01,13.445194653984128,7.240224971200419,12.030317293802655,10.311004538562832,10.22615394156585,8.180631069907118,4.604717211355655,6.34814498767209,19.41434377791049,11.52937471152497,10.403267729619143,8.829200688694026,36.39116357608172,18.64534345074283,20.79532190023166,31.18803280674561,12.239160794317874,9.728133293955816,13.858822852252114,40.92014104417622,73.59576385229828,29.84530947897828,46.12220900555676,18.391870543270738,35.22708547688119,68.21257082564415,54.40523803803418,59.33312467686922,97.27485600605536,95.39075474486636,67.08621461012955,69.53498734180617,10.476152188116052,45.17025008554605,55.04226047940476,54.438580606125,55.25857982890937,60.81447360299062,69.53602540206825,80.48012933808089,74.22079372821148,77.06972660460852,53.13585643128621,47.19084354590525,75.88449506896598,64.01856208729914,70.59834567121005,77.88200867206834,66.24398719819565,61.89326608901242,69.27443665668154,64.09911296511001,64.07466129808124,66.23954747511384,68.88721247646612,83.04774104500281,84.54144031053748,66.56925540764557,21.061485449348652,42.48571900974163,49.97342644314463,78.3564029211115,62.76114178066122,67.55908688139131,49.93019462154812,65.3899859569955,36.12681524478126,37.68313942035964,19.52880375318676,20.365623676683377,32.68600426265892,20.72260376404528,18.9131016638207,17.657457853816844,16.676750282199173,27.311457302221772,16.573203051920444,15.561832049997305,16.186176286465077,15.123857265642595,18.85587905597555,17.671459657620126,16.308026200366363,17.06778024058143,16.61002126476264,16.934439486118837,71.60695197036644,72.5821475620767,81.02202414311839,71.36182693763311,52.57238466770431,67.55157266266893,53.024141589503685,48.62512266384441,59.85114615533699,58.639972353356455,51.731035768515646,48.77453906173653,46.14949855254948,20.56050959023137,42.37091507186748,17.21532851552685,39.65138258081666,37.19819708493606,33.30916465269097,24.60580003318554,23.409488167434624,22.356352823538085,16.092236838013363
1995-04-01,44.672476997642754,28.407169808044024,29.800614485965205,27.15878260559692,27.29448773146264,20.084356706020973,10.117286524762717,14.001928232880845,12.13017905496922,14.230890155999782,12.299326987982552,10.228843384106764,11.882937321420298,11.338495239699547,7.61349332879006,16.35070621327728,28.22014609470732,16.455161950557297,11.717217042291605,42.45306898236736,30.423226541684365,121.29305522940012,50.45676675518156,15.624705114819914,20.1345037763948,28.14100898076992,26.76078652955697,62.66457820413932,25.322998626783008,26.185053195133023,27.26895286357648,26.687396407777022,31.753575742891,47.45831464052065,46.93577615918977,48.11359558899626,45.941876146211655,25.366614791727358,24.48550632354336,24.736577458932484,35.72042677473953,28.1564674446591,44.077799740008444,33.90701822931858,28.870318334790063,32.95538876722082,30.46408439506413,24.021918241957973,34.923236308359726,30.30099043129586,21.410580154721387,17.76185981274443,18.007410199882287,33.34311717671954,25.2616921736338,23.685597030542755,21.045956477687103,28.835434828751,15.407276188925676,19.122892091526356,22.62604642638722,32.234894925597,44.19974683262633,33.23646880812569,44.110437437874126,34.63147575886616,66.05136227677566,41.05841829572535,56.82463913576002,54.14019999993222,52.25898226753533,38.237269493016825,16.63293529898235,13.484679039632104,10.204391228416034,39.714751069984295,10.564585231726811,16.472378155890006,12.88413230049861,2.0197267188966608,38.8802821625582,27.395023348059816,11.214850016151724,19.638019461407627,7.403105492654305,16.587566021877528,29.495674133877127,29.406802069866544,37.76028837039206,39.42612956008226,50.28247239049835,41.78571724978333,59.98974073934722,60.8232707768831,51.47173111547099,52.81798649256083,60.68438235546267,61.76405633982862,63.130933873726086,85.45358307830159,64.2468169844829,60.51197490374259,75.70090498294289,74.63869550793466,75.22787005323659,72.51687963607301,70.41505476642075,68.27663204612817,24.042833548930247
1995-05-01,58.43332838563189,14.2031231489936,74.79592273303804,73.46568248098481,50.93537162170803,55.38211486034882,149.77980925916182,65.63702985266738,2.454687663842592,45.62166381502957,22.307174531047764,13.4567710957787,33.932349880627854,1.6656973080966089,1.5626934011952385,13.669044662741916,0.1813503631297505,22.46009887113509,0.3333862795597228,3.165331390076328,9.606330444364064,22.532836008939807,8.58506338327433,0.0984296342157204,0.6265462906678182,3.4490101324607667,1.993596451169846,9.52675746736012,0.0389381325025164,0.0386521227385818,0.0183115048523657,0.1275093066665226,25.258985663954057,0.002377515547571,0.0041957030723392,0.0045748232592056,0.0040226836663853,0.0242155293805187,0.0118363788355777,0.0288499279992581,0.0071564013857128,0.0246019760475847,0.0122882371421128,0.0109533231077475,0.0067340375652558,0.0014890742513972,0.004225217739272,0.0164744618610386,0.0141760196811872,0.0026418456564909,0.0077169132222174,0.026075498697885,0.0247048309073782,0.0129728609943831,0.0065925859657495,0.0109157589753188,0.018291410011421,0.0145998488385797,0.143268853972777,0.9820587438947804,0.0142207112882426,1.0960230357881764,0.0015262040603464,0.022424121426303,0.0011790751554595,0.0201397511916347,0.0111735314221921,0.0001210548701527,0.0001183056497425,6.290878485458914e-05,0.0031357675055374,1.141644990116663e-05,0.0,0.0,0.0,0.0019364022902148,0.0,0.0,0.0,0.0,3.8585362427218605e-05,2.145652302886396e-05,0.0,1.2209884011346216e-05,0.0,9.410813946568616e-06,0.0150581735175268,0.0140214493540856,0.0235751483207352,0.0144010465295395,0.0083788474285015,0.0129580402187204,0.0090579287234957,0.008220691181917,0.0188626335767274,0.0199270668688366,0.0165133326609814,0.0147642618551143,0.0133498387981436,7.433743390931012e-07,0.0114960373117898,2.7701274599256024e-05,0.0377348679274083,0.0347691186425463,0.0237894711125507,0.0091297483448832,0.0077804948552264,0.0066062204454459,0.0
1995-06-01,1.552165326356992,0.0205871453761452,21.006385739887666,37.98882601949212,13.716531874084689,25.904829334460835,111.61079124456714,40.148650421311466,3.546345107283016e-06,17.521359031423188,8.147157767610885,4.555256640926092,24.515013107681344,1.2800721492007177e-06,7.605136844059251e-07,9.243196781091315,0.0,9.935879458954838,1.6277920700622205e-05,1.673344622988026e-05,5.587935447692871e-05,1.9472280108898017e-05,3.319749520799545e-05,3.932703624624247e-05,5.3039561304538e-05,4.39656026335481e-05,5.049067565176896e-05,4.395814114303871e-05,5.587935447692871e-05,5.587935447692871e-05,5.415735030660223e-05,5.3573794681773454e-05,9.307425156084536,5.587935447692871e-05,5.587935447692871e-05,5.587935447692871e-05,5.587935447692871e-05,5.587935447692871e-05,5.47734757323519e-05,5.477653347797836e-05,5.587935447692871e-05,5.501247140197703e-05,5.587935447692871e-05,5.587935447692871e-05,5.587935447692871e-05,5.587935447692871e-05,5.587935447692871e-05,5.587935447692871e-05,5.5489007135382485e-05,5.587935447692871e-05,5.587935447692871e-05,5.177505906485605e-05,5.204334480977388e-05,5.546593400149112e-05,5.587935447692871e-05,5.587935447692871e-05,5.578803927535732e-05,5.456098556448193e-05,4.4839322334265184e-05,4.75180489247379e-05,5.587935447692871e-05,5.636385997084216e-05,5.587935447692871e-05,5.613671599491895e-05,5.587935447692871e-05,5.6099042300197686e-05,5.587935447692871e-05,5.587935447692871e-05,5.587935447692871e-05,5.587935447692871e-05,5.567835249190587e-05,5.587935447692871e-05,5.587935447692871e-05,5.587935447692871e-05,5.4882839719778176e-05,5.567788190279182e-05,5.587935447692871e-05,5.587935447692871e-05,5.587935447692871e-05,5.587935447692871e-05,5.587935447692871e-05,5.587935447692871e-05,5.587935447692871e-05,5.587935447692871e-05,5.587935447692871e-05,5.587935447692871e-05,5.587935447692871e-05,5.587935447692871e-05,5.587935447692871e-05,5.587935447692871e-05,5.587935447692871e-05,5.587935447692871e-05,5.587935447692871e-05,5.587935447692871e-05,5.587935447692871e-05,5.587935447692871e-05,5.587935447692871e-05,5.587935447692871e-05,5.587935447692871e-05,5.587935447692871e-05,5.587935447692871e-05,5.587935447692871e-05,5.587935447692871e-05,5.587935447692871e-05,5.587935447692871e-05,5.587935447692871e-05,5.587935447692871e-05,5.587935447692871e-05,5.587935447692871e-05
1995-07-01,0.0061502692812146,6.124914900342872e-05,0.0203134409928841,0.0179308710776374,0.0132710257856303,0.1161172019243469,0.6100708754140524,0.2249249182129997,9.912596818180005e-06,0.1777729432063139,0.0826692023521696,0.0462240657133628,0.48586408416921,1.6792384284929322e-05,5.335566935527528e-06,0.1831954435708218,0.0,0.0517601062708008,1.226202118271421e-05,2.604169824267072e-05,5.587935447692871e-05,3.6165814047975353e-05,3.219760496854268e-05,2.359416705321801e-05,4.1922196949881496e-05,2.5116422762933237e-05,3.599195253455998e-05,4.051233116432586e-05,5.587935447692871e-05,5.587935447692871e-05,5.55868487429547e-05,5.550334244415002e-05,0.0017689255403847,5.587935447692871e-05,5.587935447692871e-05,5.587935447692871e-05,5.587935447692871e-05,5.587935447692871e-05,5.587935447692871e-05,5.536281068046893e-05,5.587935447692871e-05,5.547332024739511e-05,5.587935447692871e-05,5.587935447692871e-05,5.587935447692871e-05,5.587935447692871e-05,5.587935447692871e-05,5.587935447692871e-05,5.569652199737656e-05,5.587935447692871e-05,5.587935447692871e-05,5.374573665253982e-05,5.388520498751939e-05,5.5725630256972153e-05,5.587935447692871e-05,5.587935447692871e-05,5.587935447692871e-05,5.54330962827069e-05,2.6117279425102567e-05,2.2765210600116806e-05,5.587935447692871e-05,5.5399431093937406e-05,5.587935447692871e-05,5.751665105611957e-05,5.587935447692871e-05,5.7451707334287485e-05,5.587935447692871e-05,5.587935447692871e-05,5.587935447692871e-05,5.587935447692871e-05,5.587935447692871e-05,5.587935447692871e-05,5.587935447692871e-05,5.587935447692871e-05,5.587935447692871e-05,5.587935447692871e-05,5.587935447692871e-05,5.587935447692871e-05,5.587935447692871e-05,5.587935447692871e-05,5.587935447692871e-05,5.587935447692871e-05,5.587935447692871e-05,5.587935447692871e-05,5.587935447692871e-05,5.587935447692871e-05,5.587935447692871e-05,5.587935447692871e-05,5.587935447692871e-05,5.587935447692871e-05,5.587935447692871e-05,5.587935447692871e-05,5.587935447692871e-05,5.587935447692871e-05,5.587935447692871e-05,5.587935447692871e-05,5.587935447692871e-05,5.587935447692871e-05,5.587935447692871e-05,5.587935447692871e-05,5.587935447692871e-05,5.587935447692871e-05,5.587935447692871e-05,5.587935447692871e-05,5.587935447692871e-05,5.587935447692871e-05,5.587935447692871e-05,5.587935447692871e-05,5.587935447692871e-05
1995-08-01,0.149125190649361,0.0022313389527772,0.1666766409826839,0.1802317230419035,0.1090639488743741,0.740399190092756,4.237539837490337,1.411400872432762,0.0,0.8331161682034524,0.3873859594038238,0.2165960669723336,2.477158765646006,0.0,0.0,0.9339939259547664,0.0,0.3081610404520366,1.9293682201543558e-07,3.4166618992143305e-06,0.0,1.727990953210511e-05,9.122905766121105e-06,0.0,0.0,8.027433169674876e-06,5.705930007998293e-06,1.1095581402884146e-05,0.0,0.0,5.869275307696606e-05,5.159280433951533e-05,0.0311625418243078,8.435187138615645e-05,7.334196219465234e-05,7.156912798411586e-05,7.535214791076734e-05,3.616529097445964e-05,2.118079145852164e-05,2.4161820463858797e-05,2.451930098391476e-05,2.645783319794047e-05,5.041455412259077e-05,9.043536403424114e-05,0.000104413291124,0.0001061426008572,0.0001062519933828,0.0001097905263349,5.302631395521455e-05,2.716020027901449e-05,9.139060444377642e-05,9.846338016692776e-05,9.728373599072168e-05,5.507652098063056e-05,4.653004111445034e-05,1.3038926227821456e-06,9.731645737211646e-06,5.971278184119146e-05,0.0,3.0674497830466502e-06,1.564166748630563e-05,4.1087872940434674e-05,9.343930009737936e-05,0.0001039055836724,9.473951550510064e-05,0.0001026873797904,1.4085472609415424e-05,6.817942065481283e-05,3.848173821312965e-05,3.0459533558779164e-05,4.4664981298364416e-05,1.6768928388291756e-05,1.4762975785576749e-05,2.4097927992900426e-05,1.27271018713939e-05,3.49033065311474e-05,1.2709063542032936e-07,2.723436835312201e-05,1.6824174526897512e-05,5.442154619317833e-07,2.444567127711514e-05,1.940181293425528e-05,1.0021578595208538e-05,1.3971633819503625e-05,4.759838642662676e-06,1.1511287637101854e-05,2.804274888717176e-05,2.7210234496918864e-05,3.031061256254603e-05,2.949896560107588e-05,4.517163918779154e-05,3.127705681683206e-05,5.572568822106284e-05,4.199856984173478e-05,4.0403970839357005e-05,4.572180966884968e-05,5.228573142033402e-05,5.75501420300334e-05,6.038812839746144e-05,6.451323447860664e-05,6.349600604010937e-05,8.777643281801184e-05,7.980478625711502e-05,9.966627440589504e-05,9.554535382944188e-05,0.0001014616811038,9.67190922286385e-05,9.365827640691267e-05,4.832364279230989e-05
1995-09-01,4.412659700687317,1.2956265068687132,2.857946392686689,2.6883294896203345,2.0651231050628702,3.1769170076198847,9.14932459316525,4.538494138297279,0.048394767058848,3.889372682757142,2.005522711893882,1.3500139073164954,1.6741582768397356,0.0207970098677352,0.041432426485874,0.7220344693145695,0.7455243718715246,1.5428778552277025,0.1845137996168699,0.3240492044721305,0.6226280068818626,0.3590004598395596,0.5505345488806015,0.136944169150365,0.2259872705842681,0.6344076170764859,0.61426370007645,0.8625523301951072,0.7948358292456138,0.8118749338555974,0.5115487856598694,0.5364305645100031,1.668060785046092,0.0530842579527485,0.0941897628605282,0.0988113909434814,0.0881232593315856,2.0342698686068683,2.2954098369193146,1.332096974454715,0.6738186947578244,1.1662875635976275,0.2166873171399807,0.2481109801861111,0.5969770646735241,0.1249181318912991,0.3688495211472624,0.7553288094247387,0.6056030792969604,0.6688956464718935,0.5464694544439579,0.2603511712376564,0.2724960461429236,0.6108550004503497,0.782064867316046,1.4520005438078292,1.8323202210266267,0.553856084984545,0.1621407907826056,0.2881735883133772,1.6374825021515351,0.9840875946322688,0.1666381184619627,0.267578335293429,0.0622565383040891,0.249163417380778,0.1133901664436337,0.1066401578471884,5.587935447692871e-05,7.010311768889233e-05,0.0799443793280108,4.584253606969463e-05,4.5478889768245614e-05,3.688185923979286e-05,3.7179535088913626e-05,0.0493569891816666,6.455182790691203e-05,3.684539024203386e-05,9.953389408470244e-05,2.7828483749563097e-05,5.090895744151837e-05,4.5508151573328906e-05,3.108393047615591e-05,3.855078388149937e-05,2.3140096918400943e-05,3.454341751838772e-05,2.612741379639985,2.45065528969813,2.184194818795154,1.4048313788724762,0.1208512798433355,1.1571195437623307,0.1536907288751426,0.1018822113349308,0.6976307793804091,0.6463060098134931,0.4822918345363994,0.4245441096330336,0.3830793397331368,9.010619481460409e-06,0.3298773083963776,2.7511247116343835e-05,0.2971062855055479,0.2213407454934341,0.2246560397328139,0.1279022594994454,0.1087438491693272,0.0920417411140237,4.457538194393208e-05
1995-10-01,10.837669980660918,2.2006824653029526,9.435992318878483,12.335739334796369,6.414912504557807,6.528084853164534,14.383526878550397,7.358481006895131,0.1213888294286817,4.253114021347012,2.015231395101262,1.144255272222677,2.074226408055277,0.1299926887872725,0.0682947027375988,0.8765544309199635,0.0030759218301707,2.539017227742579,0.0902651059634541,1.976141304514226,3.2845076188523525,7.141756958623826,3.062503690639144,0.716691374580107,1.5497513397962133,4.189064385650901,1.6479216225897315,7.843896304803634,2.5173270750031405,3.635337952753342,1.3591386588372687,1.4226608662837208,9.486421870562166,12.830230156413878,7.004978752550528,7.521200041891608,6.55721335961284,0.0537777484342467,0.0417882590103184,0.240037986265138,0.0723683524965587,0.2177330747953377,0.1897019739269759,0.0981220781324444,3.4280265907597665,1.919504762352198,2.5358282771275054,1.537582485820458,2.1875789366890044,0.1426435795299497,0.1820696126908399,0.5960778901309287,0.560222406908912,1.914557801617468,0.2227851122940656,0.6906581915615816,1.5749435262393237,1.4811999878652256,0.8944184641944524,1.736404389937488,0.0413771506452349,0.9057167634012232,19.259847320754545,14.501295678851529,18.91447804720794,14.981855518459929,21.568210543793832,18.987125677920517,37.37737319196453,33.439998642514695,22.595483320099543,14.574477404161785,3.671958203045469,2.354284315951036,1.4783270569908653,15.93196531087642,0.3137259883779641,0.7263566880400377,0.4748733159229981,1.2455910647731656,11.568555970265823,6.969790875071888,1.1651978905932605,4.3832532460602165,0.5278241623058729,3.5438858810701346,0.0412625771017979,0.0421833832106445,0.0524941541461414,0.1691860071052721,0.437491491669559,0.2851438793687839,1.689162638349874,2.600743920967377,2.6658731048957858,3.347000512712888,5.056247580881052,6.145148344304546,7.415630365936138,23.15776852914333,10.269835140774386,29.505142017901463,20.95957058256088,20.40321372792334,22.64809569667147,26.97869798501368,27.847724277449203,27.763356760534894,2.8001075143582423
1995-11-01,20.64073789945209,16.705618362398855,28.653465495934043,31.79919107085017,24.784817798052,17.9609023173802,3.192105647010105,11.524547494019512,10.303611082694854,9.60206276773054,11.365705955168927,13.894698223683502,5.866037969391479,10.50954643060857,11.599296350081582,8.742571900127464,15.89481417257552,16.547021812218286,16.770076261732186,10.114881387377515,4.305852696162304,4.754973580559783,9.0528612586024,17.268826157294473,22.99195900576137,7.487299236787444,12.003607011851724,6.747100878048898,1.1813055509066477,0.8412816280023659,8.674489576332236,7.7562013061363055,31.336709980478567,10.742070942203515,10.885452077439538,10.781500795209675,10.991832633275394,20.585859453366897,19.143720110835357,9.909943867530895,16.790895828884118,11.21781829557317,15.434594994916212,14.57053791746164,7.89863721535704,11.823580095939636,9.794721734323812,7.753481113066846,11.539647859053591,12.561819225848868,8.667861496911492,4.703015962534396,4.953060002991384,11.319518936230908,10.069098498435686,5.47232707215446,3.195914227380072,9.462043758642674,18.758104642543223,13.395618576428076,21.86991675038181,4.123816693503485,10.17033536403369,6.060390951909597,10.402747444180584,6.519229259016696,13.41389028709736,11.050941648700462,30.00053773355966,28.17399853239561,15.423185415810838,28.64771315975093,17.543148151492243,12.85526886366544,11.315477776414545,16.342969101786615,7.542490656400696,8.831935329036776,7.720442015240526,11.301188193810026,22.59112245876093,16.426183198932215,8.782455197950902,13.206046242684348,8.261041101218346,12.265860022867706,21.564623143250284,21.047358339166227,19.8177131941539,18.246826508015925,12.398003249598338,16.999002088790462,11.983886994712506,11.39958749651936,14.37809985544992,14.115376681133776,13.71527815759688,13.4603015144805,13.751107681168644,19.6817840053526,14.73066645925116,22.565530325455228,13.3394221034282,13.48542846198518,13.759660196824262,16.27794165861652,17.675793533953446,18.536814638575787,11.41420337071842
1995-12-01,0.395120380729173,0.5094681039578084,1.3394187044010175,1.8013487847544667,1.4300942525668277,0.7630955061942813,3.897056306425202e-05,0.0322100461812945,0.0,0.041793124242565,0.0196323912254002,0.0149307087252203,0.0007662413172933,0.0,0.0,0.0002889052692548,0.8744520408537868,0.4991829430198146,0.1868333219692597,0.0262025511569204,0.0,0.0,0.0975711316080359,0.8101667980666042,0.7392601863696554,0.0,0.2381545837643835,0.0,0.0,0.0,0.0753509477868733,0.0650252333424657,1.3404513950488364,0.2144867014665164,0.2091791518420278,0.2058151487218776,0.2051573250063497,0.6279222303858819,0.4086688361431586,0.1177176292619016,0.1124000745116588,0.1350848170655346,0.1568299365399574,0.0182668171902865,0.0123414409110238,0.1073932574752904,0.0446857009382074,6.872932621651795e-05,0.1435898987118216,0.0006330332660844,0.0002842402649089,0.0,0.0,0.1208929876522139,0.0,0.0,0.0,0.0844177633614713,0.8092437667426666,0.3067274688395278,0.7431149295660093,2.594094789356189e-05,0.3446569825998027,0.1797398904980813,0.6267390510797795,0.2448913346398594,0.3852278963065706,0.4844097192051368,4.518133952162969,3.65807537909736,1.0886152703545784,4.14296183756376,4.200494226481356,4.12650348766653,4.291473612119039,2.257347807095279,5.525818158811638,3.957876003726045,3.984272175080116,9.927155681587012,5.441716932727172,5.500963454498344,5.214570975437059,5.668520765100522,6.788959561084635,6.050869036748242,0.5765269476365333,0.5041895541315227,0.6705095337116639,0.4273379761391173,0.2385525522241554,0.3817128271499421,0.1304980569653034,0.1681460813324528,0.3600112752468412,0.3923298860207741,0.6681741027853506,0.8730201000499492,1.1660675989012204,3.369984252274715,1.6156786528279494,5.355093747472141,0.4738192079983489,0.8336746920202354,0.957793985391772,2.2175915421445835,2.657130269107854,3.0995035852390864,6.240151300985403
1996-01-01,0.8591711142442874,3.5275237791565024,3.584766007700524,5.165735988131811,5.600776121537908,4.439350183228519,0.0712270815060756,2.3744701692927523,2.772593390023818,1.5971003486666002,2.0387787296956046,1.747544685637054,2.352370664182948,3.592565594634255,1.8635737799732328,1.8984400589708563,3.6846119643886976,3.366141238649808,2.9267816443565677,1.2262281520190708,1.7417397253509874,1.1704301492415978,1.6692610853834573,8.928966919321306,7.676861398215849,0.2474947640221674,2.742255770761615,1.0762641191708415,0.0389116874712505,0.1689679097191373,1.280267630212835,1.1810017895231757,6.3551920671746025,2.291075077354862,2.471786776610646,2.5141223079223693,2.4693099478971687,3.768205695041976,2.373855874152932,0.8392842299881412,1.4373107090465254,1.0726010381017457,2.664162328839552,2.904916753781852,0.6836775505938008,1.1982074195996268,0.861527807972758,0.8936192601455182,1.768585992873134,1.5299617091313094,1.2133784828518304,0.3343133417349561,0.4036915788842214,1.7117638407906817,1.7401137511850988,0.5732713254229619,1.1389474535267878,1.4039094602005704,8.83607209041065,3.930146901725033,3.91536323280378,0.6031226622135349,0.8303815614185941,0.9793217153416288,1.8730131272611257,1.1342256376206636,5.32775219636289,0.514856757049361,8.222910195284,7.016222955926802,3.234732877306113,5.8476354895831815,5.445871816387163,9.497195633695224,10.601231066037784,4.9057179327742455,16.315292302570153,19.0316543041067,18.19056349120162,10.466165917990269,8.699026154849655,10.381380211819772,13.534854898951783,11.721475301850958,14.122171288521502,12.09906917317133,3.4424333354162493,3.220041085605063,2.8661735946007143,2.981053838206164,3.67419685444652,3.2829908304649504,5.070819651827534,6.591126284700842,4.750215027966607,4.951889740068717,5.768699358505797,5.969773833199373,6.005035994933147,5.892304816184367,5.958895114225136,5.111259814978272,4.314547982327464,5.80365963512311,6.115717463264231,7.097981978041727,7.131030959348792,6.91259399476791,10.043191819633453
1996-02-01,16.224924631478686,28.32623287132701,18.09668395641679,20.179824917735868,21.548088723036184,21.551550227705903,1.7378050442684705,19.76544661830814,8.627958056397155,12.561866474796629,11.549300437491134,18.62253567788218,4.909987727124321,8.091397295239567,6.900893077539905,5.518362898331965,41.81288838307536,24.367662510967797,17.51888171934813,6.151467224402677,9.333378299899982,2.5311360657073854,10.874897270224976,33.76489743945858,37.37428345353091,8.234731349647861,20.298642545032926,10.863351065167487,2.421006148026399,2.047134076790597,15.544141953558928,13.93165607366541,28.69827235507956,38.6875430343574,35.73667462520957,35.99800796330738,35.68688280671643,39.703243689670686,26.949287878773845,12.230587842441803,17.965974126824683,14.691284477911296,30.26843416273705,28.749141559676907,9.311920182114916,24.64494621313333,15.994693912215755,8.434877132760473,23.864142462195858,15.524226943283418,12.173773563233391,2.919418132980093,3.617166714419114,22.25688660055692,12.132532029468273,4.707544237211612,4.579110364491278,17.239468688041118,34.26314319274918,21.05702517438269,40.87314603564178,8.624433434154668,18.167015815627845,6.4456059709914175,23.72777405014502,8.333830716774358,49.904274886524966,30.48783325538397,41.90754172616202,47.8182589460978,41.61581131087937,49.129911907367806,44.192336125109065,38.99112389382266,42.694419885021446,42.6386981953904,33.239614339998774,39.910293383857805,34.9991110171745,35.3224582587249,37.00111893783286,31.43337794263197,28.14699250356753,29.223436124167343,30.37040013678981,29.4822148759041,32.56680362626688,30.711021654281257,29.13321837484409,33.23740720427912,40.22169709959,34.71399265527397,42.69743866994211,40.06003919489025,35.59965214195406,35.589332929211785,34.24238591677646,34.27039383752813,34.31551144787783,33.63319983437377,33.86903926329539,28.291354361625253,42.30938303341244,39.21097886301082,39.846582992036105,37.11431041603343,36.26843519557848,35.00960635772191,21.77267551937513
1996-03-01,30.68568292738204,21.241899895375735,21.32817596515391,20.022473549955656,19.7030748782268,18.608700036127345,6.795051036823005,18.35034370924039,48.32135642522243,35.20231229096975,45.55684100116662,41.22914552872591,32.72478632603487,43.23608671106671,46.96948212308195,40.31878914726134,20.766009873314037,28.039600711164063,47.69682064464166,43.72112627338204,36.01735551038976,38.98732440736693,41.05653453126351,5.666558577402649,11.723269486053386,45.89735536205193,41.21734037124834,47.74049633023812,31.211906929459985,33.06748060402675,30.64852381535691,31.06080165736513,22.64717449586987,38.74311161911174,33.96451383724472,33.10857183728737,34.30554648217017,32.67656128504549,42.69911179219668,35.80100198154633,40.74064818097792,36.53330808748797,38.71804369254674,44.12360433831908,23.22926104058194,44.58881303973101,33.37871315807745,23.322525310617586,36.33214734562537,37.24804347989805,29.69391082455444,17.483595769153716,18.28390106960367,35.73731006906748,33.430441515573314,29.943620756542597,30.562365004948404,31.807208779581245,5.53940353899097,35.01357444376604,31.416749804689783,41.27999868836409,36.71686257544736,22.24281392829189,46.839681147327,25.23602666598704,23.95778193310413,49.07125811791768,18.21905309898572,18.33331786453835,32.46172206345163,19.30015586022777,20.320324428273608,18.83194915257316,19.37715434882524,27.63687243652345,13.277247746172758,19.374766666788915,15.982770192209788,8.27980323021327,18.01635188824591,16.870437373406805,15.477846266129378,15.824318050736842,12.14597130879284,14.879022286946505,41.42600612136495,41.60233510854693,44.37300799738978,39.97504129023032,26.734366190708805,36.94565450155627,23.01704654078394,22.06049732936194,31.62787582792449,30.813022593350755,28.424369310046643,27.356406669375964,26.6090009257014,20.60701263503828,25.62499686711197,17.134595306159763,26.34727256377692,24.361276093570016,22.9905512157113,20.4055005652318,19.74886072941334,19.084523123192454,15.62266499901498
1996-04-01,73.93586669909867,26.961918591155644,61.20394771450658,54.557229776386016,46.624094640346186,36.23991751187565,36.4743687683672,29.24339310140566,42.62850056414317,35.83942220774871,32.83998114548721,24.067431889116683,42.69058550309244,44.68108267142348,34.039970395882655,34.63285889794687,13.349519082967396,24.759828485942275,25.700309727807067,57.66464740842556,89.93721414489376,72.24128071571286,65.66802179460512,34.69709109800871,46.42216311503978,75.4431687292322,60.09133452680893,76.71064411481417,139.88514915129315,144.6584775134761,83.32872421864539,90.33193691360523,50.51425753824127,17.960230300460676,24.466943428440057,25.56493245058191,23.70431558976244,48.01030482852365,56.2425694877585,94.77022505046531,62.350398430979766,84.88530105027547,29.728188399552693,22.439672437786555,92.29348982072572,27.21801899583483,62.72556324156031,101.94418574898228,53.97788265467465,71.47624010439867,85.07736676110368,118.59220867078582,116.24609258752368,57.80397487425625,91.1116886152856,124.89585212999596,133.34466334302817,75.51761044047386,36.85081397338421,49.374755675183,49.64239143680268,96.1556390957184,48.15602019075301,105.40943253050467,31.366513647337985,96.92809432536778,21.797386547055893,19.812949615233936,13.57214610637942,14.451369622226643,20.706846117553276,14.457305895833262,9.337593273734424,7.411857115728524,8.008443392745113,16.555658604948242,4.277733141665619,8.938360685132118,5.984843340837721,1.6340946833144174,12.925150591852306,8.974893183335709,4.591722048076149,6.732134401003384,3.228567484220978,5.860431969172884,46.04007280687237,48.60985311230835,45.74257183165889,40.42115510276573,21.747989681305413,36.85637024605897,27.452732887849432,24.93036361914656,30.25446630661988,29.05318112950828,25.688238903098984,23.90392547665047,22.33845219915647,7.030761487317602,20.118207876382463,6.756904516787055,22.231436979672274,18.403908158939437,17.876246318708475,14.04639096478996,13.283074760632768,12.515988070576247,7.576917538596036
1996-05-01,63.3968225420252,27.58358746745867,77.97478598602764,79.39249001474502,56.44489970587482,54.04961650593014,113.68151512872832,57.37288309619558,14.807993553780436,47.62108392949828,31.550283545408377,21.285526827663567,31.385750200384376,11.728390809986726,7.528863878939786,16.551642367761826,3.546175467160148,25.624151977226703,0.6553436690307843,3.0994638637310463,0.8463710205915168,8.608228192521386,3.2635651629700377,0.1510732436362815,0.2984049252695189,0.3835193409882718,0.4820963201290704,0.1882523537410604,0.3088516504327517,0.4763499952053656,1.590903623819145,1.4509164863441475,31.79172482468529,0.0141026018781589,0.0190452681094604,0.0203537891914802,0.0183790847094439,3.0156797520383085,1.014838695580994,0.4121464513654375,0.0244764369559433,0.3309438769291738,0.0340390614522805,0.0250302754610037,0.1449270640182117,0.0067088269196714,0.0777327201488779,0.2182907803945687,0.1632965574569843,0.0320018025981104,0.0592889200573919,6.841817960663404,6.397678079902906,0.1499626861621241,0.0769906268201903,0.0869768681119637,0.2125373051966927,1.211480220485916,0.1834876140821692,0.2937198761865459,1.9015725511208148,1.1362584099053843,0.0079740520122004,4.179985162984279,0.0104880618304761,3.6699349140233233,0.0363255318599698,0.003194316295356,0.0064940973415709,0.0054685291329005,0.0105604648788231,0.0030158122767899,0.0008774319435893,0.0005209434425008,0.0001915117747148,0.0068865228961097,7.377466331477824e-05,0.0002641217203718,0.0001326607623325,5.587935447692871e-05,0.0029894079602741,0.0018518055136493,0.0002894944163221,0.0011424355304969,5.8109899227806063e-05,0.0008936945908654,0.8073224286746912,0.7076277070963484,0.3124934006356042,0.3572232404301901,0.0738587767579867,0.3056235355256525,0.2999578886162403,0.2719835314549964,0.2557224949674344,0.2436204630487102,0.3048786543779169,0.2689558238117516,0.2432152237032055,1.081746924466432e-05,0.2097258082801503,0.0164599214225144,0.0961488468633861,0.1027933807420523,0.0847501918610649,0.0441168061699954,0.0397373300163585,0.0373737125296425,0.000535491317155
1996-06-01,6.048646317066362,0.0633548706223544,41.89960883659826,50.59717725807863,27.361641891577317,48.75466086910714,204.83634774628592,74.12058847920704,0.0,38.009002363910014,17.68002911329716,9.9091391073534,45.19319725998709,0.0,8.30011704941548e-07,17.0397409589766,0.0,19.073767999422248,3.3364752123858943e-06,3.816679040370089e-06,4.44854908121628e-05,1.290639583740937e-05,1.59725350572179e-05,3.857932654519085e-07,1.7567841043327413e-05,1.6591142744842555e-05,2.668117938307466e-05,2.604736307891441e-05,5.077429989046663e-05,5.040415829576869e-05,5.3061337421897686e-05,5.233471453249446e-05,2.1536282903148534,5.519298350294636e-05,5.471869525112635e-05,5.471406269709917e-05,5.4269400165335145e-05,5.587935447692871e-05,5.4025889688421085e-05,5.112363975104768e-05,5.587935447692871e-05,5.2088914585023966e-05,5.274455474810472e-05,5.587935447692871e-05,5.471856080223931e-05,5.587935447692871e-05,5.5282687934163706e-05,5.587935447692871e-05,5.342196188203654e-05,4.5392906042339965e-05,5.587935447692871e-05,5.786714499704217e-05,5.746413019059373e-05,5.2909010004718175e-05,5.556745240623588e-05,5.587935447692871e-05,4.482843985590434e-05,5.320986064019271e-05,4.18639208135965e-06,9.854749882437496e-06,5.021390631243017e-05,4.572412074572073e-05,5.587935447692871e-05,5.5328160610677694e-05,5.586083585701052e-05,5.527269458209867e-05,5.080570072535307e-05,5.392170738379777e-05,5.587935447692871e-05,5.587935447692871e-05,5.492376970518566e-05,5.587935447692871e-05,5.587935447692871e-05,5.587935447692871e-05,5.587935447692871e-05,5.528955928409444e-05,5.587935447692871e-05,5.587935447692871e-05,5.587935447692871e-05,5.587935447692871e-05,5.587935447692871e-05,5.587935447692871e-05,5.587935447692871e-05,5.587935447692871e-05,5.587935447692871e-05,5.587935447692871e-05,5.587935447692871e-05,5.587935447692871e-05,5.243666367522856e-05,5.54504421166927e-05,5.587935447692871e-05,5.553011949514932e-05,5.587935447692871e-05,5.587935447692871e-05,5.5683237438160105e-05,5.569929313548925e-05,5.5748784345686255e-05,5.5764622176615096e-05,5.5775829641078805e-05,5.587935447692871e-05,5.579020817276623e-05,5.587935447692871e-05,5.587935447692871e-05,5.587935447692871e-05,5.587935447692871e-05,5.587935447692871e-05,5.587935447692871e-05,5.587935447692871e-05,5.587935447692871e-05
1996-07-01,0.0001535114665873,0.0,0.0006565251602167,0.0009718222800812,0.0004286196829044,2.3509029567415003,16.216429491509025,4.804000798660737,0.0,1.6765111407792042,0.7795514017239971,0.4358644486619737,5.711112139916423,0.0,0.0,2.15333255370528,0.0,0.9079851025264428,1.861555035311313e-07,2.91918607834688e-06,0.0,9.385372982820098e-06,6.4974294846097405e-06,7.715865309038169e-07,0.0,6.617754423517045e-06,5.6025665341633e-06,1.2325089778237236e-05,0.0,0.0,2.2462149194783944e-05,1.9893789297904285e-05,6.746994067155071e-06,9.61390250621626e-06,1.6294609969920324e-05,1.3225184574001007e-05,1.7867119786807366e-05,0.0,0.0,1.2651818033486129e-08,0.0,9.945083500444061e-09,1.0964720651445972e-08,1.6337058136063436e-06,6.861050852885831e-05,1.08813932127926e-05,4.0998723371951006e-05,6.153457527844356e-05,1.0838209201225748e-05,4.112270391663157e-06,4.812195050039404e-05,6.710820888542706e-05,6.733040941833198e-05,1.3895584631531154e-05,0.0,0.0,5.857776956899286e-06,2.191981531834073e-05,5.146257448829845e-07,4.940805566372545e-06,0.0,4.325370821470474e-05,4.031053845298014e-05,7.452621071079717e-05,6.756368419067276e-05,7.412313286710196e-05,0.0,1.5166965571700276e-05,0.0,0.0,7.082307291695908e-06,0.0,0.0,0.0,0.0,4.371261366166486e-06,0.0,0.0,0.0,0.0,0.0,0.0,0.0,0.0,0.0,0.0,0.0,0.0,0.0,0.0,0.0,0.0,0.0,0.0,0.0,0.0,0.0,0.0,0.0,0.0,0.0,0.0,0.0,0.0,0.0,0.0,0.0,0.0,0.0
1996-08-01,8.589918365285135e-07,0.0,0.0001752465017418,0.0,0.0001144116091177,0.4702293655162448,3.1381733308033777,0.9608730840707366,0.0,0.6641850158486303,0.308835621496822,0.1726768338741918,0.7372419495406154,0.0,0.0,0.2779720189949958,0.0,0.2055415775233662,1.861555035311313e-07,1.4239068717426887e-06,0.0,1.5394198490680064e-05,5.7298898213323565e-06,0.0,0.0,0.0,2.917190866298252e-06,0.0,0.0,0.0,4.159299674185683e-05,3.6973921205334365e-05,0.0,4.83604600540383e-05,3.834661522692169e-05,3.781760079939617e-05,4.148652646851856e-05,0.0,0.0,1.581260934463066e-06,4.348611815737183e-07,1.8845527546269484e-06,1.776848356965329e-05,8.858893300037624e-05,9.81671803307369e-05,6.989795217842508e-05,8.241087797545146e-05,0.000110516285515,2.706480272882987e-05,1.5429573550381408e-05,6.139873912781947e-05,8.449906465539638e-05,8.478633484422331e-05,3.264962797268259e-05,1.2905770780558715e-05,0.0,1.0178505561547924e-05,4.130620087568222e-05,0.0,8.655924947306534e-07,0.0,3.950404552724344e-05,8.927863783314431e-05,8.300278424577497e-05,8.295627406120876e-05,8.235687033730758e-05,0.0,3.7900225575355405e-05,7.831920675571809e-05,3.235587063565647e-05,2.0297362714962583e-05,1.7481909417915096e-06,0.0,0.0,0.0,1.2672702708350576e-05,0.0,0.0,0.0,0.0,5.578567376073192e-06,3.102126087283881e-06,0.0,1.7652720183673885e-06,0.0,1.360590036277346e-06,0.0,0.0,0.0,2.4300480762184228e-08,0.0,7.598187393553832e-08,1.2629860652256975e-05,6.721253754611829e-06,5.55836903722293e-06,9.37645830374093e-06,7.982987659548172e-06,1.4316709810417264e-05,1.77835885620958e-05,1.6079855184567353e-05,1.684736550580542e-05,4.992876791973847e-06,3.525975017436979e-05,8.913621616383173e-05,8.531523509437583e-05,7.766280600685756e-05,7.055329293022908e-05,6.297664850690791e-05,0.0
1996-09-01,14.31669829582299,6.748500706050338,7.049390653499524,4.173609916152689,5.403271872273377,8.91694220695982,23.70625238781548,13.169316591958896,0.2456604661419886,9.15822466110844,4.435961145488862,2.9073480564458007,6.014325038292261,0.3327128109432181,0.6203054933798872,2.604082496364049,1.3572709827288747,3.9640672843818177,0.0321250268466907,0.2909017469578588,0.0004239231027138,0.1876843494258144,0.1738563239860982,0.1670746533075909,0.0004002886936774,0.1693636409303446,0.0565204800813585,0.264414934482611,0.0,0.0,0.0033302558336832,0.0048927576479175,2.175335096368589,4.451042869192333e-05,3.689370405704244e-05,3.671300979995617e-05,3.718156228382657e-05,5.894404861953098e-07,1.475295425773549e-05,0.0012573428477206,1.403155024421755e-05,0.0009915235577296,1.189154942214902e-05,1.900554476068886e-06,4.825423685830864e-05,4.826039530824221e-05,4.771462913319279e-05,5.587935447692871e-05,0.0004646084589294,3.883145565393826e-06,4.9248149536156495e-05,0.0173793612351564,0.0162460490358375,0.0003956111270122,1.1904326109465752e-05,3.2462561894873823e-06,1.031222615166373e-05,0.003043483353574,0.1171096635619265,0.0934510845400463,3.2813125248806046e-06,0.0311078270396012,5.587935447692871e-05,5.410465607278698e-05,5.587935447692871e-05,5.415944605658771e-05,3.1842481652752016e-05,4.475812062333029e-05,5.587935447692871e-05,5.587935447692871e-05,4.55441918528228e-05,5.496698321506277e-05,5.521477072558716e-05,4.96039949183941e-05,4.1785071276182216e-05,4.699899252179229e-05,3.9008583395673096e-05,3.7909705389217e-05,4.208287288741358e-05,4.1690360970436e-05,5.587935447692871e-05,5.256518912281238e-05,4.657406224016323e-05,4.8938231818788095e-05,3.412895949453933e-05,4.568203843542483e-05,2.120773641692992e-05,2.0685948145082123e-05,1.4886764811837528e-05,2.213445913218264e-05,2.240406662448771e-05,2.411544474351122e-05,4.926510419891277e-05,4.617935548778274e-05,3.184567081685371e-05,3.24381187901664e-05,3.730900265030611e-05,3.74333924657834e-05,3.878327192356389e-05,5.11185151854639e-05,4.093077893825382e-05,5.587935447692871e-05,3.824947938974381e-05,4.934992287418986e-05,5.048356619845442e-05,5.340535624051131e-05,5.377611588276585e-05,5.409928340150357e-05,5.587935447692871e-05
1996-10-01,8.281100056825816,6.98783720897188,7.25671419067337,7.500337846573489,7.107336995916221,9.2413805908009,14.117707702581448,11.42174698675663,8.641057115251334,13.959347832990764,11.784244577532164,11.339791938079228,6.725020553843297,6.221868412785335,4.257306207812299,5.25134344605807,18.52026637039446,10.226196231221962,19.441996956232263,12.966495713875986,12.92445033319141,9.618757692342731,17.733234165088597,18.874900834936224,22.713396358736,28.28398278110038,22.19468104485905,34.60701749567944,6.495712942502395,5.398383041293025,3.0565427934550407,3.5473159765999576,8.302408961861662,0.3635971732156163,0.6048736384882695,0.6581938754764617,0.5609615243604972,13.887771608084378,11.794065195147851,8.128538056647349,1.447299161660558,6.538818618305212,0.0246254813619381,0.0054373142595741,7.950307763939424,0.4446362017170703,4.308967040414068,9.01890286664866,3.3611434667352458,0.3542263323642767,2.467958746917734,6.155904500389953,5.756551214908896,3.25743311199434,0.8280569696601597,1.669631651527634,1.6918319404943365,3.313366713771993,19.472347726106097,23.369895426696885,16.218477300992706,16.112980917521305,5.072998866500611,6.464178443738341,1.369913015319126,5.7757389476597965,1.23514015419086,1.172044461434272,0.0254199425381637,0.0319902405868284,0.8769446507420227,0.0120408194136873,0.0282952970055151,0.0285774662129493,7.047579944834104e-05,0.5471952570271787,0.0046704146924032,0.0,0.0003154532694993,0.0,0.0213487307132936,0.0823919400364105,0.2642766921107821,0.3118084313937495,0.2027017454872668,0.2828051753661327,10.464006468160497,9.625072658439075,6.71572675243955,4.8976807226577455,0.0039075822084843,3.991234889915985,0.3642551944850218,0.2173708247360687,2.405121951330484,2.2443201689382906,1.6372019195408425,1.4429504615024198,1.3069272971035104,0.011333607644327,1.1258919161165757,0.0041915629521382,3.1401092191198607,2.371466130401396,2.4000122185320616,1.3605151529783872,1.1594250102665948,0.9814322985596924,0.0068313125209407
1996-11-01,5.719557701611226,4.460455022702847,4.576029216065018,5.492163720484792,4.204788449808843,3.441502966040167,1.328177791324181,2.7217981619542173,2.5951751254301985,3.188990572307445,2.8541185808959177,2.6347681775825773,1.212803525212904,1.89781063302509,1.278615318770607,1.2818013376558242,1.9084527708282983,2.7590572455816877,0.7164346037933137,1.1506719925013522,0.9508982873235364,1.4526082037765118,1.360083350330217,0.8252870744277306,1.6558228209789594,1.6779866220909294,1.4658304024208573,3.048958056320654,0.4575139450672897,0.4126882240123931,0.5639814496430668,0.5556297491421631,5.314935939318055,0.2605562513527076,0.1377724375534189,0.1479018801553142,0.1317269606288944,1.3504282508985417,1.1345671544846978,0.7481313993864823,0.7728777800451069,0.6835790912113319,0.0905471224101209,0.0712675832802733,0.4647590225306464,0.1270845710864438,0.3081845859249021,0.6613357826263493,0.38534221654584,0.3281854078784841,0.5571001242320728,0.9280994726353244,0.9023168041746016,0.3940371945606204,0.4914219275280173,0.3580660924621017,0.4790716539027867,0.5122997452571968,0.9917931055071642,1.266484836556271,1.0610460652868965,1.0150396364529903,0.9875361719737992,4.061928197571168,4.13914330413167,4.205819106017227,0.5244879857857215,2.8605839939830817,6.06229680950545,6.184842509899173,2.739003824371746,7.479042485708665,7.236478134882327,7.417379736519719,5.989781755121402,4.396567763931143,7.5049325456221,4.41187204571897,6.769935627123527,6.098028967343618,7.632806010742529,7.587704776398265,7.932653842067199,7.518871024868538,7.495620636790538,7.438293793322612,1.6164006357855445,1.5308075429526469,1.4956715181664617,1.2131163778578622,0.0409367673664862,0.9946660729385224,0.1346943938761088,0.0785630358932596,0.5856707885346732,0.5447396445142295,0.4164370961647599,0.3918389244749927,0.4169296196965085,0.5387909939222074,0.653225202279453,4.484792427707891,0.3605058095598927,0.3308997868093786,0.5579093116285964,1.6260681888644375,2.1164003658238952,2.6192269105033783,7.883194401390169
1996-12-01,0.000581313056774,0.0001498513146598,0.6920713638159536,1.003833322914819,0.5190361709392229,0.248943778314567,0.0,0.0035097450192302,0.0,0.0,0.0,0.0,0.0,0.0,0.0,0.0,0.0,0.0967482045001011,0.0,0.0,0.0,0.0,0.0020112593140844,0.0125131455431495,0.0517698968630755,0.0,0.0054640237295699,0.0,0.0,0.0,0.0,0.0,0.3046163060240643,0.0,0.0,0.0,0.0,0.0,0.0,0.0,0.0,0.0,0.0,0.0,0.0,0.0,0.0,0.0,0.0,0.0,0.0,0.0,0.0,0.0,0.0,0.0,0.0,0.0,0.0619001102078543,0.014775379226484,0.0,0.0,0.0,0.0005718596597788,0.0009899377386479,0.0006609951823545,0.0,3.334484383198375e-05,0.0159055621824116,0.2213176439677902,0.0618188642894678,0.6929855834391423,1.4836562625227612,3.479196151761342,3.094610327368542,0.9497560605669564,9.55534003406096,4.042716756786206,8.490581178371134,7.671153362928701,0.3970718448885599,2.7050357542220427,6.360656361218396,4.387826228331655,8.498247751613212,5.223000824097661,0.0,0.0,0.0,9.092942037003416e-05,0.0,7.40378161372307e-05,0.0,0.0,4.157681221894397e-05,3.81730043851645e-05,0.0003964267565277,0.0003483495099218,0.0020630668017723,0.4663260937230442,0.065120040715795,0.1538776642601398,0.0,0.0,0.0,0.0,0.0001216040412307,0.0138066776339682,2.7402892186594348
1997-01-01,5.306252578239119,10.997021455497965,13.532752099226538,16.974745160435774,15.528817523139749,11.530053757183214,0.018153030217523,5.987997380277182,0.2692126571991585,0.1046322842728118,0.5150406427407614,3.079196542463509,0.7245185067411435,1.049739251312687,0.2657836767836746,0.6873283235809782,12.092574772924944,8.941581350652374,5.970295781916275,1.6558452575354818,0.0011642579086266,0.0363584795216559,1.0721332671343564,4.72945616916414,2.361116574426979,0.0099645577041903,1.1976895033690358,0.1220100994566012,0.0,0.0,0.0877340609147758,0.0788340511299038,14.027920792148771,0.0381448906283985,0.1554886195498899,0.1736910243331476,0.144548914827762,0.8941262684172081,0.2350912700785007,0.0687236467963656,0.0016622261638932,0.1543181450407603,0.5527526591731989,0.0397865102424993,0.0,0.0,0.0,0.0,0.1651249691414642,0.0379724506999858,0.0,0.0,0.0,0.1407604423616331,0.0,0.0,0.0,0.0982909095449321,4.207323233155727,2.1331249590881907,1.8057705322761413,0.2213500351132321,0.0263044023477697,0.0532162933055324,1.261295325929822,0.2378230445746626,0.0002165253116939,0.0664424414495364,1.8264130556390796,1.662908613099042,0.3486848733653498,6.0987635069301,13.773340192968114,19.491249590439416,16.442779703146307,5.523822085605793,38.35661009945294,17.81644481867784,33.568141985983885,35.4493418013182,9.00603596596548,18.13982080494514,31.426841422393043,24.682745144081466,38.253984672926514,27.658777171162452,0.2277183768650731,0.2023214880666032,0.1864549614654355,0.5219445805560511,1.7464727192382308,0.8490628636828632,3.078479161684956,2.8720313117467824,1.1873277029279057,1.117234401734346,1.9406768447771756,1.91696496454154,2.187335418212652,11.337381009571436,3.3259639869995614,6.471704991790957,0.0,0.0,0.0,0.0383049853776078,0.2618871186674464,0.909550465270942,18.253169024270232
1997-02-01,9.11579850731351,21.594571640660327,12.20927658360267,14.923285083467489,16.909895713683195,15.35165144320061,0.7376437523967148,12.515723664567185,7.958514488723892,5.68808490264086,7.3006707551828995,10.514642011731658,3.186116728406463,10.047248866465733,5.272132616199536,2.7244892957839784,16.3866686360685,13.48327370268392,2.873315239044988,0.6110560103971105,0.9289890409394912,0.0,0.624737406397806,3.1328290519093698,0.9778766025396304,0.0187273928235719,1.0472979881805653,0.0411716888540668,0.0,0.0,0.2737953638720867,0.2419223377420377,18.512693170391117,1.3481676638180151,0.997489517804898,1.0552418762569653,1.0122559672053884,0.0073759443394238,0.0813359728048921,0.0269158021909401,0.0,0.0360235210782857,0.1209376030555144,0.5207697456248743,0.0108439080849088,0.2384160699748022,0.1011801944639182,0.08652016524512,0.4138593692317841,0.2501911080742924,0.0369557738028386,0.1053107994406591,0.099828084877187,0.3811252531295669,0.533061144685392,0.0016555856031287,0.0560572325906839,0.3055235192375169,3.1552454351213357,1.3451776081478806,0.8958708257372312,0.0643860556667034,0.7987380999481278,1.7127744438328187,5.899954694129003,2.3990606177616334,2.588246397442714,2.7378247420751194,11.197108495068552,13.50116481375083,5.452901565723979,19.25285420434048,29.193683384644075,35.81134017531909,32.559428232612326,14.185774727813032,39.33446018222877,31.867049894683117,41.43483402939762,36.11480547864026,21.536338310518584,29.093790998288835,37.94291240354936,32.1490623914765,36.47112391568177,33.001365945818385,0.0257991327797882,0.0225146611993004,0.0,0.0071293014135721,0.1997621284453739,0.0385648630360906,0.0147859249574845,0.0328817552430479,0.0967544476920233,0.1549737782843452,2.3198753784945283,2.676792225496637,3.956988371491365,40.36289570403504,8.293949905063045,19.8707164339338,0.2751332159703177,0.3087838085665927,0.6894047881212543,2.3191802031909856,3.5023597127750827,5.247780300623407,35.952627663278136
1997-03-01,53.20028832861207,59.54212029923694,44.75697262612603,49.64667183334213,46.28854028138738,43.95846744442837,8.32758526667801,42.67218758291072,62.57153803681658,44.12863789700052,65.42085829899725,75.19150640189866,45.32198547931797,61.29887854563915,81.88730972366396,62.61526091139318,87.22917332553362,66.72443383663105,97.84341440564585,68.20487923605349,34.79726998132067,33.820413396381554,60.62925246110815,100.63466511853736,73.66771342334914,50.90088676925659,72.08200660719852,43.78046008516645,42.92611310133186,38.26307259196564,60.83333851279281,57.72885792417701,70.66347288188756,82.58895484097044,82.30719481983881,82.83273738673479,82.18835924976376,95.47278905789648,85.16616282538332,65.56123201172299,79.26210341697518,69.5560825348457,88.95613234145445,82.37774283424146,43.8806414034846,69.53407214726684,56.03947398547713,42.676008217374935,75.17851664485868,73.17718843835968,55.10431144305344,31.661221462555705,33.289663681266674,72.96832394383692,60.79388430117979,53.17522356983592,46.03590910470095,63.66091473200248,96.89838800289334,76.90396381865929,100.41990262330692,56.94399917328197,60.77877885103732,42.45132241216342,82.63370613659458,47.54627395828007,104.18976237894384,86.61497251407995,127.85738403699486,126.60643644048372,103.85253197531952,111.58930260207708,87.06789932104941,62.99317317300852,78.81332355822474,96.8506529203228,17.12285245103906,86.06663426612147,31.25184306091394,7.60913300890926,91.28892195155444,62.16105780384385,26.768732316741463,44.25645285022455,12.088889666432584,36.59862442758303,90.95092262926704,89.31941301818637,87.71182328139489,92.32800486649036,103.36571473603736,95.37223705118376,109.041444864746,115.95941053238634,102.82526760270127,103.69199002466772,112.5801614180438,115.16406721326774,115.325932952985,73.29702694520078,110.33917393116556,99.1947355826034,89.39905767884245,91.68867382650998,95.64406091395112,114.48936687666593,114.69021470716244,112.71774208093464,39.2708901705324
1997-04-01,60.10698268198404,10.353817840459792,43.423747059853326,37.34165524930732,30.10820156937649,24.109075695020582,26.683334482848107,21.01431487806295,56.47633316203581,54.23810487643832,40.45671562711564,25.51250650100324,41.96078507108038,41.66559279370942,25.11513222932474,33.0351199491958,4.877103386760494,18.18126599103557,20.87202970633079,52.81343594010621,113.15564160595622,97.17371953672432,73.85235153042251,18.456485201333667,67.52732461097865,75.92319838476608,74.70957615983983,86.19861925962789,150.61432676089964,161.96437000174677,109.99940389417266,116.63042052944397,42.16943599271079,116.0388737584462,109.97268731535488,110.13688674593044,108.6134880108124,108.95853802839532,103.48393835739546,112.4820929687736,87.38009006625646,105.71054712679768,73.95624363777164,70.97799347230068,143.185659085695,119.28895598696116,131.92419834277177,135.736936001048,103.33685982657812,85.6847453680546,110.79997813705032,113.84782967036318,113.11322551167028,103.32731446379913,100.782283266311,123.86433972328317,141.73116619383975,106.6288555928525,23.39630681318567,45.76421737268841,97.44169283271675,115.25255773709216,120.06366435784732,124.4363379602687,72.28938776620087,116.94960967755677,104.7025190971211,77.94970195940957,8.06970401318407,7.4445967538458575,65.80704623041989,5.668375371612349,4.562449942148056,5.466809548774251,4.019329392622474,42.59945850969349,11.173827785816732,4.74455731477132,8.065147433008892,18.28066867409577,7.240331433031138,8.639323625145652,9.554501239628744,9.91272004984468,13.130070671036222,10.889651472513895,93.86022514011496,93.30241212987706,94.81931540152516,86.3547311297773,65.33137856151684,81.63850660134673,63.01477761439469,57.18631078172599,76.87063909134449,76.29473084015066,61.87121948964213,57.058372934444144,52.83999354479136,16.719691328527514,47.595961855373886,12.264091209583974,120.78635008679224,105.88212662757915,99.55985827383846,60.1445445989049,52.44383757096113,46.01323594154799,10.192822638027303
1997-05-01,56.44451838938523,24.303307167270493,98.9199133310628,103.98998937901264,67.93194568587577,70.07510680230261,172.6948758358336,79.8512736708686,31.716686421005832,75.57207478837175,49.34746449829783,32.16809008066298,55.9132388290395,23.68767966424101,16.77778970698988,27.91175249056996,2.2425797881975025,33.25765994047811,5.064397419857737,6.626166025933151,1.3974430722600502,7.695687135938941,6.25984413804832,1.7332037174768065,3.718177245082291,6.141739125552994,4.921682984107389,6.8010157120991135,3.532001925167996,3.881952788753901,1.2370590964082524,1.655440999718669,25.57343655873864,0.0042505123371575,0.0729065992522135,0.072820133786612,0.0766076075655294,1.825234812516399,1.4274845557869549,1.4136017294882333,0.1256880618908005,1.1255881898557534,0.009033381955844,0.0189228126111027,1.2402497748770551,0.3045338569714467,0.8208544991532056,1.8695687256806544,0.6140028175363849,0.1406495018381445,1.3592483855453694,2.620672344131411,2.516895774974377,0.6595326627510574,0.3075309275594501,0.5999854484124041,1.0660300573183914,1.0177593604172697,1.6805004139963635,3.898427224937046,2.4838141788560977,5.60792039950061,0.0319148314780103,1.4670548990191163,0.2234007556839271,1.358732177546211,0.0057690466750587,0.0026939576552855,0.0001431738607417,3.8966275865301935e-05,0.016613371765485,0.0005968128009238,0.0041396361842326,0.5643970819764312,0.2717112621159546,0.117852848964259,5.555723433004569,1.6125546076768564,3.172664480022904,7.1597755343892935,0.002158951109561,0.6570158110783164,2.24273152347407,1.7232500359414678,6.298832416034919,2.8460839591853637,1.1221534063611138,1.0398059150039556,0.7397392751982975,0.513087437242802,0.1140745511475184,0.4305375718214378,0.0190239054068094,0.0116810742724592,0.2733834581584591,0.2541865149582946,0.1843292367682448,0.1619798126513771,0.1461570761815957,0.0,0.1258573661268576,0.0,0.0177183804510971,0.0120591042935657,0.0083518874002816,0.0031471498815495,0.0026769652598281,0.0022656432998913,0.0139106481664884
1997-06-01,0.5475793084077515,0.0097799756165278,19.47425626126089,28.886516402790622,12.715066495048122,27.583032225265477,124.65665013662016,44.51222251829259,0.000509027667506,19.717276388440943,9.168261262251065,5.126177865209574,30.439531165798364,0.0002021264237004,1.7876774729436158e-05,11.476990621195322,0.0,10.656707612011,0.0,1.1508470144719514e-06,0.0,2.5030742846972577e-06,1.9108044255052084e-06,0.0,0.0,0.0,9.739702481774398e-07,0.0,0.0,0.0,4.71761350470047e-06,4.2778860620786426e-06,0.3883139745833111,4.397335750430752e-07,2.630363402553698e-07,2.938287701520669e-07,2.4392748764082725e-07,0.0,0.0,4.955623106403425e-07,3.433781294203767e-07,4.209518547842756e-07,0.0,0.0,0.0,0.0,0.0,0.0,4.448534445221832e-07,0.0,0.0,2.1590482572954617e-05,2.0179176095554897e-05,5.296363630073632e-07,0.0,1.040591591133001e-05,0.0,3.908038797312213e-06,0.0,1.7506122618536936e-08,0.0,1.812809875562788e-05,6.508966579410508e-06,4.182866468646458e-06,0.0,3.941529353842242e-06,0.0,7.478888767056545e-07,0.0,0.0,1.7129128474477508e-06,0.0,0.0,0.0,0.0,1.0572246367278756e-06,0.0,0.0,0.0,0.0,0.0,0.0,0.0,0.0,0.0,0.0,0.0,0.0,0.0,0.0,0.0,0.0,8.710102730097469e-06,4.635269722256227e-06,7.749140439714799e-07,7.114734300185475e-07,1.7594124928377036e-06,2.145899172911033e-06,3.363944062837517e-06,3.3626639131766338e-06,3.5170950919448024e-06,1.4140748592293465e-05,0.0,1.9145853590108566e-06,5.137425124095538e-06,4.698705502584024e-06,4.969004575938505e-06,4.461772124456742e-06,0.0
1997-07-01,0.098729920788941,0.0023219221564216,0.0456684228057624,4.955629845615161e-05,0.0300724381212402,0.5675894445278518,3.715043072594802,1.1319042449482335,0.0,0.844195748346708,0.3925377905018112,0.2194765698053406,2.5666094863129585,0.0,0.0,0.9677208847865224,0.0,0.2511901235848644,1.861555035311313e-07,2.6686805525348324e-06,7.43211162101737e-05,7.570207429454473e-06,1.1090855632079786e-05,4.866889389365403e-07,0.0,1.1381404961187893e-05,9.641728199249469e-06,3.2083390327099626e-05,5.801978369362005e-05,7.067596515311049e-05,6.163789174427919e-05,6.0359144365936526e-05,0.0,4.683261385760434e-05,4.2305634738240574e-05,3.995221205846104e-05,4.541043759302821e-05,3.553157770138602e-05,4.155765822031092e-05,4.913159222460131e-05,4.344166808184707e-05,4.8745339157763257e-05,3.816146601643697e-05,6.918168172239426e-05,0.0001017045083759,5.746779396366743e-05,8.299113538247736e-05,8.81207588703037e-05,5.202315581806429e-05,3.6661301539526753e-05,9.035505769428648e-05,9.219303072913544e-05,9.221289940309458e-05,5.465635651631367e-05,8.162139822863373e-05,2.822861383016505e-05,5.29947701761068e-05,6.172972922043896e-05,3.246073482297444e-07,4.676536473038351e-06,2.108275004947329e-05,4.205230356646188e-05,7.015234709395571e-05,8.953571421047505e-05,9.343298928465734e-05,9.035215563090347e-05,4.880134405840777e-06,3.969751272797429e-05,8.083965464665633e-05,4.766177776504365e-05,2.649511342492617e-05,4.3020641965457286e-05,2.2908602886494964e-05,3.7136716795179545e-05,3.2684745309265606e-05,2.862228754831831e-05,1.837103373788336e-05,6.262309402568512e-05,3.192942752198247e-05,3.0141626907036072e-06,9.253505969225864e-05,7.552817297973538e-05,3.84694499011646e-05,5.938913208655775e-05,5.542695613192685e-06,4.725424530856229e-05,4.341512804630932e-05,4.542137044979136e-05,6.69998845284569e-05,3.475108509762728e-05,2.776064683153733e-05,3.213068520774179e-05,4.346388837790825e-05,3.020573993880956e-05,3.2444341884213414e-05,3.488046613181274e-05,2.9707540715233688e-05,3.228488519449158e-05,3.2605245440944875e-05,4.523302815333781e-06,3.324134685620516e-05,5.249541087295243e-05,4.278246792465159e-05,9.26953042619003e-05,9.309908383661664e-05,9.38896157367028e-05,9.298531530294854e-05,9.278776256038446e-05,8.863573922336047e-05
1997-08-01,0.0006785433102993,4.339312254572558e-06,0.0002237722121076,0.0,0.0001465730182843,0.5387519977198716,3.6684298829096087,1.1008787181311337,0.0,1.2983962131809097,0.6037338872128893,0.3375609835459093,1.6199197814084103,0.0,0.0,0.6107780571617478,0.0,0.2745957242098916,0.0,3.9885474773605465e-07,0.0,3.985973140680964e-06,2.9781002094269797e-06,0.0,0.0,0.0,1.944344325046912e-06,0.0,0.0,0.0,3.5827945315485847e-06,3.339984058982893e-06,0.0,4.0515408059538216e-06,1.9856002678380924e-06,2.2180451725645955e-06,1.841351975633762e-06,0.0,0.0,2.3545634995143477e-07,0.0,1.8508273315168169e-07,0.0,0.0,1.7770683850472693e-07,0.0,9.134876694069301e-08,5.801276805765331e-06,6.978450835198157e-07,0.0,0.0,1.415777305144793e-05,1.3232320980353772e-05,9.04849261835365e-07,0.0,0.0,0.0,2.880736472665324e-06,0.0,0.0,0.0,2.7306323416227775e-05,1.8856097966186436e-05,1.2183867608328112e-05,1.7542570924771763e-05,1.3952175584128466e-05,0.0,1.7264377590870017e-06,0.0,0.0,1.1976043025722204e-06,0.0,0.0,0.0,0.0,7.391717422268333e-07,0.0,0.0,0.0,0.0,0.0,0.0,0.0,0.0,0.0,0.0,0.0,0.0,0.0,0.0,0.0,0.0,0.0,0.0,0.0,0.0,0.0,0.0,0.0,0.0,0.0,0.0,0.0,0.0,0.0,0.0,0.0,0.0,0.0
1997-09-01,1.3821945651141097,0.2544466138154877,0.9678963267233176,0.6177172923784245,0.6600984691463816,3.5190903405971468,18.41384075342111,6.576173661697822,9.151108825572551,14.067708410650392,11.024346284202874,6.732727692248842,11.388587893730367,6.615095319481702,6.286150612791792,6.766461895603854,2.963877003251629e-09,3.128585882771336,9.307775176556565e-08,0.0214887650695271,3.865208508675586e-05,0.112796711449292,0.0175335585932235,0.0,0.0,8.457470308182868e-10,1.79334277672918e-06,1.993031301912992e-06,8.100015868694243e-06,2.7875197019317635e-05,3.890640111751546e-05,3.602932782493699e-05,0.1437512337282703,5.164412695744184e-05,4.762052777475731e-05,4.777189903053162e-05,4.775898285046178e-05,0.0,2.7509027569907783e-06,9.842121794817108e-06,2.023895407606313e-05,1.4186594883139744e-05,3.646822870188717e-05,5.587935447692871e-05,5.587935447692871e-05,5.587935447692871e-05,5.587935447692871e-05,5.587935447692871e-05,3.32664228563323e-05,2.6127743249485137e-05,5.587935447692871e-05,5.006493597649245e-05,5.044500744845936e-05,3.497302419035892e-05,4.327947726981612e-05,3.541876095595805e-05,3.1752526683450274e-05,3.806704838577128e-05,0.0,4.2422186813950857e-07,0.0,2.1888997982668792e-05,5.587935447692871e-05,5.531697326610381e-05,5.587935447692871e-05,5.537987001329056e-05,5.587935447692871e-05,5.587935447692871e-05,5.587935447692871e-05,5.587935447692871e-05,5.558595302789132e-05,5.587935447692871e-05,5.587935447692871e-05,5.587935447692871e-05,5.587935447692871e-05,5.5698264562846864e-05,5.587935447692871e-05,5.587935447692871e-05,5.587935447692871e-05,5.587935447692871e-05,5.587935447692871e-05,5.587935447692871e-05,5.587935447692871e-05,5.587935447692871e-05,5.587935447692871e-05,5.587935447692871e-05,5.410910155728925e-06,6.215953991311432e-06,1.3959548401062335e-05,1.325325708855448e-05,3.58716534496799e-05,1.6277271748993385e-05,3.309286565229334e-05,2.292851164269889e-05,2.4655841237780814e-05,2.6988555691667567e-05,3.187993386132816e-05,3.47645872840282e-05,3.682715381783874e-05,5.587935447692871e-05,3.946123515957926e-05,5.587935447692871e-05,5.587935447692871e-05,5.587935447692871e-05,5.587935447692871e-05,5.587935447692871e-05,5.587935447692871e-05,5.587935447692871e-05,5.587935447692871e-05
1997-10-01,9.120424565508694,4.803245112822296,11.443135139480589,11.064080920801183,8.69367001482899,7.615717614217462,11.582052365125598,7.302283003363212,8.536718555200666,8.277041648888433,8.349869893151265,6.9920172069236175,9.957308412813934,8.402938150518846,10.051708372853396,7.688840620617498,3.7174286323178936,6.2228212550062105,6.871601100086743,3.6427557947217215,4.187713251350081,3.278083781158708,4.23713008935872,5.123229606322919,4.13858744940643,4.9295974222150925,5.237296890779949,5.017423633405923,9.47973109040528,9.215744657063032,5.376064726083818,5.609552307819928,7.761439859458338,0.2050472710164932,0.7308890513588495,0.7522900590552746,0.7212799406091879,6.094390149150794,4.9637684519581216,6.478699306993511,4.65942972746976,5.839105146556752,1.9409883580849572,1.4300103455737032,5.86287003984365,1.443050857914234,3.8066875712497,7.7409782101064835,3.379880899103473,3.182274808202082,6.084838052026478,8.546491699176554,8.302759188349121,3.554263723030525,5.88980201647014,7.763496455115648,7.737569797533906,4.731752062770381,4.409669192138301,5.260295991229379,4.606390411090017,7.027066783754977,1.424794423645389,2.7427788715699317,0.4771726015194665,2.4603971223710115,0.3405068546363142,0.2815014592902946,0.2418972783121267,0.1446930083376283,0.3053681551763992,0.074623326436346,0.0423850280392084,0.0476673827618984,0.0316637886750943,0.2056347830710375,0.2694207048581105,0.0676636090710528,0.0827023810322299,4.18935670258072,0.3243542211178056,0.2992177583726279,0.1782353881806427,0.3413527325449196,0.6086339506645428,0.4789237211995775,6.196954778029958,6.066202248883105,7.704138407351076,5.85258523147781,2.1457887394134225,5.182137104247159,4.002184412806111,3.516655570706201,3.8312030251489246,3.607202982462559,3.016910307878378,2.72045458132121,2.500421917567162,1.1210027431812173,2.341467153268673,0.9684938352150828,0.7892107204046491,1.185919732045905,1.134294781333971,0.8514377281651306,0.772032516179561,0.7296809905644814,0.611867548295448
1997-11-01,2.2152087992627454,1.1567386530870871,5.683220143350456,7.146116176015493,4.464697815139703,3.1614359358488984,3.053859026232772,2.128150749594449,1.628972106582259,2.5713065403097386,1.872281927348261,1.4705666591329782,2.941948298591336,1.6082961081705354,2.639585258556869,2.350842745150154,1.844232209038512,2.1512968113806146,2.2816377389466247,2.1857431523308715,5.624316269541507,4.209598821417541,3.3343857710072444,2.849382955098243,3.115349809239087,2.07174632680229,3.6666725238674927,3.9657319785371703,5.687194687433905,6.154204695263353,7.533367267120738,7.518678754792273,5.495245280699082,11.51080559805027,10.557918638119723,10.676237846718818,10.466634573159476,6.913493849774728,6.83318886335856,5.528731419354368,4.454853937948992,5.490566522375183,7.575734168116545,8.629055227880697,6.337828313141826,8.2970178598599,7.120024596677028,8.017984147986267,7.657007887963961,6.1822577649495125,7.776176741714042,7.317767213653481,7.335761573310025,7.608620649155431,6.492053093190941,5.346921956037551,6.985038853942292,7.5669896412432385,2.8356149934689934,2.3718726913829093,6.750949202566757,4.67406734937394,8.719276639921926,8.234149057816962,10.847889954027758,8.607909707598914,17.58809722714318,10.570485789035049,19.199726443349096,19.999019558297316,14.727539829387034,21.68509647768908,20.72997719919724,19.27824511622186,16.277074430117164,16.391719595497605,16.30389198003844,13.137045031834226,13.87965292070101,11.58624559076675,21.02413030979338,21.24901780612449,20.077906467204684,20.644426139248143,17.721774872393485,19.792773184459627,7.462992316178571,7.240982799617513,5.811161548389057,6.407759917479472,8.461251102005706,6.9358442108855805,9.444737341515102,10.440783549700155,8.993292182509771,9.300565782633583,9.4464088946318,9.446510183431684,9.251262712751672,5.658382149748596,8.83690142004041,8.762806216540433,15.81227441982581,14.534994377942192,14.866205716855536,14.647683323493968,14.711001383728483,14.38424726856286,19.877487441323147
1997-12-01,0.7640829574658262,0.716750197852441,1.3306271407415866,1.7167346830617936,1.2320763848013634,0.8984620107653605,0.108029933313938,0.5117854364979086,0.4185083340078817,0.4722972497026811,0.5252980959684386,0.6024999079907253,0.2816850470555841,0.274840945462613,0.4117658472007568,0.3651815145347121,0.8113131850610515,0.8245539889046293,0.7681024703470034,0.6230472246820471,2.3503686706167506,0.6678580213489759,1.218726831011735,1.0077302241078492,1.4178082076177043,0.7766250976361906,1.789729086509453,0.9274845994806286,3.7863803200915007,4.571122183361848,3.5517989567449786,3.65232650988034,2.706199207754511,6.134285230694605,5.101474005763527,5.151357459207113,5.0534297333261575,5.024682892573494,4.364335952145655,3.339844763923834,3.061703774054957,3.4107655081744994,5.129319558845591,5.525802470922771,0.9754986111173748,3.769820231278561,2.261395218220371,1.384804409819158,4.1859480454881295,4.353374165497089,3.099213859567509,1.4576706978335048,1.6186907520039724,4.083416837813586,4.634137570371139,3.846554317626875,4.732536694523296,3.6826811141306672,1.1181319903512847,1.0471510284318375,4.191609290645175,2.7396174667357647,3.598693026855114,2.474305766924995,4.325323587175398,2.6889965211933844,6.669592665179101,5.87900428019709,5.859543362106319,6.8973646919288445,6.448795172958652,7.601736072203626,7.187330972848264,6.852997899586395,5.654141769218496,6.59458583935423,7.762787861932741,5.71371473729849,6.578911465277996,11.349834569677578,6.830971535276449,7.508205379550436,7.830542553153867,7.9524830888995055,8.951922683187004,8.29451817932649,5.259801153840005,5.105757010458127,4.644561310740929,5.397725047257147,6.3168757560768265,5.636503757040581,6.560006757934639,6.064856971978288,5.4383482195457375,5.3009378458781145,4.813444642956153,4.706570917733095,4.68681371285727,4.404781687710588,4.67986653962191,4.578831711599636,3.867657860305745,3.4315008120263206,3.5836403460536568,3.894272437323417,4.082099074216157,4.211633410745745,7.746830889611677
1998-01-01,5.190516892054973,8.604378935290983,4.644793269592874,5.188885309813863,6.457759833993996,5.970792584266647,0.3294413115116467,4.985981351551586,3.853725580993164,2.843768864826445,3.2146627434681108,4.28812954686922,0.8148024754731237,3.5563297617924814,0.8546938687275305,0.4875214199721595,9.610281109883994,5.299845206094323,0.537723607261151,0.0773332056962686,0.0,0.0,0.1720480752086504,1.4785743832323384,0.3566709859800992,0.012152700492223,0.3879595229002296,2.0125774134899045e-05,0.0,0.0,0.503990962265066,0.4349265787137034,6.728390477260397,3.022012827247312,2.509847518026844,2.619810208585144,2.4115285618457203,1.164699036291263,0.4114446511387333,0.1185065809459773,0.0272673431402683,0.1651502568762856,0.6321295962926398,0.3135033613310769,0.0503887327227212,0.7131417948397174,0.3046808877029977,0.0101228843751688,0.9313257573061734,0.0041639973133278,0.0421257737699613,0.0873077430993447,0.0818339888980558,0.788685153773905,0.0,0.0,0.0,0.5646350980103315,1.2333958528610962,0.4048933023374038,1.3120735369928245,0.0111062225479873,2.50992841148728,1.4325768695002823,3.3232629067156347,1.725366088707251,4.851514385869271,3.6390432123293897,6.981207527748407,6.993389136568368,4.583336255720588,8.544311684855469,9.60782636671334,11.626676746296948,11.042155611056485,6.668949755538069,16.27482461173564,10.570036098612723,13.751560112170845,21.27549745006761,10.5609411778192,13.15955703382614,15.769781432880794,14.9325086171661,18.19448222405456,15.876478237045838,0.3524904511932792,0.3061179778461524,0.1532628131921737,0.76739893351657,1.761730649739223,1.1151853069823825,4.532684752916644,5.107737945978016,2.8624061802659204,3.050776609432912,4.520946500205028,4.674965197616093,4.9147397209639365,11.342679869007045,5.819077213862675,10.290045966950608,4.784636057086442,4.540146472001321,4.592776346151176,5.224213541910291,5.647124052310133,6.308170327192208,14.940246316555864
1998-02-01,14.826725522547765,8.025180033235927,6.832465549166529,5.414261209517094,6.072812210746258,6.158273182405103,3.33560677234177,6.680699379672417,12.752310932107934,11.539099637356804,13.206662835080715,13.131894632374385,5.686731409340209,10.842902728366914,12.316063303079224,8.213890229303955,9.346668965079248,10.833160008025072,29.644335434844823,22.43797888857508,22.796962830609736,14.967300389968118,23.795570199578925,23.452540253235725,25.520019229284177,27.862107898450777,29.03452284796256,25.24232193783753,32.70309023527102,31.517213431006816,49.54141528911546,47.905126446939455,7.320129916313597,51.442298979031975,54.38246162799184,55.20686986920771,53.95104248189078,44.535954889599765,49.87429497337974,46.90774173796389,61.61851292523386,50.09956527349293,60.30097995522394,52.01369361555434,54.46859663145872,46.21049419217228,51.26970042799703,51.38365165679188,52.252942128431314,60.0815290655481,46.82489113738049,39.00093627477351,39.36174885000359,52.38038125518745,57.417701675530594,56.49523405210916,50.86023450710363,49.94979425952682,22.95113882173117,26.97089215303683,37.6677267770164,28.36060351918413,51.515577252066144,44.712209082838285,49.89297101111675,44.78114374380814,65.51743081612526,55.09585342281071,59.33521194623332,56.07211013447424,57.46306552096984,49.18717713612861,40.72933963039716,32.35446854157485,27.077563146301305,49.59091413106701,29.47776811978361,30.454796709491305,28.46425024936889,20.12118513822995,46.62846209433769,38.23252094041289,28.083498642485782,34.354231872178886,29.807045646534668,33.26291239628817,52.79788617923136,53.521534982144736,55.77082211974186,54.64420294956173,56.574839583019056,53.904314105730464,39.36050009366426,35.50573713190099,47.971460760027554,47.19483884251241,39.61410413183415,38.26949255566533,36.93027270632607,12.522723627411498,33.6471512313212,17.772326473310372,60.87325898804082,53.24994611668495,54.213772593293534,48.65682794076037,47.00315623359089,43.43442580959383,28.359240543563423
1998-03-01,35.42871188443808,37.52598057060102,31.920867734917703,33.4300991660456,36.152720027150735,32.246976531070295,4.978755214498529,27.18851643879478,14.26538447762196,19.62909538250454,18.463118921799285,25.152849081132292,19.00902965923733,13.271553268210482,19.547653856399283,24.87914542486751,29.17784177426025,30.311916492185595,31.80601360930237,43.39962243298321,62.544360972456325,53.66078910020819,52.37691555049837,43.6540379979088,60.60346368455193,49.59980294465469,58.84686807591241,59.76922170335228,65.45215686328196,71.90054257626562,18.881596280300567,23.51877397028248,36.51610073020007,17.287321165799717,17.81867589489745,18.40204091892859,17.350805701122106,41.953761377858726,38.5101616887562,41.23243101541799,25.61306983659952,37.275506772355406,16.040136160049737,10.728129926989324,14.215456329567182,10.969514033556694,12.520555801490977,11.999994794466092,25.02109481073685,16.36515150611169,7.886982839926845,11.291408126965775,10.98341522582493,22.893791641394607,20.126593557570946,28.352454807806705,33.7243585028459,19.736792815867236,46.7604582989485,47.11485685344108,61.82668344487143,54.80285463355691,14.546964219890867,15.989723500239268,16.173882142984297,15.875831832976528,25.94122744622773,17.63737516244894,24.45577266839668,25.03578111552214,21.78637951212089,27.642172752591826,28.280720914504244,29.637400015659026,27.557879015529352,24.035087956287672,32.738022941147456,31.9535830367434,31.3391998925218,30.314811385920304,29.129452326665188,31.627402003848083,34.25644533150359,33.426612786582446,34.22918466246562,33.61418915677198,28.14097357186054,27.89255001959429,26.383527608449214,24.134292380724,20.217868378555234,23.486767555848854,22.151837771240736,21.226737810632045,23.023323161980205,22.859781314992134,20.819858540465056,20.144749301154363,19.74928011003905,20.30585697015128,20.108749419325967,22.889498136169347,24.76942760013083,22.342100934606336,22.31038000299079,20.788034040764785,20.474746821826454,20.653419879627304,28.5901457771888
1998-04-01,57.56472896523101,27.99309288017279,53.58362591134409,47.25819313556959,39.64102036220097,37.197823368267024,62.56784650461815,38.74225279461032,4.374895374098508,29.946054789265087,17.557172729717863,14.082108402225186,17.632830379928734,2.8593750635773896,7.758855357510179,9.788637580395404,15.638412510138854,18.18829128730777,0.3394069358904177,3.675975488716079,39.39668341807061,18.301564910306613,11.588124840782882,1.5831062948328805,1.520903542243865,5.852361608798788,9.388892660186505,19.72415775514911,2.693757140004716,3.3675790485428694,4.677269794704565,5.524349101185559,25.347126378979485,22.173165396300725,14.888423974295664,15.464499042421751,14.228789607864824,3.0751669430462822,2.2608922439055337,2.135523438886304,0.0187305494951294,1.7225649029739436,0.457776026971137,0.5433794379056863,12.485713385617943,9.554567979495406,10.714637094805758,10.80353933056199,5.918592490668077,0.069170846339991,6.006230748446207,7.204379967923932,6.932916362257252,5.629792444025194,0.0068517857853032,0.027117111199588,0.2160765894299493,5.1468553731789655,1.321095274955576,2.250977132337131,4.242187460998263,23.672109237435645,22.931829136585527,15.603977587310682,21.83666606240352,16.251990947383366,41.1756140564337,23.45844212858518,39.88171811737285,37.40227728428825,31.227663875346188,20.7805053734596,5.105142143531107,4.111325592189073,3.60320249249669,22.48569419390372,1.8811313043959332,1.7471026164751435,2.5641777597115056,0.6646500855774774,15.99097583428671,9.90154668755744,2.471055376470773,6.485853269572341,1.4408765341993526,5.283732885072064,1.2427933397722986,1.0832911121046822,0.2369211100920031,0.4665323432179596,1.1383508806879654,0.6715155258059411,2.018423168766539,2.519188034647393,4.171744416737398,5.233297561309415,5.45693596485394,7.192167738259735,9.020043141278425,25.49634974327108,11.90868978016851,31.212896668327367,39.64230841747861,34.811115794192915,36.733586464070186,36.48612674795184,36.05010271388315,35.20019795819461,3.5784640113097432
1998-05-01,5.807965568030424,0.0496991897919556,26.914349813790704,32.02508213753583,17.576837212454066,29.86128011952249,123.63025988721024,44.63424868320654,0.0008375244422492,17.660631039553937,8.212563650012925,4.592107298852568,27.426823317295984,0.0022568687289515,0.003133114471948,10.342467948168114,0.0096645491727715,11.26951541144901,0.0054431771024078,0.4715046512992986,2.648427592410385,2.6413209051874684,1.9902204638435563,0.0850671063527547,1.480279152944859,0.9314308248709616,1.8800847337190971,3.123727714779564,0.5516150218723012,0.4011189177636627,0.0313450339551204,0.1668384139172608,1.8370164976883887,2.582147047643282e-05,1.8981121286646023e-05,1.9138863086337427e-05,1.892419846126157e-05,0.0304818315124424,0.0716018672569405,0.1670153849290569,0.0,0.1312840529780877,0.0,8.168529068031718e-07,1.9657065388736592e-05,1.6906639230265017e-05,1.541066082648692e-05,5.7129649516889205e-06,0.0591228089064248,7.868199707236135e-07,4.166353302003837e-06,1.2893454728328136e-05,1.2368679224330228e-05,0.0497105176700181,0.0,0.0005834257640546,0.0146295546110576,0.0349917816519284,0.2838922990907068,0.611576606924729,0.2658286362321652,1.5248132622791806,4.174511063538404e-05,1.944167531919439e-05,4.1931401677428815e-05,2.212664726921394e-05,1.501864144725085e-05,2.95925739140934e-05,4.413559240429221e-05,2.8854693049370875e-05,2.7125533644055095e-05,4.121626134813213e-05,3.8311481276706266e-05,4.813203631046586e-05,5.080565438126643e-05,3.3266741121946795e-05,5.587935447692871e-05,4.183600299873072e-05,5.573194982639096e-05,5.587935447692871e-05,5.088336415200009e-05,5.310114036675068e-05,5.579326337665358e-05,5.427480635201848e-05,5.587935447692871e-05,5.464264298500846e-05,0.0028814499646757,0.0025020818386225,0.0119868466608905,0.0031748896189855,0.0,0.0025851033056068,0.0067610868252617,0.0042970605274002,0.0023576985144371,0.0021674222309828,0.0015836880791051,0.0013960059218131,0.0012640331973662,4.903810875419639e-05,0.0010957063237682,5.587935447692871e-05,3.072365378970686e-05,5.179083271907753e-05,5.211160176841818e-05,5.223045226312248e-05,5.277217176241396e-05,5.30376362372362e-05,5.587935447692871e-05
1998-06-01,1.954918532830633,0.0277788181552068,4.473835356866713,4.237479142996078,2.9238710261846155,4.764048602259071,18.687257244337303,7.009314641296752,0.0,5.07896065018857,2.361735094148854,1.320658590066568,5.563480354815772,0.0,0.0001919346818235,2.619608210019144,0.3712696466412557,1.978890685793834,1.4392382453367014,0.5718529464529358,0.0,0.2065868232951228,0.7301577494884622,1.7419059893376514,2.136293444260875,2.2727852997192155,1.196194132290226,1.4755867269363256,0.0,0.0,0.0007336836456508,0.0083861105959321,0.6771495910096269,2.5981987045476295e-07,4.348444298522294e-07,4.750616554774412e-07,4.0325420124642603e-07,5.670560467913269e-05,1.2926734544332175e-05,0.0039231766471699,0.0,0.0030838508141523,0.0,0.0,4.616569424904724e-06,0.0,2.3731129751998976e-06,5.712275634963517e-06,0.0013888643083561,0.0,0.0,3.057614578215711e-05,2.8623856273740332e-05,0.0011679728223675,0.0,0.0,0.0,0.000820509322492,1.6337642409890014,1.998724679154316,0.0084425604857928,0.3161724951764229,4.49657495451444e-07,2.349873841595741e-05,1.5702436153195564e-05,2.3498758383807547e-05,0.0,3.87380271082724e-06,0.0,7.868663875312521e-09,2.762307227216119e-06,2.986640251864768e-06,4.547283767695983e-09,7.836812427393466e-06,1.9794366751854943e-05,4.766861653991352e-06,2.308779649140355e-05,6.14255006868877e-05,4.9994740803433295e-05,8.585845205295649e-05,7.3350795080452655e-06,1.123668259831328e-05,1.1153386525961504e-05,1.0912038376631822e-05,3.745389020352322e-05,1.738455009779495e-05,0.0,0.0,0.0,0.0,0.0,0.0,0.0,0.0,0.0,4.058912532735613e-07,2.9432899803156805e-07,3.441969009408412e-07,1.1072329385608046e-06,0.1003498908564179,0.0030823667578926,0.0,0.0,0.0,0.0,1.1342054208861816e-06,9.64230523612246e-07,8.160742532434373e-07,1.5608450026528084e-05
1998-07-01,8.647045167661231e-07,1.5909941048773506e-05,6.163854857676039e-08,0.0,1.8399771121896248e-06,0.002589135313659,0.0178542016971389,0.0052895459160302,0.0,0.0044334891267487,0.0020615029505135,0.0011530128066044,0.347715318236505,0.0,0.0,0.1311043223797592,0.0,0.0011883306614943,1.861555035311313e-07,1.2774784389184537e-06,0.0,5.7778309283134246e-06,4.444404591766324e-06,0.0,0.0,3.603413325047054e-06,3.0657873239994567e-06,2.56158953196986e-07,0.0,0.0,1.2337260255252008e-05,1.105475452518494e-05,0.0,8.060045792047292e-06,4.084182561919946e-06,4.562192097926249e-06,4.919812582351434e-06,0.0,0.0,1.2651818033486129e-08,0.0,9.945083500444061e-09,0.0,0.0,1.821598694055584e-05,2.6468717152067134e-07,9.445389458411405e-06,1.982064380238828e-05,2.060091778421262e-06,0.0,6.615805595843137e-06,4.56312294760723e-05,4.3754754189563416e-05,3.2299671692175043e-06,1.2482936804937138e-05,0.0,5.857776956899286e-06,1.1089554789296827e-05,0.0,1.626890349739886e-06,0.0,3.575438283978214e-05,1.6263967491720304e-05,4.7919378007028375e-05,2.53434585318406e-05,4.683090446849509e-05,0.0,7.413019435868408e-06,0.0,0.0,2.889767392467329e-06,0.0,0.0,0.0,0.0,1.7835894489795837e-06,0.0,0.0,0.0,0.0,0.0,0.0,0.0,0.0,0.0,0.0,0.0,0.0,0.0,0.0,0.0,0.0,0.0,0.0,0.0,0.0,0.0,0.0,0.0,0.0,0.0,0.0,0.0,0.0,0.0,0.0,0.0,0.0,0.0
1998-08-01,0.0,0.0,0.0,0.0,0.0,0.0888455757136721,0.6130894165567181,0.1815684177230401,0.0,0.081846570028354,0.0380573721462138,0.0212787193910573,0.9131719704789616,0.0,0.0,0.3443048887028007,0.0,0.0356596008931049,0.0,1.3640899497991693e-06,0.0,4.375632757618543e-06,5.031118755392432e-06,4.866889389365403e-07,0.0,8.979242758096987e-06,4.586069301152292e-06,5.680272740278158e-06,0.0,0.0,2.747482394757801e-05,2.433775156425772e-05,0.0,2.0029998985223704e-05,1.7550561132522873e-05,1.624860152719883e-05,2.08899547653012e-05,0.0,0.0,2.537795842150499e-07,0.0,1.994858880395732e-07,0.0,8.168529068031718e-07,7.391703240272908e-05,5.105194220567818e-05,5.757921050270912e-05,7.188516846491214e-05,1.2896517065769783e-05,2.0036311295178454e-06,3.73152901888183e-05,7.542313172308765e-05,7.517989568808081e-05,1.6803206587600032e-05,1.2358076583277493e-05,0.0,1.4644442392248218e-05,2.7177697130794505e-05,3.246073482297444e-07,3.233418758657701e-06,0.0,3.921304159670402e-05,3.833118605226653e-05,5.807237013795586e-05,6.76884749285324e-05,5.86035574304082e-05,0.0,1.3183465128164509e-05,1.0090557511630316e-05,7.859531432281011e-06,7.261715342217347e-06,4.2766749727746e-06,7.426878287788866e-06,5.328933602594098e-06,1.0132687552034774e-06,5.927828602871991e-06,2.767342110047628e-06,3.4690274192310853e-07,0.0,0.0,1.9625745824289456e-05,1.2373639777908348e-05,8.549112125350023e-07,7.2755933250412095e-06,3.2998650597663263e-06,6.1225139026572045e-06,0.0,0.0,0.0,1.217895980615575e-08,0.0,6.121451447723677e-07,6.358980934037821e-06,3.384069361902888e-06,1.568909247270744e-06,1.9359918755228387e-06,1.980042335712697e-06,1.9555081277333142e-06,2.622410868610649e-06,0.0,2.838043469779601e-06,5.096536422436425e-06,0.0,2.346378109293586e-05,1.787745560130378e-05,2.0999668907822165e-05,1.9140355788689813e-05,2.0451550907787574e-05,2.0177942952240786e-05
1998-09-01,0.2977721723911949,0.0044231670746924,0.1748806370162668,0.0380232344127381,0.1146629073786239,1.070860646475332,5.790785720025308,2.0815236829455825,0.0,2.962828071547444,1.3776689302491851,0.7703817256691954,4.348750321891836,0.0,0.0,1.6396632292940845,0.0,0.5736290402183232,0.0553726502114224,0.2032325489851345,2.18538490759908e-05,0.1346008741152007,0.0887868382807194,0.0026393037971388,0.0,0.013552691473354,0.00192984386505,0.0122455193694906,0.0,0.0,2.324624349745261e-05,2.050938409722084e-05,0.0067368357295189,4.0131720294151526e-05,3.2701893169209685e-05,3.2019129744668134e-05,3.329427470393623e-05,2.1269326381511293e-09,9.081755526619722e-07,1.3136390648450435e-06,2.1743059078685918e-07,1.99739602258352e-06,9.756155163668289e-06,2.1226504585138283e-05,5.23062463752052e-05,4.277067837854415e-05,4.578749885649166e-05,5.393611151454173e-05,1.80032596992761e-05,2.4965727265744183e-06,5.026318361050893e-05,4.398711688187196e-05,4.394642864370513e-05,1.989770725170685e-05,3.773991123258221e-06,3.846620825113349e-07,0.0,2.3157730951929872e-05,0.0017603387671683,0.0032141610813824,0.0,2.3501685451083023e-05,5.205067336422745e-05,5.372226452065892e-05,4.90753391234222e-05,5.3151367158621485e-05,2.349001087138824e-05,2.2273422116072173e-05,5.587935447692871e-05,4.8433642813341525e-05,2.6531754573089305e-05,4.592050776585204e-05,5.564234400694385e-05,5.498641221176847e-05,5.030257364729901e-05,3.5223712268925926e-05,5.440423691076263e-05,5.587935447692871e-05,5.587935447692871e-05,2.7332422659792848e-05,5.37427366712103e-05,5.256684926350322e-05,5.234727242674423e-05,5.204211907777472e-05,5.041725139418132e-05,5.188327852249884e-05,4.392805679768618e-07,3.814454336076792e-07,0.0,1.5413341492565843e-06,1.877949872265414e-05,4.284610342307468e-06,1.320972905157198e-05,1.1706471994482563e-05,1.100846383956546e-05,1.313814444466953e-05,1.0819195929554828e-05,1.2904218700609686e-05,1.531746781431027e-05,3.830199060818911e-05,1.983126757747209e-05,5.587935447692871e-05,5.587935447692871e-05,5.396821137618335e-05,5.462205549768856e-05,5.516021476333986e-05,5.52679868623723e-05,5.5361924923218616e-05,5.368322532283383e-05
1998-10-01,8.728995062214459,1.157207178008506,3.900835122285819,2.765267345683858,2.866164770815673,4.671457053538764,15.339456166069263,6.664020353225098,8.521920127713464,10.19016154381268,5.835422750187595,3.328414483723852,15.551201986029648,10.756592254707876,2.822086672457545,13.558777508074478,3.0430096114055902,4.264126540421696,14.560026538759276,18.804119649486488,0.0062222006959621,22.4903418347799,10.87572840794122,11.312726117386722,0.4104363374845906,9.797352436139995,3.464462139105139,8.167969498953065,0.0105300853603323,0.0131072095392931,0.241495940698108,0.2125575523919583,1.7274137373139926,5.362119144378302e-06,0.0378484265395134,0.0422170594353071,0.0351036228518086,6.726354822389679e-05,0.0172684605281146,0.0587971804974748,2.247643837655629,0.7322578073560678,1.8181950677172372,0.3822152166050985,0.0026046415575163,0.0002018861214051,0.0014646019847807,0.0090974123839015,0.4367782154965539,0.3295263227418598,0.0030047410777873,0.0042442232558746,0.0039813329316316,0.3844998160749612,0.0039169758507405,0.002264642247882,0.0030586879595557,0.2694220985254907,7.69556579115414,7.8082954766530115,1.474692072748021e-05,0.0202723428780261,0.0005443178406306,0.0041582900215695,0.0001835570444949,0.0036599044209319,0.0,0.0001122787602901,2.1268066969641304e-06,4.075788866354509e-06,6.0415380481836064e-05,1.2579608779349596e-05,4.078972505184348e-05,4.514305355203777e-05,2.7888989282834584e-05,4.895382744793403e-05,5.555923587636658e-05,4.2477421242925504e-05,4.695627755805217e-05,5.587935447692871e-05,4.372244122566415e-05,4.584816937153912e-05,5.186846635633225e-05,4.749163342857397e-05,5.304403901966743e-05,4.875397536417686e-05,0.2043626421110117,0.2602934598608867,2.09832972304045,4.071008251997854,4.523060002248756,4.145246866666781,10.23174503711261,8.344839144521847,3.908783176794803,3.588779310316013,3.096818654447987,2.7211823354140385,2.4553680124374595,0.0,2.114345686227436,5.4112770766486205e-05,0.0,0.0,0.0,1.2203498702072864e-05,1.7816638427370215e-05,2.238387325655525e-05,5.587457481026827e-05
1998-11-01,6.974185201989978,5.53565973253629,7.5065218615128595,7.8003032464226365,6.961300404526246,5.070419056976167,1.664346198846656,3.398112685137934,3.538706528528453,3.7159216711083856,4.848534977987156,5.9066862043577775,1.2283335604753776,3.1956748801983,2.5857811676814837,3.248096390946302,9.76160900057165,6.852920269304914,17.652833918108243,10.031503330404009,11.122546077557926,4.433906733922474,11.31204536931588,23.131340169826604,25.918040077567053,10.704263663246849,15.631578661439804,13.528266103774133,9.802532393288809,12.613381330894942,25.554121950407097,24.067045887505195,10.748575135633947,29.846666268496737,31.917852704336003,31.91466442480077,32.087925944079835,31.71413079009273,22.909107984993277,13.99196304917452,26.636060069181525,17.124386419202647,32.521366518692474,33.648564831228164,35.330017153937625,33.28173481253898,34.52342501731294,35.89125555079124,25.96748934629712,26.49196822704245,33.10248796620392,26.020875153574707,26.33684916414437,26.8148940120444,25.017132700776884,17.805611486567493,19.853768174230343,26.325185021921516,24.318283749892363,17.54770668892653,30.900234870784303,4.927845562311182,33.96349044024844,34.51260346234182,31.12284146459356,33.626069825550296,35.29174461126905,35.90676443402546,53.40666702947221,47.67159913144215,38.182777274564295,36.89179465470918,21.40433500916509,18.902425495225625,13.715473073134968,32.04048202492666,15.605591102723528,17.91579171163033,17.620414139601067,9.538496490726809,43.34801029169239,33.43306001406093,18.409110019309672,26.177224014852804,13.483890214625037,23.046305923269493,30.624853736415638,29.97725894725665,30.98311396608503,31.647921248726096,31.40048024188858,31.70664793605279,35.92726251903198,35.87343930639624,32.462692234357924,32.27680552922236,32.799031691993186,32.69509924890672,32.99485799666244,35.96578241806952,33.02789077478934,37.08070076533717,35.46705770218782,35.13983274189574,35.83527326225764,39.8582828894754,41.56903241545785,42.02387838449392,33.37582758010179
1998-12-01,3.464020936440142,2.608242865936726,3.7701592760189535,3.8187876995454153,3.170463354588072,2.2732224456445627,0.480824850093196,1.516023652952594,1.3336115077255448,1.5723106058408025,2.3765938289692192,3.19406023050362,1.873319347572242,1.4177902213688514,5.670052864784878,4.118651784251339,7.899159456440917,3.6015537730185336,9.9359025322837,6.654199420664858,4.928195127389258,6.9991500543335565,6.998514824311731,7.416642826156642,12.283161101124064,3.825926585618512,8.139972644342215,6.782976371780553,6.63504347418636,6.436058787815623,6.046938164602371,5.983083677459325,4.370202396255223,0.3207920147546421,0.8445176241088763,0.8245379840060826,0.9091356164020356,10.723485989352724,11.909785202671602,8.852991303033185,5.513091582014951,7.823646558428832,2.932663114879628,3.7502299294814905,5.692084372413811,1.6494859661803818,3.904283248204756,7.564555941513381,4.692264004922833,9.132435701385203,8.108389375749793,7.188667377366224,7.2584958036838145,5.272599506860313,8.434811487325058,8.895077197530238,7.084319997965616,6.01723524565082,7.830281612226227,6.856871355695591,12.931358467529344,3.6444642487113423,0.441097515376952,3.671617418655943,0.6075433734221596,3.2984892653551867,0.2013684234812951,0.6107105792305354,0.8937947306881934,0.8599962326336802,0.5798212786177062,0.9815609190740366,0.8037680266317531,0.5971379728147335,0.3039199532813784,0.6199152694990449,0.4392255332771947,0.0996092512876202,0.264610982325022,1.3875222317291211,0.7473904660137303,0.6311573786691782,0.4988672241161611,0.5733260105061987,0.5564116218867967,0.5823200293471978,9.094962839619026,8.863676019430915,7.762344808145767,5.484516841078316,1.1316975307655797,4.605877578184389,0.5531214992092913,0.4298133389502589,2.722975996699558,2.513042536783752,1.9675633927542648,1.7803903842574844,1.6793878311771664,0.9326894251601784,1.5653573745457643,0.7592888857904649,0.0712554924682488,0.1576088023038242,0.1719722948338492,0.3520167466067012,0.4159917623675935,0.4789372799939402,0.4411097316831651
1999-01-01,1.8537220718666725,6.602363042695119,6.366854421034216,8.985267364108957,9.013594869107465,7.4007688077757345,0.1623083007807136,4.797111240439393,0.0290279455767871,0.4311436922395573,0.2827850349414917,1.5039595578973093,0.0061741449971122,0.0446996164150223,0.0102432392209717,0.0264551454876744,3.6111504092047007,5.0433070902211705,1.179492072395326,0.3100966842280553,3.088995951522346,0.0,0.552445116772765,1.499558302180663,1.3260912300625456,0.0760659405340356,1.0620652283334295,0.4770753225092712,0.391658562415239,0.6341159870287659,0.7056627979908072,0.7074047494420609,11.0194303509297,0.8505783784973475,0.7983963295733949,0.8388501449105292,0.7808687228305384,2.473170752065668,1.7130266533107608,0.8931299293302654,2.732479654779306,1.269859077271975,2.1640374835612715,1.5359315971881624,0.0,0.1554029628897092,0.066710411037276,3.485734510889683e-07,1.0496937424197326,1.1656251291758717,0.0603523469959374,0.0001770812435859,0.0041076342922115,0.961414102323591,1.6853418094081114,0.8852636628862428,1.319277396799982,0.7669422635240528,1.415327276867368,1.107276876161723,2.85051358159271,0.2231386750496281,7.6132527757599e-05,0.0026925742637501,0.0800160531413917,0.0106626338491071,1.654896804409569,0.3244240400260235,0.654350672697593,1.2309481264991895,1.0717088287001126,1.0626904916887814,1.3229848130296418,1.6549998390980358,1.8312988308690104,1.1948656021559736,2.323465273748639,1.6159577870289477,2.177039134469648,10.124436665090808,0.8653363182097182,1.3302499948171014,1.9872421854095743,1.865676895969736,2.7486726947264475,2.273069316096488,2.847097898319452,2.8316307339813505,2.9835409899405803,3.092432885959437,2.819655628596734,3.0263539042201515,2.9910388828664445,3.008336361210124,2.5608198941886813,2.418287488481899,3.724238496085064,3.5732931464553563,4.11916064206488,15.57895023012422,5.622810958832515,11.14661242304235,0.907255358417568,0.7288766916554918,0.780825221138923,0.7400807124246225,0.8472675656970832,1.6610507644009145,2.572442035065581
1999-02-01,6.975778015629518,5.773551830250159,5.094685987314154,5.554617736116893,5.196091873427376,6.989292937596909,1.9560557096359688,8.031846113433097,5.813799423739605,11.719365511544352,13.70750009324322,18.06230461442744,0.967982692975494,3.846635657995233,2.887582979101264,3.061576150045614,12.18326799287558,15.09152585965017,6.947762820596071,2.6610766780642074,5.217268726981445,0.1134070954299967,2.834675664681748,12.947360874462875,7.018805496952098,1.8979095062428768,4.236279236640399,1.836364460671736,9.3256286792561,9.812188164685676,29.154803855093647,26.887915665014862,8.311192234091985,49.04435499381584,48.18378350407839,48.22261707507296,48.07075098670445,14.289275407196396,10.44221037717026,9.546111983886684,26.05122523504167,14.533937558692934,41.86495530313224,41.93547317473541,27.01179125478432,43.60284799674764,34.69500762694401,28.34041269581444,31.456240089148903,29.39444520688341,33.98009481425488,23.164159458621,23.84536584187729,31.517056929495485,22.66280618907956,17.651599324076763,18.206992871897214,29.63654578928343,12.616035249719936,6.778832588404549,12.04953345407688,0.7958286032422521,38.612293722438885,25.97980218809876,41.443746083042086,27.58827402526397,51.845121467658345,51.05894253952592,54.23857835803189,55.9531696955881,52.31538825796472,57.58942122963549,57.66965006391903,62.35537122707487,68.56235983017176,55.98944811775466,62.83916691647547,74.97541698516044,68.55103838923237,36.39647781987336,55.44147405250797,57.564440704550336,62.439155853211645,58.15169810333257,56.45686351640797,56.9655063482899,16.724736406636918,17.161418092820867,18.16962073352273,25.88333477588292,47.00173201977693,30.009080717622343,45.38635366771656,45.74620211516128,37.61645120068826,38.27649441370054,36.01571586870647,35.939963193181704,34.95257166803322,21.198503638787574,33.048553318201805,25.06157680075849,48.67866833226477,47.01815438344176,46.67790776084872,44.692253151304975,44.37395885141773,42.54052944433843,51.51512314347323
1999-03-01,23.054030474542124,5.538156619367785,21.00461863918992,18.16840807177288,15.422276454734003,10.840561580025204,7.924481661755785,7.453717803661698,66.12228993090021,26.775564057863512,38.57998940158063,28.18157136438388,47.07943030883673,59.91149226108589,63.7846355622228,53.02521046547716,57.74918583096431,22.521922597689795,82.66195126964847,67.69511953477374,51.9520392329931,60.41478175969676,70.44675241653508,69.91689358921032,84.24569088248633,70.01070526791118,79.21484033877249,70.47155939183159,67.02862750764601,65.49742887089494,39.5050318340753,41.36941839156788,20.55101814614831,11.829339757091656,14.991002218972923,14.986490793831296,15.07387323136638,48.616699695333374,59.4254577899036,64.69379027094068,33.648428453000314,56.50832964174354,19.415212840603523,19.819504157696404,45.49323903625871,21.355014652673628,34.661524039874564,47.656072290119816,35.845671161851904,40.555580085367005,41.77462076066351,47.90046477742918,47.6311309040415,36.69607458420768,43.80680862726791,54.95883871800493,50.85689368190732,39.562964410479935,69.82545458538094,76.05460773844108,54.083369432452784,82.67938934015757,20.196082720429622,32.8302326889154,16.781420884074333,30.90035512392011,12.087702539225528,13.658184302037125,15.117872685813534,15.150301071221268,13.782050558085132,14.83293216218723,14.712490061844733,15.101837678655516,15.591657408796296,14.246604943900149,17.449804102744245,16.967572378854918,17.343738772423016,20.172132970219156,15.705460221473489,16.874334604268018,17.136884497299743,17.387038370864076,17.967148093386285,17.70130006400749,43.09124394621767,42.688425360566114,43.527487319647285,33.806752182917435,10.969182633141395,29.249709116708587,10.80571055095,8.988121885031859,20.19030880727145,19.146805180018585,16.141355776565856,15.20471518099238,14.860816160716524,13.41255567720187,15.021386413305144,18.681646930642938,11.50416484432714,10.989268216355136,11.36388406357804,12.783729631758437,13.35229458648176,14.139978628321728,17.222439975600828
1999-04-01,47.95407335280037,21.90971034557755,40.75313869408411,33.68915373753619,31.956407254884382,26.630566526318013,33.03066190103842,23.68240026525645,23.21763997055537,25.95462481113327,19.251965482511466,14.765963188609817,31.457945964316856,26.60139534966037,16.551787561668885,19.933175443916927,6.503897208105677,15.010511994205467,10.531492735394064,19.79667817210712,24.38473570066394,27.742417728032358,26.305634910266285,11.667292215413148,11.039972106807832,39.81104893883563,29.867371532488452,27.14079592219975,41.71789849057614,43.47914349981978,24.055582255644836,26.034883880379557,30.34679982933011,3.489610757215478,4.355230931685447,4.617845238637663,4.175362468277823,48.90533857303752,45.92161460624354,43.28725655553282,31.484836983396228,39.416036633879365,16.98112551078172,10.385565555908746,7.817182431997159,2.5366960908794285,5.319105113427948,9.82007256640272,21.040760774418963,28.903579941433257,9.118326135477862,20.48422208204457,19.824165014263112,20.33032429698474,45.731316527826856,49.83239094745508,49.63604962071509,22.325947073242343,11.057899126381535,23.29640780666092,43.68840335650288,45.7220234586971,14.864656709518815,19.643166676589704,17.219551380854785,19.457322547500027,5.685504294350479,12.415780809081404,22.485358811350025,19.64135975606872,11.376435079798624,12.85374604192377,6.585033712505524,6.668592610350441,7.038267465006657,10.149489214916004,4.953842810837758,10.771481290203088,7.061349095795222,5.41084058080693,10.94869281258292,8.973481786823255,6.069811379151632,7.834367589347597,5.016700886480373,7.271238879820455,49.0101959702422,48.31720551382185,42.52730973450318,36.16182242662337,15.385024383018576,32.07513035084807,16.487421024965787,13.670197246554906,22.61091519509577,21.478100209127724,17.534742560821176,16.42443631257648,15.609960949102415,9.302866931793462,14.727978867647256,11.117568771354469,8.015575127320282,7.332885094453019,7.991486396396978,10.563208123935974,11.492235051544297,11.745562658525008,5.148257493559443
1999-05-01,32.363770227213365,14.745726869625924,66.54935623304408,81.68709806729898,48.46887305977285,44.13879554399638,90.54916413540712,43.69230229247117,3.934684335110765,23.52082998970565,14.600198288945988,13.350626236207146,27.36633390612624,5.138888051723045,19.99106933306303,19.79048766707593,25.758498379789728,24.21824755453637,30.504433651747995,18.533933911074577,0.0525872295122429,2.846094493274834,9.176280550538785,33.277079167699114,2.6637296942952746,7.825726810441874,4.961165565750015,4.093032242401863,0.0334771736776264,9.548186304973544e-05,0.1164284774692988,0.10444870253796,46.75223284649099,5.531562353276684e-05,5.304259473153451e-05,5.271050858135079e-05,5.278715184529713e-05,0.7154625203216444,0.7008512606920931,0.4879658285775724,0.0145130250020403,0.385076166577374,3.399320808453269e-05,3.389509413114459e-05,5.15969706550122e-05,5.587935447692871e-05,5.31632854943356e-05,5.587935447692871e-05,0.1734234612132974,0.2207674313800048,5.587935447692871e-05,0.0023542883939883,0.0022040481487846,0.1571483087712761,0.6773333049091718,0.5690020594539369,0.1676818476984539,0.1302107681962168,26.114041981128373,12.411956316089915,0.3174198935936532,6.882998725654134e-05,5.587935447692871e-05,0.0001166079087894,5.538843303967304e-05,0.0001092086458223,5.587935447692871e-05,5.44678034147458e-05,5.587935447692871e-05,5.587935447692871e-05,5.442361010448318e-05,5.327709208662672e-05,5.587935447692871e-05,5.551025707628499e-05,5.33479731680761e-05,5.448824560512761e-05,5.587935447692871e-05,5.587935447692871e-05,5.587935447692871e-05,5.587935447692871e-05,5.587935447692871e-05,5.587935447692871e-05,5.587935447692871e-05,5.587935447692871e-05,5.587935447692871e-05,5.587935447692871e-05,0.7890142549308315,0.7011129095790792,0.0556867796662181,0.2367421079845016,4.164767007089954e-05,0.1927721680016441,4.465784122123216e-05,4.4807553044568576e-05,0.1082750023801427,0.0994152073976465,0.072102798764391,0.0633636486641218,0.0571795176663537,5.587935447692871e-05,0.0492456336198361,5.587935447692871e-05,5.587935447692871e-05,5.587935447692871e-05,5.587935447692871e-05,5.587935447692871e-05,5.587935447692871e-05,5.587935447692871e-05,5.587935447692871e-05
1999-06-01,5.8466680304703305,0.7786731176857035,29.70648633008746,45.50797943904164,19.48049604843189,33.96078546525806,148.49269417889175,51.23689194903157,0.0,21.77510463007211,10.154289065282564,5.793574814176676,34.310694121527824,0.0,0.0,12.936577740856206,0.0,12.9758180897221,3.831445957365814e-06,1.3762153719645492e-05,5.5614273758973376e-05,2.2589569081419995e-05,3.242679577629284e-05,2.564329533152788e-05,3.947324114462005e-05,5.207553678102359e-05,4.739109448168297e-05,5.4969559904206056e-05,5.587935447692871e-05,5.587935447692871e-05,5.4909478423329706e-05,5.497565188465393e-05,2.5732852516091045,5.587935447692871e-05,5.587935447692871e-05,5.587935447692871e-05,5.587935447692871e-05,5.587935447692871e-05,5.587935447692871e-05,5.508646228053863e-05,5.587935447692871e-05,5.525609392424966e-05,5.587935447692871e-05,5.587935447692871e-05,5.587935447692871e-05,5.587935447692871e-05,5.587935447692871e-05,5.587935447692871e-05,5.5598707516734624e-05,5.587935447692871e-05,5.587935447692871e-05,5.040696059416516e-05,5.076467492072226e-05,5.5643388552577126e-05,5.587935447692871e-05,5.161109375635797e-05,5.544915839116091e-05,5.479277534836541e-05,2.8044469225559037e-05,4.4095738433419606e-05,5.587935447692871e-05,5.209491908033095e-05,5.587935447692871e-05,5.542442129514997e-05,5.587935447692871e-05,5.5474154573625e-05,5.587935447692871e-05,5.587935447692871e-05,5.587935447692871e-05,5.587935447692871e-05,5.587935447692871e-05,5.587935447692871e-05,5.587935447692871e-05,5.587935447692871e-05,5.587935447692871e-05,5.587935447692871e-05,5.587935447692871e-05,5.587935447692871e-05,5.587935447692871e-05,5.587935447692871e-05,5.587935447692871e-05,5.587935447692871e-05,5.587935447692871e-05,5.587935447692871e-05,5.587935447692871e-05,5.587935447692871e-05,5.587935447692871e-05,5.587935447692871e-05,5.587935447692871e-05,5.587935447692871e-05,5.587935447692871e-05,5.587935447692871e-05,5.587935447692871e-05,5.587935447692871e-05,5.587935447692871e-05,5.587935447692871e-05,5.587935447692871e-05,5.587935447692871e-05,5.587935447692871e-05,5.587935447692871e-05,5.587935447692871e-05,5.587935447692871e-05,5.587935447692871e-05,5.587935447692871e-05,5.587935447692871e-05,5.587935447692871e-05,5.587935447692871e-05,5.587935447692871e-05,5.587935447692871e-05
1999-07-01,9.90947563624587,3.5081477514706463,4.8285734980876525,2.778022259657878,4.085343961357742,11.6881155505972,52.7446573592787,20.07463173673888,0.0,18.50952431924037,9.080863245981217,5.976953819811885,15.616226830891623,0.0,0.0507680717470623,5.9384019906894085,0.0,5.59914752111717,0.0,8.595450047660547e-07,0.0,3.88620543240005e-06,3.6889621012838215e-06,0.0,0.0,0.0,2.6108397286593323e-06,0.0,0.0,0.0,3.043958985282816e-05,2.6642746469278788e-05,1.4911187584114554,2.45275732130408e-05,2.626585104975014e-05,2.364897371261394e-05,2.863640798423703e-05,0.0,0.0,1.2651818033486129e-08,4.807815360176898e-07,6.774074424919291e-07,6.994893464407415e-06,2.9913482173281052e-05,8.890052810595647e-05,4.824816456151131e-05,6.599452541253552e-05,8.343388066692983e-05,1.529614929536117e-05,3.839747285652934e-06,4.064237151739491e-05,8.050064022509027e-05,7.754189850631553e-05,1.922324518337689e-05,1.7846022678121887e-05,0.0,5.857776956899286e-06,2.873004082042372e-05,0.0,1.7506122618536936e-08,0.0,4.325370821470474e-05,8.173178034109448e-05,9.897914385435344e-05,9.563861665433588e-05,9.88128003032786e-05,0.0,2.7776560085508296e-05,8.559907572288546e-05,3.945764721208973e-05,1.7839094879103946e-05,3.822972682057946e-05,6.225292509503915e-05,5.954505233559066e-05,5.907958364316317e-05,3.0182088429464696e-05,5.074316327744876e-05,8.065949340228241e-05,7.051527824564893e-05,6.36269376194657e-05,9.15520732826703e-05,8.679130308375571e-05,6.598736343996908e-05,7.386441437742197e-05,4.335996685944872e-05,6.665167887993454e-05,0.0,0.0,0.0,8.49057647864693e-07,9.17590682389412e-06,1.3898014794389045e-06,0.0,0.0,1.3847224439388264e-06,2.579485209202707e-06,2.503050792388686e-06,2.2015375075694804e-06,2.7483239787079594e-06,6.589595153041716e-06,5.564479785293667e-06,6.716881509160953e-05,0.0,5.734563303485936e-05,5.0543775404171183e-05,5.397386644845506e-05,5.467631055942504e-05,5.844616849511385e-05,7.849262226013813e-05
1999-08-01,0.1019431691787992,0.0010983045100085,0.0921574411921531,0.0131980349652518,0.0602884662224057,0.6269472813468825,3.610336683838311,1.2250317565997817,3.824347103461159e-05,1.1089499943727523,0.5156538537662975,0.2883164718776377,0.7626715092285189,5.587935447692871e-05,1.0002123672354149e-05,0.2875660550667508,3.117339814536845e-06,0.2903042039200462,1.7512925512279263e-05,2.964721517249708e-05,5.587935447692871e-05,4.524164973630082e-05,4.42436511353274e-05,3.421194231237699e-05,5.587935447692871e-05,5.587935447692871e-05,5.424120412760437e-05,5.329281740690553e-05,5.587935447692871e-05,5.587935447692871e-05,5.550276775384633e-05,5.544317977269452e-05,0.0023089822495891,5.587935447692871e-05,5.587935447692871e-05,5.587935447692871e-05,5.587935447692871e-05,5.587935447692871e-05,5.587935447692871e-05,5.536281068046893e-05,5.587935447692871e-05,5.547332024739511e-05,5.587935447692871e-05,5.587935447692871e-05,5.587935447692871e-05,5.587935447692871e-05,5.587935447692871e-05,5.587935447692871e-05,5.569652199737656e-05,5.587935447692871e-05,5.587935447692871e-05,5.349297354819687e-05,5.364896426544381e-05,5.5725630256972153e-05,5.587935447692871e-05,5.587935447692871e-05,5.587935447692871e-05,5.539294608598733e-05,4.140621835683711e-05,5.004318663011215e-05,5.587935447692871e-05,6.428726264666866e-05,5.587935447692871e-05,5.6342387781398e-05,5.587935447692871e-05,5.636105120432429e-05,5.587935447692871e-05,5.326518407614703e-05,5.565942026079382e-05,4.34798759918111e-05,5.280488211882032e-05,4.351021778917647e-05,4.077606398640011e-05,3.895202410603906e-05,4.949453947829808e-05,4.970690457704501e-05,5.083222791752494e-05,4.812607604165394e-05,4.32063666659438e-05,4.693357171916528e-05,4.984628751524228e-05,4.886257288965846e-05,4.027257468726087e-05,4.675180860013499e-05,5.219974070446518e-05,4.813934422577655e-05,5.587935447692871e-05,5.587935447692871e-05,5.587935447692871e-05,5.587935447692871e-05,5.587935447692871e-05,5.587935447692871e-05,5.587935447692871e-05,5.587935447692871e-05,5.587935447692871e-05,5.587935447692871e-05,5.587935447692871e-05,5.5764622176615096e-05,5.567519039249299e-05,5.3504596843535e-05,5.483245960738556e-05,4.735182438285675e-05,5.587935447692871e-05,5.587935447692871e-05,5.587935447692871e-05,5.460625162605739e-05,5.299864521102492e-05,5.30332357863912e-05,3.939454608995677e-05
1999-09-01,3.351628207164409,0.2539825003159165,3.861168369318828,4.689574279274807,2.5502763878053365,3.3786489230561614,11.988995802429637,4.5263276187199,0.0285986749953772,3.653501990939587,1.7146855069666105,0.9608999544443056,4.005379083595931,0.0627293472711182,0.0236919205395831,1.5141026539750548,0.0004629202625058,1.3987579493562972,1.6155486245228478e-07,7.764968866921416e-05,0.0,0.0005758169864998,0.0002879196972478,4.124912609070644e-06,0.0,7.309545360160684e-05,2.3771605936357e-05,0.0002251746501139,0.0,0.0,1.9073945033450737e-05,1.6688186988460018e-05,3.727238689854647,2.1810161205969038e-05,2.0971186867513254e-05,2.057780121304229e-05,2.218819052706692e-05,0.0,0.0,9.541443183724412e-07,8.290932176778463e-06,3.725863378844277e-06,7.4766790385027584e-06,3.775785433922783e-05,5.030625502974076e-05,2.183377640366797e-05,3.813438220240298e-05,5.1441341368990304e-05,1.504853594907354e-05,1.858552092237375e-05,2.7765736578974967e-05,3.823464908804385e-05,3.774057447005665e-05,1.7493366135204217e-05,6.169047265915353e-07,3.846620825113349e-07,1.197117432906666e-06,1.9836113131895105e-05,2.751196578734312e-06,1.7306340853913243e-05,0.0,1.1471449421853852e-05,5.205067336422745e-05,5.274955146466058e-05,5.327551706169197e-05,5.267801955701769e-05,2.391317873048368e-05,3.346062775980872e-05,4.585651923128735e-05,2.3928856379388947e-05,2.2670057075865696e-05,2.9295435678903585e-05,3.2469885308542937e-05,2.681768248311068e-05,4.030955132805288e-05,2.5825872244396008e-05,1.3066814443634038e-05,4.811424587780296e-05,1.2163809516529078e-05,4.877132610412645e-06,3.469039162676842e-05,2.3427627398408333e-05,1.7172825567165815e-05,1.877078262746142e-05,4.921883790420097e-06,1.5816462896986966e-05,0.0,0.0,3.139929196243346e-06,4.997789218633053e-06,1.2062492486450705e-05,7.130650434716346e-06,2.8872629181289325e-05,1.835475517382617e-05,1.2728737060606322e-05,1.430925496916001e-05,1.1728628530534013e-05,1.3728073320659468e-05,1.415333265298381e-05,8.798937375259918e-06,1.487590259052954e-05,2.6120653266119544e-05,2.7047977309679907e-05,4.795043450311488e-05,4.521036727778369e-05,4.597849466330489e-05,4.458744810729367e-05,4.255118400447636e-05,1.930750246395959e-05
1999-10-01,17.049738136040286,9.818688270787648,19.144457538101445,19.967574329113088,15.018557687590322,13.32336116332278,22.181229477188992,12.814534290221886,4.550970661713396,9.001610470148414,6.018473828889041,4.440937584172729,5.798399016510829,4.245061879981957,3.106160662585377,3.4100105261999683,3.9064222232317545,6.708433915174545,0.4847978261034807,1.0280529841484751,0.2046752517235859,2.877318719744816,1.5091042223637532,1.4666198738844451,1.790877932044876,2.7805048701386963,1.2987144345525263,2.969856120370859,0.2206636934209066,0.2766044540393674,0.1965140497423597,0.211511069779424,15.326594654336244,0.0187545201473422,0.0703281592847425,0.0745789641024955,0.0679916961351344,0.7279947046651626,0.3982195959722178,0.2983642375301829,0.2777627637297638,0.289450167049439,0.1895933500235516,0.1167767568356583,0.3397843524232931,0.0653871218523809,0.2100683721587979,0.4142287767414178,0.1830051784914246,0.1736360712807683,0.1630071328244733,0.1759569554204032,0.170778024301945,0.1866032087434464,0.2295978639597679,0.3669108894750582,0.3376790529541466,0.1903031070077032,1.5819758676837024,1.814472927034669,0.3941426083243126,0.4296872178946797,0.0968161382594325,0.1193469436261034,0.0138170604744074,0.1055853667769543,1.082071311278036,0.0199476111977729,11.443854844530971,8.266836662268394,1.9149435425163424,6.644508555105174,3.8689134048465625,3.22817193965068,2.440636638667534,2.644143118535649,1.9944553547233963,2.303518474148421,2.6838987470849687,0.0322420689891107,6.596322572612617,4.852843653831551,2.619781956057686,3.579356392493747,1.1564883476842878,2.9433042731253405,0.3024478895747378,0.2943399211908667,0.1650474705425539,0.2196178039596562,0.1755009267139625,0.2065453348585734,0.2873234047796617,0.4342359507325513,0.4246684918617191,0.5567342513275774,2.2417974318374045,2.766488008976137,3.364541015310187,4.717609863341059,3.3438287836683025,3.3541117248997105,2.033386205059085,3.4758145932287503,4.172739389898996,7.685985887980505,7.933868703519166,7.440902197835928,3.101372797986929
1999-11-01,16.438207298087175,10.137623418748046,17.495829723013706,15.448070488229876,13.95042722296784,10.614056769195724,7.688302254006253,8.224589937259134,11.122746650719892,10.58169372617474,9.860577197098172,7.752941128485905,7.009047543324307,10.106420800972936,11.334382999902102,8.246148015644435,3.3860892068346224,7.550349925914694,3.7715564623458615,5.796321905140279,1.5594407443074465,8.522514939439715,4.330849530918576,1.8703948076196832,1.527866089247825,4.098552510592139,2.035334149813124,4.103900764602052,0.9229270135862946,1.0271005195505511,0.2470597818511935,0.3660293481241913,9.460489654525176,0.0953475295612702,0.1498623189060144,0.16218591874339,0.1420991009417451,0.7891997596884426,0.5239981540144245,0.4967851903892959,0.2379515248552861,0.4488015609299284,0.2559146858093166,0.2041834064906159,0.0656167606465066,0.031551024897755,0.0502019612584652,0.1146122726517889,0.279282010537854,0.1122032700277703,0.1249321733507837,0.1649813343207802,0.1611475963779269,0.2512855120307022,0.2300806135442815,0.426443609214937,0.465328342123793,0.2306689655264487,1.666576284175701,2.7868040039924487,0.6698048036886186,1.4013681699541227,0.0820679412173077,0.1843437614229596,0.4412164730101919,0.2178968656595304,0.4073604115407942,0.4722016600795055,2.753652485315225,2.6052904449695413,1.0278481890217337,4.329460319076922,6.736703633194336,6.181656912455153,4.900325309483044,2.669831250519957,1.7789584656767838,3.15539040560834,2.909177350861114,0.0102202186077528,4.896503358738992,5.357151507631192,5.289647279428893,4.892196829746506,1.6243128251344858,4.070456330329705,0.464111358275968,0.4455057371688338,0.3314352212650395,0.3970797617036921,0.4097441751716423,0.3987839509097104,0.5723177796311912,0.5030888261218797,0.4312342875764617,0.4495387771862982,0.6462232335326029,0.6892508842880127,0.8094850681141764,2.396008196487741,1.1756696733778855,4.72771854535512,0.517250133603602,0.6871785266880531,0.787755996860959,1.425963862538097,1.749683468942561,2.2119525883321502,6.811683798477651
1999-12-01,3.6234277037539098,3.000470379816351,3.426132671741803,4.540688268213823,3.52647850199007,2.953502616866201,0.3894629849916377,2.1148920416848767,5.109774891752779,3.1162679060336744,4.04150866455252,3.954372309157116,5.475835428347257,4.689306088729635,7.099778981376446,6.122501134948269,7.087302118947399,4.3415266959241325,7.3448622889032,6.043471498285187,6.732780640797735,4.776657344465342,5.335888674853463,7.173198041507981,5.88658976152758,4.634783697096519,5.372451008340811,4.102729480152312,5.684095596545782,5.854390918429902,4.729721692712228,4.958620266407088,6.8926683705091385,4.595220279832921,4.751061273596924,4.718092271391243,4.790157632134758,5.20683878849645,5.054189052280229,5.134866223446199,4.6042179892471164,5.082313261954957,5.592707430274189,6.031826364038047,3.492336443610114,5.189821291371827,4.383948245021677,3.279470183045489,5.109189124463763,5.201487848549585,4.7109212934390925,2.4987402629636795,2.6725745611497973,5.055843886513029,5.343204175690092,5.924170737968329,6.320886876817377,4.737716079609895,6.937500862823858,5.7769330127858085,5.41938971218928,4.565338783716958,3.950685626279092,2.65267781343435,4.148489596416477,2.8236612675428723,3.997402133321813,5.159284442389692,5.12669958318063,5.220173573257228,5.024851129957586,5.698679984618196,6.612703888142302,7.421540290729144,7.503423482560855,5.693879246524617,7.203203266113546,6.457092794644465,7.08827820721012,7.409689025184795,5.838317776292597,7.23930628120319,8.505514665018119,7.914557751130587,7.851310396365626,7.914050678203813,4.618327713163303,4.624684866970867,4.289324953613251,4.449113563601822,5.067540067757227,4.5507171084806535,4.624542464568771,4.766624240674343,4.723687958002259,4.738200916577176,5.011694195402188,4.9850179778937935,4.922852038509798,5.017644071356074,4.904001142571065,4.275534621087671,3.532881862443282,4.065106374169407,4.043915852034952,4.246625272985885,4.293254449268986,4.271535042550908,6.345686780602808
2000-01-01,1.1610559036626062,2.1793646349107325,0.3908809035231394,0.4575835536844033,0.7565934304749806,0.7645699867001455,0.3303838221383452,0.720399030777527,0.3004025742171806,1.0376895122737992,0.5657644561657965,0.4738062799758756,0.3378453031933106,0.5074789419192642,0.0661043182596969,0.1392274054887631,0.0101666836487599,0.5521538283726215,0.0,0.0,0.0,0.0,0.0262411670779739,3.26182389172259e-05,0.0,0.0,0.0712750570917628,0.0,0.0,0.0,0.1756091896250955,0.1515658050504026,0.2445628771141336,0.5230574005528512,0.4467890926805223,0.451665579529446,0.4435658656887688,0.6279191651309138,0.3753305435573706,0.1483226119733804,0.3101295844341579,0.1877982406786588,0.3388174049998972,0.3025444017360987,0.0716954714131902,0.259739988372015,0.1519797919936955,0.1085703360566067,0.2923758542994049,0.0742261087342734,0.0561208522319204,0.0720704254373686,0.0697443221325355,0.2603852038062862,0.0234900531036454,0.0178681029873128,0.0275381535978646,0.1961455921702309,2.175541540348168e-05,4.270609084821912e-06,0.7439572563386068,0.053109624666353,0.3025103710356477,0.1634694673461067,0.5557982474694446,0.2093360635495409,0.6787925855213279,0.6268634736158489,1.2370321299768834,1.2299059424220975,0.7757203524377878,1.5113810500469174,3.304358770385579,4.293609653848484,5.234814774616061,1.8095525561401156,5.96305137461184,6.163544959641015,6.118947509019918,4.7345572688179685,1.798602861246728,2.8706877477561705,4.8792631321277575,3.683454695352196,5.340107880903908,4.00360121677854,0.4069151880251792,0.3945858917502963,0.2622988721688117,0.4147254595975949,0.588424231777213,0.4515147029173326,0.5522400884888393,0.6009271807354304,0.5152984774012416,0.5142999024315794,0.879712409580502,0.934861732458801,1.0317943153805689,2.222615750486371,1.1810022040800583,1.6793480931932163,0.2698438872743404,0.3576143123671461,0.4341922389850866,0.8905618752750637,0.9967425332067564,1.0933423141638152,2.5582386558982004
2000-02-01,12.605904214192996,19.23761502534052,12.286737082310356,14.683296768549202,15.561233231360587,14.899816776391177,1.9073802893338423,13.626046301475924,10.736701328815474,9.842816527315676,11.06877205311118,14.14286949888019,7.187162732495475,8.706011711806706,12.53992333410411,10.654713258131858,25.39795072580826,17.454095217589217,26.213432553337714,24.153984717448623,26.231102820238945,24.795346589840037,24.83326433982196,25.20253726287496,24.668799156680794,25.93637180605474,24.804264804045605,25.49938046095142,27.53876796042845,28.1141304241022,23.453566826722152,24.32519268993633,18.616992449056006,29.986906939238583,27.439511485794085,27.805489803388515,26.92879449896568,28.04721491603194,27.27440309113552,25.8669201391939,23.10217992930895,24.934403630099823,18.49218313155692,17.191286003503123,24.976331276600806,24.115133422681303,24.38466505863539,21.291678925744915,24.170397318104435,18.605734729963864,18.83333376328785,21.679148933113773,21.494764577137506,23.34522527518203,20.28486255286625,21.952647690843897,23.44403044687228,22.89854697082744,25.222170267641424,23.913223023653547,27.60192193349009,27.230504398933743,36.4306226945683,24.56095279536173,32.32376465566875,25.47581358633233,24.514321407891963,29.86894069765677,15.88324254236319,17.461338437911998,25.420959119645683,18.95779706616606,19.479032305018787,19.19741172267598,22.307374822646064,23.430846460212525,22.280544338632588,25.506068878985133,22.83002521673312,22.12321825597109,16.557570601126383,17.056703947289183,18.696115443862304,17.793105947654986,20.77604444417294,18.48998151980029,27.305671610079585,27.00931643371472,27.181232906841977,24.508852385691423,19.3417795735876,23.650167630900864,21.004239857931577,20.84540122180205,22.82339313129152,22.45630111842364,18.98664884619332,17.726007860026257,16.684563718546784,5.912449992641908,15.42904217288118,10.556856156067434,22.230541996043414,18.63354726755211,17.634303142347,14.783138521178046,14.531031987498752,14.195386704770412,14.46779491865831
2000-03-01,28.991062697789623,23.201469704698244,18.823617293699115,19.249772986328743,19.642161657717903,16.94206124876679,4.282155552159526,14.512807796853885,23.613291410266083,15.753526126613709,21.105727496918306,22.01146794205823,19.51311943233824,21.22542497303058,21.170408776107777,26.781170691614147,13.246355553837784,20.17795395720368,13.731822702946843,14.98920361161948,8.709704606902797,18.921450793628782,11.639923670325528,7.162874812834684,4.370155180909768,5.221230833222804,6.37666688312762,3.972828430354256,7.675844840490523,7.437173048215337,8.390362417895846,8.379806225953443,22.54065122131737,3.2858601754684136,5.323588659658045,5.209153432399809,5.557557149014243,18.66220516409752,13.003067828139176,9.604252767007312,11.724250053097483,10.548148797014756,14.55660442621718,12.508071944438726,9.227217192330746,7.552971232346471,8.647862904782974,11.368798054567474,9.309557464910617,8.352531078537936,11.30851066609271,9.284841803854306,9.322611366366855,9.379477397319446,5.703639104784156,5.27867800371081,4.65904439578576,8.766631035528505,6.298572321487563,4.8902156754307615,15.772772208747554,13.532768218568952,2.8216616268846435,7.104747343279528,2.2010560813824576,6.560565214573763,3.5547752740860403,2.23701778416804,5.740324767638132,5.768595031205914,3.7079055991143295,7.631798770855421,10.287555135127716,10.107287285834223,10.09677247352243,5.817790552248935,8.452108194346938,9.788376096871804,9.04291327818831,7.802611665524884,7.981887505014353,9.009935450870692,9.66751052212483,8.964394478110108,7.606225829423759,8.591679824835623,12.427937534377184,11.950949981208868,13.723132047723857,15.468643788171882,15.97410586795708,15.389742810527844,19.57593182688003,17.077952497230733,13.264127380801346,12.468498918799318,10.848885016570373,9.84394232784598,9.094797320843355,1.356916555197033,8.11253469916043,3.4239645254343998,3.465202267796525,3.1822005461531,3.2576501156892346,3.4509905399024783,3.623100547159482,3.7867671171078094,9.639403538657696
2000-04-01,57.02030462080024,17.928509943670228,54.48930978283676,49.65343900566544,41.95453238329354,30.697463204178995,22.8815612186406,21.7126197668306,12.738076010961432,22.454629303688293,16.220754741053803,13.94877487255973,13.710505637984438,11.232656114772446,10.862388776033088,13.642439611882114,27.535967804174074,21.39393080335732,22.552610781691705,14.265179375848478,8.818512812310097,11.580796995291356,15.019629620641036,19.251735390366477,17.57480461466816,16.23036310611023,17.783034757109913,16.69952325570961,8.755806701161383,7.632138788815243,12.773378419682745,11.907146149944,41.84367107481859,13.718053171756871,11.603878471208986,11.800752595629234,11.438198313995716,28.71435918330799,24.85166408598324,19.12183725163244,18.434400277313003,18.40562316458137,12.875508307276156,12.883063840664516,13.742748869632509,9.946944828989086,11.879971877702664,14.454578431135475,14.589941157529676,16.774891516490815,13.368837465920068,12.487566578429425,12.523771448673283,14.602052526719078,15.817977920999352,14.275196544442734,9.755350471282968,13.721048809934311,18.325783543706788,16.550255493744793,27.78989583878489,17.17330061439759,16.569391168057816,13.696851905530044,15.782909402208888,13.895221949650631,19.59944806243167,14.059423745124274,13.600200849876307,12.906208863099131,14.38040668688837,9.631549281940782,7.510893061317348,10.025200019735614,5.327199551493808,12.00433631218884,14.468328602197303,6.023537730663789,11.900799625226556,5.793897358049403,16.727214710792254,16.368507997270616,15.032621806313172,15.07469994296777,11.78353745346292,14.029563568658777,25.32618230912385,24.8399192303434,22.14866949903584,18.729875346056023,9.198774592147062,16.82023395637943,10.615969369394566,10.319728482214543,14.060840118307226,13.9000587441267,12.8383267451919,13.484118952927142,15.32890368175188,30.5214570979753,17.2346063205246,24.811339581838347,18.454856498510598,18.288600846529835,19.744782792969843,22.942447193336054,22.711674053732843,22.783914209698484,18.547583068982743
2000-05-01,11.44308648087816,0.4498344266534856,39.99310175339512,47.0953336918881,26.160472024497043,31.59157977613446,97.13754426285196,40.16263090220185,7.938216165813222,28.604255180549764,14.090100398530392,8.069814546351871,22.315384333262138,6.279713173516485,1.0229832828448793,8.844942419621658,19.05168296285209,15.697511345164669,23.941658491669475,17.724910598733267,15.694293121639555,6.027080509176014,14.369005551770377,9.402322637068416,7.061127531132554,26.428857044282974,13.271030938146405,36.50921954499019,4.527692168819825,5.611646618637669,0.5235341791056605,1.329849732861459,7.428791610814298,0.002949312700985,0.0406497001248713,0.0441091100205841,0.0379620448425174,3.1220145893569144,2.1700517805811623,1.9390142068667715,0.041166068319202,1.5292430006970803,0.0066144752283025,0.0011321705053654,0.8753392854997009,0.0766829335709631,0.4944059186650058,1.000945776697755,0.7321651843038138,0.0443705747219597,0.4024149896955095,0.2275947114698961,0.2228011387279602,0.6692516853014602,0.1783496885623624,0.5838667539509408,1.1874228933510849,0.5477318846438537,8.38877226781733,13.887910231178996,3.519558135373817,6.145803570562952,0.0192512948764331,0.0719272444922066,0.0008226429195298,0.0631539016794867,0.0125794180460066,0.001051683131895,0.0029087041321083,0.0020480435421381,0.0071948854158873,1.0685462599150613e-05,1.7620337893442403e-05,2.841297885297264e-05,2.986641077938658e-05,0.0044482995470633,5.133421959045901e-05,1.4421622376461487e-05,4.301530171969735e-05,5.042944713620517e-05,0.0001349491484728,9.663024132363756e-05,4.34090702727287e-05,7.417683590204753e-05,3.972458192699175e-05,6.725612898652751e-05,1.6698288912215684,1.4996432392372383,0.6483695746146262,0.6042098117387404,0.0138419790232451,0.494542923849769,0.0469602831204597,0.0316864262815033,0.2887363243780345,0.2677029702210819,0.19424112325261,0.171806431791528,0.1552016989761316,1.711920783997132e-05,0.1337150514098635,0.0022797452006665,0.0437943385325822,0.0568156291999906,0.0499624782249063,0.0328301637446051,0.0286811453120026,0.0246485958066556,5.501403451283983e-05
2000-06-01,1.8344303431061788,0.063340862279682,7.642698893482532,13.914824146114682,4.996639312806937,25.916188727327555,150.1220007234003,48.30369535769118,1.4976292567959028e-05,21.59209430456443,10.039986485737147,5.6135787341634735,34.81856221817237,4.643145854669247e-05,5.827170003222401e-05,13.463121589525668,1.5463666930358184,10.309058524617402,0.0,4.520596090409018e-07,0.0,0.0,1.709466049670273e-07,0.0,0.0,0.0,0.0,0.0,0.0,0.0,5.794289985413618e-06,5.000269663775461e-06,9.235147620766362,7.4138703019315635e-06,4.570136835402226e-06,5.105141306593591e-06,4.238129208124534e-06,0.0,0.0,3.085294053623536e-07,1.8418724000562571e-06,4.110067712838317e-07,0.0,0.0,9.734655477356075e-06,0.0,5.004020277081138e-06,0.0,2.0299467953230896e-06,0.0,0.0,2.366026600335721e-05,2.2783944537521427e-05,1.7955428341088778e-06,0.0,0.0,0.0,5.15467701066773e-06,0.0,0.0,0.0,0.0,3.608676891460786e-05,1.8819363909457236e-05,3.073026771845833e-05,2.119844301491605e-05,0.0,1.3509716434097436e-05,0.0,0.0,4.536223799260663e-06,2.8869825752571106e-06,1.66171876494064e-05,1.692683258143761e-05,6.334236203250841e-05,1.123185615462806e-05,2.3347530256559437e-05,0.0001117580896572,6.103936503675348e-05,1.762430988208478e-05,5.963309852652841e-07,4.384190772117048e-06,1.940028599346961e-05,1.069076899291664e-05,2.607670314047316e-05,1.4042443244290618e-05,0.0,0.0,0.0,0.0,0.0,0.0,0.0,0.0,1.0418375726120872e-06,1.0169522172177298e-06,7.374352729349127e-07,6.479862154623205e-07,5.847676700620652e-07,0.0,5.092222473627301e-07,1.279358901153082e-07,0.0,1.3173963805576202e-05,1.368770214273314e-05,6.994802813826231e-06,5.955179389567779e-06,5.856226430822227e-06,0.0
2000-07-01,3.172279387236883e-05,7.054506278288566e-07,0.0051489545767203,3.338647608064264e-05,0.0033616298897308,2.21829092303048,15.105634458958384,4.530254273281738,3.8753263492947614e-05,1.9897497177393109,0.9252138669433712,0.5173088995824686,4.047338732988816,5.495286939435533e-05,3.855090276146793e-05,1.526042586713445,0.0,0.8864420079520015,5.32415077472447e-05,5.504475838390022e-05,5.587935447692871e-05,5.7160324728719285e-05,5.626983913782064e-05,5.587935447692871e-05,5.587935447692871e-05,5.587935447692871e-05,5.675332015421539e-05,5.487595430149857e-05,5.587935447692871e-05,5.587935447692871e-05,5.4982743467916046e-05,5.498104379000901e-05,0.0,5.587935447692871e-05,5.3812340508438224e-05,5.363103512132448e-05,5.396250327772605e-05,5.587935447692871e-05,5.587935447692871e-05,5.5101375827730665e-05,5.587935447692871e-05,5.5267816861753184e-05,5.587935447692871e-05,5.587935447692871e-05,5.427057953373614e-05,5.587935447692871e-05,5.505237208059974e-05,5.587935447692871e-05,5.465247829980301e-05,5.587935447692871e-05,5.587935447692871e-05,5.484990208104564e-05,5.491719436270611e-05,5.464678839489171e-05,5.5181752951596105e-05,5.13045822790161e-05,5.295046599847907e-05,5.458374067718392e-05,5.587935447692871e-05,5.620572685074602e-05,5.587935447692871e-05,6.770741973939638e-05,5.587935447692871e-05,5.69340833138385e-05,5.587935447692871e-05,5.718731273194116e-05,5.587935447692871e-05,5.402796680511078e-05,5.587935447692871e-05,5.587935447692871e-05,5.42226908180324e-05,5.587935447692871e-05,5.587935447692871e-05,5.587935447692871e-05,5.587935447692871e-05,5.480342544832054e-05,5.587935447692871e-05,5.587935447692871e-05,5.587935447692871e-05,5.587935447692871e-05,5.587935447692871e-05,5.587935447692871e-05,5.587935447692871e-05,5.587935447692871e-05,5.587935447692871e-05,5.587935447692871e-05,5.587935447692871e-05,5.587935447692871e-05,5.587935447692871e-05,5.587935447692871e-05,5.587935447692871e-05,5.587935447692871e-05,5.587935447692871e-05,5.587935447692871e-05,5.554926819068297e-05,5.5576291673893504e-05,5.565959075834996e-05,5.568624754873551e-05,5.57051109292265e-05,5.587935447692871e-05,5.5729311560421865e-05,5.587935447692871e-05,5.587935447692871e-05,5.587935447692871e-05,5.587935447692871e-05,5.587935447692871e-05,5.587935447692871e-05,5.587935447692871e-05,5.587935447692871e-05
2000-08-01,0.0001732355502854,1.4137314422490482e-05,0.0004729675198412,0.0,0.0003103486944029,0.3641988641941847,2.25859864227716,0.7440021327194881,0.0,1.2584446772045512,0.5851570492105345,0.3271742609412409,1.6000289736633893,0.0,0.0,0.6032793284893813,0.0,0.2133286056955338,1.861555035311313e-07,1.2792777795933245e-06,2.604037948439841e-05,5.326122312291893e-06,5.278012793176599e-06,0.0,0.0,3.483818979382384e-06,5.852915001927845e-06,8.27702482304908e-06,0.0,0.0,5.318771854018225e-05,4.712962173895032e-05,0.0,5.2920325477194026e-05,4.854837947498211e-05,4.6553491517220994e-05,5.212488540767427e-05,1.234982115562031e-05,2.1474126239866205e-05,2.329552541548101e-05,4.1003098648698185e-05,2.7518817876003464e-05,3.438415750530515e-05,7.434625492806013e-05,9.931494453646184e-05,9.743425450812816e-05,9.442863361612994e-05,9.207762560940208e-05,4.355793899948029e-05,2.63648820120458e-05,8.600407124873074e-05,8.454583755496696e-05,8.452622775567945e-05,4.649331876434732e-05,5.3725409413267365e-05,2.9671584870384712e-05,1.3644953354082015e-05,5.2562484280987e-05,0.0,3.3129827205662486e-06,9.843937574641816e-06,4.1087872940434674e-05,8.86804786698317e-05,9.239059711583178e-05,8.115642734846888e-05,9.02362203684018e-05,1.443359017422528e-05,5.0350390302592245e-05,9.37629842166496e-05,6.90934631858069e-05,3.734061848320739e-05,4.8373109519329904e-05,3.706868507623878e-05,5.938874593584741e-05,4.681319386219073e-05,4.0224487064421455e-05,9.267537933048573e-05,5.268610024466208e-05,8.727185495184509e-05,3.8999273318745183e-05,8.554546321176899e-05,7.268623635390668e-05,5.430987329806024e-05,6.404342249498943e-05,7.911862892549993e-05,6.886020847469534e-05,2.852735007372838e-05,3.0074060549990007e-05,4.386819124442184e-05,3.479889262584305e-05,3.104018982609138e-05,3.4296141937952126e-05,5.44534944090599e-05,5.080088087914906e-05,3.919940914268265e-05,4.2248389225729066e-05,5.1987123973791664e-05,5.836335724428693e-05,6.327597035892694e-05,9.666228657763148e-05,6.902686125145303e-05,9.702688862349772e-05,7.980478625711502e-05,0.0001012359017121,9.677488314564488e-05,9.423147503915062e-05,9.55597383803723e-05,9.49231477822297e-05,9.861125163394406e-05
2000-09-01,9.098052917136824,3.5027583106497446,7.637908780293245,7.116863275856252,5.5960667035454605,7.504660122530536,23.825714564578835,10.09473889117966,1.4482255875336971,8.789812733483695,4.520991779537031,2.7647447642584937,9.013855959018418,1.0472927737864033,0.4120408251898819,3.623148078440921,4.577765178457087,3.558454044915406,0.2637031766971544,0.2108079852148642,0.0006018800091011,0.1475560616044027,0.1287615715537574,0.2371471516173484,0.1060487024275557,0.1542591461323094,0.065263328900788,0.1398691659849096,3.90639919091176e-06,5.475196181160024e-06,6.581848183089467e-05,0.0008270661245972,5.028886064955996,5.651434080483811e-06,1.0091204625983074e-05,1.0402140987984306e-05,1.0504994254545244e-05,0.0001240252901054,6.014346708230064e-05,0.0002420207603304,2.053448322719128e-05,0.0001956065044986,1.1809403500431696e-05,1.900554476068886e-06,5.388150094218735e-05,1.1289286350345304e-05,3.236488410371747e-05,5.1145008767592886e-05,9.698413436493772e-05,1.1991473687659922e-05,4.483344019124825e-05,4.033764573015912e-05,3.954142781517616e-05,8.657630044239726e-05,3.911365786255996e-05,4.062012591909016e-06,1.371441446916378e-05,7.040046196139878e-05,0.1983090553064948,0.1139705129140646,0.0002255698029584,0.0214904696472474,4.1266165835289946e-05,4.750379081453653e-05,4.378737381388701e-05,4.723121333987615e-05,0.0,1.043008498011298e-05,0.0,0.0,5.147165452064006e-06,0.0,2.713285762168054e-06,4.096930828657984e-06,9.697436733063216e-06,4.988368129261259e-06,1.996082717911993e-05,3.203868637232735e-05,2.3630445487266745e-05,1.162278267190582e-05,7.071342284766722e-07,3.932430949397782e-07,1.887482522267344e-06,7.411572100029746e-07,3.2998650597663263e-06,1.086072731945141e-06,1.6842693338255013e-05,1.5267680333648797e-05,1.5977439004553267e-05,1.1952967813391687e-05,3.371106396246118e-06,1.04593122568518e-05,1.1012951268099149e-05,6.056470805340548e-06,7.455195647140901e-06,7.2198040952773085e-06,6.076638406620064e-06,5.454289639587047e-06,4.921494976328582e-06,0.0,4.237950096632249e-06,0.0,0.0,4.380593085521014e-08,2.8818940425713974e-08,3.31419154389976e-06,2.8175184044076685e-06,2.4684243844092383e-06,0.0
2000-10-01,6.376209171204046,2.6874136064122225,3.035502633212931,2.949440280885495,2.495358290251253,3.813111179050272,10.52378348413369,5.416797576879349,4.564220434942168,6.410066872898294,4.77870188884057,3.534269406353441,4.5674654743565,3.521786422862881,1.465491320548586,2.233765790692713,2.9079309997456293,2.9273722847726966,1.7243211857650549,0.6751786571706073,0.5870348683444955,0.5103253273611406,1.2215757176627942,2.073314651381124,3.316537704686691,1.242580278352455,2.208722364824286,0.8657498718140249,3.192475105211104,2.951332493458236,2.3747825928713904,2.376090688821165,1.906359620177148,0.1611519871258075,0.1974866740778748,0.1974220772555365,0.2034355725333166,1.902147492608192,2.314437290995469,2.9604015502992342,1.196425751796783,2.5081414706602314,0.5605371322805679,0.709456944365763,0.7296946733133626,0.3052480054845992,0.5417691012007779,1.9054613894849397,1.3433319409853446,2.3449407523337182,2.579604123898429,4.661187287589643,4.553498400470121,1.4864618032244954,3.4218967795049315,3.63679574169711,3.503608140024315,2.270635410079401,2.3161514655797117,2.0424482418049617,2.700731740467244,3.442820945917072,0.4816681673825579,1.2694294284582768,0.3043957849456693,1.1561533839944402,0.3297001355008508,0.2070148169608633,0.2621303855661266,0.2081972925676034,0.2249608981301106,0.1521977449762588,0.1196662501200086,0.1173674257590475,0.1296985913156977,0.1869274572180598,0.0940942365536027,0.1743838150249447,0.1151712525042092,0.0510950122993843,0.2297420654283151,0.1916850180652304,0.1175681502246508,0.1588214426711699,0.0864403514566743,0.1415391826660302,1.4679000116878205,1.501039855790157,0.8959505781573832,0.876349398676597,0.2347545857390805,0.751050604509479,0.2329506227957599,0.2086214184011662,0.514260549479068,0.4891035878005455,0.3753575657439181,0.3396047768852427,0.3108413241794917,0.0133106668733421,0.2719560093119951,0.0995176976683387,0.4614148424183679,0.4353486576444152,0.4247029937414679,0.3584471928950663,0.3454208492983689,0.3231401002769309,0.2105092680067671
2000-11-01,3.857961848568218,1.8006473155164544,2.527582135574588,2.6263396001624897,2.144932733440365,1.8946945878501256,1.6622171466052669,1.6992007461071217,1.303126349552355,2.29461975160414,1.6913703434753606,1.4748119030064946,0.8099228792972923,1.0720852274955408,0.503780617984063,0.5132974493321532,0.3406642673197385,1.5213401274553533,1.8872314802906351,1.2612204893983514,0.9030163400648902,1.5852663453185305,2.2896657961535154,6.707385539930881,4.2843808653017685,1.4230400488872248,3.507728462645936,0.8732532811579128,1.17104161147296,1.1889593064837671,1.1877133492373038,1.1990272666872268,2.5719687371500437,3.328857171828331,2.0667718078828146,1.9912869869109675,2.099920049397267,2.3944264156882955,1.5862334074543745,1.0913935248695183,1.8689979349044896,1.115001998741726,0.3596463341404821,0.2556612209195597,1.6176463716685352,2.230962248742131,1.8605666481963807,1.90191604362691,1.381053442890282,0.5027226408371599,1.901897133682556,1.062149064735225,1.1033256787930437,1.3473807568821778,0.2831359994882655,0.3763900105803752,0.4645079769499324,1.1900589535563606,5.570977910796106,4.018130177983436,2.1245289227046893,1.253087946202305,1.5078101904047243,1.7226656149858923,3.10255217748138,1.9548185962040407,2.065923192969967,3.2989236913758937,2.3533505130145933,3.850502047778929,3.408272454277759,5.447220042262399,5.367819099656266,5.40034320775602,4.07091903181546,4.092315407022359,5.363627851322676,3.591391643631103,4.602713988453401,4.321209771452928,3.448321575046358,4.64711297140519,6.033819632235778,5.35860215097774,6.088167860095508,5.53136579022573,1.9760988587883497,1.9594623885844131,2.105471069526269,1.4207864057976498,0.0197454080084349,1.1648157070250964,0.3743262590086913,0.3456715904394736,0.7654926147643945,0.7446018477343035,0.5803407649227256,0.6413328165378901,0.745205059379706,1.706546104395424,0.9672230644504372,1.869199086866812,0.0394227452111383,0.3709164654419766,0.3079145885285698,0.7846990115057035,0.9581801841251064,1.1019271785212394,4.1902676049374685
2000-12-01,1.0415171255588678,1.5130425520347526,0.8478386441020015,1.3013303609673468,1.3037333190890248,1.1258327675805098,0.1287802197228819,0.7798009229677587,1.581876987157843,1.0725384345224929,1.2156334088866552,1.2798939986156963,2.463728080072393,1.7084447544026624,2.607820376023134,2.4680887476868185,2.4149699111201035,1.5772397338690625,3.5798654584816654,1.5230643048794688,0.0,0.0,0.6101444452287066,0.4627426312272351,0.0,0.0061464953368652,0.0929030175742792,0.0,0.0,0.0,0.0011571591195489,0.0009985878608436,1.5865220354077492,0.0,0.0,0.0,0.0,0.0,0.0,0.0,0.0,0.0,4.385888260578389e-08,0.0041931971977671,0.0,0.0,0.0,0.0,0.001553458604798,0.0021994989713606,0.0024494861220936,0.0,6.12987818776254e-06,0.0018400926601449,0.0,0.0,0.0003698021387234,0.0012959756631,0.3086359347088215,0.2480753806145378,0.0,0.0,0.0,0.0,0.0,0.0,0.0,0.0,1.9609064476898184,0.9671833339762912,0.1367939090056983,0.6666302011378101,0.6672465546492121,1.5525807872196482,0.4031254621898259,0.4136770664881044,2.574033211107164,0.0944888273408524,1.713609988155273,2.0208928298457383,2.797129761636964,3.329483272998008,3.38262812575852,3.342716497095509,2.831673463710316,3.1897428576978784,0.0,0.0,0.0,0.0,0.0,0.0,0.0009717528813391,0.127898267000364,0.0776876341538344,0.0893730010865061,0.7143273528846542,0.837487030666261,1.0324321347414385,3.842560993159185,1.4576525841627554,2.9401717551558617,0.0,0.061191525041322,0.2078465789594318,1.1863876901185832,1.4953466295164135,1.7753303515704315,4.80729836095247
2001-01-01,4.389186590019517,6.68151086076544,3.045631689753803,3.470998904659318,4.088416409017513,4.415828611742871,0.3594274421693871,4.348067358630386,3.298207969694999,2.202934961247148,3.665536295912948,5.562309167775632,1.9497240478555216,2.7134348085152906,3.207700378322935,1.944173641321841,10.033384611917334,6.357987419575161,1.5456485066818746,0.3156021494615308,0.0,0.0,0.220582052305528,0.2047061228511169,0.0,0.0,0.2750320938560236,0.0,0.0,0.0,1.0448113229574507,0.9017607737248136,4.327829948983287,3.0503962011403885,2.551881583129283,2.485200310768012,2.7077490810321816,0.0065343554368335,0.0172305013388594,0.0519662448281222,0.2632301805334214,0.3418181301631565,3.640882807481141,4.783918683102132,0.100541592071596,1.8678161997728564,0.8534764392680858,0.0664364414880305,1.711023844788997,1.581339790304721,0.5082081712035087,0.0641480104121371,0.1014621150437977,1.591044256992275,0.7716902155622714,0.0289008763199194,0.0311499639983794,1.1694189547455025,0.1365330807593688,0.2640628137477452,0.2008119298097805,0.1107462276319118,0.2474486535887401,0.0944284399658572,1.9172435270723227,0.2804075473688904,1.6828130257874516,1.204224435000507,1.488587448379193,2.4164868354190023,1.7737378446801035,2.7162111798198727,3.1691935514390632,4.776104681335858,4.781584584444155,2.607809907463751,7.904520997694936,4.349142069584629,6.475429330192338,13.86571432673002,2.271531878460256,4.381548368532164,7.200948034072587,6.063052570134064,9.582377774013697,7.066737168504477,0.0006347604414193,0.0034557170888858,0.0392288883677626,0.4754765429552693,2.9212308040536863,0.9628259781094578,2.371283324209732,2.833862558514117,1.554912757508498,1.5174183699604862,2.77319872702828,2.73120353127252,3.0796259897168654,14.777047540659847,4.552405748474053,7.75424204913528,0.8563442158121392,0.3929447674729593,0.434721926474071,0.8705997718766861,1.500451387152815,2.3906127805692456,3.6661409485543976
2001-02-01,2.650744034230222,4.646062677616278,1.454549976677523,1.5489639753287483,2.542676989191039,2.621491488996865,0.2205104537625283,2.590134347716967,5.655238998821498,4.602760911502759,5.4386993832027,4.685586018440068,3.4250385739450797,4.16003354873864,4.3826218711593175,3.193122392223853,2.053694915472186,3.3204637736505047,0.3404152540311905,0.1991702311589941,0.0,0.0,0.0753163391427179,0.0,0.0,0.0,0.0,0.0,0.0,0.0,0.102924040851864,0.0888198485820217,2.3055859152612976,0.0,0.1180491060212344,0.117908189921717,0.1529790628720858,0.0,0.0,0.000116681279975,0.0788795237836892,0.0384791725555848,0.5378126619044943,1.2073968483617337,0.0,0.0167777856151189,0.0119239936132624,0.0,0.1852078326991862,0.144800351922249,0.0040900073518768,0.0,0.0,0.1651294401446492,1.4005079315694453e-06,0.0,0.0,0.1153086667126527,0.0,0.0,0.0,0.0,0.0,0.0,0.0,0.0,0.0,0.0,0.0,0.0,0.0,0.0,0.19203083070655,1.6506710477633937,1.723874938043028,0.3884516087517436,5.074822837367313,2.32896173747427,3.768115281933877,12.688341544247152,0.0036287437467015,1.3154780041216534,3.4716085567249104,2.4875208392380808,5.765785038099443,3.336700358795584,0.0,0.0,0.0,0.0191438108681715,0.5756538858367245,0.1328001154172146,0.3124786224260392,0.7013929363031346,0.3235732906524015,0.2971091937293366,0.5376168473608145,0.4724053330081064,0.4262590780504037,0.0009416008798139,0.367401923551637,0.0011422685234816,0.0,0.0,0.0,0.0,0.0,0.0006085841676068,0.8557187612115481
2001-03-01,22.051672489224934,12.984332179733803,17.292073380611377,19.385747840606356,16.00031541727817,12.535689664880186,4.426838808431969,9.390100712153494,14.835459857599016,14.256874631261434,13.069007656299444,12.165697481969724,8.755560312662762,12.090746681496526,9.404613788924587,15.664951287863008,22.16349908558688,15.384818894810913,61.352601964796726,49.17128232372352,38.53701085612408,32.7740204609989,51.95464416846251,83.24348653028217,94.05311714992054,42.62522149514328,69.21887555946905,26.12540701107268,56.11928342769286,54.24925522780675,50.59829617830017,50.848542308758695,24.11505442805022,62.46967275204709,61.91114949968517,62.38506895807672,61.01422023127837,82.20885509511238,77.50732027550356,64.64662635126888,61.30484577053713,63.60570683758578,55.51562866514239,44.79199138453959,33.65548629333043,52.90775342105572,42.97395578531792,35.68754329100078,59.24653711351445,54.39690589040578,43.44477979579876,29.7079084734416,30.73079987500565,57.24308034927628,50.13454692813375,55.57318283799784,55.593174643388735,51.788484993958015,88.23488041180578,72.04509277833893,84.69438595710545,52.45273666081911,36.04088234905441,28.191796635417912,41.24520574554533,29.66408796455273,77.4776429636044,55.66279201896548,80.70597560764699,83.83117950065505,69.40361489937771,79.09954295134763,74.5422422540354,82.13865945442298,74.89972324302525,72.53931212506687,91.5213442269928,71.65005375255701,89.35610442994785,73.00944484451539,78.4485522656625,84.03695280838299,88.75575473155811,85.03476040661819,84.47754300632181,84.24682560133431,76.55976801602307,75.24151171494778,70.12358724179984,70.76129170534023,65.08833533751273,70.38062750937247,68.53826859720549,72.48535019745684,72.94901783205219,73.7647461335901,79.62235899358842,82.63944254216138,85.92932475508047,118.79532510029968,90.05593901561944,109.59559217998728,65.3396977276144,66.25383764828263,67.1079783734668,76.15861274874928,78.55184780100298,81.75686493793017,91.9654645885442
2001-04-01,68.93951104787898,34.11744931610044,72.49244299488137,71.78350268420293,57.33477249028645,41.86803679301268,40.9592431274988,30.353533142018573,5.932898362282877,27.73627081905281,15.04024050578063,11.653526364387137,15.989632436866634,3.9268970617925816,7.475044366715691,13.628888962324243,16.910239933909118,22.2410416355854,20.883758894850427,40.13858784535919,78.74449102263262,67.08164642160554,57.23398973247795,32.65615514691329,32.92917094631038,103.32859763099694,50.88726157819782,145.03361059392336,56.404757376650814,64.13812412003416,39.314240082888446,41.36567692546944,71.32788919048693,73.33916749880191,62.87112765379075,64.95380262349387,60.48908953702907,28.28448546527272,24.77006133338197,29.73896477830142,22.822841782758488,28.93248541309475,28.122529381633925,25.93442656040931,85.11773914083317,46.1216129260416,65.13408119554909,69.28433671357986,39.585096922333285,24.822623137508145,35.635130249570864,53.0959899690157,51.47529596408256,39.21845251314619,25.812682813006955,27.73906898665689,29.866324305687343,39.85880262384565,33.303707160314374,54.42211479559108,26.140437356950187,51.401130636592086,102.61889245581708,104.00707456383432,82.9815013616255,101.10347628387127,95.0192950601133,81.34128330852538,60.93019519067036,57.39218328673305,77.22443664659461,63.051169360752,75.07865578558318,51.30297598647279,60.2295294013492,70.59900818841261,4.967321045277552,55.86485221559512,22.278298416602293,0.5287267416827781,59.43995301446318,40.69403216028308,16.702672324636936,27.950607578090057,1.9374182201448948,21.892340038352277,27.523660393008285,26.64891238166315,31.901234202824465,31.09275253897037,32.33386102156046,31.816232064213985,44.790475195386925,41.47134165706538,43.25628047335458,46.05895178654105,47.03005476204192,48.06893006826726,47.59096340255741,25.526818011096683,43.80458120560336,24.232288159855774,115.07915078391204,106.0249089914164,101.08468471774,80.11600410261185,72.0658934578809,64.4136433624248,32.224772080039486
2001-05-01,8.152833064807194,0.1508730784198945,43.363937834699534,51.38967484675579,28.32842524544708,33.00702939816413,109.65967760666352,41.03519564721277,0.2544610854592272,21.129498219721008,9.864303782961402,5.536946792233592,25.05081731836675,0.1980913762814026,0.1501853350758722,9.65207876326064,1.38609753199395,12.817589684684515,0.111033231571641,0.2902217521948566,0.0159515474921923,0.2341128887695136,0.3818660975346024,0.0012545352070189,0.0,0.0352851496916356,0.0061713777636483,0.0262383644872469,0.0,0.0,1.3209421968117705,1.1450927393514974,6.660339683286497,0.0,0.0267915150341023,0.029606976808881,0.0303955427476378,0.0,0.0035362444660213,0.0018131266963722,0.0232367523042159,0.0035515780219772,0.0,6.371452673064739e-05,2.483159611735318,0.0530618412801446,1.309504367262274,5.980416324004686,0.089202073470661,0.0,2.2236607628609337,5.777581103045398,5.404712765288996,0.3624673326867304,0.0,0.0,0.0,1.1897778541589814,0.00083673844674,0.0120287484999814,0.0,0.0002551114122514,0.0,3.2891476335785645,3.415086194134612e-06,2.8855334915592965,0.0,2.566056290879732e-06,0.0,0.0,1.1427319153496092e-05,9.6633288427526e-07,7.718424060764132e-06,2.1690695797481112e-05,3.2891988060564506e-05,1.3376632737208882e-05,4.7942303929404325e-05,3.8303130541829735e-05,5.324976383667715e-05,5.355816250292273e-05,5.350343563141273e-06,2.215662699104512e-05,4.054866446482206e-05,3.202200215366346e-05,4.235659863352893e-05,3.538144882157858e-05,0.0042018421013302,0.0125425721038716,0.0072490712600082,0.0105042822335428,0.0,0.0085529426394201,0.0,0.0,0.00480300620131,0.004409793993322,0.0031977290397666,0.0028098524909252,0.0025353759759923,0.0,0.0021832384090883,0.0,0.0,0.0,0.0,0.0,0.0,0.0,1.3328924609823574e-05
2001-06-01,1.6501391404230856,0.0203805652117924,2.611774967446783,5.012896914579522,1.7073845466100812,6.6678010898060025,35.02025446910213,12.034347001787848,0.0,6.0457941636394485,2.8111995203381426,1.5718038940976111,12.21395861372052,0.0,0.0,4.605177145014297,0.0,2.6691935717243807,0.0,0.0,0.0,0.0,9.074418181049452e-07,0.0,0.0,0.0,2.304864498637623e-06,0.0,0.0,0.0,2.578256005408689e-05,2.253944971555436e-05,0.9790988147982216,3.1592546843804354e-05,3.4250532487071966e-05,3.289841100159125e-05,3.6591300943647175e-05,0.0,2.770788936201464e-07,1.581260934463066e-06,0.0,1.718473492062452e-06,6.377231409430382e-06,1.6337058136063436e-06,6.121610135701578e-05,5.482697172678861e-05,5.38338080834912e-05,4.767031887229129e-05,1.886132718224977e-05,3.872624404615123e-06,3.133579168617208e-05,7.987598085320615e-05,7.527009372701953e-05,1.9944122575213493e-05,0.0,0.0,0.0,2.7296384829177813e-05,0.0,0.0,0.0,3.569610434820192e-05,7.227872859558129e-05,0.0001342126885324,7.541260184259512e-05,0.0001266886654961,0.0,3.2336203671224366e-05,3.3602963949175575e-05,4.12807805786053e-05,2.439811262555841e-05,9.202266252989138e-06,9.488000078283816e-06,2.8623922475276284e-05,5.020512095818742e-05,2.5547016126894787e-05,1.7218004723274284e-06,4.06157752584269e-05,3.079757563106442e-05,0.0,4.235050155513883e-05,3.2838601445509864e-05,3.0835196099683284e-05,2.8291774679824847e-05,7.726810749752754e-06,2.490577528753925e-05,0.0,0.0,0.0,0.0,2.5083038878067094e-05,2.4577913775888454e-06,3.128450025430699e-07,1.753774367016533e-06,6.9528903858398096e-06,8.610352510890097e-06,6.3540084583159454e-06,6.558648225877556e-06,6.74452940232593e-06,8.073156292595066e-08,6.421048656140474e-06,1.6793462536258335e-05,7.357568659564233e-06,6.432321993639925e-05,6.417492835690924e-05,4.404277261424066e-05,4.354651930442693e-05,4.258126330550199e-05,1.518060173924872e-05
2001-07-01,0.0,0.0,1.2965528211368226e-06,0.0,8.464687916622345e-07,0.1973894861285388,1.362072252142911,0.4033923608482558,0.0,0.2744526278105851,0.1276161699813124,0.0713530261720485,1.333733766670319,0.0,0.0,0.5028751661849487,0.0,0.0859638982637763,1.861555035311313e-07,2.4365577964594462e-06,0.0,7.772048650870006e-06,6.3247240113710815e-06,4.866889389365403e-07,0.0,8.979242758096987e-06,7.065839938167783e-06,9.064834437711277e-06,0.0,0.0,3.132225666908852e-05,2.763665973156939e-05,0.0,5.954524226361956e-05,5.170030948635453e-05,4.898521745482223e-05,5.2453695518413216e-05,3.529535835795928e-05,1.939452753157716e-05,7.408497124287134e-06,7.111066497924368e-07,7.5261953682691136e-06,1.1549652000416844e-05,3.775785433922783e-05,6.812597994630145e-05,4.677022889256358e-05,5.124958691358719e-05,5.82260215663549e-05,2.7087118523372005e-05,3.636229051680057e-06,4.549658914395981e-05,7.340010559592973e-05,7.072534015632615e-05,2.7758578478625164e-05,0.0,0.0,0.0,3.255317538960647e-05,3.246073482297444e-07,5.076742234040025e-06,3.1690850527053094e-05,4.1087872940434674e-05,6.788615222210109e-05,8.225561245804145e-05,8.007697916503689e-05,8.229314699717221e-05,2.906890758614809e-05,6.071841235563871e-05,0.0001080018262284,7.205518446720857e-05,5.138971263951143e-05,3.736046350939106e-05,2.672073823101144e-05,1.660215082516446e-05,0.0,3.861204413355343e-05,2.6868738652194488e-05,0.0,7.268941599958014e-06,0.0,6.261143864243422e-05,3.98932488827585e-05,1.6323861069338644e-05,2.833526403647294e-05,2.147769104350437e-05,2.519481417895608e-05,1.7952010922730338e-05,1.776941753374466e-05,8.708956606896435e-07,9.420604545394535e-06,9.0229452856873e-06,9.8022456412244e-06,2.188486138118813e-05,1.6018355477284027e-05,2.030625997261113e-05,2.5956827849104552e-05,3.401391418519542e-05,4.125755576464866e-05,4.56960974404579e-05,9.2620197015537e-05,5.0176408876482e-05,9.624093498703413e-05,2.7905289364560736e-05,8.330581748559684e-05,7.946332387494251e-05,9.010390615857514e-05,9.154869670376808e-05,9.21802375951825e-05,3.3641224321155e-05
2001-08-01,0.0,0.0,0.0,0.0,0.0,0.00892300760175,0.0615718880912215,0.0182354198120312,0.0,0.0058157449637987,0.0027042302483546,0.0015119950059177,0.1858483665417312,0.0,0.0,0.0700730719836797,0.0,0.0034064552739384,0.0,5.715083766081985e-07,2.604037948439841e-05,5.023920188350299e-06,3.879319126122681e-06,0.0,0.0,0.0,3.125997526878521e-06,2.50971235920323e-06,0.0,0.0,2.2899023404925925e-05,2.097153818083748e-05,0.0,2.564362061397277e-05,2.0890966363763436e-05,2.06890237851194e-05,2.229870547405673e-05,0.0,0.0,1.021440679015091e-06,0.0,8.029132901424037e-07,3.40591480722301e-06,1.9416648153575948e-05,6.773322895069706e-05,1.0454889127783584e-05,3.922819075212136e-05,6.723426059138884e-05,1.1385733769045508e-05,2.197591387495461e-06,3.612177151340861e-05,5.248556640262154e-05,5.2433539702194174e-05,1.4358490450295751e-05,2.127809072069764e-05,1.2917356723757907e-05,2.096824382675867e-05,2.2044038345051687e-05,0.0,0.0,0.0,4.1087872940434674e-05,4.510838057946958e-05,6.105605313491214e-05,7.261669237855535e-05,6.239981639844922e-05,0.0,1.6402313599984447e-05,1.931170424094316e-06,5.00972297634025e-07,9.206077492684309e-06,4.013957634403861e-06,0.0,7.291490591393273e-06,4.179731838927194e-06,7.450644688102619e-06,1.6035879586684807e-05,2.8778807563157904e-05,1.8650369149547925e-06,3.234295391746082e-06,1.1397777640487992e-05,1.1790664645408296e-05,9.791045907306654e-06,9.393737928759693e-06,6.4434701310714044e-06,8.245526047102808e-06,0.0,0.0,0.0,0.0,4.58795341194706e-06,3.492349817793901e-07,0.0,0.0,1.9611703876860367e-07,5.132323632403328e-07,3.721665999671822e-07,5.557680757157806e-07,6.063382170478622e-07,0.0,6.005307074300075e-07,6.497835382320449e-07,0.0,1.4070667320872749e-05,1.0511773835842284e-05,5.8531150635877655e-06,5.040483829526217e-06,4.600626220600232e-06,1.3332012463450374e-05
2001-09-01,0.3475995836243591,0.0063075338242424,1.113907751310924,1.905633868575993,0.7279259207110047,1.4898168988013534,6.337677996372545,2.365815109264424,0.0,2.6575731612167446,1.2357298634161027,0.6909239267995794,3.442528260600504,0.0,0.0,1.2979784966644414,0.0,0.6914657191417245,0.0,6.467378778839045e-07,0.0,2.545414096920781e-06,2.7280563664897545e-06,0.0,0.0,1.2119965257248076e-06,2.664200629967867e-06,3.963174437937228e-06,3.7461077678875215e-06,0.0,2.675001083558493e-05,2.3615266218196583e-05,0.8254496340825811,5.3509127151985066e-05,4.556847643499031e-05,4.581265785594365e-05,4.622127602323216e-05,5.894404861953098e-07,1.6546194968398245e-06,2.959644671646608e-06,1.4129570272647696e-05,6.527509265400758e-06,1.7977681627591563e-05,4.86241965529876e-05,5.086805041857249e-05,5.026324638029171e-05,5.1572429806743744e-05,5.1014702739170894e-05,2.611624783130733e-05,6.3753065113532985e-06,5.194826446747178e-05,3.671569483663674e-05,3.769528824734651e-05,2.705518189030242e-05,1.1904326109465752e-05,3.2462561894873823e-06,7.321151919571552e-06,2.762657738454699e-05,0.0,2.6481315547037604e-07,3.2813125248806046e-06,2.0014166638938137e-05,5.587935447692871e-05,4.879898972182615e-05,5.587935447692871e-05,4.948222475498615e-05,3.1943378897912234e-05,4.8073996496515714e-05,5.2693776046688274e-05,4.664046745295672e-05,4.341068516991989e-05,5.521517875940958e-05,5.461437683582153e-05,5.383978656881085e-05,5.585035851946093e-05,4.696796118976629e-05,5.312945573045255e-05,5.587935447692871e-05,5.587935447692871e-05,5.17960914087967e-05,5.587935447692871e-05,5.587935447692871e-05,5.446161955814506e-05,5.537538313531448e-05,5.55152592497273e-05,5.513682240613227e-05,5.785338792872855e-06,5.02364826784505e-06,1.682505136480153e-05,1.2543998484030356e-05,2.7212062921661293e-05,1.5517493281784947e-05,2.617607135393836e-05,3.163349596577737e-05,2.5582095018419e-05,2.713426065040869e-05,2.9781659702849052e-05,3.0271137272991672e-05,3.081426321692109e-05,5.104188078380573e-05,3.286110449394921e-05,5.0489024658354965e-05,5.219746229739142e-05,5.241465005899596e-05,5.2962700034482095e-05,5.068477472042499e-05,5.0729972938265735e-05,5.020841415855056e-05,5.587935447692871e-05
2001-10-01,5.165271112590843,5.58658521923541,7.612581038725772,9.832378716227865,7.656785483053901,6.614451601522413,4.281210355662564,5.886641344851295,7.874532419805109,6.72223245010592,7.859551749881577,9.094247362539766,4.4917326764841725,7.273631368705207,7.185845443375514,5.5047145113610245,9.035184878264536,8.41973430313467,11.60180948772212,7.059339742291504,4.143497776520259,6.4740709120649145,7.26430368902692,10.982129519081871,8.636900482688858,6.766258707069124,8.28307983757289,6.425445957527159,11.726057325224522,11.41751683958984,16.11905859872022,15.393034797927424,5.962039543336561,4.949528738317531,6.423964832279947,6.160758455847889,6.683839877799376,6.331907810989877,9.504366373287848,12.51453390150187,14.97097659554142,12.718990733370893,12.746219213792925,15.726691067184694,15.186434939237746,12.24374494899138,14.103124224663716,16.916871241411286,11.249389264434395,23.576725232427847,20.95443416172564,15.12418447408659,15.751597334582115,12.937672692887556,23.53387130253548,19.539063879907584,17.904809984871573,15.170911338345393,10.271393206761372,8.718599990330869,7.911533777841094,9.60720865355281,5.863548055077245,7.333792095351637,3.7374672776096936,6.874784401740316,2.120367597381023,3.2568188929062982,0.3564012607783225,0.4863917937130727,2.4562975737865216,0.4424568720285505,0.3266153254475435,0.2441191051552609,0.6257733987399272,1.684621206391669,0.0600778194280532,0.8865051285416334,0.2398999288452104,0.0001719046749642,0.189098641785202,0.1178760355714086,0.0515275620851204,0.0812785356270393,0.0138764322612556,0.0648204238828661,8.41539897102319,8.978664576960691,7.995442297038045,7.54328243263216,5.878730042933728,6.93080776011883,2.235855645731622,1.783447009992985,4.788430764437794,4.558280233011455,3.3925726964495198,3.067407733419588,2.785702708494396,0.027369629767752,2.402209481916132,0.0577247140135714,2.439474629174103,2.137165756211228,1.851539575984016,1.0739314768734112,0.9394025363333224,0.8059960810858818,0.0291012643810899
2001-11-01,3.158981461184573,1.2287474185222085,5.956063503077614,8.566022439340456,4.495636309434665,4.126636398712114,4.599048582825453,3.914836892100964,7.756006270683338,7.152533839156398,5.941520380184305,4.330887791852391,5.093331320479425,7.262462365009855,5.550549346135524,4.959827132486719,1.6231316729756775,4.080502742766679,2.425184653702241,5.117031997696046,1.8217412311089003,8.109727721533192,4.095762692470859,1.364183157158085,0.3214962219594223,3.0844218082817965,1.5750019025832025,3.1058642045567493,1.5940901303337556,1.513914695228947,2.321116442560251,2.234625606022264,2.9115685928392656,0.1823425866207034,0.1882178256711019,0.194876794459632,0.1857758693488817,0.147356159459806,0.463106237581937,1.2510077132912878,0.8494030358351313,1.1268649027249589,0.5177704352985985,0.7161636944902459,1.1665816776972049,0.1991659393430015,0.7088188365123912,1.3934309970111534,0.7054677438660358,2.796260866668028,1.517743405314621,2.849610854672737,2.829339995905038,0.934207010382442,4.324496661629233,3.487508352759455,3.4135539309010627,1.8320408659088367,1.0105591241702243,1.8084145419472613,0.2949363915072973,1.66533243783076,0.4496925403191999,0.9395200053432792,0.2260112967115004,0.8458687099041298,0.1568160785146594,0.4089534050217844,0.6591137110270308,0.6827858767637316,0.425075137264216,1.6020249470889296,6.084110127414506,5.737078167780129,4.684703804693127,1.9209156733705997,2.7256088464330466,3.613270641516275,2.0823728419190126,0.044249863390818,1.652258078052652,3.968253730657766,5.898306888680414,4.160354912831891,1.3762569705711605,3.42575964262656,0.2179328907699156,0.2852286055869317,0.289783507937884,0.2537627397804854,0.0954215835964383,0.2175451877794546,0.1097942119939801,0.0821723721048167,0.147349389117961,0.1372433847740083,0.1002401521017938,0.0882583999214346,0.0796507026096283,0.0011476426134883,0.0686295494942684,0.0001743231147556,0.1773565642407666,0.0776947167755094,0.0854845705163149,0.0905426680350458,0.104561452949009,0.0890070877354435,5.8307099859458775
2001-12-01,1.1736619708802067,2.0060654656670565,0.8183755489051725,0.8287114313013962,1.802801428880192,2.069348456863892,0.1758379029488352,1.964538567907816,0.0045647096466943,0.1628809743059922,0.2634279751272911,1.3162235947792111,0.0914719426033873,0.0820539544000523,0.4026624160604487,0.5597115463778345,1.8638597084572768,2.361357926900908,1.936864924136859,1.099433713123999,0.0483533697885786,0.1536651655023534,0.6310670835172394,1.5499644880554644,0.132110616555103,0.5002972107420933,0.4950235325621598,0.2848192364212962,0.0280573311728245,0.0079656718541663,6.750088175902908,5.89715616191808,0.716240598189084,21.219947042904614,16.039578304637338,16.220379186915896,15.75704294205574,1.335196001476292,0.7831935359277282,0.5873340139489897,2.5502113344301547,1.2577002931425667,5.624170014358677,5.816197777081779,11.753397505935157,14.108329689729908,12.72095777217366,11.612639745789217,7.472175231375711,3.797659168471633,9.498305330291512,7.695146857811289,7.695548770398017,7.496535160578882,2.3183266483465874,1.063771903469848,0.9592230869265524,7.078476581509366,1.0698459317391882,0.8472288095229207,0.8949707413230066,0.1425809843341725,21.45508916713993,14.213142563141524,27.454491564402097,15.760350011967883,23.333321435287544,30.38755540159834,41.6634171425934,41.781255056038525,30.658745041266748,38.23882085365721,18.370762460782707,9.65755962485694,3.815481297992623,25.532084141504463,1.2657849733123216,2.315645157359744,1.250774286699968,0.4995413001385528,35.40826245219136,21.98011039287851,4.0816990496743095,13.795468432312902,0.827624926617773,10.788603865478889,1.224173695684036,1.2166371503634128,1.1162823472529204,2.3743959426169776,5.827385266527425,3.1094594794313752,5.284587691712683,5.935860734507136,5.863921304571907,6.604512747555458,7.774594511084237,9.124578390330608,10.452115698881896,22.260553249763284,13.084243369590878,34.382359642686374,18.693423766835885,18.14809048802532,19.68337474108427,24.24110815593198,25.864687290556173,27.164112183828838,13.59962943771636
2002-01-01,8.027356748381562,8.019318973460342,7.149014013907196,6.826768595150498,6.697745720458046,5.22942801609373,1.047668549926297,4.078706359845271,3.77978850808308,4.734097341321493,6.298317229229615,6.425540662769726,4.088926878985507,3.5847770109227386,8.596188712769372,5.7412170459487255,4.015150267633134,5.289867436810347,6.224348755916656,8.327143248387411,15.204368486115245,7.172685582740643,10.874650747094384,9.32745914054637,19.24602213139013,11.62856018600863,15.020034346832253,14.629226962910357,14.88800486121044,16.6304757832827,12.02725486729761,12.658764907422851,10.321154642649962,15.857600924675438,13.857244025041313,14.187219451923823,13.532761751007268,14.369436654840678,14.90428462136605,14.170145877329348,15.213652165716114,14.105771187754254,11.656522519936033,9.906571715044318,10.180951579332143,10.536948786574996,10.331840038055269,9.795402903621948,13.00574625774098,14.165057366283548,9.384022084812512,7.679978368337051,7.761621362486856,12.732956815879836,17.445321709599543,18.144115845725075,18.047749572528183,12.152165425149128,11.84317531656978,12.668928743295,16.54468939076055,10.833982000613664,15.574226566569006,10.104791903997125,13.93957002098062,10.485352549512596,19.10948128812818,14.488242970300576,12.647641060896992,12.98435726335756,15.967075371425906,12.030565630264022,11.50869002409248,10.43970167991666,10.725326406473938,14.108617235647117,5.6343733271152745,8.243593259674732,6.943479789832852,3.2000661598811506,10.89815286521066,9.853765188314268,8.00747333519315,8.575461020376194,4.989362043282068,7.656829471743419,15.532145991879087,15.730515421287556,15.958284578975926,15.009089402501818,12.550436570241391,14.535608276873583,13.072284233534132,12.540272739958931,13.718565064070772,13.55766435417688,13.244273739923852,13.051128483952157,12.798876484312252,9.99405394880312,12.202860701906664,7.184680251407296,14.6823166787884,12.59088967117173,12.719456584547997,11.457357209277133,10.982120872672509,10.400739308350472,9.560254261158818
2002-02-01,6.4108726721009095,6.6027686833565,6.011217552364384,6.488564240986276,6.262835614777579,5.294818201919943,0.8467303155844992,4.18662977197085,8.972776702662719,7.825260807093015,9.158174954596785,8.344984919845812,6.652469670094528,7.101073562564512,8.373353070888442,6.9399062433480205,11.6841669700818,7.304260176154253,12.880642837333436,9.133861070175366,10.6812340189663,3.0077680331811307,10.909050217645866,13.520290639044276,15.377680543316272,14.1878728178908,16.087726435649724,11.2622000276691,11.865189382866156,10.786549439467365,10.921612104747608,10.96964159016448,7.580320191770832,8.838599864708689,8.216220271920779,8.324832734603756,8.132605584238236,22.795532965274,19.64400194676181,15.776960390076942,10.290346124020806,14.280885763670057,6.936912653381443,6.958412260839056,13.406065052050987,8.563648618622757,11.135858087005332,12.773555246330744,10.900280377257875,8.21724700806819,10.789114884885375,8.79478107319287,8.90542672137736,10.740774950470133,9.472658952370097,11.332960529808396,11.694980017960829,10.67043646799545,13.645426430420388,15.777892654649444,19.824447367998584,16.024867699181893,14.174393808894203,12.299702430206748,11.278963001132164,12.210288116418544,11.044493958307806,8.217857691328916,7.908868076736816,8.036851419554093,9.132239060444634,10.684193364767596,14.656140651026371,14.903043284663914,15.30075743103845,10.84295613800658,16.090568796269405,16.495304322653766,15.888509029305869,17.85700167109324,11.130289004737476,12.752247679134184,15.05833886098678,14.008305854235168,16.32683186146501,14.646448411649994,17.969284379669535,17.427312223420095,16.1059859410168,14.166717990880077,7.199209377460289,12.878748472445146,9.742153652441836,8.734509971478934,10.920000793860698,10.69998830337885,8.934183629962309,8.687496235115976,8.225729591398974,3.291058710586552,7.54393309868971,3.2227316669147537,9.59353189773764,10.64547314484697,10.456917158513592,8.50550518277287,7.8901782900911215,7.189816727604695,12.483575006206085
2002-03-01,8.508000716746565,16.983250487799133,10.071094621764956,11.705554114427777,14.4359204983362,12.987550470539414,1.2020394225901825,10.467169320187914,9.149045063214372,9.03926523562301,11.72172117049004,12.985370493900673,5.411309434720369,8.58976120206452,8.563861322611501,6.034358066225464,9.431680275884933,12.6299207466149,7.51124840770476,7.460520638213616,14.553603410924788,5.167877709638276,9.515627236145331,8.646142341809785,10.553284089477971,10.42896702079134,12.23388442904375,12.5556109010332,18.387508018289378,19.94011540416031,15.4478248216868,15.83293449124699,13.83805195877845,21.586826229801947,17.813285272490234,18.15307460837416,17.53863317013264,17.419301298404516,16.524293815566878,15.91176027631277,15.184547739799443,15.729056024505788,15.011670691395611,14.323678533109442,14.944710938936808,14.678372969902991,14.802108412420388,15.386612505872764,15.944908499097748,16.11906179073532,15.00708783395254,13.520903110751505,13.598568093073853,15.8595756258019,15.63079602257127,15.539517865057084,15.552625329822256,15.36334556292122,9.297347204820872,8.961340385529123,16.3297407112289,14.063166794657876,24.514143505745544,17.7903609363454,28.35822800168878,19.070468108904752,31.93835675530394,28.995696243479568,37.924607213346825,39.93076081519824,32.422867653770524,43.75053899334659,42.08063193311457,32.0179422248311,27.5617529865386,33.66566080016994,10.616332269359244,22.66781157992132,15.62193434881291,10.121490909481818,40.49183914684031,31.252531811365,18.40552065436705,24.45844118408113,9.537495501092328,21.038361931034142,16.22593821090865,16.10087949117086,15.568761628333831,15.26130541356146,14.634476396691667,15.181744706453571,14.876282411207216,14.861026247381716,15.81967778251896,16.1610925187665,16.88493579104639,17.978424456745145,19.597947949424185,39.72592739920708,22.36625360326476,36.86373890039333,26.98207797455957,27.05306410859573,28.29146873313069,31.645094402732468,32.939713649100206,33.77602771413635,26.649332629755595
2002-04-01,68.07600949863169,27.877892201974188,53.7929321178274,50.41728365260881,41.97149193966842,28.43308178701153,14.596272856395103,18.017197221332115,66.74573548749972,36.71373929596374,34.02536268466704,24.69418306427225,36.47085314900293,61.74787439707331,25.14398023172816,27.248491192695496,18.00645255472461,21.9046054635504,20.36028042481098,28.22690031342008,9.433430586719137,47.30015339034453,25.92760065279049,14.368651067039972,13.742373139023917,18.446323457462547,16.049446036033263,18.307974581511846,10.286709707248928,9.708192288002476,13.777911915987394,13.19788025889943,58.17902130134394,21.132991496809574,19.005296515803707,19.40172858266972,18.64108748126135,29.128239347313546,22.872315204911512,16.53955616889106,19.13671544580586,17.174269681284343,18.532126354981163,14.72462675008775,17.280704710880315,14.628140813914568,15.85998900803384,14.49307373082008,17.062223186929227,13.301664603315842,10.255840908368462,12.29299474385844,12.10044296786592,16.26922785188206,11.450752504097771,10.762800900422274,9.131911051311008,14.463291322372022,13.607022821792327,15.095458677617376,24.68692550402473,18.23982540194144,38.01170319320762,28.658751412609742,50.4021245312135,31.507542904879774,26.836820275270725,38.96539790264585,44.396472656646345,40.06703047520863,33.23680221056937,35.119032374629505,22.7251748703709,16.768595612431845,14.849244306826431,29.10778316814293,9.739896479079356,17.84760005297602,12.605530005807353,1.989350721867389,30.96791207066248,21.62565949006503,10.613198833249063,15.826151833388318,6.480288360819372,13.417502405694147,25.29193626709877,24.57552507170982,24.704779010094203,22.91760629770773,19.71221457630336,21.9702963850901,18.62437226816623,15.330064892710013,18.714379405863973,18.22744525130259,15.50780825813992,14.833535262061792,14.468534021997472,10.904322214483724,13.779998242694788,12.476674719332165,26.54227816837895,22.506832804701045,23.959379185186418,25.12587579389375,25.65329025349679,24.473328428626164,11.577555738732649
2002-05-01,100.24140095841469,61.93748969529207,129.80757616543687,136.25241213726466,104.21947386189764,88.62898492776014,121.05859413143877,79.43480950355708,17.286911642352564,65.04228694928409,38.52098338989938,29.728247396590085,35.267438861113064,8.091999446409254,2.207370185612619,15.341223150765398,29.159905505027968,44.82593579278058,18.746113372465985,14.026672773181584,20.220148905072016,5.996550511754471,18.148890246777228,28.707316037414586,31.239832150611416,21.19284782521501,25.16774681830912,25.176932976871456,28.132296261712256,30.41174866435784,10.462369363657494,12.81691455232941,96.21745546961132,0.515562086484821,2.809171130715246,2.738542855354189,2.762425224558367,29.89053237741492,24.822144363789437,21.961442673683063,9.507051269862115,18.853719529673267,4.692008226992504,2.604730193646878,4.449311348744642,2.3057529729444504,3.284938276353534,5.216316501289509,10.13218500142754,8.896211085977777,3.9418191285014346,6.508647351198404,6.302161127345258,9.409048349739969,17.11959910038908,21.757730801659637,24.29486828374376,9.463039779100884,30.58395224855417,24.326485864722407,30.4038896819798,26.93045066264364,1.1342685937423616,3.23269721261345,0.8644877363914302,2.9575932576705237,0.3964068995309069,0.223493739318307,0.2409828485135158,0.1540204291406074,0.3663411618394329,0.1153809536921751,0.0348234049182538,0.0141440026892776,0.0024592207784489,0.2417659440344595,0.0001577608114874,0.0067558525208783,0.0004070283390287,0.0,0.1338985658283374,0.0754635534201479,0.0017508756351553,0.043437919698889,2.576480950982328e-06,0.0334803416714959,22.650661973458806,21.51957548789164,16.987175293679634,14.568486481171693,4.418806657663478,12.666202037948684,6.643056957918622,5.276382526521877,8.459192302138993,7.828451684036326,5.932756198731582,5.219191286999532,4.711261421776782,0.0942991621441075,4.060606722042366,0.0184247878495906,1.073533937972029,0.5854063516656309,0.4519918045705433,0.2308274502423242,0.2138749579152085,0.1888317102821966,0.0053996862399473
2002-06-01,28.05581813245969,1.5802439789814124,88.84343663027789,117.79782618038564,58.17945437759104,66.68481239889344,217.69746903359544,82.02144933803079,1.532754750279782e-05,32.5710681094094,15.145037238727213,8.467925727773878,43.91458213685101,6.522384036415755e-06,5.766967821421366e-07,16.557648784606453,1.2053596786654277,25.065731571756476,3.3876500268613647e-06,5.385074363282949e-06,5.4968454492827846e-05,9.558827170010756e-06,1.4977780231749029e-05,6.8148019498125525e-06,2.621919078194608e-05,1.4087083433372687e-05,2.223694093194745e-05,1.3083083188855618e-05,5.144576694412841e-05,2.8307486995683185e-05,5.437777023442529e-05,5.415997392698925e-05,50.58612241554676,5.587935447692871e-05,5.587935447692871e-05,5.587935447692871e-05,5.587935447692871e-05,4.883346537441321e-05,5.258232311818684e-05,5.310908157755626e-05,5.587935447692871e-05,5.3701754765144894e-05,5.587935447692871e-05,5.587935447692871e-05,5.587935447692871e-05,5.587935447692871e-05,5.587935447692871e-05,5.587935447692871e-05,5.489880671563574e-05,5.434426429058468e-05,5.587935447692871e-05,5.074898521183789e-05,5.108434239298517e-05,5.497711363593202e-05,5.5181752951596105e-05,5.13045822790161e-05,5.478959541778618e-05,5.419686783569053e-05,1.1113050345726567e-05,1.43115589433615e-05,5.011401447405627e-05,4.511206396531664e-05,5.587935447692871e-05,5.546645729979576e-05,5.907723629613676e-05,5.57937270298006e-05,5.587935447692871e-05,5.877722562909297e-05,5.587935447692871e-05,5.587935447692871e-05,5.647443400476524e-05,5.726300112691637e-05,5.953084942871936e-05,5.709475496513401e-05,5.587935447692871e-05,5.66132453496089e-05,5.587935447692871e-05,5.587935447692871e-05,5.587935447692871e-05,5.587935447692871e-05,5.938454138158496e-05,5.970995462315488e-05,5.927886933589093e-05,5.899107170166228e-05,5.587935447692871e-05,5.827772221155157e-05,5.587935447692871e-05,5.587935447692871e-05,5.587935447692871e-05,5.48677174581988e-05,5.165085844860252e-05,5.3735415401914845e-05,5.243506179850112e-05,3.857546835467776e-05,4.859960294145378e-05,4.917118924893068e-05,4.109482295302914e-05,4.183273858775024e-05,4.228760462728658e-05,5.013748896217015e-05,4.397495496642852e-05,5.587935447692871e-05,5.587935447692871e-05,5.587935447692871e-05,5.587935447692871e-05,5.587935447692871e-05,5.587935447692871e-05,5.587935447692871e-05,6.459750169211783e-05
2002-07-01,0.1460662282298181,0.0016923232352989,0.0581545248624325,0.0425593826003211,0.0381543584159167,0.3713106289722521,2.122941136537833,0.7232440177031165,0.0,0.1780564697966876,0.0827934674812394,0.0462916605272393,0.8711764160869362,0.0,0.0,0.3284703153024554,0.0,0.1370990708019607,1.861555035311313e-07,2.628114061855393e-06,0.0,8.370979516801746e-06,6.034403862879722e-06,7.715865309038169e-07,0.0,9.28803374140006e-07,4.816228615559126e-06,4.952248321910649e-06,0.0,0.0,4.277049486167215e-05,3.750287845245181e-05,0.0006689904117356,3.414592845472142e-05,3.549140487532791e-05,3.2006959966419614e-05,3.823753620106584e-05,4.253865276302259e-09,1.8800989143591427e-06,4.725958314765216e-06,7.782393109940951e-07,6.895353928023148e-06,1.1527544250351688e-05,3.15471879868874e-05,0.0001045454519979,6.781277794437699e-05,7.70173586580535e-05,0.0001117587089538,2.5394955218733103e-05,1.573401485768114e-05,0.0001016814252287,9.40056907135824e-05,9.46200098528998e-05,3.16049056533195e-05,2.099780973923765e-05,0.0,8.288544957822494e-06,4.115086648031457e-05,5.146257448829845e-07,3.738893423505397e-06,6.562625049761209e-06,4.7003370902166047e-05,7.530458913687368e-05,0.0001000325763215,9.276750801196332e-05,9.89766028286125e-05,7.712772994140134e-06,3.935425881583798e-05,7.69102347148245e-05,4.170037514936658e-05,2.2023988071781053e-05,2.7478753030123368e-05,7.782606957679891e-05,8.374924588677316e-05,8.601698725161553e-05,3.720368559219941e-05,8.595689207695258e-05,6.996044865902856e-05,8.817032689032017e-05,3.86893180643662e-05,8.302951711725153e-05,6.74732471602925e-05,6.23055907763173e-05,6.009727733545541e-05,5.92001282843626e-05,5.816573885289435e-05,4.853986615386594e-07,4.214916762102949e-07,7.928858917601218e-06,2.5734741614160607e-06,1.4019908573969748e-05,3.162605233730473e-06,0.0,0.0,3.826605873821667e-06,5.221240979594304e-06,3.7861437358188953e-06,3.36927301854348e-06,3.145166199867832e-06,0.0,3.4412674939664893e-06,3.047406731665886e-05,3.525975017436979e-05,5.221367596363752e-05,4.816865554854946e-05,4.975225904688042e-05,5.0239180686619785e-05,4.644877601670978e-05,6.579761117104636e-05
2002-08-01,6.541661106829854,0.773711110852357,3.852662974715144,2.807825227853866,2.6014808593983227,3.95038324958746,12.520839388523616,5.647124362000929,0.0,4.683987315703478,2.1779806819041534,1.2177572118469469,5.846164304031689,0.0,0.0,2.2042506850483456,0.0,1.6643836161432084,0.0,2.4093492438550425e-06,0.0,8.194348106317206e-06,5.647465985241219e-06,4.866889389365403e-07,0.0,2.84447552468852e-06,5.024614040651517e-06,7.567572202374999e-06,8.869017590006128e-06,0.0,5.835179098221607e-05,5.1378042005377456e-05,2.0744899333037887,8.290014578294925e-05,7.01825433165664e-05,6.865119755598107e-05,7.256533539498305e-05,0.0,6.593262983846855e-06,1.7008607299824863e-05,6.851507139339901e-05,2.440906533962625e-05,1.4582239485223826e-05,0.000103955802708,9.272765891036942e-05,8.620203831485415e-05,8.758066499661088e-05,0.0001044953763927,4.8856002578340496e-05,3.902695193908556e-05,0.0001080159226421,9.5515930833574e-05,9.509431113070516e-05,5.304420034771349e-05,7.672505503188799e-05,3.630918271998717e-06,1.3053303935151762e-05,5.8856099201790215e-05,3.246073482297444e-07,3.858342109552184e-06,0.0,4.1087872940434674e-05,9.3092967766313e-05,9.529454819607e-05,9.644559207374352e-05,9.537899052580952e-05,4.910766863896493e-05,5.9026957661279386e-05,9.61219995818866e-05,9.316345909377615e-05,6.525176464782705e-05,7.487884802477755e-05,6.069707552455963e-05,4.108380318175499e-05,1.1398988580133497e-05,5.571298433081234e-05,1.7218004723274284e-06,1.260641324196046e-05,1.799633822486534e-05,6.105137977045475e-06,9.306637607895072e-05,6.419594961127726e-05,2.375456979307693e-05,4.476211410443625e-05,6.153931148908357e-06,3.602972253948684e-05,1.1873222174937036e-05,1.2612660556556404e-05,1.987063939981801e-05,2.0754585896053504e-05,3.920201951188111e-05,2.360515879987198e-05,5.872768935232699e-05,4.2897410400968e-05,3.889552094026193e-05,4.450603505954436e-05,4.303416847080704e-05,5.095733440487841e-05,5.597296441564444e-05,9.39698119108353e-05,6.185531359099636e-05,8.17959677919782e-05,0.0001117556011041,0.0001106647441315,0.0001105983403842,0.0001111931122141,0.0001098460863186,0.0001066098289688,5.117631959170622e-05
2002-09-01,3.7695626552710735,1.9148326088658865,2.070875360537416,1.316327442514215,1.729931626716291,3.4979357029522906,12.323578358639804,5.509511374167525,0.080353814244835,5.6716315331782265,2.8245703127268804,1.8902730835572947,4.0607054777704725,0.0125686460093114,0.0169989594392931,1.5872225010687795,0.001486928419098,1.7806697599462784,0.0001615891479577,0.2015720034520437,0.0420764112395222,0.8038562911897055,0.2363248621472787,0.0,0.0,0.17184080895345,0.0686156353487623,0.088421614138217,0.3294749452415652,0.2842095780007979,0.0170872944348273,0.0481578108773883,0.4458339358724962,0.0,3.4656868443271054e-07,3.8713985383623916e-07,3.21391441222852e-07,0.0,0.0,0.0882092362609708,0.0,0.0693377203025996,0.0,0.0,2.221916692643765e-06,0.0,1.1421583537571944e-06,4.518614795016379e-06,0.0312221202784628,0.0,0.0,1.785963680124424e-05,1.6692204761852224e-05,0.02625151042358,0.0,0.0002241644684808,0.029269780461302,0.0188791504622119,0.0,0.037676121220955,0.0,0.7376536229686101,3.254483289705254e-06,1.6647353239771338e-05,0.0,1.65172019643817e-05,0.0,0.0,0.0,0.0,4.1898333736337443e-07,0.0,1.3559189971089347e-05,8.538562259681856e-06,1.5862707202673658e-05,2.921476694427698e-06,2.565732828519648e-07,4.920953702242635e-06,4.832936392228163e-06,0.0,4.566693576376669e-06,4.3000966757621285e-06,3.6715512769141633e-06,3.453411649075984e-06,0.0,2.6617299951551865e-06,0.0,0.0,0.0,0.0,0.0,0.0,0.0,0.0,0.0,0.0,0.0,0.0,0.0,0.0,0.0,0.0,0.0,0.0,0.0,0.0,0.0,0.0,1.860778425532137e-06
2002-10-01,26.05597271002655,13.990684358473231,19.503452517533532,14.448470499191169,15.564177339809708,15.1872173049864,21.984112200920173,16.159056281034697,6.38834963148338,19.29143985648788,11.439447430367045,8.578224470263052,10.736785873293044,4.539268068408141,3.863078808416839,8.062983547670289,5.731832527846638,10.11666199278524,8.323297585334828,5.379915850791359,0.6108096409594057,3.8415902213666167,4.429077320639722,8.421926659694881,9.0907965629223,3.673793637874379,4.997314280149413,2.623592140402041,1.990960619229757,1.85635426637634,5.733187914247877,5.2097287484063,10.748560869663596,8.206732574328205,8.37727105845861,8.27081460072977,8.403541816678612,8.89231319795685,6.435064359981953,4.465453334536549,8.574638956498614,5.530553218852191,9.145997925406332,7.888201030880799,6.414687862731828,9.684231021140592,7.868703895334156,4.98071033277642,7.019060660401318,7.204541981376133,5.621981145176649,3.3548119999619894,3.5196822344632763,6.9132383054516655,5.102095113130819,3.424191916447922,2.662102676237849,6.061027265638439,8.517188759236936,5.871224940768112,7.753571285502584,4.211034134906089,11.64002147005297,6.750444284318858,10.549705771581888,7.234140778333191,8.671693836083662,9.10964386355276,7.923660692459104,6.526985968615639,8.031347338911177,4.719595625939855,4.154860315887052,5.448515388039589,4.647397768432499,6.785359251716716,10.28679690983751,5.873183296281959,8.366100403023012,11.573716482564356,6.889414895162965,8.259997033144518,8.754930844463583,9.077210850774309,10.893542448759115,9.578348919319298,8.823189450976454,8.63621634839736,11.462792647573549,10.725393995094205,9.995341268770176,10.33616797644602,7.32779217789963,6.082497605093912,8.154460851100414,7.805703918704705,7.049533733103182,6.728385172531853,6.55813788165083,3.995354644579131,6.115581242546983,3.81239358673344,8.676203850761594,6.756059245897016,7.211403979348458,6.981560450304054,6.859040900373785,6.554534040848592,9.393622540566476
2002-11-01,16.123932348768687,13.575646454173212,13.6071178362115,12.684624187759562,13.344779854074622,12.273843642733937,4.852006077870827,11.283965426241368,12.909356635293465,11.58043679307374,11.622278606286782,11.728717732125745,10.334971475789269,11.984387472662956,11.270112550867184,10.71233141038363,11.463413340508358,12.560458152907792,19.05756071600341,17.288808406566318,10.251413586347148,12.254325799925658,14.475635078723409,11.508421000841166,11.916358190556156,18.69811764518752,13.452433118260156,18.50034764649244,14.437903581719436,14.70377520199108,9.046729324841024,9.512598237837826,10.057822155100402,4.283536065816824,4.7521238480058665,4.871902837483223,4.703574628712931,7.719537016147295,10.167477732411012,12.58655014778099,9.93823005006243,11.818776086288729,7.688424738692754,7.49077100518635,8.09824066432971,4.291242904505048,6.3812634141922855,9.1608002274436,8.368326928506956,11.27312777541982,9.1717513152679,8.647294446735357,8.675265723362669,8.565124642955395,13.61218207726862,15.343874439198412,14.943740986562162,8.982264161765615,10.747685428449747,15.093736231078118,7.827264861528778,10.775988973693469,6.82100625759589,8.324713564322511,5.524529223051452,8.006197395952437,5.899259510658458,4.963628111640654,6.757173727617397,6.4299856599741485,5.570356317141088,6.540197429053499,5.157939403852192,4.214363551337297,2.71309600872169,5.131338592014067,3.056612102235184,3.173177827233475,3.066366341211776,2.593502094426281,7.313768708615287,5.86628234334222,3.90195632390181,4.902837190792636,3.1924686876826724,4.487890005025871,9.042083396688842,9.295927331292134,8.81665295677028,8.228347701458855,6.158144122518957,7.787276248879174,6.538492696755507,6.142692035071258,6.871866862263711,6.702023832208728,6.60507791681017,6.508838170880436,6.746256053756593,10.4429028555279,7.265397410015809,9.867044664916754,5.975744175892407,5.748860248673343,5.793683374835906,6.11989937379269,6.138664740902022,6.494342921598786,5.749252130683983
2002-12-01,2.026234548737433,0.9959831757989588,2.420225777292237,2.458832229024415,1.7866792733777843,1.137746956035896,0.3621966176226536,0.6296232831935106,0.6501946439036017,0.5871367105178394,0.539323724850136,0.4673112844643848,0.3942278351429645,0.597543896579313,0.7615458145455284,0.7002503445369532,0.8907631766791937,0.8588213649515077,1.5857097647321874,1.3800683013565502,0.591496498145549,0.3667549334042267,0.9841323494859148,1.3706296647472016,1.0922064887685348,1.058730817015063,0.942510472459594,1.074414676473592,0.8102358524318979,0.8721627083907355,1.3194943100740548,1.2640905542852574,2.3923671244257614,2.1931802496594663,1.8258362640041048,1.8381573607862776,1.8071241122427169,0.768918018850562,0.6711780710065329,0.6366796288520341,0.7094525968771123,0.6564082476412194,0.8035726063458352,0.9627373101037768,1.7008136254422588,1.414952847098398,1.5506842061742925,2.144465020885546,1.1412611004137314,0.7814065128346872,1.7544818377448954,1.9462829636360544,1.9194110508197144,1.1845495672506583,0.743611328948291,0.743074577148379,0.850683747769103,1.3000421948639778,1.324490428954504,1.211771401514048,0.7996728518068245,0.4395484978606535,1.4092144475962758,2.392804574026888,1.7963891507697236,2.3366300887177656,3.0963534438279385,2.1761360666915235,2.476162946518241,2.5664479705323164,2.454253234614564,2.183212602101797,1.811699595330357,1.6679513491840152,2.050692956196522,2.247868629818487,1.7992120833524967,2.532603826796348,1.9350268564629372,0.7409710338292015,1.87127450710296,1.60211392201462,1.4021953021322744,1.4767822843981415,1.44837459713003,1.428770033630129,0.6713533442549741,0.6754226442355399,0.7258385062683468,0.7844677617041123,0.8716597877895803,0.8671754836131002,1.712154459939118,2.575880850369843,1.846957774716489,2.021243820213759,2.397949214575279,2.4994069593004897,2.425465825088468,1.000274979447678,2.2393314685189427,1.4286724652430889,2.749960080293721,3.4873145094813367,3.518910889840696,3.241324306914793,3.066198355831029,2.84851675353386,1.2856881597066256
2003-01-01,8.396664354101924,9.603119214196678,9.931950308784996,11.034686509908118,11.021386387157422,8.8928299454488,0.846249172398045,6.421224418007471,4.941087316179634,4.272139371662691,4.905428614384137,6.86525453876912,1.681492057434098,3.89975562524684,1.924107946445082,1.402125407364327,16.57137380965593,8.848253915509744,5.224670703361719,1.2229792389332304,3.5979983812389045,0.0126079678340432,1.1843281960461922,6.488031621485545,1.4457209677936749,0.0411543647576063,1.720118597377393,0.0496853671923267,3.382236189714194,4.113166378483541,5.273863040906085,5.25894975652665,14.190235491945588,6.248849818257237,6.686968479034764,6.676947779505223,6.680617194646832,4.169323061556375,3.0370558950199973,2.667562775152228,4.704602587022555,3.362858640242981,8.185379208937663,7.345502749403751,3.6437478731305446,5.778063567186791,4.648097378774881,3.782349925289144,5.2232035196696245,6.480070566651498,4.929090561235327,3.820285564146329,3.917267920306512,5.267947589793619,5.286562532689745,4.842925666723024,5.899287356698834,5.153496351739115,5.269211761962857,2.257113154642898,3.8449284152035705,0.5181440172337102,4.331681677358432,3.5425357673841846,3.72582060561945,3.5248724340164497,7.055096113039153,3.70651802917776,3.124692736206576,3.1929335908821703,4.351623845649365,2.599576095522392,1.9107378534547936,1.8433768247393167,1.7801666869280013,3.485776707055933,1.8422443160001352,1.649446634348538,1.567497077412943,2.242433328088136,2.2227890119571008,2.03782235184153,1.677366039422897,1.9488376210831369,1.7957740712000416,1.9427863940063892,4.287492006488325,4.237437757605319,5.17458683334046,6.4088845027781325,8.91795997374517,7.012705914286157,11.99667225438592,12.543444959552383,8.202412270584421,8.08202620745696,8.856700469159675,8.67518844969258,8.583660511856777,10.073691337723748,8.6249171717033,6.411249500540627,6.328458889411429,6.051973843584529,6.033698952915555,5.381582249347417,5.1271242054953445,5.034324991244104,1.89858195326037
2003-02-01,6.638277292250384,5.8555030039582014,4.504975162268133,5.163593538448217,5.087131147497002,3.865683077865053,0.4903450438901502,2.5367116336828697,0.4461685857514712,1.5757356499238886,0.9618539732895248,1.1401802926159448,0.3223991927569159,0.5018644137783598,0.0401790445366078,0.128166455936437,1.8817219640606293,2.418152638625904,0.0789691019098778,0.0113503907202634,0.0,0.0,0.0044729731244359,0.0023853126457998,0.0,0.0,0.0004912267019671,0.0,0.0,0.0,1.0183085704929735,0.8787646918287791,5.336404484337384,5.934565385353141,4.564332342161547,4.697894223815864,4.408688483302354,0.0,9.081225149454965e-08,0.0067893854027778,0.3088048245516253,0.2324463185148495,2.2159473375108547,0.9231153927918234,0.5152111211485052,1.7371088690342735,1.020548544625782,0.2732438984328481,1.8657794553837488,0.1201228878031989,0.4960453554939494,0.0292223375316701,0.0548385215487653,1.6148871192316232,0.0138247668604371,0.0181329255983564,0.0001207224421799,1.1408394248202067,0.0059541240538744,0.0013283362818283,0.0,0.0,4.244013810905199,1.6178945003091347,4.8447349305781,1.9898202598889068,4.858670154060316,4.723738354932517,9.491413301284648,7.246051647882712,4.922284773742783,10.288149379177812,15.728488482191196,15.904943765381798,15.3519368687367,8.2223886690584,15.940166618022197,14.058266239567104,16.945915789052975,16.12910539850832,14.55832086952759,15.055533058887615,15.52036088157606,15.345387644540835,15.404576615623911,15.393921078009344,0.0,3.081725887977235e-06,1.3806096301690244e-05,0.7308864703569501,3.931865732765934,1.4862372093431102,4.83899601647649,6.335917404168587,3.70883018244387,3.935976908969823,5.708979911205612,6.1809801281485655,6.944469886499687,16.31296498233167,8.497226280161208,17.847811555963176,3.991821740647204,3.886098730151404,3.794400229650884,5.537160216390833,6.666951313526559,8.1533080009698,15.885766315491336
2003-03-01,38.61160342363442,25.28671634701456,37.09068294410263,34.59980979510145,31.74778135722858,26.845260833022305,12.43681398466333,23.256666291848543,66.77311744586045,43.8548413722507,54.0680255453149,47.53631099712762,45.87958896173007,64.72046215156631,60.98699832956179,46.951982597098,30.42031056981529,35.26566953455701,45.02851411818722,62.058027057692726,45.72148947088664,70.18507329561162,65.00210931227475,58.89151494180898,68.92729367291916,73.6470161628404,67.45143633040136,80.40650521303489,53.068529538544674,52.993102640599055,36.44064681736291,38.21812559649067,38.22566061230886,15.99972328230997,21.806763014807583,22.0143379888222,21.69281553676372,62.49061440898496,57.790766121118494,50.098167718243324,42.05969134803572,47.43002341340235,26.1960927406355,22.33067501975629,40.20700732827409,24.945749845456863,33.21874518341941,40.84807654979835,34.18834898473127,29.130319371951742,32.611391807186514,41.12730084661405,40.37437327257681,33.770077997753624,31.6150083985086,36.78630742445552,40.29309513178698,35.14320157572088,61.31546664918502,65.00974482046368,64.67720067140846,63.418679356294575,21.146785424119344,29.44603147859821,18.432491693706297,28.13056909399634,23.260361965694585,21.06316966700581,21.601837585874296,27.50696172272749,25.9225624799624,22.90573709235009,15.109617047215622,11.78306480971441,11.75764334795833,22.43984877128148,7.782176770404468,10.872379715878266,8.667116289349735,8.747712535185098,13.64975908398979,11.209833994670657,8.012345787956894,9.6756854635827,7.38047773713501,9.172648802185446,54.991939657799136,53.8813482687112,51.78029041555665,46.033802750441794,31.055318436208974,42.75463871460156,25.640758180202624,20.055975672199644,34.06138192602568,33.132578003749515,26.43881169142806,24.829452706317102,23.49822089994608,8.982476937127032,21.482375627531606,9.21084514626257,29.24084890217625,30.59656915686909,28.63107253540794,23.776217863936814,22.137995827062213,20.20929261717392,10.650830669350208
2003-04-01,40.427284070843896,27.42467995193373,44.0256066375585,44.19572981512722,34.61392893512192,32.25642394790945,40.01874238703153,32.909222584189195,36.9689120815556,35.1577961043845,35.544882333137764,31.9652620865328,34.96355263618079,36.787252022245376,29.85051457628422,30.067522049438654,24.72141258759421,28.206720939991364,33.56865422616076,36.9206237110208,25.581750839291036,37.90365883314978,36.99602632792339,39.98311459805645,37.7250992867905,39.57557235181808,33.646086877840105,40.328971162906186,20.163708922927498,19.936664989834377,19.73204062321116,19.553169976501746,22.382785334692223,14.667480475231834,16.088208989402386,15.677684678248022,16.36524835164847,14.936066795682258,17.90061111716576,19.688403916542462,12.605106768634244,18.19298768795477,15.730644882668978,20.093509854563315,23.208649552648545,20.01939996539092,21.64637073828557,27.981454734670976,17.996284051050313,21.292574562450177,24.904255628153837,25.16877086927804,24.949551379027568,18.91939400001767,21.799225988091514,22.030349404741184,20.3724748556784,20.020202446788428,38.23225876394788,38.49347835152381,22.50950481828534,26.844127087743903,8.918383187006174,28.577471748338624,5.0638791949344535,25.855259611534773,11.588465263947946,4.299140814985651,4.517019453748586,3.549571366709008,6.5528890793521,4.618810664847393,8.120995562925634,12.385319523933637,8.537265556467476,7.248229753149503,20.50959850871215,8.508013719646717,17.45216889600361,18.568583356828263,10.467174632118706,15.022686308331028,20.08061972582992,17.562679622598548,21.166963501255672,18.40113887042088,14.576389844900271,14.61543021736019,13.110227811850518,12.499751577286863,11.17166403484187,12.18804735438567,12.49253178618322,12.188392628387987,11.24416990152168,10.701787280317374,9.093568690287896,8.303802303547021,8.01228856292885,10.89414603098955,8.436526504485096,10.868493073878732,9.189313380892925,5.4105459746475,5.260136873687974,4.109621307323529,4.578085080891045,5.578192790493231,16.984072100975965
2003-05-01,46.81936821186471,28.25541940747869,68.00629283162768,63.902323400732485,53.35140582683361,62.58539093066908,132.80308399926162,73.8847876173428,45.657496862206855,66.99624406114448,61.86392190578822,51.70529014861383,50.15833471225246,45.16507438880519,37.21295897048613,27.396627266986616,4.708012499026333,38.266916662033935,0.5812903300785264,1.6876450443930973,0.5846052109968072,3.2087222955492174,1.4050818294325922,0.5187080869830588,0.2922494307402108,0.9436542823623634,0.3912263782743023,1.9096751071151297,0.0038597789196882,0.0088946085763371,0.0006368017822669,0.0044797986889738,28.186328833989624,1.0288685689332447e-06,6.868094163264519e-06,7.672107346711046e-06,6.36914637916288e-06,0.0,3.2892940101643616e-07,0.0001662698021439,6.201316042264528e-06,0.0001313967574467,7.516860272398873e-08,1.4956741086640528e-05,0.0001770419136868,6.5054899893115e-07,9.242058698042314e-05,0.0001076711715791,6.707306432043851e-05,3.637027456057764e-05,1.2857526716899452e-05,0.0004333003774178,0.0004051387574496,6.283419678038973e-05,3.332848645594341e-05,0.0001450245560052,0.0009625245399598,0.0001528078369005,0.5735912491152125,0.6738327362706789,0.0,0.0029341216243851,0.0,0.0003929097465635,0.0,0.000344952914254,0.0,0.0,0.0,0.0,0.0,0.0,0.0,0.0,0.0,0.0,0.0,0.0,0.0,4.489732659103889e-06,0.0,0.0,0.0,0.0,0.0,0.0,0.0,0.0,0.0,0.0,0.0,2.607132672327869e-08,2.1357239735596625e-08,6.595056678495615e-07,4.5843914069284e-07,4.209076741103607e-07,2.6929422974675098e-06,2.366418072549958e-06,2.3422365854859367e-06,2.3931346709459103e-06,2.178183805040761e-06,6.39679450576541e-08,0.0,0.0,0.0,0.0,0.0,0.0,0.0
2003-06-01,0.0403997975581678,6.187262222215564e-05,1.7209428901552002,3.0559419275647923,1.123543554277236,14.828346713133016,90.86569178433396,29.256034994897355,0.0,15.310212925979132,7.119009472329477,3.980395923292908,31.132417794601505,0.0,1.1201654998629872e-06,11.738234378009263,2.981040685748288e-07,6.071654052271007,4.6438600105308255e-06,5.0332423790694745e-06,3.810961386405324e-05,1.1613994310926772e-05,1.0592531843273046e-05,5.655304547752259e-06,0.0,1.6039816480347067e-05,1.2703965983004754e-05,1.7513990125973767e-05,2.3063211900353105e-05,5.040415829576869e-05,3.601496694479053e-05,3.525864409394092e-05,0.0767922546467701,2.334340601611852e-05,2.2891613299372345e-05,2.2176715260643783e-05,2.393443069611954e-05,2.813551520340737e-05,2.886650655359964e-05,3.904505598094432e-05,2.6157194901802604e-05,3.555464088490478e-05,1.26804964150679e-05,5.484830560557157e-05,4.840598616473172e-05,2.1294659995907196e-05,3.589511723046146e-05,4.631453517311876e-05,3.113943769694638e-05,2.872378498303704e-05,4.419500175195956e-05,4.743920560226537e-05,4.75153024361802e-05,3.2297239616630864e-05,4.2897274037221584e-05,2.9111987709532367e-05,2.9121091298233287e-05,3.564673666250137e-05,3.771923431605056e-06,8.480223861718218e-06,2.9773667959887767e-05,2.7303746418253804e-05,5.126700676902822e-05,5.025317344683082e-05,4.5349588331438914e-05,4.951990150644535e-05,8.060111240621814e-06,2.564834072218325e-05,3.2873045497942106e-05,3.1917243749795155e-05,2.3003569820105668e-05,5.120516628860268e-05,5.077520081230507e-05,5.270047169610013e-05,4.871897918242296e-05,3.358887936231394e-05,5.587935447692871e-05,5.587935447692871e-05,5.587085634167352e-05,5.587935447692871e-05,5.5877268885869774e-05,5.587819472282068e-05,5.368597391026782e-05,5.5277453361167705e-05,5.587935447692871e-05,5.541543693197947e-05,3.829778477764226e-05,3.6512352255255386e-05,3.26537904258288e-05,2.8802394391254904e-05,1.3803875001131324e-05,2.5963267175291905e-05,3.3527233774068564e-05,3.1831066256390505e-05,2.4969573750878216e-05,2.5020155667090594e-05,2.81597365700198e-05,2.603588354717704e-05,2.575095417572923e-05,5.5294666446351673e-05,2.826974946077853e-05,3.578609111547343e-05,0.0,1.7991699050942892e-05,1.881443835444104e-05,2.0899897495639064e-05,2.469088131333591e-05,2.79960048156012e-05,5.587935447692871e-05
2003-07-01,1.2969577667748276e-05,2.2420544500576035e-05,1.2929325018067017e-06,0.0,3.5130702488051297e-06,0.0127181092325928,0.087709500139414,0.0259876624623475,2.798980209888958e-05,0.0234145083322363,0.0108972587627092,0.0060960017310486,0.3526049846962603,5.122391426324392e-05,1.9804411223429222e-05,0.1329553751802471,0.0,0.0059591679387283,3.104943625941762e-06,2.9426432483456565e-05,5.587935447692871e-05,4.929522085484787e-05,4.181770651663441e-05,1.7620026951179658e-05,3.69153333749962e-05,4.614849909162604e-05,4.719824207224286e-05,5.436446009336525e-05,5.587935447692871e-05,5.587935447692871e-05,5.546949791227279e-05,5.526177989613176e-05,0.0,5.587935447692871e-05,5.587935447692871e-05,5.587935447692871e-05,5.587935447692871e-05,5.587935447692871e-05,5.587935447692871e-05,5.536281068046893e-05,5.587935447692871e-05,5.547332024739511e-05,5.587935447692871e-05,5.587935447692871e-05,5.587935447692871e-05,5.587935447692871e-05,5.587935447692871e-05,5.587935447692871e-05,5.569652199737656e-05,5.587935447692871e-05,5.587935447692871e-05,5.4500636151365706e-05,5.4590758921748535e-05,5.5725630256972153e-05,5.587935447692871e-05,5.587935447692871e-05,5.587935447692871e-05,5.544435050441687e-05,2.8681605234836717e-05,3.560858757450705e-05,5.587935447692871e-05,5.136639363263857e-05,5.587935447692871e-05,5.7033084725144206e-05,5.587935447692871e-05,5.700346116077647e-05,5.587935447692871e-05,5.587935447692871e-05,5.587935447692871e-05,5.587935447692871e-05,5.587935447692871e-05,5.587935447692871e-05,5.587935447692871e-05,5.587935447692871e-05,5.587935447692871e-05,5.587935447692871e-05,5.587935447692871e-05,5.587935447692871e-05,5.587935447692871e-05,5.533513901499693e-05,5.587935447692871e-05,5.587935447692871e-05,5.587935447692871e-05,5.587935447692871e-05,5.587935447692871e-05,5.587935447692871e-05,5.587935447692871e-05,5.587935447692871e-05,5.587935447692871e-05,5.587935447692871e-05,5.587935447692871e-05,5.587935447692871e-05,5.587935447692871e-05,5.587935447692871e-05,5.587935447692871e-05,5.587935447692871e-05,5.57567917229874e-05,5.57716582790414e-05,5.578217843166974e-05,5.587935447692871e-05,5.579567518184128e-05,5.587935447692871e-05,5.587935447692871e-05,5.587935447692871e-05,5.587935447692871e-05,5.587935447692871e-05,5.587935447692871e-05,5.587935447692871e-05,5.587935447692871e-05
2003-08-01,0.0,0.0,0.0,0.0,0.0,0.001553791323055,0.0062038350283742,0.0031753908929365,0.0,0.0003943186601629,0.0001833519961657,0.0001025161606325,0.1486113617130214,0.0,0.0,0.0560338986955787,0.0,0.0005481836405965,0.0,7.094127726033668e-07,2.604037948439841e-05,5.408176086766495e-06,4.296231997974569e-06,0.0,0.0,6.754596099381454e-06,3.995724117590807e-06,5.534136574709127e-06,0.0,0.0,2.880785239821552e-05,2.589092953334958e-05,0.0,1.9113107704561983e-05,1.732539420335543e-05,1.61963027633177e-05,1.920936388316503e-05,0.0,0.0,2.537795842150499e-07,2.1743059078685918e-07,6.472030208599221e-07,4.947710290718481e-07,4.471289376996823e-05,8.501083509222341e-05,1.7622281502232465e-05,5.168232601509715e-05,7.468069990415394e-05,1.3063109124585971e-05,2.981362754881681e-06,4.179791921468188e-05,8.19721820181925e-05,8.107739200035119e-05,1.6643262903094016e-05,2.9824794047704867e-06,8.626609755856421e-06,1.558942269411093e-05,2.846293218339488e-05,0.0,1.7697842572508991e-06,0.0,4.1087872940434674e-05,2.2490106325546468e-05,8.08020485163717e-05,4.881164089870876e-05,7.807705972454823e-05,0.0,7.114432185816425e-06,0.0,0.0,4.242684720431685e-06,0.0,0.0,0.0,0.0,2.618621734896072e-06,0.0,0.0,0.0,0.0,0.0,0.0,0.0,0.0,0.0,0.0,0.0,0.0,0.0,0.0,0.0,0.0,0.0,0.0,9.863979752132372e-09,1.7979870254354033e-08,2.538840140146938e-07,2.2309261397143186e-07,2.0130012365820459e-07,0.0,1.7334161319122416e-07,0.0,0.0,2.253251085536926e-06,1.4823634044630977e-06,5.389983785224622e-07,4.582227162543338e-07,3.878157264567316e-07,0.0
2003-09-01,22.68927075226941,15.773259523638576,11.873200672434088,5.714115993585546,10.885127931749262,13.10338785271787,23.48985957009064,16.288239557719375,7.259168360089967,15.708487468473178,11.006255591576467,8.99926520379607,6.796918378638027,4.464720156632109,1.589001962755465,3.032657335714924,23.30273872202862,9.009443195957918,0.4520517937019104,0.0685003040817411,9.784614696335968e-06,0.0006446070308599,0.0262574437427676,0.0,0.0,1.1149946425011769e-05,3.153944622720953e-06,0.0,4.002831657294316e-06,9.624744033093857e-06,9.091762928353084e-05,9.333582850862627e-05,3.5483416654344038,3.214148816220049e-05,3.079956134314611e-05,2.9188583865821707e-05,3.25529132036657e-05,0.0,0.0,3.6268057217843695e-06,3.191196256710442e-07,3.986921364834903e-06,1.2981426971236789e-05,5.587935447692871e-05,5.471856080223931e-05,5.587935447692871e-05,5.5282687934163706e-05,5.587935447692871e-05,2.1909859270752723e-05,1.8957354092727604e-05,5.587935447692871e-05,0.0002311076997191,0.0002193804583141,2.48740632863933e-05,4.839956118740302e-05,9.366248388333862e-06,1.324111463011337e-05,5.933738242644143e-05,0.0,2.35615637013121e-06,0.0,3.28607314756649e-05,5.587935447692871e-05,0.0003211101379311,4.961355136418501e-05,0.0002874816265494,1.0388105395565549e-05,3.405041807889243e-05,4.8909001638262926e-05,3.97357909939375e-05,2.7571179860751e-05,3.708413298957864e-05,2.2864059369262826e-05,2.602923035396763e-05,9.008504372663436e-06,2.513688887614958e-05,8.391212413575344e-06,1.019623040389866e-05,1.605568078691483e-05,8.269163667091385e-06,4.980462502528651e-05,3.779821355364965e-05,2.427426882362449e-05,3.098877533009996e-05,5.794896336739307e-06,2.5838898260713284e-05,0.0,0.0,0.0,1.2150240381092114e-08,1.3706658533080276e-05,1.20562717833413e-06,2.1419361094224613e-06,1.4687033575467176e-06,4.992178465109928e-06,6.291215472748612e-06,4.562027714469676e-06,4.574684990053531e-06,4.541620762665107e-06,8.851386015203762e-09,6.407506839164919e-06,3.175419500719067e-05,1.6775670882059244e-05,4.106804113751327e-05,4.218090673449172e-05,4.2096971073499184e-05,4.32021482432953e-05,4.515003056840075e-05,5.33178788493538e-05
2003-10-01,3.372939831926098,2.1767048290541857,3.66601615862859,4.44761470397905,2.7339606073843887,4.363521612971337,15.7624123974788,6.330423725532071,0.3921803333220598,5.1542747275789775,2.52503549633261,1.4885448889540556,3.767110564481278,0.3550359626917835,0.1941401161923832,1.629106134594825,2.867008342164145,2.1199699859416774,0.2994438750467735,1.7048606013610774,5.57510986640492,5.243182140651043,2.6134585850206857,0.616475437233351,1.1654468413067356,2.932163880270913,1.7955015807982242,4.550697787901546,6.559183780291129,6.367815578723855,3.185866573888636,3.552247776771504,2.514515541922949,1.6895512778317814,1.5942744345110782,1.6215208825120755,1.5533855663327594,0.7315378048974261,1.264902748638005,3.049702548358522,2.28177796756277,2.841626206113628,2.1530517921045638,2.091545407910468,3.2117134988931797,2.137346290690259,2.731412942668003,3.4224928238492462,2.2603433571003,3.994155656077626,3.4891754395728105,3.577622842526133,3.589326321258696,2.470366197688921,4.788403416084255,5.285719544906149,5.286806265920371,2.997591595240781,1.0945981733023906,1.365379117062576,0.4942682920634316,3.201665237653148,3.552434891777989,4.2729388772656725,3.0138507576349456,4.219248171645454,1.9999090915185027,1.6938643698276992,1.3382212985859667,1.6812355507316783,1.7834774334798091,1.5695163422241465,0.98857381586191,0.8000993424522982,0.4687811265561727,1.479268322823828,0.5677571380063452,0.5634835286100768,0.7132489262621732,0.0307900473566421,1.1876356880407524,0.9672476613283204,0.5130077343956247,0.7156471073370361,0.1570149714540378,0.5796316283774752,1.141989953772455,1.2985967069544897,1.0206665608150975,1.0129150373243314,1.12875038742234,1.0198947831218252,0.5524490960727244,0.6643428849563563,1.0433293189490245,1.0666003196857523,1.0170559340380252,1.003903220595618,0.9589695448109726,0.3692154810551251,0.872296198140709,0.433183988324908,1.4613934856260375,1.3618255268932724,1.406581157314429,1.2592801701849974,1.2020976920022768,1.084639206617819,0.4684171474132863
2003-11-01,8.017909000498692,12.9331116772792,14.078729722315574,19.14004815078163,15.950887660871592,11.069465431443186,0.2394148106625575,5.031528521074071,2.585041513901293,2.03701794348162,1.987228519823271,3.3777690453076663,1.0078063046340664,2.432555412146233,1.068763966536989,1.1252007172587306,4.232573275649886,8.541790178409215,1.14188559662931,0.9091361266199788,2.9017770874381164,0.6961911621890372,1.7715192770009311,2.197263189933361,4.300207210991056,0.2377891421316449,2.650878648090094,1.1901080844092988,6.429042779953688,7.030749371581692,16.11166202449994,15.006364209398985,22.92956393564492,18.737589197473078,17.627324871236464,17.929300800261124,17.400327182388956,12.251736244273188,9.638064709534197,8.268683420298883,16.652667263830516,10.023355750811715,15.89617985764697,14.92380217150855,20.378356781682424,15.169777879492344,17.909743144360913,23.52912363245774,13.713919679580377,17.599702589006817,21.532710585223487,20.77712110239561,20.74369323069108,14.682849579856336,15.803086723688429,12.730652577061411,11.490901991377775,15.885349100018445,2.367572643821854,1.5911806789682332,8.7446153640542,1.5693868154376962,19.66504011092825,19.393522635929056,18.713385472041782,19.236643741155948,23.55372621926717,18.61293998589005,15.857200727315584,16.43175208608,19.37895592060627,16.67263775854879,15.522032947421415,11.47753864966624,11.553031204161336,17.09226786086066,3.9935214309758496,8.054243514329396,5.307367195022293,1.2667926291356226,15.685647439270378,11.00907050055381,5.9034256829714975,8.424915336124936,3.543013938218409,7.258229225471059,15.098584879028278,15.19872122507812,16.706288460207194,16.752810791353223,16.780091336508505,16.99469180923993,21.603350010874127,22.449540704505804,19.03031850969761,18.982920498251563,19.25172854228827,18.819436188371824,18.36454709308453,14.021281139591515,17.673435543379316,12.240931015795786,21.646579336137844,19.67013332234589,19.444896177694392,16.72580922778184,16.068210723802274,15.60901539303071,7.981663594674404
2003-12-01,2.3031873847054616,5.726436483153535,2.9230537957446545,3.718030175232738,3.646759239052904,3.358893692063824,0.0293968047803449,3.0084545374571348,1.799199971513673,1.1070805817191605,1.7416691548378336,2.8479476489905333,0.6807860630006131,1.649104411601694,1.5241563297094602,1.0700581399051994,4.21677401240285,4.611746753682032,6.933011938475926,2.134909537826924,0.8258173782822507,0.0194151592825085,1.1478516948353694,1.8143310102684491,0.1796876962551388,0.0531116333758244,0.8649411215373278,0.2122193186643206,0.1701849199180583,0.3104047128903365,7.691408158836625,6.928284714975733,4.4644245847455375,14.29032081322489,12.50923983610716,12.539045411625352,12.339783735296518,3.2514874876384945,2.5421401542896613,2.172630940239539,5.182817589657564,3.017490991270872,8.024850853456668,8.888914004590996,10.166387573770727,12.332291180264,11.139453172343917,10.139355455033172,7.44069188315548,7.62190265620722,10.908940116164134,7.678014336460279,7.891412427911531,7.785076004527508,5.544322604111914,4.007341402793236,3.619794824612455,7.771467208873195,1.2272210886997723,0.8423390477249006,2.478624329843912,0.383767769590708,11.933473240183162,8.116640860226003,10.824621896148672,8.334561885222385,14.996787662511304,14.99999371324674,27.37382942336625,25.946462257335615,17.80453414328758,29.153905355173062,31.76946118610749,32.06018121330354,30.13369012832554,22.524981737116683,32.20793457873349,25.17371937323308,29.196743493745178,34.26411460673015,30.677336380774108,32.8252979584724,34.35126769312369,34.34157076661931,35.39206046286217,34.77569160682435,3.4906039246616123,3.578748519143012,3.406737799126159,4.57724481245191,7.513828880844262,5.106923695457772,5.950526848291903,6.017643860953309,6.414974762983949,6.817506358411333,6.602341978332389,7.011149492424831,7.262890354789365,9.06228927268046,7.97296693797514,16.14230383778645,14.052654818661107,14.25391366255264,14.756970974440152,16.60590847354047,17.465015006566738,17.838011376435496,33.0356394825956
2004-01-01,2.630945582013137,6.347595141599824,2.9349000950981208,4.133263948797167,4.051488035981902,4.0118069263062,0.1705547373544094,3.823136689644536,5.520826300639812,4.608734886667521,5.5482988270870495,5.367345833232922,1.180325584159575,3.663055014364181,1.2268247606643885,0.8250369809244152,1.1595944278211312,4.71924874207005,0.7682520822964013,0.1828696122568721,0.0,0.0,0.0691712658115713,0.0010670553225746,0.0,0.0,5.166279185668808e-05,0.0,0.0,0.0,0.1367564753868439,0.1180160566563152,5.941837619301167,1.073176599695104,0.836056335606216,0.9065545869013528,0.7856778092443092,0.0,0.0,0.0,0.0082006538625628,0.0096073044528054,0.1390316253429723,0.0278317195539271,0.003731043433563,0.0233701447560195,0.0100196421137321,0.0074215795417969,0.2601501337007713,0.0008793453425044,0.0040377547757642,0.000749059999269,0.0007113422001765,0.2192388252416522,0.0,0.0,0.0,0.1532120844718379,0.000711694823869,0.0001397024236853,0.0,0.0,0.0357049917578809,0.0113482494406688,0.213134539183261,0.0299882434635741,2.5443824674126074,0.7937746800007031,3.2326127753479783,2.611980335366563,1.6280224084713022,2.6738702037929025,2.931219032502588,2.744857721788484,2.7347986897953858,2.015745831739959,2.6655598381918293,2.94214606700598,2.5766895055722108,3.32042638328728,3.6648440382665135,3.402640915040507,2.821876458075946,3.193797653878535,2.794786845270465,3.1155103619134743,0.0123984346310203,0.0107660721157501,0.0051482131305762,0.344451806197855,0.6082596699283063,0.4742981129305423,1.8502572292813664,1.900097588067396,1.1137271493983176,1.1933645285037469,1.6552017701253878,1.7507160736233167,1.8511323826833757,3.181085581510822,1.9872280148949657,2.626635151167172,2.1366132629389525,2.51420154460886,2.577151635098564,2.768914823595434,2.7934958358579847,2.789276368514685,3.558447058668213
2004-02-01,9.17332915849966,17.09199670878539,8.037518690765685,9.51409511267886,10.80060455832545,12.283451202791207,1.2665658668032227,12.665836952578644,16.05357768033494,11.66894378225441,13.841386428916314,18.2613465269982,4.386248752531424,16.502785423755107,13.265714780754172,6.640230211083387,3.673075084912905,16.291643190943887,0.8035834058667555,0.3544356844511,4.350418494478174,0.0448095106501966,2.203748013559353,0.9227028755998125,2.1726296999879025,0.4432751351619848,4.838580071687455,0.3804087283506592,3.499837663703783,3.358211070794273,13.709559024445037,12.493737639573684,16.422308017184342,26.97641000659672,25.446491784628027,25.338765832673083,25.437477520209065,13.37099754313592,11.068084318026594,7.762569685217915,11.501894990157911,9.026903044499848,18.837820905722538,19.67415730448177,13.327067800127764,24.38776511710456,18.587527467556548,12.970204785000387,16.966620444250747,13.685123704267696,15.484089561140843,7.652343357162915,8.113526034412933,16.63485965251348,9.355345830741246,7.290452697427352,7.01264257261132,14.466551712699667,1.3724020617334218,1.5330121975851387,11.478896398689791,5.407178232945572,18.637765002842347,11.47272958430844,24.632260764743087,12.93246121721404,27.881571156738964,29.848137745575634,37.82510712905632,36.83678763547405,30.57785787881507,39.398619663419055,42.78839520787804,43.3606705224266,43.58361753990831,34.90622086932106,43.52211918137604,41.812840716991495,44.18933346425739,37.995868695812334,41.496525516356485,42.01758245989214,42.81988596919808,42.253369443842296,41.75492458502876,42.04444243715445,13.0290500683274,12.871458722100613,12.411219119893564,13.957098600961125,20.395763096949334,15.3885834232101,19.964123856166843,20.443465654069637,18.56341324314733,18.989043259606355,18.31896969150263,18.419434757907663,18.52951316215468,18.531904216565785,19.48746677985197,33.16017623746647,25.783854018164973,25.732286339698884,25.915854869055124,27.66632821977948,29.157563520817057,30.57232814442737,43.896639539551465
2004-03-01,47.88114773402832,11.98526798511284,30.9364691917797,21.78429685451733,22.37687887085997,18.658831641395206,15.811435456620732,16.79628067090711,30.7669452270626,31.539060641893464,29.852031363723206,22.13782448138007,39.45039236237678,26.40690965510925,35.87066173698109,38.98598463025219,96.71914530023346,22.879954659088916,83.96419885134041,65.13175648778939,71.37458287341018,39.89996387865913,68.76764719195212,106.157810924523,101.6417617414516,79.39651402561206,87.23747917135067,71.87720748822977,85.52058022937756,84.3360017191493,56.71990901543937,60.27987421526628,20.342546296565875,18.72763472902716,23.917187844116437,23.88167691399265,23.88893519545321,82.85057763673395,87.65358480460945,85.94186532914685,70.06584434440322,79.75076716166814,37.18906461835943,31.470390637603582,60.872840832378266,32.187938631233195,47.48573908178823,61.91760079165236,51.72133592544641,59.11913062407118,49.36441259582072,59.2877441766989,58.44278785870498,52.00129775694792,69.60256139475653,81.12093342997245,80.69618478595562,54.63581234497517,106.98611673506498,91.95417117482818,92.2770723630966,77.07092896052633,39.2141284807464,55.6218462105014,30.40454128674473,52.81713127115619,13.13714612226665,20.101303727824344,14.682656345023858,13.230127309276677,16.722783164840873,13.773759696942951,15.623269456567613,17.635283433172155,24.04006512123684,16.973107391747316,18.99086128277266,38.54327397095142,26.30503857433294,15.00721509044227,16.659315184979828,17.48264428533803,18.15480309268237,17.91992224238548,16.427711935667165,17.6416470102789,77.21609400783242,76.74121017996723,74.69540584246087,64.78084030423925,31.53811265402688,57.89133323182778,30.422668694951703,25.652455467267103,41.41261734442666,38.92587087752233,32.17704690506709,29.15626149702865,27.10471341479901,11.470415146097189,25.39086125640006,15.492410469502916,13.401191850680345,12.20482001538902,12.012071671964703,11.448813263602686,11.73794907134732,12.21077895068217,19.702169067879296
2004-04-01,31.639456904514887,12.961940601481585,41.89383941320031,41.32834504913361,29.616288132869386,24.603962868778066,33.60347311686424,22.455704168738592,15.90107926902133,25.67496823154537,19.78083808797856,15.273727706261749,26.16931781064592,13.224636392561065,8.388372936093045,22.63583753880862,8.792699998927407,14.5419630398978,3.785753514042852,29.73535261131274,17.59552594805387,63.2934413265932,29.753326346562908,7.104866137372202,6.214959456195517,25.234245098242283,12.458420745357367,36.52937750976945,27.754682008866222,31.48083668544559,4.107581393350332,6.457292635839617,21.485711178110336,1.7455633891823796,1.6405804286971175,1.644319282816875,1.622306068984611,0.7417903039048336,1.9537821674996736,7.0199061747892735,1.226661345888029,5.789181103234822,1.2424081642948583,1.1149911109545234,2.6851049467071086,1.5165318668338192,2.0915783038480344,3.0193817693427025,3.4314547698991062,1.3597197074363432,1.4685571857396351,8.927018092348506,8.42267110642711,3.1561033215288408,1.6441188567027802,2.9155185807943784,6.935939468825899,3.926080815265892,6.925861853944769,10.141211946669376,0.9729871492984676,27.5046362950799,1.5220024528870075,7.533322062067159,1.300831714039692,6.748372552924151,1.2714023658835298,1.4960086375092818,0.5171546429833292,0.3874277452482244,1.0705591523369224,0.1716108191238247,0.0339795041362741,0.0263305964069413,0.0247021681936133,0.6914074864650204,0.0059974771796044,0.0326655208273107,0.008151251708706,0.1256974106519968,0.2666183648267342,0.2064842356849447,0.0289205454213768,0.1701578301048196,0.0271455713581765,0.1483132646267355,0.8791901120540585,0.909726259714954,1.058761474427873,0.9684035348472736,1.226694356487365,0.9949030103728866,0.7186165945693674,0.6646927742507254,0.9119692084713226,0.887288606041635,1.083362189328919,1.0749115375969427,1.1861096277751138,2.6158304758236435,1.343750732266377,2.038920448519204,1.23981176241817,0.8452068978558123,0.8042217589502634,0.9118427848410392,0.933102431088086,1.0409161662028588,0.6915263684974359
2004-05-01,64.40927242974499,28.776518582118577,73.50958592145012,83.19056781912687,55.15819453266764,54.43810800553734,110.76675509112972,58.42022602455391,12.55608192598978,44.56391785145843,28.5057974835286,22.55878224875917,24.42158581744505,8.450372509474809,4.171133880249477,11.80470254487024,44.835436236720575,30.191830269944056,15.367578654387009,10.34269530649732,35.958071712098736,20.28656641671258,22.55958425521024,35.78675586833143,34.08480816484757,22.4465510183893,32.07938701869716,25.052148686762823,28.5681690160424,34.26296108431022,4.261870071463019,8.312550639887304,51.73914215912364,0.02497375524473,0.0342329358183738,0.0344452141379551,0.0338328233857851,10.395377577201243,11.805659759643191,13.602205524413968,1.9824389715120156,10.934909763767196,0.1935558888733994,0.0318062139835139,0.0760733747863377,0.0336469313346992,0.0541389414999686,0.0628477303373537,4.950007152825403,0.8737107976712042,0.0472809578433243,0.3494726894356361,0.3307188034766786,4.215354259849484,2.614729678927852,7.705474655507801,15.169729687653582,3.562183421195447,34.873221076679314,30.01818101341263,13.910052561180198,39.60082619420002,0.0088823808505414,0.0393685946264647,0.0005354945967757,0.0345810684286862,0.009168533044837,0.0002145679661309,4.440435153205621e-05,1.1564426546176958e-05,0.0055783127342437,6.3522549653883885e-06,4.337594228294927e-05,4.3828817840868136e-05,3.774558919826349e-05,0.0034548177263091,5.136725150464217e-05,2.9048232896063e-05,5.559729258206864e-05,5.587935447692871e-05,2.937956327404193e-05,3.443106912845279e-05,4.565293593870649e-05,4.084312889287268e-05,5.381293596696865e-05,4.396773500529644e-05,7.330745144869859,6.942393259972037,4.689750760776383,3.832671424700215,0.1904156148976927,3.152799684151593,0.3588922992613926,0.2480853384909978,1.8290794047621988,1.682957919586091,1.2293584072148525,1.080698817910117,0.9751630116739678,2.127900254211485e-05,0.8397235455485957,4.693231996670415e-06,0.0311273008054056,0.027538916294661,0.0193079810952016,0.0075590143071988,0.0064291479729653,0.0054417024190694,3.311676960764439e-05
2004-06-01,1.8474149074064947,0.0460604610294538,6.695045257298756,10.296766865401086,4.376038264030486,21.630070872964595,117.34454404524148,40.12315800883552,0.0,21.418638895381868,9.959331356518884,5.568482669790384,35.702299044054605,0.0,0.0,13.461271384811347,0.0,8.790751251742973,5.577270480079373e-07,0.0092913260078232,0.0,0.3332741110419554,0.0331174336326381,0.0,0.0,0.0,0.0,0.0,0.0,0.0,2.149464220453079e-07,1.854912467611889e-07,0.4137177077713162,0.0,1.5137194231467232e-09,1.6909234519712639e-09,1.4037519512430362e-09,0.0,0.0,0.0,0.0,0.0,0.0,0.0,3.05834583573385e-07,0.0,1.5721720044500674e-07,0.0,8.760591501130683e-09,0.0,0.0,0.0,0.0,7.365841661001371e-09,0.0,0.0,0.0,5.14345695620793e-09,0.0,0.0,0.0,0.0,0.0,1.8348715659845368e-06,1.215242196568688e-07,1.8892947121610287e-06,0.0,0.0,0.0,0.0,0.0,0.0,0.0,0.0,0.0,0.0,0.0,0.0,0.0,0.0,0.0,0.0,0.0,0.0,0.0,0.0,0.0,0.0,0.0,0.0,0.0,0.0,0.0,0.0,0.0,0.0,0.0,0.0,0.0,0.0,0.0,0.0,0.0,0.0,0.0,0.0,0.0,0.0,0.0
2004-07-01,0.0,0.0,5.9059912024855954e-06,0.0,4.205096623915308e-06,0.2127638520573351,1.4364286268099564,0.4348088797510459,0.0,0.3816077751568575,0.1774416338766775,0.0992115462160288,1.62845928008212,0.0,3.302656375533473e-07,0.6139995142564667,0.0,0.0989008469416369,1.9293682201543558e-07,2.085471808063067e-06,0.0,6.459988121685932e-06,4.510128045293084e-06,0.0,0.0,3.7977108456993226e-06,3.5096729450049577e-06,7.958567474315607e-09,0.0,0.0,9.09816539158839e-06,8.49989446635563e-06,0.0,4.278625056872404e-06,4.147288597651103e-06,3.6949553172883967e-06,5.573173570920561e-06,0.0,0.0,2.537795842150499e-07,0.0,1.994858880395732e-07,0.0,0.0,3.721876121522953e-05,5.300208606724885e-06,2.0765570076530983e-05,1.3493659581316217e-05,3.0565372910816164e-06,1.1717912378683198e-10,8.400496332460663e-06,2.691091028210104e-05,2.6265063761872095e-05,3.4533265015040845e-06,0.0,0.0,8.786665435348929e-06,8.154108171539194e-06,0.0,1.8398519781692143e-06,0.0,3.921304159670402e-05,1.9171863821582345e-05,3.284745658750101e-05,1.7415580011705963e-05,3.26110183757985e-05,0.0,1.7264377590870017e-06,0.0,0.0,1.7684642548969344e-06,0.0,0.0,0.0,0.0,1.0915114462685472e-06,0.0,0.0,0.0,0.0,0.0,0.0,0.0,0.0,0.0,0.0,0.0,0.0,0.0,0.0,0.0,0.0,0.0,0.0,0.0,0.0,0.0,0.0,0.0,0.0,1.866385704994188e-07,4.713235822646766e-06,0.0,0.0,0.0,0.0,0.0,0.0,0.0
2004-08-01,0.0,2.321046400112179e-06,1.5010794582034931e-05,2.5335396032907288e-08,1.0057171600458156e-05,0.3987835176370799,2.7102940593060167,0.8149607465404595,0.0,1.182723915665565,0.5499480819919259,0.3074881489813074,2.277281414950358,0.0,0.0,0.8586310969940547,0.0,0.2193826522834063,1.861555035311313e-07,6.002423094577309e-07,0.0,0.0,1.086488755508555e-06,0.0,0.0,0.0,1.5229913777133667e-06,0.0,0.0,0.0,3.7661803608987993e-06,3.681180079483588e-06,0.0,2.0424432063467587e-06,1.1456732054598675e-06,1.2797917908591223e-06,1.0624432593379417e-06,0.0,0.0,2.3545634995143477e-07,0.0,1.8508273315168169e-07,0.0,0.0,1.529172917866925e-07,0.0,7.860860022250337e-08,0.0,3.934199652437725e-07,0.0,0.0,1.582184420258341e-05,1.478761668441364e-05,3.307846473480967e-07,0.0,0.0,0.0,2.8821022699656404e-06,0.0,3.416286886340644e-07,0.0,2.3223181184504077e-05,3.342599707427203e-06,9.856637258345484e-06,8.532305375356726e-06,1.1065958049078572e-05,0.0,5.205280001119139e-06,0.0,3.54738528344286e-07,1.7322841981046757e-06,5.144277000316266e-06,0.0,1.022091998637448e-08,0.0,1.4974350960543832e-06,0.0,0.0,0.0,0.0,2.2782426184480176e-06,4.485625797725731e-06,2.079512490084737e-06,3.122570963340996e-06,0.0,2.4067332944073958e-06,0.0,0.0,0.0,0.0,0.0,0.0,0.0,0.0,6.457160047012435e-08,1.1968796547890145e-07,8.679083047917521e-08,7.62633194303364e-08,6.8813643619215e-08,0.0,5.925613843524234e-08,0.0,0.0,3.165632890078484e-06,2.082598951505153e-06,1.9750613826580318e-06,1.90137996459716e-06,2.350768093480678e-06,0.0
2004-09-01,0.9821623456133324,0.0287709699522789,1.3011434649917628,1.8262063594944016,0.8526541182704822,3.988116430198852,20.542347597767527,7.355123959446706,1.6864058835035618,6.459579838960814,3.1302185530612445,1.7503887340045408,8.15924154132246,2.1906469572705216,0.2956033763257991,3.296130747884362,0.0,1.8250623509102333,0.0,0.0,0.0,0.0,6.130980234403717e-07,0.0,0.0,0.0,1.4105245148384928e-06,0.0,0.0,0.0,3.5655756868303115e-05,3.11027175574438e-05,0.9158390384443604,7.464426826822834e-05,5.895145143232791e-05,5.840903452056832e-05,6.0505637328688384e-05,0.0,0.0,1.03808414242984e-06,2.4140076149623577e-06,3.3285072759289675e-06,1.0567282286945805e-05,2.2728633424184103e-05,0.0001042227223991,7.490818051841483e-05,8.605806259688282e-05,0.0001011354960194,3.096174712091473e-05,7.294607600416387e-06,6.434335134537726e-05,6.417602503329689e-05,6.474631414522788e-05,3.400764812190772e-05,1.2205262577643864e-05,0.0,8.786665435348929e-06,3.76066661201415e-05,0.0,0.0,0.0,2.4513232599825584e-05,9.808686256976648e-05,0.0001029802000566,9.970706170859026e-05,0.0001019842125275,2.1849173732995099e-07,7.645106635896843e-05,7.067626967463825e-05,6.630053328555222e-05,5.2480295314237744e-05,8.285492869011627e-05,0.0001004666032006,9.210810020710084e-05,7.34472190541133e-05,6.521117023906676e-05,1.0505377857356009e-05,2.3852524468112506e-05,4.362191768216167e-05,3.0151386191284636e-05,9.413085295162728e-05,7.452607926531494e-05,4.977406614059784e-05,5.6760597980232434e-05,1.611089920206312e-05,4.7603569352145526e-05,0.0,0.0,4.01082485693299e-06,1.7278284007501964e-06,1.157478572065833e-05,2.3447210156069816e-06,6.358980934037821e-06,3.384069361902888e-06,4.013536971181332e-06,4.775957506729039e-06,3.463249765201297e-06,3.043166215283047e-06,2.763512362267281e-06,0.0,2.379689004874661e-06,0.0,0.0,2.5624151787499444e-05,3.23765598036971e-05,3.079970698035868e-05,2.9197671102620563e-05,2.5692790913455186e-05,5.972491791321451e-05
2004-10-01,8.330010733391283,6.197000505650157,8.169422704226154,8.202714036865839,7.822576174847529,6.728245415538384,5.178674090721635,5.792755599935053,9.46840949824481,8.076491411433874,9.342257946355623,9.335102830026583,6.420087734285528,11.330491340468612,5.5163183933220985,6.340536183638071,16.275321904644805,10.176197357213017,14.73174910661134,15.68396020851062,7.334760445564592,17.9596907067363,12.872173428022585,9.581383686196736,6.807082534267377,12.732532284931128,7.3363164380129025,14.642396765859232,4.9139951375910105,5.292360584334074,0.9173801887354552,1.4448289463566792,6.902233488511423,0.2978498103014594,0.4541859094521157,0.467441609610446,0.4460113924114779,2.250506089908513,1.4542229441116576,1.6720873825747706,1.2149371776515725,1.5058374631634917,0.5114326317577897,0.3668901987038152,0.7399564538295686,0.3549678579129511,0.5547625008416148,0.7116894363798115,0.9203329985752778,0.5188076511000949,0.418045734765243,0.5262224726711903,0.5078261961518629,0.8497899502829207,0.626763257471016,1.269474929928898,2.25995930305501,0.8181489989910999,8.676928146775602,9.881246726738905,2.03025521800854,2.587729954677943,0.438113255460359,0.4174715445786611,0.3064879036249573,0.4010557385192373,0.3880154054624388,0.1558088640367544,0.0104872924324508,0.024192319730251,0.195164483143098,0.008996135068903,0.0003201837803153,0.000132746303571,0.0008758052181516,0.1214765444064202,7.552811926660233e-06,0.0007650884717335,2.10884790849572e-05,2.5594048664366603e-05,0.0017922177731034,0.0009966150214462,3.4813905595459127e-06,0.0005690433351415,3.0218449111304287e-06,0.0004391643928671,1.4753524337089596,1.4634374098976737,1.7482656246095876,1.5384592377474704,0.8523000332238198,1.4574194531686782,1.9429504610043569,1.7549646922339182,1.354593247593826,1.2867038529934975,0.9554510318752354,0.846403195619512,0.7637276199507921,0.0,0.6576549187326709,3.2415417220027e-05,0.5505414805730812,0.3754450360029997,0.3138347751313841,0.136168141418489,0.1159171170736807,0.0981176377616355,0.0003226196728209
2004-11-01,8.182052359346635,4.675649788955641,8.857698067480188,8.946507092323982,7.281051914038518,5.219561249868248,2.384450000532364,3.5033783107909446,15.627602365813395,8.7803705118313,11.006557656871742,8.388427846357745,12.45651178254193,15.944434431238864,21.337221447101356,14.355458208805292,1.4991302805869111,5.895554555726342,2.379835823870589,1.9535972785170896,0.2614981027557027,0.9245733353349164,1.1466760244761371,1.3828563896549542,1.0544768832306426,0.8660479810959907,0.6886055255663162,0.4652529516436356,0.2251058831588532,0.2552937163844646,0.3518000575610503,0.3366061561486783,7.878909445176045,1.1041124424276652,0.7823229865479525,0.7709574943374242,0.7672239514763709,0.5208682906490165,0.391906122054608,0.3219128512943475,0.3783369687370176,0.3309283618628498,0.2971370697057466,0.213630022259487,0.7307184411265496,0.8839753660411238,0.7758917848804455,0.5825340154074486,0.4759219777436141,0.2580853591309512,0.3642885825767102,0.2510847960585408,0.250754845824885,0.4550711836463574,0.1979983441557769,0.1698793076652584,0.1381872265926739,0.378208580778933,1.310644584069044,1.0662839730485318,0.4823096304090307,0.4757314222173681,1.1515075320330048,0.6914111294141851,0.602257589798406,0.6595408490712925,1.0053710566059446,0.4381167325777387,0.0557039417530423,0.0776228896245244,0.5595683043500626,0.0780777041236512,0.05941554666184,0.0388987890149313,0.0501945609309087,0.3684225259601857,0.0716981207413485,0.0321164036880363,0.0454446145511433,0.1593171278644639,0.0637768932837889,0.0567823684652182,0.0366338956919109,0.0517319406468197,0.0640958496544256,0.0550400544583735,0.4090970575986266,0.4026127581157109,0.4237491773719947,0.3956881829968513,0.3062082738124216,0.3713093222688081,0.2295195279455523,0.2015689200681864,0.272560655896603,0.2528239863844784,0.1974894032919754,0.1757553851933344,0.1604111489786345,0.0297333465870122,0.1401750367990619,0.0065650306337153,0.6793482761563332,0.3355084072901742,0.4171387053144023,0.2320430166692344,0.2011933403171386,0.1719004180517873,0.0409635870589869
2004-12-01,6.180368557214457,6.863210264211296,6.617407745898997,6.8388305609313385,6.374442107937708,5.669324640921874,0.7176447537593594,5.001646881922371,3.0029470641653444,3.861869203799421,4.349892834597515,6.064781835573511,4.506303696170339,2.914683145401848,5.809322308740601,5.618720804785714,8.280860505567095,6.912715382576707,11.808425912023385,9.111789836946626,7.069583233589411,4.744054715665936,8.284721991742487,10.457999371643476,9.452855327761608,10.329858140159434,9.56894393288156,9.993291421284871,7.104329637837872,7.089072348725326,4.965006589954279,5.251526546476597,7.80749238898239,6.118337826254383,6.418645439816135,6.41198967428749,6.389138798876673,6.081733690734876,6.455956325915219,6.459234469775404,5.709926414109087,6.276137722172006,5.919722246475496,4.967353669353827,3.885972469405256,6.2438558408628255,4.970134405991141,3.037040664782818,6.068079154307477,5.740233911898128,3.3448334215738043,1.9014253762046,2.007947548169726,5.795297034512842,6.163576320913782,6.832945197297557,7.075240484372247,5.148212125779313,9.78675759078406,10.73733033642444,6.669687026599308,6.093397201993238,5.5102455736167295,3.770660060646264,5.255321633219015,3.959557180774588,6.859354976164975,4.5515463309501385,4.352126728422789,4.438100884433995,5.059723348431628,4.30239927001436,4.350557225450307,5.901326708460422,8.125985744882117,5.326470051076509,8.946355740567238,13.182516409775324,10.28929466225893,5.219095647480401,3.745228143739796,4.778207381628697,6.963427030411128,5.565206661998013,7.707864130439399,5.93681438821964,6.263545369407513,6.321620926615985,5.832172502191789,6.151752253857837,6.169568316142126,6.200291818609459,6.794429005151141,6.7299135082777815,6.180096528227539,6.075397201675165,5.231728066271168,5.055894374558143,4.91717572089352,3.0395293328616537,4.748128712083052,4.893066075319607,6.555904994192767,5.822960347214318,5.762836490163253,5.241892620547463,5.09734148332856,5.031789483107101,3.380089858124565
2005-01-01,22.80051994282332,18.72795912738703,22.208542037337978,22.314978813086512,22.0576580529603,19.54440507887493,4.783806651486353,15.980219894325987,10.37365527344524,13.94358555603565,13.755201538439914,15.248175494443144,5.997289315874295,12.367903909603696,2.7886816397906258,2.948801400790705,27.52306201127533,17.29324136047496,0.804416607311908,0.1384497862171228,0.0,0.0,0.698146286219357,1.4465756612790095,2.2618643285068853,0.0019491045567799,1.7543180510682492,1.9334266155080222e-05,0.0,0.0,2.246601752458767,1.9388985921520605,22.720069217653045,6.880518929181805,6.298944035456106,6.488179943682471,6.216069685126215,7.7044579984781265,4.991405523728318,2.048059123742499,3.989064153860564,2.7014949670753454,5.961714887661211,5.0379094941204885,0.0922363223149747,2.1127073414257374,0.9550716284452152,0.0079773626403863,4.0989433175267225,1.7608326694908691,0.2614680932744853,9.633806847912948e-05,0.006311005254034,3.582247304210899,0.4072898957551792,0.0256982044547758,0.0,2.5169304524603477,1.9028295788566765,0.9131990696021322,7.521093339094055,0.9232605648451314,0.3742316949462859,0.2243185925492769,2.1136934687441102,0.4478262992527078,11.187033154006857,4.548084966954837,10.46817236441321,10.674419137544602,8.294659548378752,9.960786453785603,9.175937234510048,9.190067298133576,6.824709307321502,8.455891480922679,8.754321218421085,3.4101241159101354,7.127610660138776,12.152679279188575,10.090382311687293,10.672980875085097,10.894631362829063,11.205603392153394,10.639912828820384,11.23150548009926,5.76132775649276,5.537851512500481,5.5574082030497705,6.83178947269911,8.904211815097284,7.449089404208846,11.60855748320524,11.981680189012351,8.888973347123102,8.878217807032733,8.802671012969858,8.675422439403494,8.697314491932742,11.89123792077894,9.231627294151483,12.0237312998535,9.244022561872631,8.456619756185702,8.584625363333457,8.955080111372851,9.217484455652109,9.568794761578316,10.225957208630865
2005-02-01,10.160166811347937,7.409930275078201,5.276152100151077,3.806054375916065,5.372519130210101,5.150034369348312,2.556465064801483,5.188200855964857,20.910527718272924,14.947730237702425,19.729685166900783,18.30813852937384,15.768014913256842,24.028298434124032,12.591471813471188,11.373669582992806,2.666566183742064,10.55750072017025,18.972013789430928,5.1538796705229055,0.6619302137427417,1.655551030880467,5.9368826228629485,21.00357977939289,14.177466485178904,0.5140300590391436,10.190109023384831,1.482904344660922,1.474287557996837,1.643513756316789,16.806214078629502,14.886866083392563,3.648047985210249,26.21603830499761,24.462693601959806,23.98854476926668,24.572433553101188,18.790633371545844,17.003072021065524,10.783500413893808,20.81668372669055,13.08813007259584,23.53373348820223,25.052922092786943,19.921895216840568,28.890151593812703,24.165374946677623,20.78994985089629,19.500033528420957,23.022923044631057,23.82106147236593,11.006303799328482,11.836759394698165,20.1537012056252,16.385356220575883,10.236360745742148,7.739156713338254,17.995364320288935,21.054050133461985,9.304534187779524,21.12174753747365,4.925437052790261,30.22696534643104,20.016862762437228,33.377823504562805,21.662669215137093,11.93824512977852,28.36653480427989,9.244191090583035,9.18000749796317,18.06194854368979,10.706516682118512,13.2056072784593,15.364870272780264,21.953884282576084,17.11669155253399,25.45929810388471,33.08218991690044,25.74036076257719,25.131985850298097,10.75936183482942,12.52270750565651,16.219649593626563,14.337436100840788,22.93544086660863,16.22040400226663,18.95258014295808,18.817370803576107,19.601100185605045,18.8338079010719,18.49356497742589,18.195932231707232,10.83958153782201,9.367701513265652,14.760474885897608,14.203818281608337,11.976446271738132,11.2644868157097,10.842201226034769,6.80832141608797,10.340670033895206,8.092594589863277,10.385985629306749,8.875267396880272,8.499948093952275,7.843525896862948,7.980109432698994,8.110069630094703,10.414642034101842
2005-03-01,14.842843816865251,9.924834477406732,14.087667113377844,14.3402280571821,12.673008073929772,10.252947070404058,5.158551633355156,7.741454539786808,45.82433053267065,20.355354871268965,22.409441374003592,16.559557879534495,24.63743563393145,37.60967421819146,56.96243846680722,42.29330280449651,20.30493402393525,17.181295023343438,45.48889658862611,46.890185800463136,40.349832424042646,37.28478454756704,42.03972443950709,39.06730400234666,38.90961211994128,46.95128948224928,41.31324910701778,37.99409412551881,63.77879288904716,65.19679193456082,27.48682756783612,31.975284886840303,16.581288144766273,6.373197546197325,9.408991772326614,9.489570131015736,9.372922815478107,14.56300707777369,20.21600359810324,31.524198807210933,13.532692994801987,27.08743698775382,8.555059171021508,9.631322135390308,33.48346675106757,12.666208117300982,23.704690778985285,33.7109618539364,18.224105404471384,16.3134162664614,25.369169177876767,41.94989944813384,40.738089419563096,18.81895980091367,24.64936260886723,34.74835138353201,43.48279206510772,24.54721986514637,35.8893961687483,48.78633879015851,15.801487170115903,40.783290708111615,16.70435217588146,38.80490563997782,13.78093718596767,36.10028065969354,5.222866962571365,7.842430192155672,15.6234361504931,13.403676111212263,8.552558063431634,16.614336647546747,23.61127745650465,25.47596377681213,29.459792611291867,14.05408674502102,21.31588025393445,34.087919236392715,28.63380611087681,5.481908259228096,19.28609384756641,19.17490135026613,21.24078517787556,18.31923050973403,14.232719432351985,16.79093033541874,14.584919598973148,15.019297241895618,13.05935722284409,11.437204643216845,6.68979624074077,10.593513809061369,7.900051467948008,8.228891882552578,9.493274212027256,9.2712609038287,8.969722996571054,8.826495765809366,9.031072943926468,14.884341661127175,9.799808289041383,15.189481424884775,5.548802687901302,6.423867955814828,6.462346164355078,9.138009094168998,10.291801551146614,11.429376861672589,16.878254907936856
2005-04-01,19.65893337550036,6.646136331326244,28.882490432765625,32.104454529399305,20.58697155042241,19.53122344560143,40.50163016178368,20.087674194657737,8.069493371785786,16.250873603009914,10.867164598262471,8.817902754847216,19.657998146099875,7.51257866512177,10.863143033349536,24.82112327300211,31.40670302351744,13.459456301665648,1.3882710675447905,20.8967243279803,28.249468773806168,37.80809470505674,21.49975498166284,0.2606274845993783,4.201012102503489,37.61669910496981,9.386486542804285,42.96042010760378,6.8033948014348615,11.54981127587812,2.3191327017153798,3.66332489775242,25.64893933375121,0.0639207828094228,0.1337834452293865,0.1342136729294964,0.133707322979529,0.4085994934973713,0.4640722008215328,0.8816351200745618,0.6183371914182952,0.8176922529345225,0.4692119691288385,0.2546370481152071,1.0578953415288577,0.172115514898953,0.6349953423337614,1.3914816486288817,0.4984162427929168,0.4949667441124654,0.7500325686843429,8.057196504208088,7.564340905234918,0.53097417859139,0.5816233775924964,0.71401563553841,1.3932204341399812,1.787742192576875,0.9969257279775796,10.217956432910649,0.3349027941261737,8.742442778923,0.1616369189785269,5.765926574194991,0.1022608411915484,5.0972990818022135,0.0722535507742205,0.0519734364102826,0.0162569969549124,0.0161440310454344,0.0483075867745102,0.005757591535544,0.0004766322661098,0.0002018599518915,0.0014568330773295,0.0304945777028758,0.000154975594879,0.0032200268604624,0.0003635739239634,8.32032207508074e-05,0.0028725550325686,0.0016020232343551,3.0633240128787148e-06,0.0009124757656298,8.299999126915586e-06,0.0007045890331964,0.4160068792740505,0.4260665524399651,0.4496872370668315,0.4220416176102284,0.3043582341015302,0.3887558946796243,0.2593441610811374,0.1866319503073859,0.2746221742906274,0.2577293107415915,0.1912812591622197,0.169390572157443,0.1529728349012915,0.0001819493884928,0.1317829684832495,0.0003337668632855,0.1448346618077003,0.1098950876663751,0.1043139565152936,0.0564902873983694,0.0487153471354218,0.041298622850868,0.0
2005-05-01,7.759602351520107,3.2296855858127635,27.090789345171235,39.02706162452036,18.50266766041444,34.23497232289603,140.15146095430535,52.45749051230699,2.3532778529290104,27.44996712564417,13.918800021006051,8.74293589495905,37.66983217156251,2.855772312458183,2.8476411757129547,16.003615479494737,3.9829353214297822,14.903358118305436,2.0485373426984097,2.450268583162496,8.148359297663802,3.124186553908998,3.8570235596569584,4.971378709028416,5.345322422171662,4.763233743302228,4.642019421097098,5.0762469154694205,8.626344303027599,9.58319024679462,3.934339056221264,4.290211872483093,4.662641921171609,1.7575931220916672,2.417748566269495,2.174848937236664,2.633210901937672,6.445648932152238,5.91034009634856,6.021269142451355,4.09732279368005,5.553032105847635,4.769055346537448,6.8792046243333065,2.245240465112845,5.033412766449576,3.506928559751593,2.283070521110516,4.376878636456015,7.5894650293466706,2.0251114591770683,2.843935226728067,2.7857002584051624,4.316722032677539,7.293636560802562,7.056970991454521,5.827996543033805,4.017972522841674,5.229945843805911,4.214129728325831,6.397240074086762,5.684487431070504,2.3069183049857083,1.890411550919908,1.087656814330014,1.7621680718343875,0.4916710845678484,0.8291161774618636,0.1088236703211008,0.080173958588024,0.6641220674106137,0.0569263434523539,0.0406346502792829,0.0338545685900949,0.0687692001877319,0.4279165250901156,0.0224140324713222,0.1386630330744565,0.042414072364381,0.0049239185199519,0.0746412115827232,0.0494392114584871,0.0185245592511783,0.0341542929222483,0.0159379932605188,0.0293261385782237,6.291567219588764,6.152690405447375,6.568072620467892,4.721943671311625,1.7259724267707075,4.066878296864631,0.7456389256430765,0.5613376381049331,2.547992807816141,2.3803670713067144,1.7639736922124976,1.5613913381018658,1.415243504052386,0.1031786844782143,1.2280301893619168,0.0575986802825385,0.8673755883279822,0.6902200723638584,0.5975230020902746,0.333564902199685,0.2963806833040585,0.2609654044533369,0.041586512110025
2005-06-01,20.67131031293658,1.33032601067666,16.920745387545548,7.200960932538791,11.194315731253116,16.412571135902546,56.46849977849155,23.102013862837342,0.0,11.770185546166893,5.472951785337776,3.0600553583945542,11.756751277992024,0.0,0.0,4.43279142064631,0.0,6.343757741016522,1.861555035311313e-07,6.295806283006018e-05,9.13844329388941e-05,0.0004173251033559,0.0001342726968634,4.866889389365403e-07,0.0,4.200620680072768e-05,2.031361332681004e-05,2.0728179690543104e-05,6.327590387462987e-05,6.115306198977584e-05,8.712140776093821e-05,8.078493577809828e-05,1.3403906156181475,0.0001002827421891,8.623282245198676e-05,8.546100676074534e-05,8.688064559345448e-05,8.934374441711649e-05,9.344450349409586e-05,8.088632370743842e-05,8.241415798960607e-05,8.16724339398139e-05,9.223731276661944e-05,0.0001106750073845,0.00010660847143,0.0001020473631429,0.0001041086150557,0.0001117587089538,8.693720965866601e-05,7.286533604049605e-05,0.0001108317743226,9.99385323622451e-05,9.992750204349705e-05,8.827715297548194e-05,8.00925647160146e-05,6.0034107796350745e-05,4.048278538510275e-05,8.835341114076767e-05,3.246073482297444e-07,1.1853480828178524e-05,5.293222606656024e-05,5.484990149142498e-05,0.0001049253434354,0.0001052576757821,0.000103782811459,0.0001048851143795,9.34451925993279e-05,9.887188573453708e-05,0.0001117587089538,9.884323187020888e-05,9.353339989461882e-05,9.259814801674824e-05,0.0001069613110561,0.0001085164328482,0.0001117587089538,9.772835672250423e-05,0.0001027345030092,0.0001022842626689,9.593601879635537e-05,9.659228589471194e-05,0.0001117587089538,0.0001102302653277,0.0001053098666529,0.0001042856778188,0.0001010541523803,0.0001031158442541,8.16533023376295e-05,8.130210006254903e-05,0.0001117587089538,9.069186037947803e-05,8.69766981796249e-05,9.128230314197772e-05,9.418358634592724e-05,8.768276587778982e-05,9.085487209355016e-05,9.254593812184978e-05,9.068519572436229e-05,9.29696675221944e-05,9.474687996468284e-05,0.0001117587089538,9.659304108803196e-05,0.0001113576877792,0.000108079924624,0.0001072005507656,0.000108319319082,0.0001105080479053,0.0001106954751379,0.0001108588434952,0.0001117587089538
2005-07-01,0.0,0.0,1.4095899464352796e-06,0.0,9.202663240916378e-07,0.0196320659541094,0.1178413382990358,0.0401200270499264,0.0,0.0166803475913332,0.0077561001712307,0.0043366073326906,0.3519636358215226,0.0,0.0,0.1327063185470061,0.0,0.0077774053912279,1.861555035311313e-07,3.9047445450505655e-06,2.8829087953346613e-05,1.9039156505160745e-05,1.0962782188956844e-05,9.733778778730809e-07,3.686478002948673e-06,1.2272170115604766e-05,9.580820840299136e-06,1.2325089778237236e-05,2.804605354771288e-05,6.06659076144219e-07,5.5368157712958e-05,5.151999869190156e-05,0.0,3.39995159687163e-05,4.101874788645648e-05,3.741128272262576e-05,4.4421484404749365e-05,4.493991855590229e-05,3.356424293442209e-05,3.624202581695666e-05,2.9236030960012585e-05,3.401300807090114e-05,3.261348760863604e-06,8.642152986184482e-05,9.691305903659144e-05,7.527149602557008e-05,8.824512264477855e-05,0.0001079923243116,4.257422452236183e-05,2.1786089541216057e-05,7.65155823917381e-05,9.346131534661403e-05,9.34767505568852e-05,4.590031715190998e-05,7.822731572511991e-05,1.8519884707451365e-05,4.6216307402237765e-05,5.465537102773553e-05,6.492146964594887e-07,9.49370109603924e-06,1.660274973814698e-05,5.203725362348538e-05,0.0001041013467284,0.000104849605127,9.669718814538476e-05,0.0001039137162664,0.0,3.28280098472966e-05,1.0578513189313737e-05,1.0722871343557688e-05,1.5852604223174996e-05,8.50107071212065e-06,5.048234676667696e-07,9.718643934611526e-06,4.130158924788354e-06,1.2508094445888718e-05,0.0,7.359533477190155e-06,6.914689403258486e-06,0.0,2.261674892444818e-05,1.6043394240397827e-05,3.767770071837562e-07,9.232897750511425e-06,0.0,7.116290608249006e-06,2.7638518328840547e-05,2.487932951211692e-05,3.744079443716484e-05,2.079856583617132e-05,2.964807549609198e-05,2.082975734058512e-05,4.868938500601641e-06,4.525127672733344e-06,2.0205802968574004e-05,2.253058705750739e-05,1.7512622730775974e-05,1.720091233873256e-05,1.730404886080855e-05,3.3043182401198985e-05,1.787307676089085e-05,1.5830544423611267e-05,0.0,6.344213513867509e-05,4.188297476919794e-05,3.986499527859137e-05,3.875579445013089e-05,4.175303930007509e-05,6.605091400501403e-05
2005-08-01,3.325956150647155,0.0810584239174845,2.628456810787809,1.0525945049265208,1.7249995273778311,4.265090745761473,16.694241301050415,7.107642126949657,0.0,4.866727266497628,2.2629518946372484,1.2652665060187511,3.411637081084953,0.0,0.0,1.286331159773506,0.0,1.7800843812314944,1.9293682201543558e-07,2.308758330178545e-06,0.0,1.117229757895122e-05,6.044929888185428e-06,0.0,0.0,6.345126503041632e-06,4.476098936897343e-06,9.689800512937784e-06,0.0,0.0,8.581688161345753e-06,7.875043000605696e-06,0.1622776465305565,4.484631550210357e-06,4.351378977608838e-06,4.178846717988332e-06,5.0807905245848445e-06,0.0,1.385394468100732e-07,7.766492896915765e-07,0.0,6.10492659323405e-07,0.0,6.9023867328318345e-06,1.0943727220634856e-05,5.296513731482656e-06,7.257968319308855e-06,1.4006840347233227e-05,3.24399846355651e-06,0.0,1.960460481722164e-05,3.126972428345422e-05,3.0217886090929183e-05,4.445718032584427e-06,0.0,0.0,0.0,8.372738091032812e-06,0.0,2.378047822168393e-06,0.0,4.1037014741807466e-05,2.0175222041138533e-05,3.161895642240436e-05,3.690426181616918e-05,3.277028412699992e-05,0.0,6.033861939504495e-06,0.0,0.0,3.2560022726005485e-06,0.0,0.0,0.0,0.0,2.0096327871931085e-06,0.0,0.0,0.0,0.0,0.0,0.0,0.0,0.0,0.0,0.0,0.0,0.0,8.708956606896435e-07,8.578247204720203e-07,0.0,6.984699635587802e-07,0.0,0.0,3.922340775372073e-07,3.601226828789104e-07,2.611402624849199e-07,2.294646006272275e-07,2.0704967169980585e-07,0.0,1.782926083249705e-07,0.0,0.0,0.0,0.0,0.0,0.0,0.0,0.0
2005-09-01,47.68210783088308,5.467744876212605,40.486810154623385,27.430942292574198,27.295137720989413,23.779436106504846,46.24994990331728,23.141962033379684,0.0,13.254992132120766,6.163363931500524,3.446183389057653,10.308252036488517,0.0,0.0,3.886645450898877,0.0,8.996760588194196,0.0,0.0,0.0,0.0,0.0,0.0,0.0,0.0,0.0,0.0,0.0,0.0,6.425948539194288e-06,5.545368910151599e-06,14.58272797177726,2.082788877641192e-06,5.464280988913417e-06,5.859476136311204e-06,6.199650728163313e-06,0.0,0.0,0.0,0.0,0.0,0.0,0.0,4.5353943317229394e-05,2.683820467629013e-07,2.358718243919161e-05,1.9646716404616685e-05,3.1258434035676554e-06,0.0,0.0,2.5034031860123106e-05,2.3397630672690575e-05,3.404830214764807e-06,0.0,0.0,0.0,6.3540768566426665e-06,0.0,0.0,0.0,0.0,1.819947201223783e-05,3.285598251389736e-05,2.0923764888168373e-05,3.265210896882777e-05,0.0,1.0321883871440592e-05,1.3125206661970925e-05,3.4045533968032328e-06,5.429432900115565e-06,4.7948180073094525e-06,1.5032515137985069e-05,4.898237465604229e-06,0.0,4.9735549257584375e-06,0.0,0.0,0.0,0.0,1.808773977293078e-05,1.3444282955204674e-05,3.4867926902997503e-06,8.60628665936331e-06,3.1558234404898927e-08,6.638251263118447e-06,0.0,0.0,0.0,0.0,0.0,0.0,0.0,0.0,0.0,0.0,0.0,0.0,0.0,0.0,0.0,0.0,0.0,0.0,3.11931292571649e-06,1.1342054208861816e-06,9.64230523612246e-07,8.160742532434373e-07,3.4006475767258766e-05
2005-10-01,12.112322216620356,3.3461557404928195,11.912821865321128,12.18834479231318,8.227044327385096,8.28569860865886,21.15571262583422,9.226781959488354,0.7454530946030329,6.603700983943111,3.198010802119342,1.9301559558449013,6.147036504902033,0.7327212949146603,0.3407589656797354,2.5442265814667797,0.2821002680418785,3.3738941591254976,0.0297830424446692,0.1278375605054877,21.88186641912169,0.2644110494164613,9.505587033817902,4.423818955119482,23.336843082842886,3.4319011423929275,21.00808427888432,4.307081168598889,33.60150462355644,37.3804052858431,6.561456836124674,10.195587427910112,10.651026185515926,0.1326212617354397,0.1639893279233817,0.1611222303700779,0.161201072848016,31.099176967557195,24.94969662723613,21.68422238416108,6.1745978993084325,17.99098115750284,2.34452813077835,1.8202148556937463,0.5926603678029075,0.3480238880361828,0.4800357015086646,0.6562542668970033,8.397112012837031,5.714742436986868,0.7066787350491838,0.6857204921536748,0.7065294491123636,7.465033127083957,10.579899569336275,16.290863679499743,19.641564083184523,6.424464335098821,9.802840414186786,7.3593333748118415,38.925304888184456,42.300228854031104,0.0931197548175066,0.0689679957268628,0.0220325843810992,0.0655459483713005,0.101083953381821,0.0399180670986756,0.2507883267644654,0.156225510171622,0.086177573757831,0.1303061425566033,0.0169135941809635,0.0095664830963136,0.0011603099473928,0.0664252084063574,0.0005109414240159,2.5501495527790352e-05,0.000116213421444,0.0034328767665711,0.2508384654315326,0.15325096607739,0.0073082820944172,0.0914788140579298,0.0015500093174293,0.0708413021250632,19.266049451964825,18.00854689269978,12.266938751306215,9.688005054292296,1.0308214505938014,8.013898355252035,0.8369575517778785,0.5169759429822127,4.629284863509524,4.262473436418103,3.0959981132442604,2.7233025381726605,2.457602209408597,0.0002092125317008,2.116337492199656,0.0044186691261235,0.3290339544356776,0.2679477802143463,0.2287985403527511,0.15326851133918,0.1414991830118849,0.1211970579618057,0.0928698604380456
2005-11-01,9.394619280946356,8.978891481788754,4.788206512995014,4.750526896774908,4.776489301524144,5.073131401260594,2.1952683694243884,5.623061413566158,5.9497611015492415,6.160137668154279,7.6166387576370305,9.003412745761688,4.1892527215389,5.197664884633852,6.883235971332179,8.535238524167895,12.848802921335498,9.660162456848765,21.13902075267817,24.429759240785472,25.6938031420708,27.14398505290061,23.47893824605479,15.14626861441507,16.551923541751272,20.61217350895493,20.83889359837216,28.18593095064768,25.669123791613035,26.40370524549799,12.17432334892094,13.748508890334396,5.8736655751804925,6.353347129370368,5.622955748298288,5.566214028967092,5.606881233796138,15.422711068762334,18.88687241048933,22.07233963690087,13.735722166931147,19.762640039344817,7.911267906332044,6.02283535452927,5.501999715774268,6.879591715881748,6.134404262399777,5.371350057209357,12.047950162562673,15.984669841226529,6.334713804339353,7.119105371558017,7.144579342428496,11.686529587070137,23.64599978383182,26.42082538692153,26.173640203610585,11.763248273929715,15.683220884875324,17.49948089055963,16.344727953976136,23.36103055183068,9.218613382090163,6.5422608341620245,8.508208866478238,6.777629253633373,5.602882001955483,7.974471670945215,5.548219907875045,4.627030370450592,5.963084385780113,4.095985929102242,4.223021958101985,4.6650451848175045,5.877630268195091,5.503607204739988,6.322637464319799,7.1038357086903,6.05893071602083,6.466015274419769,4.832916769237001,4.7520867646299125,4.884750190628334,4.962674834826319,6.273402477952324,5.296222761599225,15.927864354253416,15.994280507758704,12.157086955947396,11.371644006880382,5.812947847229574,10.16084808496196,4.874145517914351,3.764510362867206,7.259779983018959,6.967096360827309,5.252606145847436,4.861123997027502,4.583095595558727,1.380050091417783,4.383704688874387,5.251446809300987,7.283985939774218,6.873767766149832,6.731477387266892,6.2715933827724895,6.267381125974278,6.221249626350733,4.984684478545234
2005-12-01,7.60577304872323,6.588166566062205,9.556423924354506,11.161581527882456,8.475246730842278,6.019851442354367,1.0411590220704463,3.49492485731091,4.324296087609199,3.719935296480037,3.950667018391169,4.083945250095779,2.7971301734765,3.841826995020776,3.6533012416030073,3.509948644839879,12.329350412246947,6.462805488069329,12.724060978500702,7.634775367051741,3.913260727749624,4.567897465472008,7.089662696332436,10.745865883677064,10.70352060163978,7.453412432083342,8.61252433822772,8.460657502809086,3.471781706276953,3.105867148991689,5.524181009587595,5.245958372824527,13.452202725662394,7.739907339027631,7.982595870978375,8.413393142334781,7.836439047711059,8.917344202564086,10.045853223621148,7.646360167975458,12.351082726176838,8.837861828200012,11.78333673571784,7.581926402565427,1.2586085315423294,2.2083584500395324,1.6424792797920318,1.7825182521939045,8.003627378979603,6.47603713618627,2.145878628726814,2.1551992207716166,2.1663429267937158,7.332042525570234,6.561623285664541,5.752431202250751,4.448215462890884,5.958824124795474,11.05900365351602,9.012215650898392,8.955151029984927,7.065685391351972,2.1816480770760376,3.3151890620774864,5.377394459548263,3.580151789460891,19.3852926381587,5.793260429189495,22.475023168807923,22.690248689386667,14.300897963725417,18.414140287998844,13.367220783152682,11.532285560350427,5.97584923688677,13.408845255401086,8.534092596660374,4.780431324814167,5.882742315989437,22.339148905763224,18.83821276877039,18.18234091058428,14.28058889458375,17.779453110484205,14.562129598978862,17.60183647360954,10.767178314430264,10.983322682256476,12.128973473643402,14.297414750659382,18.98526816376728,15.45363535006063,20.404799973879516,21.282772296849053,17.222058039212037,17.33394405873033,21.29294942831161,22.13642959194065,23.339354779226863,40.83630026991673,25.666254144585903,31.69471569860983,11.948097389186104,13.961384837138818,15.690588745644432,19.94836903247763,20.889935503127003,22.24429829414624,23.207778851505687
2006-01-01,5.941331200475066,8.740455897229944,5.707782750031152,7.084368665705584,6.970574556217292,6.407435541843908,0.963007454743274,5.381885748441317,2.91671131644289,3.171116050456632,3.172740421693922,4.305234541890006,1.366523613648442,1.916854312375772,1.5821692425176346,1.2191762574537155,10.177041688632894,6.488670187666089,6.416483383866234,1.888479122875368,0.1171533814293813,0.0034748216726833,2.6317009202841524,5.226975435932693,5.828531447294687,3.7021437175731617,5.1196888264160805,2.0476448262259543,0.1584604326631099,0.090192613931622,7.970539554191934,6.942570726651621,9.723062760048434,21.14926174663138,17.65644856097583,17.981778893553322,17.45924285549664,7.682752347266709,8.926397908669795,5.551433306573499,10.756795984226336,6.852978987024083,12.98216226297006,11.965826432962787,6.306335817821768,11.196879066018868,8.38389269038475,6.200858805093818,11.286402590737096,6.769586571220754,6.708568278409074,4.502794977314407,4.620886100943755,10.588286257263144,4.24482841793095,2.259851619304238,1.8387539804421764,8.653860477646617,5.497669846240399,4.994881500958125,7.317587030118135,5.737814628530482,13.350792234712522,8.7164857605041,18.010137063307337,9.752808697556643,26.585508648845806,25.77670651259221,29.70255074883674,30.17995204518006,28.01614114417769,27.43613472946721,25.99181681121544,25.884735063721436,29.068707062004467,27.67135222362639,24.995474917801115,24.63048914240059,27.000233248868707,10.703030312141356,26.32087403111289,22.392162231671893,20.382843429079173,19.959001386589527,19.30786294082449,19.21044667174065,8.928461447435845,9.152629137346317,9.44443462972579,10.675815298315394,14.79764053142226,11.544807288401374,14.31753312759298,15.855440287711469,13.99042386186946,14.58426405408855,15.600098719986685,16.062416247076808,16.176742722460517,11.64668889834503,16.055524857647345,22.28907332339071,17.331560222201635,22.242573849492683,24.044555231793865,23.911296973204795,23.18308733054477,22.61452505224477,17.167981741108026
2006-02-01,7.741411639171116,7.406726494388667,5.971596473698118,7.285282911514539,6.938862593441857,6.063146796408072,1.0989194793655734,4.859100778412893,2.59338913689024,3.474084772641001,3.148140768599069,3.732779418994498,2.3502600270078053,1.8084423306344453,2.319586293784978,1.9285275114733815,7.188855872393138,5.040363566411278,4.087044819567543,1.3682130067962943,0.0,0.0,0.9675515077820874,2.7875261461193808,2.3530185741625917,1.1648968580204526,1.222886727542702,0.2243219117043865,0.0,0.0,0.9728779794400138,0.8395596802015809,8.721331678648495,6.632458055139333,5.11969895769686,5.479053391614843,4.869915214490234,3.0143335867654955,0.8533941408062022,0.2476115365112704,0.0957353040169872,0.4137080162257258,1.476130733467122,0.0352873071913193,0.0,0.4225655415992264,0.146911524188594,0.0,1.856333103688401,0.0018370254714447,0.0,0.0,0.0,1.560884487985717,0.0,0.0,0.0,1.0899422696081975,3.0628661339169385,1.8797085711219967,2.089527549877299,0.0555046921722689,0.4241480607385531,0.4015670709788393,2.603345007785196,0.6690322065294438,13.045723556177231,7.101593754369846,7.359066822901321,7.6420544099668035,8.824346042363556,8.10204081503334,8.979041409179512,9.06953737289109,8.698170901744243,8.810035968826055,8.636904361719825,7.422822088865566,8.710125417550165,6.371600059613114,7.86608068085275,8.224878695391105,8.625036437094296,8.238723258171584,7.97417150607473,8.10770272667587,1.08685405735181,0.9509030475683518,1.4810336906719803,2.032420028197128,4.5172373354609405,2.5190780608590853,4.543543773906044,4.678144113010375,3.710144969540241,4.08709271895881,4.389793969207944,4.6406468089294455,4.772535124234267,4.879334620253807,4.819051742774482,5.027083084900642,11.806979325154876,12.119307924244394,11.777203586473735,9.173374852892564,8.76368488571231,8.24631126645078,8.329598524939307
2006-03-01,27.947085859803344,20.870529593675958,19.933326231742072,20.88266484905043,21.253739901101685,19.49690623667617,4.826572512668214,17.32363002830241,26.72141578949345,17.00610403741105,24.55258277136039,25.767199859423183,14.075734944068849,28.119222363197014,19.55664013994337,16.19891604629852,19.47605807509525,21.744631392028968,17.220751208476056,25.8068891019124,36.9570141847202,20.87249899525545,23.68852607565546,13.382484965163734,14.309859354714796,16.171442766128234,19.86023943286715,28.623626718812687,48.39309355497348,46.9197448058239,58.23595652580236,57.778689913477024,26.300015750985025,30.19815997176424,37.42349288715932,36.13181840733663,38.136820774947815,18.04863668400515,24.00887217039468,46.18403197297673,35.99885033542523,43.41452517718644,38.38112342565024,50.41916652264838,83.14963722942187,63.40280120372443,75.59839563497371,83.80249260221746,44.95127994643006,73.53526101829274,84.64628429226228,63.792228063064826,65.19534049131997,50.43947415242207,70.74712580405297,66.82101957160938,60.87262642710252,56.489518163834056,13.789978007678863,13.545035457603356,21.437880178738972,29.91778233536449,53.76028647349835,59.9295782681486,36.735065678267,57.06418733052292,16.810286827738857,28.31280778145841,10.523154757789722,9.63926535143586,20.724277366494466,14.653947932699875,22.297281586842413,23.166133883464592,24.433831906068725,20.66630832106265,20.75008786709613,24.70342463925564,21.85839265362912,13.762364848613904,18.651171550697256,20.591809343830747,22.804808109763915,21.23760150976856,20.6400865098972,20.8801153374837,21.40152109356988,22.54669177190995,19.418308184601877,17.785544686938287,12.662296901186895,16.436974591631163,8.47417478499802,8.115845642955366,16.515752844391326,16.169085154038406,14.999559801729283,13.883090973654909,13.355638816207868,17.84223770542586,13.750707030482928,11.84674900703902,31.024715471041933,17.931007247892428,15.055959865246454,9.548970525035983,9.338181128663493,9.522728492712831,19.862788097442674
2006-04-01,31.47638512551912,5.890677769477106,43.104687790409486,39.38787900056624,29.10379095703965,22.68534503302565,36.412348897370265,19.12217370842018,6.328277417674096,14.739069235142672,10.438802999703046,6.575537202023609,27.17234732749031,8.209165196085172,28.2260534890756,30.900643251635454,5.618554796970722,12.446561109662232,10.402803807316548,47.353748345044885,41.78997386570127,98.27350173739134,46.19954639449609,40.2076506452051,20.36948435491461,35.34736427629622,20.16455653067569,32.874624053373964,44.663782028262766,49.34046189889329,13.09291895000991,16.268426058478354,22.113853820346787,0.0869359594455117,0.6248593978064897,0.6949176426245257,0.5851060421357859,6.277366249484402,4.767550936074939,10.642228088983073,2.561783136361048,8.746411180086891,0.8125564460607275,0.6647890906066446,15.76757962818589,0.2386705369011359,8.334281068320276,24.16361290801968,4.718090134909582,4.7950715762932745,14.815915095830553,34.40401543009743,32.82903260485769,5.658706672791912,11.869276287122654,20.54998615944382,28.04772107833024,11.598745466673126,39.46446904133085,31.892172846890823,7.467631289008832,17.551990488477514,0.2043836623495582,10.095442116089144,0.0288848213864865,8.865224002283249,0.0373117516412866,0.0099412057965695,0.0009657596011472,0.0005257412335129,0.0507703676625065,0.0022785862151333,0.1135302815186183,0.1554640052653526,0.1316458873679969,0.0654975425735992,0.0001759120505669,2.139473621256778,0.1005142690003557,0.0,0.5730372097343104,0.3499797383289618,0.1060168444516402,0.2282173300017981,0.0,0.1758993639934476,4.665034315496844,4.491163075964572,4.198447622300578,3.2887926282628515,0.4836780401009335,2.757278969852603,0.8155082045040599,0.5998242028162957,1.6967775493852817,1.5666783206936934,1.186569533569745,1.0437998326632485,0.9418620139079488,0.0015083281399778,0.8212950230694652,0.0962960332149683,0.0643833829541904,0.0418244224332363,0.029074145884233,0.0118988325920491,0.011317035941625,0.0218950935578983,0.4190190766957335
2006-05-01,25.219513448761276,5.656437328055056,60.66504370414785,69.97330498925234,40.66703934725161,45.601830008487696,142.02485735819195,55.23171996325279,2.712899613203231,22.48758052381368,11.593291798001331,7.589300359549992,28.55232635444025,3.189438223084789,6.479245984033701,14.57146190593939,5.8508859136909415,19.181305301822903,1.9669453821769305,2.1636429067758463,0.2138710984584916,1.8283402933672104,1.1758854041579672,0.4437889761629034,0.230549792473203,1.0668762225726245,0.3091404866773519,0.7309565455695273,0.0768803723461667,0.0679697576387925,0.0156312541870436,0.0294334444387249,15.373197761011989,4.37789073461362e-05,4.21482128363216e-05,4.320534595580825e-05,4.145103837525514e-05,0.0057893441305167,0.0098536308626342,0.0381860360104298,4.7174396011793046e-05,0.0300247971473717,1.1577981014651106e-05,3.884155590849354e-05,0.0065404434891838,3.0505596905635214e-05,0.0033795015328335,0.0216218576322883,0.0137205321662713,2.1159168434749413e-05,0.0016275887051098,0.0394216314005364,0.0368763445766094,0.0124330950857144,2.9300875936963957e-05,0.0006502804660762,0.006172918794676,0.0151221363446133,0.3976909543776656,0.4226512667528049,0.0143156518276874,0.2948545718068876,0.0001097873597774,0.1897336064626072,5.450183814146213e-05,0.1664574005352905,3.210520636676308e-05,4.933636274578492e-05,5.587935447692871e-05,5.146367280761972e-05,5.0427067114507376e-05,5.575511341327732e-05,5.234483326152305e-05,4.941660402787825e-05,5.587935447692871e-05,5.1519153311876174e-05,4.5995902211019946e-05,5.587935447692871e-05,5.166286521909648e-05,4.40756651382032e-05,5.5830580679976914e-05,5.243867189442371e-05,4.64364433922062e-05,5.032396786960385e-05,4.987662723720004e-05,5.055441238352629e-05,0.0008449284015352,0.0007396913479352,0.0002069451331349,0.0002981410580683,6.755251254239632e-06,0.0002444014476184,5.6732397377985536e-05,3.728726095615849e-05,0.000149030786824,0.0001393695671531,0.0001018578635724,9.325049538711438e-05,8.622727940245834e-05,0.0,7.531347254614866e-05,2.254040009036903e-05,1.763298293694007e-05,3.911707254101752e-05,4.282920818030944e-05,4.797014440318966e-05,4.837861577415253e-05,4.837208513042496e-05,4.561911503460691e-05
2006-06-01,0.2428617930018466,0.0037333505865486,3.259417792184905,6.950869609228467,2.128360855782948,5.00507941609562,26.29755159893393,8.243756331931733,0.0,1.2710546774493403,0.5910205016669107,0.330452680498085,6.376996022600904,0.0,0.0,2.4043967632558267,0.0,1.7658780055398742,1.861555035311313e-07,3.574077633326542e-06,0.0,7.833680364220733e-06,6.388054961236904e-06,7.715865309038169e-07,0.0,7.776468116392547e-06,5.6800364212506994e-06,9.853755775621543e-06,0.0,0.0,4.990896395726253e-06,4.679813235085768e-06,0.255929175660542,0.0,0.0,0.0,0.0,0.0,0.0,1.2651818033486129e-08,0.0,9.945083500444061e-09,0.0,2.9913482173281052e-05,4.483470880948534e-06,0.0,2.3046920424404e-06,2.387321679894277e-06,6.533367753284393e-07,0.0,0.0,2.1280234262473335e-05,1.9889207806546306e-05,8.235616090237788e-07,0.0,0.0,0.0,3.955343039621848e-06,5.146257448829845e-07,7.189155910760387e-06,0.0,3.200472015232083e-05,0.0,6.47344458671604e-06,0.0,6.19102017331765e-06,0.0,0.0,0.0,0.0,0.0,0.0,0.0,0.0,0.0,0.0,0.0,0.0,0.0,0.0,0.0,0.0,0.0,0.0,0.0,0.0,0.0,0.0,0.0,0.0,0.0,0.0,0.0,0.0,0.0,0.0,0.0,0.0,0.0,0.0,0.0,0.0,0.0,0.0,0.0,0.0,0.0,0.0,0.0
2006-07-01,0.0,1.8205074721062672e-06,5.031424107782646e-07,0.0,7.2565806774534e-07,0.0035157236692224,0.024252419495838,0.0071841986053896,0.0,0.0023411626783444,0.0010886039485064,0.0006086625702695,0.2811733756699205,0.0,0.0,0.1060158839870763,0.0,0.0013457844473522,1.861555035311313e-07,1.675962742027152e-06,0.0,7.648093990891424e-06,5.083682043040333e-06,0.0,0.0,5.79144354925561e-06,3.930373228188299e-06,2.354536147994953e-06,0.0,0.0,2.6328026022037284e-05,2.335984614392585e-05,0.0,1.2620808514693888e-05,1.2991354386828571e-05,1.2330623149154938e-05,1.5150523641776494e-05,0.0,0.0,2.537795842150499e-07,0.0,3.955964098622273e-07,2.461676557322205e-06,5.265269790857265e-08,6.922347395985008e-05,7.135415331221364e-06,3.9750258872985904e-05,6.63138632118806e-05,1.063258203027502e-05,6.132289419326382e-06,7.577409246559918e-05,7.481178513707875e-05,7.336911278316582e-05,1.525354215910066e-05,1.1904326109465752e-05,0.0,2.160364302324319e-06,2.5300465180958805e-05,0.0,2.5950493259534468e-06,0.0,3.588509704298252e-05,3.216029265145824e-05,8.846786776821478e-05,6.49316124235053e-05,8.594048512702105e-05,0.0,9.464270786365976e-06,0.0,0.0,4.904871951793318e-06,1.5800720788523958e-08,2.7578309234975625e-06,1.3813586550586048e-05,3.396417908616866e-05,7.771632512299685e-06,2.565732828519648e-07,5.163807302871535e-05,1.1923711131451552e-05,0.0,1.5140733469232444e-05,1.1429564564642005e-05,1.2611835466950611e-05,9.961158041916034e-06,0.0,7.677599962270385e-06,0.0,0.0,0.0,0.0,0.0,0.0,0.0,0.0,0.0,0.0,0.0,0.0,0.0,0.0,0.0,0.0,0.0,2.370739595580344e-06,1.559656462858245e-06,6.562640725367212e-07,5.57914676334024e-07,7.37479525135707e-07,1.860778425532137e-06
2006-08-01,0.0356124766599552,0.0003874213950941,0.0109692200692108,0.0,0.0072043085875697,0.1708515002167137,1.078632412835579,0.3424405521781478,0.0,0.3745299199468708,0.1741505421469925,0.0973714239622639,0.9498304820902488,0.0,0.0,0.3581270295593481,0.0,0.0843726415499394,0.0,6.881419150705572e-07,4.629929280337341e-06,7.444033518573987e-06,4.30885038813455e-06,0.0,0.0,0.0,2.754506382625508e-06,0.0,0.0,0.0,2.253135201066295e-05,2.009743908261156e-05,0.0,2.5348236681067223e-05,2.0379662424946587e-05,2.0470676539720637e-05,2.104852458539242e-05,0.0,0.0,2.0838235533828933e-06,0.0,1.638009587532984e-06,3.794338362766362e-07,6.046501538635945e-05,8.226619467729306e-05,1.4066736513655748e-05,4.830109585396125e-05,7.941264181655134e-05,1.2919404294574752e-05,6.132432893231843e-06,3.184513547381452e-05,6.59498535693882e-05,6.496498043084797e-05,1.5952399197575524e-05,0.0,0.0,1.573420145139074e-05,2.288599628767042e-05,0.0,0.0,0.0,3.775992838671317e-05,5.956877421902592e-05,9.103570127644007e-05,8.433175624592644e-05,9.02706385512211e-05,1.019238193759006e-08,3.563037379158551e-05,6.732471341067761e-06,2.999068058136193e-06,1.6142279328522286e-05,4.732343858564959e-06,9.094567535391966e-09,1.674557479229412e-06,0.0,1.0610813343342602e-05,2.565732828519648e-07,1.1522207840927992e-05,6.689121841707018e-07,3.105103101010692e-06,8.447843803331832e-06,6.056731104085003e-06,8.610954676313548e-06,7.586268903692242e-06,3.283928763588938e-06,6.569818769088996e-06,0.0,0.0,0.0,1.0123024908296713e-06,0.0,1.0838464544539015e-06,9.34624038153198e-07,4.973804144437481e-07,3.519275856041028e-06,5.504692731631151e-06,3.991697798602563e-06,4.756632717553246e-06,5.010141618912153e-06,0.0,5.836599117106339e-06,3.17875573438852e-05,5.189949689255428e-05,5.777928197948176e-05,4.537754746533604e-05,5.440735349355219e-05,5.2352286399271374e-05,5.0591734062737845e-05,3.7293882508283417e-06
2006-09-01,10.923907649833016,1.5338758528960892,8.087981640747431,5.7343617089019565,5.4587987106026,11.133597445761318,43.59038250515185,17.65831627386765,2.3436017899592585,25.28552802673549,12.063966786521563,6.900167762436802,21.17688324890594,0.5347998510541351,0.4698039837386987,10.165651514499034,11.540330475553631,7.111589399545929,0.1905244425349201,0.0304803210690884,0.0,9.831742229331556e-06,0.0115291944078403,4.837495988832447e-05,0.0,0.0,3.24631596827205e-06,0.0,0.0,0.0,3.423507677804477e-05,2.985734348339144e-05,2.7574766549368968,4.2100171009383866e-05,4.318573126558545e-05,4.184553050077417e-05,4.401163060960997e-05,0.0,1.4331903899399686e-07,3.369383110112247e-06,1.7079270157885497e-05,8.93382271020254e-06,4.980831612409204e-05,5.4795652907662986e-05,4.8555378059024535e-05,5.471508517391463e-05,4.865862284111189e-05,4.2627534107154e-05,2.9336114701944776e-05,3.0243663018136804e-05,4.491680748585785e-05,4.6291741263053456e-05,4.5790122531790914e-05,3.119508828221312e-05,3.4157749494714195e-05,2.333188283977568e-05,2.338268220604904e-05,3.447811354759023e-05,3.226468940178232e-05,7.068493897655047e-06,0.0,9.797943544590632e-06,5.587935447692871e-05,4.958066181730904e-05,5.055632270668613e-05,4.901874848646597e-05,4.503091161112438e-05,3.156388535246121e-05,4.7375010027048026e-05,2.427544925411701e-05,2.5826075392954456e-05,1.2028168731955592e-05,4.3902365512488366e-05,5.006195983371737e-05,5.587935447692871e-05,3.1131731144287946e-05,5.587935447692871e-05,5.587935447692871e-05,5.587935447692871e-05,5.290350945311675e-05,4.104931211015492e-05,4.689574716666603e-05,5.587935447692871e-05,5.070482801861757e-05,5.349964776625048e-05,5.104527115333511e-05,0.0,3.1162285680160025e-08,6.828414222380679e-06,6.559835672756729e-06,4.094724122331856e-05,1.0833845051480771e-05,2.7775598597035395e-05,2.89808789506044e-05,1.7004462821637204e-05,1.8494069730230826e-05,1.3625403152148778e-05,1.609377135154549e-05,1.6772990630397694e-05,1.675526827417035e-05,1.973217660062276e-05,4.980762047469054e-05,5.587935447692871e-05,5.2414905585032455e-05,5.027837272277329e-05,4.773414149856331e-05,4.860246949075082e-05,4.848645333293901e-05,3.799725852323765e-05
2006-10-01,11.969351494750509,4.576835507752052,12.13472943870422,12.01605462617696,9.242305823627742,7.530475009038654,8.732771600759078,6.557941422705464,9.970731374557184,8.804209555051495,7.767435527807599,5.530276139660534,9.998191814770326,10.561199029658788,7.552849763406985,7.38290775926423,6.871962395333176,5.638639968867516,3.049519674359966,5.261745364766446,5.435765793734028,8.792423302365432,4.807101257445487,2.603082221609973,2.831569446242257,2.0427625111393386,3.122327449323317,2.6738916806769355,9.19767294277214,10.05996746075392,6.445257928098781,6.904682297822125,10.664765265375118,1.1888758634497876,1.4268126207828689,1.443164438136688,1.41053514659157,5.071439791190722,6.941675307078893,7.996979298422358,6.555364350426889,7.251061361269195,2.216958750356149,1.972339607608249,5.461833462070878,2.079194481529751,3.8864505637969953,7.335584568637236,4.279114574434651,5.178110388505707,5.726251640661945,9.358643966903417,9.06808713547643,4.462559841666517,7.891078045821721,9.198505440887672,10.195966730334398,5.723876482101053,2.6460778024835925,2.233757078310429,4.239877407290102,5.35895526309488,2.7319643218229688,6.636137360332467,2.218969264344317,6.121226500752085,1.7438197984762425,1.6465684165572512,3.374342617764596,2.78749655002594,1.8871439430960788,2.11813676245886,1.1243566781756096,0.8482634278582268,0.7024552147239724,1.6189436797663324,0.5371700254644106,0.9600709085279624,0.5931613795151582,2.3699023804905446,2.160625547542057,1.381782419223287,0.5128732310034244,0.9536064938107768,0.3868900337790902,0.8403999802020979,7.565484494931615,7.77339996953622,7.530579556936684,5.827445448067386,1.240780432459491,4.935124406894108,1.4375427657118054,1.1367362098450295,3.322015083821273,3.173361040092379,2.551665559197892,2.4210560580767213,2.41172721296971,2.7517480054881154,2.4351054582555767,2.686477438723766,2.210135914684861,2.4965488085695418,2.530555428797661,2.805050395624755,2.834208495085848,2.784931424003809,0.9042866635232752
2006-11-01,15.94286417263662,12.492859440248372,18.775590848109243,20.24320104322273,16.015630453298233,12.120788956232332,5.211514569163561,8.895006892662476,5.541512041507898,9.424223112823226,8.4645415367938,8.515552805845992,4.239256642605572,5.421799763471171,10.043125177398691,5.742786483760676,9.045443297465525,9.43239817869319,5.530947374119723,6.338761568058644,11.817940432320198,4.22999748801882,7.226506560011547,7.955551023056761,10.68932626922968,6.412393843451739,8.312777401240899,7.954905365478121,8.459579396771295,9.090074783326443,5.413065784199272,6.159041707086329,16.334764576172862,0.8979065918068411,1.0602227532320403,1.0798882997867696,1.0498577548977437,6.381871863233997,6.408384629195365,6.602258773880079,3.6452915642496735,5.782960975426343,1.9217742648066805,1.8368186214743696,2.95644869079796,1.2551686329008285,2.1637808772502134,3.7385257850376217,3.3621000966394727,4.67309383074666,3.605469185968029,6.549459871619689,6.395322920902787,3.471720880838616,6.88551008819656,7.731581912334876,8.930846584245295,4.635268230292975,8.74492707322694,7.688967510379379,6.523714245293203,7.797512133783282,2.5960657409818344,4.10765715722616,3.0438277932781457,4.018726641163275,1.494363743706398,1.3806096773347654,1.598499788941685,1.380304558272055,1.234234798698805,3.316236209473643,7.516727370539261,7.856048524506415,9.21131473785216,3.313113025630095,9.423642105105676,9.784362514286675,9.785232843551578,4.429364054301421,4.7229709635315,5.648546021264638,7.490837333077962,6.280359295303481,7.678833531400182,6.474322074380101,5.808845227289379,5.716612976530921,4.276235509234631,3.7401851697376047,1.5669886150107302,3.328333718206717,1.7272288112814904,1.8142143689632464,2.814743177473469,2.849227332201272,3.1034762719039386,3.1858360071774188,3.212803119145835,2.821505199438497,3.127130772749821,2.601708758519854,2.241741082279592,2.9046928823896887,2.611219524380063,2.3909189082384223,2.279720866169374,2.224192659001934,5.285237188708169
2006-12-01,0.8660339080377888,2.737114834980518,1.528243302935214,2.399616893626032,2.4118665819195475,2.841220059456627,0.4114091631105597,2.754862341379029,0.0980247778968789,1.2957048340208768,0.7920391193542656,1.994405239223136,0.3702072449396618,0.1078393471572004,0.0172644578040435,0.2883787445911344,3.929689933639368,3.953457045048941,2.1754109269085404,0.4148051372143153,0.0,0.0,0.3642904953508799,2.432013921796836,0.8630496276824711,0.0,0.563533308372762,0.0,0.003056321234139,0.0001315964817807,1.839768959631592,1.5942133141280288,3.042118059764958,2.488114734988462,2.3267810012703185,2.322322711321162,2.308381296867521,1.871177486745911,1.5127427014310335,0.7986269456231468,2.6271306864183,1.2650707122676534,3.0286217320900843,2.619289268771598,2.9185163256093367,2.9457107200478543,2.969129026270899,2.9734179067912803,1.9454081720179743,2.8233255275052267,3.125832642687401,1.7025579333223102,1.7902544924584078,2.1209133084384426,1.5277644764347424,0.3923752781310953,0.1688530903576059,1.9736271728604449,2.018848270605907,0.6875063783277899,1.966072601936501,0.1045462788200433,3.1572994143450197,3.546339833532034,4.292390366119071,3.62336555381746,2.237674559065178,5.323639835072329,8.138334765714061,8.845132557909034,5.462240193551999,9.384293213097164,5.858096049777405,3.2625776934695323,1.1507159414980872,5.267477460215202,0.267735810002315,0.5107095669689083,0.308915798220983,0.4182590181832235,7.595406247336641,4.865136361594374,1.2243903501701991,3.176753251709909,0.3102554943351605,2.52828802137006,2.012813564100056,2.029263446125693,2.025538906156118,2.449588776175383,3.316440185051819,2.561767896941315,2.8291835001980803,2.8482980985155644,2.545088445167661,2.5281100234985847,2.488801236680493,2.5754217874703174,2.8070076475260315,5.367163265898135,3.255123448509889,6.704534212172824,1.541709762224411,1.751590854177981,1.831706367110258,2.884082353298891,3.447608245429272,4.0541730214899285,5.292103657232808
2007-01-01,3.2553053685290445,6.438317368951312,4.170353328604434,5.662681010939356,5.921908114589737,5.396813590050281,0.5108142524729492,4.299403921585478,2.18600389463585,3.1719907774710165,4.329225306015956,5.782330932273908,0.8500260011163475,2.956596897702217,1.1430829868745978,1.267018921247421,11.68376111939438,6.965943458003721,12.355083311565034,3.43964728964027,2.4608797864941323,0.8056095310626152,3.4777967602782685,11.74756079529461,10.38819749954784,0.4007564931346883,5.3341812676675735,1.6731079856661295,0.1972122067973396,0.4526467425591494,3.10543533214937,2.8348715373644278,7.958823730836614,3.4118096458881637,2.8496911835572507,2.82792617027359,2.902447564932997,4.500643504579946,3.440588397254778,2.2731373224343345,3.52470837487182,2.5394210705405347,3.1982790191276576,3.5736921408382925,2.0713345618457044,2.7213040034039078,2.3800932570778,2.4696912773796997,2.7532389577052103,3.868557490699276,3.229336084779831,2.96306014033712,3.0185748813573348,2.8405707126295163,6.365722441809569,4.748964480358149,4.289822624366484,3.1192497589699,11.602524432140012,6.88290669360573,5.903042588157303,0.771870244280161,1.87819204771792,1.798622066489026,2.530641717467902,1.8844643473257616,4.71291576890635,2.7198438289694957,4.257534303868088,4.719052470801167,3.950215068395949,4.837961804057804,6.80413753848496,7.503953399187569,7.349486569559629,4.968664472500072,6.953252205472576,5.159163325142641,6.505335474267101,6.838191242864934,3.525002180718361,5.428631880337624,8.30531922750415,6.855856450053327,7.993348139286198,7.147014581837661,3.46665759849742,3.382847276701339,3.083159653145598,3.836109744656977,2.239013434943248,3.483627809959831,2.8155994310392893,2.2620933162825443,2.608969423290074,2.467005382789036,4.157971613520654,4.212395287217572,4.886983345200398,17.58509355338559,6.303370542209119,9.729016705625384,3.119034073110232,2.096907454014027,2.611277620209445,3.49729526425957,3.7626461460171816,4.22436807506907,2.8660332542816973
2007-02-01,3.494710556879183,9.71897475064955,5.916246063645817,8.453133726207989,8.824981150823616,7.996063990385736,0.3972332573237025,6.259552808108283,1.55625548458582,2.4618557407374886,2.439702519635259,5.182122119948484,0.4352443505310703,1.7310987747837057,0.2574111346570478,0.5670179736864918,7.509023631687959,7.637192621180898,5.920080124328515,1.2181941797437343,0.0,0.0,1.102266466998839,6.037228519639548,2.156746173947364,0.0036102319510947,1.743061272101232,0.0,0.0232412711013257,0.0,3.724501383499344,3.220894759789968,12.124391311101878,7.927052174896047,7.56468193520957,7.656236659946679,7.468839586381539,1.45521926361088,1.607675000715747,1.0308471539853683,3.846235946992755,1.9520914830641396,7.978635245958669,6.287881511075285,3.325596941752785,5.012688147941351,4.104597884963114,2.9583725314613285,4.681759323590266,5.075210452838198,3.4159225405099694,2.450051237431591,2.529687014209333,4.59576355381314,2.980078825796764,1.736922351259456,1.1893286180090297,4.020283742511631,4.799544375141255,2.8913093063837083,2.7579414441918235,0.0746102630335205,4.766868632960173,3.221286662502832,4.787250241878122,3.372342972687759,9.889249752174027,6.009156794155305,11.701676844800405,10.946414788345404,8.309512308012934,10.98691317425535,13.923074309189204,12.511803914786668,13.075348387441917,9.697847957412362,11.060366944302226,10.355195216158211,8.423160015220878,17.588528390254172,12.412652881917245,12.486271744022122,11.705055243799832,13.140311065559194,14.49621997996458,13.67721378001351,1.4466658946238196,1.49678361227721,1.0649209180551782,2.6263008051627925,7.205223932613229,3.409259455536589,4.0921631475358,5.607403157134744,4.7940583139207575,5.0128625598768926,7.744733781202698,8.802729520070262,9.550976886641669,17.40473064235025,10.58321223318292,17.149924103698172,6.389144773431654,6.476111202588911,7.453863179343488,10.122809719938568,10.705458154245523,11.71169398506994,13.94483255746691
2007-03-01,53.00523442794377,26.67615329386823,43.175549790977975,38.36173093626305,34.370859385451745,25.591354881626284,12.89581156662214,19.33189703049313,60.1764633696084,35.759293087566384,38.56650935993922,28.22021010427313,48.2229541446354,57.93548917634647,67.57343479530773,56.76411642547459,34.46724095115531,28.66724439149251,45.39082254451345,75.49078888903934,86.83761366957167,72.77530922642242,70.75815487310251,31.2535217433205,48.26831118499045,88.6795856539122,62.77127454897708,92.973709111721,89.95506341477234,91.0816293224803,54.08852868359859,58.68018435874091,30.508113070771984,44.70090796943092,47.81590843353404,48.88206008866512,47.08929556668322,50.90983081418772,59.55492942193909,68.5976111488042,58.05693098395955,65.84272085408656,49.33802349048781,43.37092341019168,42.17539347552104,35.35723135207105,38.7407476962292,45.456166122888014,54.4076463446552,51.10462356404538,44.59574088709603,48.2263976225365,48.03635935581168,53.13279429002066,53.83178223177915,63.74875528586394,70.74080297315686,52.37410659597986,34.709741370067114,57.8294190270644,47.02897032220229,78.6459417623567,50.14078290376517,53.53834516716105,55.95173474943402,54.09454164153592,54.64174966992713,43.38112311884997,58.34762796949803,53.33538992310782,47.60981867837235,54.42825959191393,66.64963951857206,74.14329974448916,70.51815727566853,54.83194620969816,73.48036395610927,70.36281652220367,80.82839800553857,41.73081843561295,61.61771882409112,68.75431189473022,78.28317994250526,70.45922513280578,63.58175572289127,68.08913875182724,58.43535655075961,58.940952109444645,60.83833290774355,59.87307929015374,59.29084372184972,60.57987676333028,67.892143404463,68.04882878507718,65.64436961323891,66.56737542896418,59.39102727936636,59.08392735753076,57.47621292224076,35.98967888947559,54.37625677058878,38.34402538130493,62.2850463438793,67.45383117951327,63.55724556251695,57.791292761367245,57.17427870942355,55.50870706730812,67.08858518588086
2007-04-01,60.206190172081925,49.14335207438107,55.8996747531668,58.74347100316656,53.31889369759829,49.77526199151429,22.436239194448323,46.92678213530246,49.191041280648506,47.05669554443568,50.96873367033528,45.648648138667006,35.999874271905895,46.152998651915325,18.25813755791475,30.870252332021227,24.31460486988413,36.23151323106901,8.521678472655706,15.33994438908312,1.3734820470104052,41.631668638505815,17.062753241480927,14.993511272153052,12.620971076727807,6.746839174392329,8.821310213389294,6.029180645210477,3.5604912459679414,3.6651482297543176,9.9160730491318,9.095189503542764,48.90780390344338,16.44204960490729,16.79071142609462,17.290206418020258,16.47859441626907,15.618439811114005,11.681136184953,8.376390652551242,14.902924571496104,9.93905536930836,15.054203033549634,12.225062004685885,10.2282590213761,10.046073945489786,10.05256280626473,9.416833577749408,12.453844523750558,10.899923762567267,7.53646333965648,7.609847245807483,7.522564798194748,11.904816801566923,9.75831892221549,8.662063723438678,6.85503622753014,10.422246334912495,15.085423586810547,10.509233326805278,14.544495734538526,5.770807833843207,13.618451703130132,10.52011556061894,14.521471357318486,10.94249021544851,30.87093570685933,14.39482127089269,19.701838593508164,17.83121019245716,18.526097692455615,14.54213629382934,14.306546536077542,14.998429953670158,12.64544941732384,16.713975807266795,16.4512230826412,15.515858727557646,17.211531376266322,13.365162857014337,16.546609073604376,16.03839349066444,15.502401989169776,15.545081048750918,14.365547712928862,15.208962785367362,13.86764294643256,13.834054261617943,17.846850988671083,18.497963098417088,20.059744116576237,19.154414095097238,28.1933845402108,28.253839598520333,22.733802506439243,23.04197300998933,23.07947218124286,22.95982596334104,22.45570720023657,12.033124262944725,21.209459167862043,18.147132291082634,34.06165981395419,33.40082947559789,32.39252292466021,28.078344759112284,26.78646602924421,25.479773477786647,13.688172094695997
2007-05-01,37.30356408824016,14.34646011942278,63.61581958772127,66.57767649233344,43.55411737921413,53.34380280417884,155.39213922699145,68.39868410346341,20.75760173944491,54.25299554056749,34.663891303174054,21.407074836009635,37.05743684387462,16.98392711703129,4.989426693322086,15.014526249657472,0.0175541799050904,23.88028809077217,0.2228647839790639,1.2113684635437687,0.0015475897003968,4.58811221150806,1.9460202848218244,0.3816800409879823,0.0,0.391141412801811,2.6436178534710346,0.0457298623966685,14.362945486510988,13.73874277457426,2.2791179429230453,2.9089165915969204,17.082306491878448,5.587935447692871e-05,5.587935447692871e-05,5.587935447692871e-05,5.587935447692871e-05,23.67478797129578,18.8899960603194,12.084718467535916,0.0005972775782148,9.49937089541094,5.284446597290461e-05,5.587935447692871e-05,5.587935447692871e-05,5.587935447692871e-05,5.587935447692871e-05,5.415160654150501e-05,4.277486545828187,0.0001127478417414,5.587935447692871e-05,5.249813032696494e-05,5.244607225135982e-05,3.5964907864667235,0.0004020827448927,0.090926955620263,1.2037349046996548,2.5347863021124413,0.2545694715151567,0.1479045493824735,27.199574034543453,10.70520716046052,5.587935447692871e-05,5.5221625108350695e-05,5.587935447692871e-05,5.529624387434882e-05,5.587935447692871e-05,5.587935447692871e-05,5.587935447692871e-05,5.587935447692871e-05,5.587935447692871e-05,5.587935447692871e-05,5.587935447692871e-05,5.587935447692871e-05,5.587935447692871e-05,5.587935447692871e-05,5.587935447692871e-05,5.587935447692871e-05,5.587935447692871e-05,5.587935447692871e-05,5.587935447692871e-05,5.587935447692871e-05,5.587935447692871e-05,5.587935447692871e-05,5.587935447692871e-05,5.587935447692871e-05,7.915246484900701,6.933122318953618,1.1446728888763953,2.381052469666596,5.587935447692871e-05,1.9387440075700149,5.587935447692871e-05,5.587935447692871e-05,1.0887491507566212,0.9996200788530956,0.7248823616545874,0.636962719005975,0.5747473641967592,5.587935447692871e-05,0.4949286457466852,5.587935447692871e-05,5.587935447692871e-05,5.587935447692871e-05,5.587935447692871e-05,5.587935447692871e-05,5.587935447692871e-05,5.587935447692871e-05,5.587935447692871e-05
2007-06-01,1.6552236713320667,0.0334060705325317,3.8986941211404873,3.479422372911615,2.549007326506192,25.916702453199782,150.32724932642108,50.587305751462665,0.0001810736540136,21.94257758461199,10.202967726248756,5.704705308478307,30.986403567923578,6.522384036415754e-05,5.931154873163237e-06,11.68318101425498,0.0,10.26149438458672,0.0,7.301040115154036e-07,0.0,8.910745896202025e-06,7.06699098774893e-06,0.0,0.0,0.0,6.834103286080355e-06,0.0,0.0,0.0,2.941408440306527e-05,2.663513221727366e-05,0.0906237566546333,2.7556065767331988e-05,3.469765574879951e-05,3.2935564990670394e-05,3.7428548568962365e-05,2.881077975302278e-05,2.4848721880233653e-05,2.905393549014736e-05,1.447070710930578e-05,2.745945183648332e-05,1.0866997022371608e-05,1.6337058136063436e-06,6.930223589285834e-05,2.375178883910081e-05,4.532096480098589e-05,6.460580602325049e-05,3.053099970346383e-05,3.0701803726880696e-06,3.922491666186274e-05,4.392230159348905e-05,4.512345059241341e-05,3.103070009522735e-05,1.2482936804937138e-05,0.0,5.857776956899286e-06,3.059647253704122e-05,0.0,3.82693049899558e-07,4.729241505552626e-05,4.773543945573132e-05,4.194339560631999e-05,5.153639654811293e-05,4.876067994316623e-05,5.082101894118871e-05,1.932331532798755e-05,1.7224986437815068e-05,0.0,7.09477056688572e-07,1.6854788250371074e-05,0.0,0.0,0.0,0.0,1.0402921206221935e-05,0.0,0.0,0.0,0.0,0.0,0.0,0.0,0.0,0.0,0.0,8.868839802928015e-06,1.4680804861940954e-05,9.118761373653951e-06,1.806417741815024e-05,1.6182578442375218e-05,2.2223652568404533e-05,7.419406311427775e-05,4.629736868948452e-05,3.8247315328502894e-05,4.3582279603580025e-05,4.534911433948006e-05,5.119900090188397e-05,5.177271582052863e-05,5.021257755361934e-05,4.934083463084327e-05,5.607553220046752e-05,0.0001117587089538,0.0001001642261974,0.0001031996816251,8.87538093874129e-05,8.14655674301083e-05,7.671581538053317e-05,0.0
2007-07-01,0.0,2.48063551535692e-07,1.0348174987876104e-05,2.163810249097645e-05,6.783409435404775e-06,0.0329791749402401,0.2275407100892062,0.0673912519812214,0.0,0.0044849838468171,0.0020854471881832,0.0011664005494374,0.5064741652520561,0.0,0.0,0.1909651348352085,0.0,0.0113526843815357,5.075388273743197e-07,4.194031712385067e-06,2.8829087953346613e-05,1.8016667864541308e-05,1.1161077090995107e-05,9.733778778730809e-07,0.0,6.617754423517045e-06,9.866918450910096e-06,1.7646935169987e-05,4.917820902286528e-05,4.5057922552902106e-05,4.513864187293451e-05,4.541228388920211e-05,0.0,1.5176477585353992e-05,1.4037911481136723e-05,1.371575867498791e-05,1.7872796575146442e-05,1.7961913641462127e-05,2.0251819697837516e-05,2.8007922401075694e-05,0.0,2.239607243008901e-05,7.38195867910937e-07,3.3714591125418826e-05,6.428040134053784e-05,4.062266337284005e-05,5.3525460707736494e-05,9.089786301019868e-05,2.530833572738829e-05,2.3590880767692188e-05,7.142608655583494e-05,8.322070511639057e-05,8.411855878145997e-05,3.0120825435511077e-05,5.74643255481179e-05,4.499060826168483e-05,2.109356093390189e-05,4.207855621116818e-05,6.492146964594887e-07,6.146273827718501e-06,1.3039190126532372e-05,4.752765865279889e-05,1.864310490609037e-05,8.33301273397783e-05,5.1811487154972126e-05,8.06206785437493e-05,0.0,7.829169931769108e-06,0.0,0.0,5.655631026248917e-06,0.0,0.0,0.0,0.0,3.49070442556501e-06,0.0,0.0,0.0,0.0,0.0,0.0,0.0,0.0,0.0,0.0,1.2993050890456002e-05,1.1282401936473336e-05,2.8489454241382736e-05,8.919739900270032e-06,9.17590682389412e-06,8.013368393552566e-06,4.332533375880094e-06,2.305651425727336e-06,6.536706021137161e-06,6.134985114398421e-06,4.44873844187647e-06,4.138582176547287e-06,3.734310558641791e-06,0.0,3.2156533469951468e-06,0.0,0.0,6.331265780156968e-06,4.165197903010306e-06,1.5144969912158673e-06,1.287530635947985e-06,1.089698548769196e-06,0.0
2007-08-01,0.0015062355470849,6.918132768198548e-05,0.0008067639969924,0.0,0.0005343711522798,0.6258222916406745,4.097311197684244,1.2784574510821374,0.0,2.026734033493143,0.9423995572120348,0.5269164578915967,1.9491793493768967,0.0,0.0,0.7349238829630321,0.0,0.3566995032070112,1.861555035311313e-07,3.5621633757429785e-06,0.0,1.637538853238276e-05,6.725008712380481e-06,0.0,0.0,1.3860925463178498e-06,3.95874474349774e-06,3.197657115684711e-06,0.0,0.0,1.4098448480974532e-05,1.2582827706292988e-05,0.0,2.2770676491847885e-05,1.9561163600968084e-05,2.0497240089278977e-05,2.005958031306944e-05,2.569826867578847e-05,1.0079612360349327e-05,4.094016701628081e-06,2.1743059078685918e-07,3.945065705283455e-06,3.61278392499892e-06,2.267598072627553e-05,4.565108110306312e-05,2.332256045451156e-05,3.262209810715855e-05,3.484849185098138e-05,1.0691547809222377e-05,0.0,1.828930889907593e-05,3.5839883744440766e-05,3.575188680002227e-05,1.1534289076095957e-05,0.0,0.0,8.786665435348929e-06,1.455331817479798e-05,0.0,9.684491041613758e-07,1.4476663702383615e-06,3.920826232173646e-05,2.6994702341557786e-05,5.915942022719905e-05,6.136019584177735e-05,5.9442079556547146e-05,0.0,1.5184716448836195e-05,1.931170424094316e-06,2.3159942640126702e-06,7.902326322742257e-06,2.055107577895758e-06,4.547283767695983e-09,5.911478009164532e-06,1.1479228454484036e-05,6.840228337256677e-06,6.475680805603123e-07,3.164917228267033e-05,1.5393339001060072e-05,0.0,2.6622421108697477e-05,2.160653074161365e-05,4.431326974386864e-06,1.4160315225183584e-05,1.2809260797541302e-05,1.2912563144099218e-05,6.705634448982915e-06,5.8227789400916e-06,4.470125926332366e-06,7.179396080681337e-06,2.8674803289217216e-06,6.836957805141673e-06,1.1629952072140614e-05,8.427711437392255e-06,9.05694613613834e-06,1.080856984499819e-05,1.424620367764172e-05,1.512170423297468e-05,1.6599811001566032e-05,2.573688468120988e-05,1.728006665805291e-05,3.621093480493128e-05,0.0,4.484388050059844e-05,3.5472181608398135e-05,2.689540342798521e-05,2.3519457413180384e-05,2.2542145066251385e-05,4.986692474527665e-05
2007-09-01,14.610063551133068,1.80331138255684,13.154459163520956,11.40625167752655,8.793128278651404,9.172649286017446,21.663088691155988,10.545475118928769,0.0001439816036262,6.112060419296805,2.8425931780089084,1.5979329212071305,4.092744998473456,1.5695580616883648e-05,1.5154369442278988e-06,1.5432260380202725,0.0010360748124637,3.5206964323497,0.0,0.0100058414763359,0.0,0.0509041287787169,0.0236142384084319,0.0,0.0,9.878841673129132e-05,1.4135168399423811e-05,6.907381039860919e-05,0.0,0.0,3.371129984038711e-05,0.0001232337642845,5.72187886916232,0.0,0.0,0.0,0.0,0.0,0.0,0.0,0.0,0.0,0.0,0.0,0.0,0.0,0.0,5.207438951814979e-06,0.0,0.0,0.0,0.0001027838337892,9.606515624651728e-05,2.058531074336104e-07,0.0,0.0,0.0,1.6470459444064672e-05,0.0,2.696427653074028e-05,0.0,0.0,0.0,8.323692041143596e-06,3.200665832873669e-06,8.854419919551991e-06,0.0,5.526787341996806e-06,8.474857998056039e-05,3.869488935267359e-05,6.876331104262824e-06,4.535370718621215e-05,3.883989874436783e-05,1.89176873115039e-05,1.4076654021226428e-05,1.2299974444659588e-05,0.0,0.0,0.0,2.325907371691442e-06,8.427185650178038e-05,5.313579363157736e-05,5.631868144519625e-06,3.1780770106618765e-05,0.0,2.49946445260643e-05,0.0,0.0,0.0,0.0,0.0,0.0,0.0,0.0,2.051773074993e-07,3.091936271242569e-07,2.242094396843419e-07,1.9701339442818761e-07,9.65850054642902e-07,0.0,2.201972528657737e-06,3.237671477326618e-05,0.0,1.3848018817854844e-05,2.421718286626947e-05,4.702513855667975e-05,5.443700316821654e-05,5.708562321987838e-05,9.203408298594308e-05
2007-10-01,19.585889004887697,5.601839912674193,21.493602172078862,19.458152882489625,14.981895974021365,11.960804086417394,22.31081541619721,10.469415486067373,1.0863128110809033,7.462632988692282,3.784094301324749,2.160831128059152,4.98656142175631,0.5256547533473022,0.254251189140128,2.7466186525047616,2.536839244954024,4.790429782518759,2.03112497197296,1.7751669162439188,0.045094883051761,1.7571776722049557,0.9469432019346412,0.0272498109460228,0.0532406928150877,0.5316483859556408,0.0967131503169437,0.3583999074727765,0.0607584900840546,0.2823943955458027,0.6519063707558975,0.6680172429836598,14.406961144368085,0.0,0.0,0.0,0.0,0.0003023884466713,0.0001059192045142,0.0014140461881027,0.0,0.0011115246343994,0.0,0.0,0.0016559051584379,0.0,0.0008512046900771,0.0693321603962753,0.0005457498763488,8.816830879809726e-06,0.0698555950212321,2.0041436884768955,1.8734245770562572,0.0046790182164889,0.0001962538060575,0.0010724105156666,0.072927229035784,0.3722642647319804,0.0328350449563254,0.1743417059223517,0.0006440511769035,0.0068803615233427,8.756450999503636e-06,0.1079794093111291,9.719473774368308e-06,0.0947344655890733,0.0,1.9193259747849945e-06,0.0,0.0,1.11398810009852e-06,2.334107850500812e-06,1.1912085599250677e-05,2.5573084528058348e-05,4.6230244228588026e-05,8.986990403009013e-06,5.587935447692871e-05,5.587935447692871e-05,5.587935447692871e-05,5.587935447692871e-05,8.9232092595076e-06,1.7532916351162973e-05,2.7814481274552774e-05,2.5254031674092984e-05,5.55152592497273e-05,3.2217978076319304e-05,6.231013723308575e-06,5.410646190086775e-06,0.0,1.713366843962233e-06,0.0,1.3950813592859874e-06,0.0,0.0,7.834244543041335e-07,7.192871106161871e-07,5.215856534410367e-07,4.583186159072289e-07,4.135484022289816e-07,0.0,3.561107955241381e-07,1.3145340605101031e-06,0.0,0.0,0.0,2.2623950746750106e-06,1.928461047224492e-06,1.825718629997432e-06,2.2996272599738367e-05
2007-11-01,5.036576185015393,2.509997409200944,5.587272697206745,5.066700814377547,4.358386872576952,3.0497771697671467,1.798226632049081,2.0133656341814303,4.007501980730154,3.044121520705225,2.3943798467288837,1.653916625202956,2.2432192166084004,3.602357565113341,1.7678829062512136,1.7949637095120723,0.5742716030528227,1.79519046484877,3.330123153956593,3.527516934820225,3.598790501846019,3.4910679004030394,3.643910601791005,4.333613286341636,4.094125594607477,4.004883143242486,3.635771628556829,4.201978756754402,3.137774154033728,3.421528629473719,2.94341635532902,3.06287750887234,4.034738044962499,0.9933691875408356,1.4518092483222618,1.467375496769092,1.4443345276394708,5.012690404777094,2.902179749463409,2.577535498461036,2.301472908044284,2.5238266030215386,2.1634558891526985,2.050280044405109,2.755369792454904,1.8432727774247324,2.3740499348016075,3.6346120825790895,2.1045194852102407,2.2262760936374835,3.31871024353995,4.1292361939229325,4.070406934494675,2.21111005430412,2.6800647629546344,3.0518759571880305,3.0638552856449066,2.6858021272416184,4.275235936266718,3.851203797499988,4.193844368996325,2.893519313940515,1.4108352650913527,3.4035899391706046,1.2556846771012966,3.1757529676565524,1.264978375059484,0.8081261176354204,0.4976879300980882,0.3486273984171311,0.7742829627958601,0.1730794540843016,0.1290412535671685,0.1411394138251376,0.3633642651703996,0.5683315716793411,0.2287267937194504,0.6123499361814981,0.213031518404152,0.2743042315421705,0.3350504786413479,0.2432127306691898,0.1437874392147917,0.2022938111526241,0.2502392082205404,0.2056896788057981,3.4138364351717865,3.267105987874233,3.717548255452487,3.5620120953734773,2.7435541243289103,3.4329106661121846,3.453796118816033,2.9457423149296886,2.8530947484024827,2.6997410089208254,2.072314349679523,1.8496036394431783,1.6708076579119957,0.0035600878384992,1.439861578499101,0.016883404719448,1.6075964575077335,1.1615732305624045,1.0848487935304434,0.639420425729228,0.5693275104811409,0.4841158875267635,0.0786843435137671
2007-12-01,1.6655128382155844,1.787234421592108,4.521513690808403,5.3955859914319415,3.5319319198142165,1.7099598207715865,0.0981597641345593,0.1368134109126772,0.0035825869560616,0.059235219056837,0.0279182303392676,0.0196999677966289,0.0481599981814184,0.0001655147928976,0.0001733120943784,0.0181887873067123,1.39551364667853,0.7768802463173983,0.0218530156388942,0.0030510522071856,0.0,0.0,0.029996218912153,0.17458476075519,0.0458900246345872,0.0,0.0783568116044523,0.0,0.0,0.0,0.017431323526606,0.0150426227284036,6.40829618791832,0.0,0.0084232794548563,0.0094093532493067,0.007811351819771,0.4264199691327983,0.2689383585738765,0.0781792532354474,0.0599254364167068,0.0688522009290331,0.0,0.0,0.0,0.0,0.0,0.0,0.0332624171498832,0.0,0.0,0.0,0.0,0.0279667985839301,0.0,0.0,0.0,0.0195287967539358,0.1266189687071483,0.046453829988338,0.41683409354538,0.0009951268024221,0.0,0.0011953896736389,0.0120973730603697,0.0035793565905078,0.1558348856497002,0.0,0.0,0.0064787397293572,0.067183129772858,0.2277095099057364,1.5557265035747438,3.573830830085346,5.70064648444984,1.1460614786690408,12.946261359254152,9.070852725856945,10.61005176252002,17.73651109413848,0.019191730040617,2.1069441781825966,6.746420814981887,4.768394071920346,13.665244341566352,6.872376319226256,0.3970062375396733,0.3736142069664087,0.66153722463308,0.7378697360599701,0.154978363622483,0.6542007597925136,0.9591219136552982,0.9192849579587604,0.6899117459833923,0.7295667235657313,1.679034154371455,1.7617253648670317,2.022631237057333,8.571821307920159,2.621770148769219,1.4373624289601563,0.1470043504261654,0.8005182879452051,0.7633498630002226,0.6296329705307444,0.5352745787302315,0.4546632445744192,0.5626408881968769
2008-01-01,0.5350744112778647,1.3202240010795212,0.4670253007963733,0.4281947931000386,1.0046401172713295,1.2547028179579471,0.106591310228446,1.1967326207119673,0.7618159013016697,0.4852490144690395,0.7651368608759913,1.3967237644570614,0.2031350683179496,0.6467517432504133,0.1796455120071119,0.2625028248931454,2.8323547073285464,2.089902076885147,4.086111273805254,0.982904147651011,0.0338198035487326,0.0,1.592986668933115,4.145494830230355,4.38081856271692,1.73410241785616,3.220021355808191,1.6342487223755668,0.022412141730629,0.0001915364377856,2.3329657194918867,2.01841031193787,0.4118742205835925,4.729904681112089,4.991789602509749,5.163286001989614,4.953978931705952,4.086876266584507,2.639287963481717,0.9578615767776056,2.9335256477008627,1.63507967216325,4.647141343444673,3.897190027635669,1.6486329740706358,2.6459538418491886,2.0665319202874626,2.2278532744761934,3.162643194334556,1.872694141693064,2.4670480218397293,2.104258092510729,2.115587168721467,2.9936125310755584,0.906878108470617,0.455047301398337,0.1708988062064469,2.5303451696059422,4.047469594749972,3.92415685012726,4.302431153620496,0.5358290838090132,2.45995061016076,2.163431722883727,4.861205406488072,2.494110638234735,11.227249982876817,4.532367433969574,7.795478839170519,9.725896323620356,7.515009549206581,8.524521432061524,10.655643281499913,14.696125404065851,16.15654920531422,9.247506597343245,20.546512420458427,22.371415137790255,20.476672498945693,28.21575771478544,8.333702377960746,12.561316494103034,17.706451235512315,15.255231899120314,20.612127257330386,16.71819727267249,3.926734772152631,3.6554819778977232,5.732644992901223,6.0787600886077,7.527850470589067,6.40860058487057,8.156617030358666,8.470406484213779,7.36236087388032,7.523778610603587,7.739092813598932,8.179730697548527,8.58469241953075,12.204862308375423,9.473732355858765,13.118057745983156,8.583743371407571,8.201510044245929,8.30254185757724,7.954367199799011,7.691045820836591,7.605176180943251,13.906393334920534
2008-02-01,10.31952898384099,18.74367979530928,9.011209200760648,8.547819871826096,12.94695666384315,12.995494487409674,2.4815632684133053,12.118938000633872,24.163784011055647,17.830063527781817,19.28907543163055,17.381385823317263,5.140335869396989,22.31550476754908,6.983139054078828,3.480728616523533,14.394389867302667,13.026476809929358,1.843336271242291,0.2844232727093903,0.9276829153502912,0.0,0.9694352403625136,7.317666998437878,3.159712161182345,0.4193017361618125,2.220216657646481,1.543722940046924,0.0,0.0,0.8945466649315917,0.7769184815591215,6.074091815065082,4.749964999881922,5.07493488136361,5.422044052553522,4.78815346701207,1.1073680458734283,0.3728896535530379,0.1074000977225192,9.58619412639259e-05,0.1681855320863208,0.4769802596048167,0.0609167508772807,0.0105835038114842,0.3208969034726437,0.120207569047792,0.0379428116524151,1.6438500846424524,0.0015934283647016,0.0046778849443143,0.2042719436750156,0.1909242529038829,1.3843940639727983,0.0,0.0,0.0226054881949712,0.9996294252764888,6.845744233960095,2.622637588841884,2.14325990265158,0.0323914611357157,1.231866082257103,0.3995040178174379,1.9302149438305096,0.5375632552765983,14.783452019005091,3.721432922696295,9.422954880675828,9.78150723597368,7.927666182120875,7.696412055712641,6.587104936624915,4.787674400359446,3.700026154346583,7.024881561073878,1.0138534324126027,1.6974424953253788,0.6833155069769089,5.287682685181563,7.756912679277605,6.027256977616253,3.5227028216790237,5.328741236281404,2.9521858921580755,5.030491918680275,0.0990454004588583,0.0860052059641075,0.1238227251077369,1.5198986364771898,5.80172574623865,2.916832737653698,10.267243394678824,10.375411009569444,6.42563779605216,6.811113307331659,7.0880509455203615,7.165731449488767,7.1752056701108495,9.649948637945826,7.716691357317781,16.078466072717774,13.591953244102775,12.750054766853822,12.565508517038923,13.066794149638705,13.210934468268452,13.740526216952407,6.349603184017623
2008-03-01,14.016640405879391,11.474837263985808,11.17178987625424,16.088714965040705,10.616769265860604,9.329270734491518,2.9915020128542054,8.112315061732666,18.610821821832317,10.8508110853767,11.254304430040424,12.44312372820256,27.263769340236514,18.64996433618318,43.40239897583166,35.77126356852347,18.368787582131645,18.54490495117116,36.72557812710421,38.00050082035043,30.335182905000607,15.415479367649285,29.09085915249147,13.88629781005616,21.13683338747613,34.165018584195195,26.419941606822448,27.33399676909813,38.897362798241645,36.91380725425264,37.26819646854279,37.65656789821132,25.32522359136757,41.40422851439652,37.24904980942075,36.21718552141581,37.57967952097784,28.589573449752997,39.10021084474956,44.12660428423044,47.450685649579725,43.80843122084676,42.355142662032186,42.339672368110975,26.913356708809083,47.05072543169752,36.76100112745862,25.76111352883619,41.23940814020918,49.48527041620423,36.17171647506134,20.63866182141864,21.85460734338505,41.14022095494874,45.113112600351855,44.977662381620846,40.64868316925449,37.99334626706596,14.573625414091,23.646403808034588,26.99966904162868,36.66687449657295,38.913342529964645,22.867540123212308,44.228538080547374,25.39756651112056,20.369122672691976,43.996504253625176,36.73065373833735,32.45419447166773,33.386856166482815,51.95972371586437,55.18457103968963,48.1954341801034,46.60841919088559,39.983183203808686,48.05107423552764,52.85858621522966,47.90402335690736,42.41063561107676,57.32279851689859,51.500232959828814,44.27456387330973,47.56617478989188,43.88170361664992,46.31885685640501,36.16349605789294,37.77588810907614,34.07753328764079,31.303449752775837,21.78726872139973,28.85179676434021,16.093436173929316,16.394053727878084,24.35101597519211,23.649767343930023,21.269490305984476,20.102372243987805,19.486205149106613,14.184844377344298,19.04844500341609,21.596785610682684,17.563665172191854,16.038259795161448,15.950107374600224,17.170902648532724,19.57318646372097,22.347991249631065,48.72616642412088
2008-04-01,55.77401300805605,24.159940949963804,41.27173280491394,36.58690376821904,35.53243926255996,28.85995827588313,15.170135740018395,22.69920675588732,28.19790795834924,27.20775554529383,25.56872664327757,24.46926087081348,39.46722776270983,27.57374526331259,30.473613172899377,44.71549715249,11.487773911652756,25.057923911891503,5.623252553072333,20.53627782253493,21.009802884127215,64.26849249792001,26.41627552905319,8.665310720068366,11.364101344535047,11.864782526728488,12.764002604389326,17.23632048699874,20.13317049563937,22.61641286809138,36.72420013500727,34.618291492754295,43.09129148508693,78.00747344361042,71.55379801104233,72.52497193519841,69.9804153201861,5.310724326961807,6.014910054631799,9.511480438770684,10.08222533074389,10.455401294930107,20.11054154652224,20.54675406012164,101.19904078364549,63.65030073360023,82.04501394573046,86.4520611894043,35.788812178932254,13.012712594902467,47.62587446630848,56.715465733462935,55.1233559851671,36.36543116344928,12.350582608131628,13.488478185258318,15.491416801947697,37.23184548908196,9.05519837078118,10.15682752346636,7.034213306547973,17.27297103901233,85.96689285761313,111.38275053042858,63.14621782427717,105.39763991818472,81.22833511905431,60.418456603110926,71.4823182296896,68.84276573901353,70.781449803737,59.048268389169856,41.954209154671645,28.117205975176677,19.43353636092278,57.42452748735643,3.93362227453199,11.73230225117979,7.129325897543841,1.3328611101598296,54.66516070152109,36.41917304784324,12.60352429452273,24.661875863606618,2.8080215197478577,19.576348688896413,5.017505260051248,5.33394187646953,6.56037262345043,9.581212095636015,25.477207942794397,13.12789033578764,26.192170138974543,30.04309378124417,25.897859637093266,27.640974278343727,29.137686686878883,30.2498356771057,31.50725795961922,46.09324117927021,33.93867599048016,58.55071435567799,76.4113751602773,65.5186276010408,68.58628833576807,68.18919105606167,67.7964362369261,67.07516341849946,30.557013423068607
2008-05-01,42.95268439944103,12.39452878016492,83.69191983858676,86.80117764958344,56.558367451040674,59.37846776968467,159.76128102896337,68.59728568872005,2.712947695601007,52.42835098452625,26.86646414546878,16.567764480741968,38.59475764011336,1.529638767901297,0.7120826466193133,15.676877057134032,4.109490571529955,25.109877154516607,0.9818696873923144,0.5066090063218094,0.3739773605043229,0.158567340942355,0.8441801537734682,0.5280662882747551,0.2964782617758627,0.1849445235691648,1.4585442398427138,0.1439970029541027,3.1126753888461,2.7467838796330954,4.757777535176629,4.352954626417521,23.734352946155543,4.717311312147406,4.666751000025215,4.939415308669644,4.417955146192487,3.1083409266546598,3.366076189323568,3.5371381492263163,2.523207806793099,3.2792026671466603,2.254998408222098,2.637061012004784,7.607765684667887,2.1705438140909865,4.901338718617199,6.625931424262381,3.433567514246416,4.181319596097555,4.724228491015942,9.532301684627674,9.237980179107163,3.6538973535455415,4.696989035321603,3.931315448245601,3.142245817619637,4.726436310604619,0.4052262696315169,0.1767292665279319,4.075884506967034,4.922650968624551,10.347329608804154,11.403849871121515,4.670940557158503,10.553211527291907,5.815459294065145,2.04718821813682,1.5169273908626673,1.1550829403697471,3.2629597918410904,0.3390537245802202,0.0299287330106812,0.0158765392007705,0.1343196913382532,2.057695334969524,0.0030433839526316,0.4244795602430175,0.0262986463761897,6.952828140556792e-05,0.3546474631161518,0.1984959971966367,0.0030736690121861,0.1138569485450911,0.0008675300783444,0.0879036036379917,2.9131704870947246,2.915148695970859,2.577619631944549,2.713042744317056,2.18727942565191,2.6684265120933857,3.2809534249694736,3.1060669793664206,3.3408134163975283,3.4716865464337627,2.9379541853919644,2.757264853313301,2.492239911492024,0.0010653442631371,2.146933379641503,0.0285737212014848,7.495852110017837,5.7367778579704245,5.256355308961201,2.9792944591952977,2.6097058387456986,2.222766429774162,0.0067058494826006
2008-06-01,3.925586064919472,0.0883350595276514,19.616441154197545,38.25925976849342,12.816598606756386,25.32519814547242,115.75764321604623,39.803342616471866,0.0,22.804093459935437,10.603546182800748,5.928683587038617,28.974862853656784,0.0,0.0,10.92474450521383,0.2226177591846095,10.13253312172483,1.1291252409102534e-06,1.052809496220437e-06,9.784614696335968e-06,2.8893258167937034e-06,4.726784118157566e-06,1.920235062083969e-06,0.0,1.802552409554345e-06,3.248314606794633e-06,2.868612587019732e-06,1.882840346716644e-06,0.0,2.858645637433327e-05,2.5710640951315687e-05,8.784906428274928,5.587935447692871e-05,5.52922739097993e-05,5.522354714303584e-05,5.476106347590745e-05,5.894404861953098e-07,6.381086092353039e-07,3.4315264814029216e-06,1.5250112767241704e-05,7.561422789488076e-06,3.142781815127212e-05,2.302875191738481e-05,4.9761981649691215e-05,5.585127243357593e-05,5.272613802997141e-05,4.709929575519397e-05,2.977804784932701e-05,7.0808706241409975e-06,4.453206789996207e-05,4.281325639756717e-05,4.2685203880781936e-05,2.9826694700744733e-05,3.1642925535978663e-06,1.1014304499365958e-05,1.1632895966146523e-05,2.96638633167744e-05,1.2807408626194984e-06,3.0413926735514902e-06,0.0,1.787719141989107e-05,5.587935447692871e-05,5.192031538717438e-05,5.587935447692871e-05,5.2400045430968415e-05,3.8139900057317314e-05,5.587935447692871e-05,5.091195853633577e-05,5.349089156214349e-05,5.3514859616470646e-05,5.5536954552796e-05,5.328062000196925e-05,5.425088972940189e-05,5.587935447692871e-05,5.41434558027921e-05,5.3539047095459263e-05,5.587935447692871e-05,5.302571155609349e-05,5.551692848856433e-05,5.2647287914270014e-05,5.3756483376209534e-05,5.587935447692871e-05,5.440531830124082e-05,5.587935447692871e-05,5.43802342468825e-05,2.1573210983086543e-06,1.8732908800527355e-06,7.375610058618158e-06,8.475461802973362e-06,3.104216097000681e-05,1.2951332097711656e-05,3.798904005639727e-05,4.042982939662929e-05,2.5984932204720708e-05,2.7954239739949555e-05,2.767877150586936e-05,2.9138447754715925e-05,2.9012432840169383e-05,2.006568842140131e-05,2.878936654774864e-05,3.806408116242341e-05,5.587935447692871e-05,5.503249484518819e-05,5.532222449933011e-05,5.4378304049195184e-05,5.358628137958032e-05,5.19133529300172e-05,5.587935447692871e-05
2008-07-01,0.3932350304796485,0.0125011984207838,0.1150012791869406,0.0001386086687946,0.0764671887875071,0.8744911911408878,4.208530917140897,1.7158340531591645,4.782434276824812e-07,0.9835436222221848,0.4573359891933867,0.2557088440784792,1.75105707186055,2.2918816008451348e-05,1.641381023165346e-05,0.6602357573366537,0.0,0.3639422561735409,4.319426461976232e-05,5.108105702683535e-05,5.587935447692871e-05,5.462325315648026e-05,5.101976620556072e-05,3.71017100820624e-05,4.098160441686788e-05,5.58628973865377e-05,4.74663752179131e-05,5.587935447692871e-05,5.587935447692871e-05,5.587935447692871e-05,4.8497940998642254e-05,4.961260520518623e-05,5.708994979900444e-06,3.0074022193769656e-05,3.0776663627754906e-05,2.91632477918142e-05,3.2504046942948503e-05,3.737694504439771e-05,4.7794790503080255e-05,5.193484869317725e-05,5.345559649949379e-05,5.157516520840796e-05,3.1729751287246547e-05,4.970789812225331e-05,5.427057953373614e-05,3.896938858385236e-05,4.984058451284352e-05,5.587935447692871e-05,4.376980560187377e-05,4.043857478831168e-05,5.587935447692871e-05,5.338665946745935e-05,5.354959962413067e-05,4.465210658759444e-05,5.271506192333084e-05,5.3314264122715145e-05,5.5817168723286174e-05,4.7365240622984406e-05,3.837847435700783e-05,4.559317009225175e-05,4.7015126472942135e-05,5.252311835825062e-05,4.822199225152619e-05,5.635414412258603e-05,5.521836815057821e-05,5.6329772869158255e-05,4.2740971992592505e-06,1.8875685172111537e-05,5.212247175150609e-05,3.572056761830303e-05,1.7120769253563635e-05,3.287679507173218e-05,5.457944966357036e-05,5.291921639260038e-05,4.60813902970008e-05,2.715048394888196e-05,5.587935447692871e-05,2.6804392289726605e-05,5.587935447692871e-05,5.587935447692871e-05,5.162997259213094e-05,5.281227521968955e-05,5.412209917549485e-05,5.365233378538022e-05,5.587935447692871e-05,5.4162869917055255e-05,5.116011545245995e-05,5.178144460516356e-05,5.587935447692871e-05,4.251996760115898e-05,3.845914525932476e-05,4.151672466401086e-05,1.7931584838785803e-05,1.7722953941731198e-05,3.320680379694934e-05,3.410422204841709e-05,3.557450661413341e-05,3.67379651191991e-05,3.780189600016313e-05,5.393321836483037e-05,3.998807934173318e-05,5.113309633940022e-05,5.587624662717353e-05,5.433193391904177e-05,4.9074000429774026e-05,5.154822836585065e-05,5.099296904197306e-05,5.1085991578054125e-05,5.587935447692871e-05
2008-08-01,0.2563867809706333,0.0060853343549641,0.0687783569986693,2.2198918432140805e-05,0.0455770588960214,0.4683173012048393,2.692330336119639,0.914568591017974,0.0,0.7851066980331688,0.365062308306655,0.2041144153708937,1.3130152755892912,0.0,0.0,0.4950639076183695,0.0,0.2137001708804261,4.350755163343975e-07,3.153029803444379e-06,2.604037948439841e-05,8.298489223771261e-06,6.904617553498497e-06,0.0,0.0,1.013442134925559e-05,6.456531898904532e-06,1.2468810346032113e-05,0.0,0.0,2.0808604281163537e-05,1.8831712357596145e-05,0.0,4.916288657130747e-06,5.51478130766883e-06,5.88729618864196e-06,6.457598899624475e-06,5.894404861953098e-07,2.022278325606255e-06,1.3144656589286677e-06,0.0,1.0332483997086164e-06,0.0,0.0,4.062528378611334e-05,7.1073332878685805e-06,2.4166515199970507e-05,4.721398743833654e-05,4.966453414319913e-06,7.868199707236135e-07,3.186038178774624e-05,7.28817470054378e-05,7.073728275490996e-05,7.7806739403625e-06,0.0,0.0,2.160364302324319e-06,1.9050389460706658e-05,0.0,6.659435020256328e-06,0.0,4.1087872940434674e-05,2.6950015185325685e-05,6.453733784037732e-05,3.8262622962804e-05,6.326170472578251e-05,0.0,6.193741004596886e-06,0.0,0.0,2.8871814192824437e-06,0.0,0.0,0.0,0.0,1.7819933639452382e-06,0.0,0.0,0.0,0.0,0.0,0.0,0.0,0.0,0.0,0.0,1.0831148438407482e-05,9.405132878027948e-06,0.0,2.9780467213411024e-06,0.0,2.4248265820399284e-06,0.0,0.0,1.3616900757595136e-06,1.2502113187388455e-06,9.065813609048708e-07,7.966153052639196e-07,7.187990521199417e-07,0.0,6.189652792581733e-07,0.0,0.0,0.0,0.0,0.0,0.0,0.0,0.0
2008-09-01,1.124046297642393,0.0228343446766978,1.91172077670796,2.385164385320913,1.2506183725389408,3.929529714721587,19.02103597000242,6.864267788888529,0.0,5.074684618779966,2.3596488037882155,1.3193318769789617,3.4239393057205314,0.0,0.0,1.290969417475146,0.0,1.6830301101151357,9.307775176556565e-08,9.24583340204156e-07,1.9725107154298382e-05,1.5895851481154742e-06,3.454078917705126e-06,4.866889389365403e-07,0.0,2.852891524173884e-06,5.035036120208886e-06,7.475018085082465e-07,2.4027669496972745e-05,2.7183327334769903e-05,5.074725063696137e-05,4.91411800962034e-05,0.8876678943422641,5.16768170939852e-05,5.3836683805221096e-05,5.359755793615095e-05,5.398507810225174e-05,3.2436999242777205e-05,4.023984141528666e-05,4.196228610895293e-05,5.587935447692871e-05,4.452870198559878e-05,5.284446597290461e-05,5.587935447692871e-05,5.587935447692871e-05,5.587935447692871e-05,5.587935447692871e-05,5.587935447692871e-05,4.999255643831547e-05,4.431966439364575e-05,5.587935447692871e-05,5.006493597649245e-05,5.044500744845936e-05,5.0210612855060126e-05,5.587935447692871e-05,5.586925288610924e-05,4.35502634215891e-05,5.044694187693766e-05,3.246073482297444e-07,1.848740737543488e-06,1.930667830403244e-05,2.7521692888646032e-05,5.587935447692871e-05,5.531697326610381e-05,5.587935447692871e-05,5.537989168690528e-05,5.4463328728537e-05,5.392170738379777e-05,5.587935447692871e-05,5.587935447692871e-05,5.328565637105643e-05,4.980295450746952e-05,5.556508078808792e-05,5.577723871801196e-05,5.587935447692871e-05,5.3297328765986645e-05,5.587935447692871e-05,5.587935447692871e-05,5.587935447692871e-05,5.4555326857138905e-05,5.424485208797304e-05,5.497044146061295e-05,5.587935447692871e-05,5.536213542467641e-05,5.587935447692871e-05,5.548070595038714e-05,4.836601073151852e-05,4.935520824389328e-05,5.587935447692871e-05,5.295300995370707e-05,5.129140106498165e-05,5.23953434349872e-05,5.165545718374161e-05,5.282624016215688e-05,5.28654003294421e-05,5.309185857101126e-05,5.138438289584558e-05,5.134728706863288e-05,5.1059973748713424e-05,5.3504596843535e-05,5.1112123684962033e-05,4.074232362697559e-05,5.587935447692871e-05,5.587935447692871e-05,5.587935447692871e-05,5.587935447692871e-05,5.5836876882144586e-05,5.584340366372152e-05,5.587935447692871e-05
2008-10-01,3.497025604982693,0.8051754232941146,3.3340602583651084,4.203418515815161,2.352578376025229,2.976221300893493,8.283373179256788,3.858218432209216,0.63558853474101,4.05509244346413,2.091767211823326,1.3297475412247102,1.7624415426106084,0.4672188526632047,0.2719470068579435,0.8224421548256459,0.475011183448765,1.4779799386943209,11.385608119215323,7.737776957363716,1.2951240703290037,8.373517763371106,6.887318541216035,16.936503626155954,12.63298494538815,10.950505569295832,7.132449640306138,9.32330595853518,2.887491340258145,3.321676309718608,1.5819493171343089,1.6460837425279695,3.223377933322773,2.510764364099946,1.635334773778024,1.6697968839925876,1.616212328693281,0.104023898504478,0.2100900436150919,0.7686717221239852,0.2633976242334803,0.6616607746768346,0.4762238582062912,1.065156610678037,4.759723628905404,2.3609140871478926,3.672671752571505,5.230803139642998,1.244172397273707,1.30468645720703,4.251488548512021,1.9948793748678164,2.096176490321897,1.5382068240846225,1.5600759190569409,1.8405968160609507,1.9444727419910133,1.6840895645390204,16.97245588318069,13.016476968139798,0.079317356106193,0.824145936595015,7.157499604638296,2.043006546073393,3.456012405836921,2.063681878886681,7.271615634600572,4.653199275258162,4.254322356472352,3.942546929728043,5.622626927419511,0.3093250828251177,0.1954997626722256,0.2189533794515336,0.5484467621367828,3.5891122244489617,0.244175954455687,1.138209713691254,0.4432199940181441,0.0377955410947875,0.1993886379837658,0.1373028310843594,0.1176709935425344,0.1141447342428805,0.1207297679129379,0.1091053233874066,0.1594855270478208,0.1946412809943247,0.2358479509118279,0.2081343693236217,0.0842051507479916,0.1861318828630513,0.5983041354921583,0.449374390607772,0.4095503374929048,0.4398741400113344,0.3333707885997891,0.3455180175230481,0.4404077615331607,3.0855090750869167,0.9401422944954532,5.989204387895877,7.231837171743308,5.271972599618039,7.11047909931642,9.519495158977884,9.569074990764989,9.145673687891891,0.0164953368726509
2008-11-01,8.924213920758698,10.14568115613174,8.311592342925575,8.744437532967755,8.206203524831063,7.235291930991525,4.314607831968101,6.451878870967979,3.42419445019752,4.404435995170215,3.866819726803556,3.6438348765960016,3.2639288919169376,3.099932175641029,2.455449674596442,2.447357499636041,7.501179751447636,5.05336248063382,5.001833530149118,1.9512739786044917,5.84756444067123,0.5141999162260533,3.095876161642682,8.510822647016532,2.981484915624789,1.348316020203924,5.204331591387967,1.367347232987385,7.313652200629049,8.424875840899526,2.9635073428838554,3.5332503094179866,8.441812968321539,8.353570998433257,5.051531377702592,5.406319084805776,4.769006347497309,11.83607169672382,9.266461966275497,5.834601682989417,3.9737357765361527,5.310314931618128,1.7830266527475789,0.960159766102186,1.3772348719652134,1.224662573818898,1.268726706828892,1.4715378096711274,4.116361231335676,1.1929340489632538,1.191926395456289,1.3733713350112473,1.3399110871265292,3.6439376757907342,1.91653858141546,3.122468245631309,5.141590951783486,3.038236935469011,7.157669895640421,3.2814409325863028,11.54760950292216,5.089605707370647,4.293949260821597,1.521889858438308,3.4611062970533717,1.6954399069075152,15.549959585822975,7.706039380585695,13.837024526731932,13.052955896004097,11.342841509558571,12.845702307822352,15.824496081842517,15.048514172244367,13.263428750611636,12.36975207710353,9.843705320150638,11.472007881493136,10.48806380676948,5.993869843078994,12.594232215842176,13.178835082207904,14.153851495002453,13.196378954668017,10.555707655827444,12.498298972015109,11.004318960712224,10.523623317644226,10.814445032210322,10.465058405121312,5.522047759317603,9.849891680561491,12.155440870804089,11.863534145650595,10.318882188552976,10.533386458233046,11.88872994180306,12.391975930569828,12.781394189355543,14.723434495429805,12.822027417033713,12.66136478501815,14.124579532924626,14.818806204601191,15.72541293453442,16.055157245171245,15.731415825888082,15.261031286163345,11.686279494246474
2008-12-01,1.6710234763662306,1.418984346995798,1.604820353760498,1.7750579213298996,1.5412764542190058,1.0804299468976155,0.372132014744882,0.6357828873886614,0.4053234992713698,0.7820425235203812,0.6709742441569346,0.6060612798155978,0.8524587322764164,0.3823113379983273,0.5943434240810193,0.6925921023897633,0.7443165224299694,0.8957788408281858,0.7431276879909569,0.25510903995273,0.0,0.0032880267655054,0.126697981074637,0.618628554625718,0.2349136704910339,5.23883530425518e-05,0.081376279044091,0.0,0.0,0.0,0.1416117075643418,0.1222490561752565,2.0085472392233554,0.65596421213451,0.5097179811307025,0.5198612800435851,0.4855021512146893,0.0,0.0,0.0081393367069999,0.1598062194929991,0.0748463125738352,0.3584786452540381,0.344831410713993,0.0465241362669027,0.1031669372464656,0.0651175095498228,0.0422571595978482,0.2355948456654198,0.170046798771153,0.0415557021800231,0.0173706802572466,0.0185961062144756,0.2137841611625929,0.0506771328532163,0.0403742910427727,0.0302358273831349,0.158634995970039,0.5497348820703803,0.1877326887379247,0.0,0.0,2.448230890104006,0.693981784242918,4.046003438060646,1.0955788379155629,0.7150936709672585,2.036633953507253,3.0778371803152287,2.377656394813771,1.4551715737524529,7.111488100406276,16.556854112814225,24.80383841316367,29.767712673682176,8.506846920953699,40.03380689250595,32.336539048198425,37.01265837282511,41.52655454010295,9.315361190746138,18.84917747432504,32.965747799371286,25.807957000916005,40.30980676654763,29.188585545595156,0.0,9.24542126770981e-05,0.004730202313107,0.2636694600973999,0.6845646553801448,0.3593882777419007,0.9321543920993935,1.0427882405214954,0.5918296256462678,0.596626301258861,0.8175742223120853,0.8274337974289954,0.9201377617957228,3.5300269212721185,1.3840339430034512,4.443679612623778,0.6334260353104616,0.7729362546588063,0.8082032952272162,1.0658851395021611,1.415822638557886,1.8814568887761436,17.90097102213242
2009-01-01,1.0240842498659113,2.1540268765530475,3.88591225424628,5.2176983830822685,3.3776959877454784,1.9667170468519397,0.0118974272657279,0.5304033051783636,1.278562831346317,0.6848631672988484,1.0115409440720786,1.540006169856877,0.5449024776622945,2.5059281308727224,1.3288618458083954,0.6603088782475066,0.0140262076864125,1.6066691498547871,0.0008028906973246,0.0010130101352637,0.0059752382543652,0.0,0.0021570277155095,0.0042315924224517,0.0,0.0,0.0024169969185634,0.0,0.0113481015504551,0.1387514194573622,0.6134302887302078,0.5990140686971606,3.821181950531136,0.7734493491909079,0.8066027948465664,0.8001114556884937,0.8271133779758164,0.0,0.0,0.0062180994287295,0.0110785852183782,0.0315389855941695,0.7866077904293751,0.9301848612639118,0.4249957430142055,0.8944873972081775,0.6381948638127913,0.6304552024359378,0.5205498868868172,0.6191495264150234,0.9227692718505192,0.4965117883969476,0.5416115501262393,0.5786624979224877,0.31866966546686,0.3349601909809276,0.6546104879030715,0.6296608305753195,0.0028223489073795,0.0065358513434593,0.0,0.0,0.3805289642776579,0.3756940282114739,1.3418807645207207,0.5001888745622786,1.082458147333968,0.8185258153340924,0.9512790974424086,1.1343075934976994,0.988387988805593,1.070409857857709,1.3799091193541075,1.3664255149488962,1.1727887683695024,1.0914932809112214,1.0271206140611524,0.453881613642369,0.7197156171623975,2.0922098820547737,0.9992836097629452,1.2568477460971588,1.5135159725810303,1.4280206991818147,1.5433161877686368,1.4787126078054644,0.0,0.0,0.0,0.0510534785451691,0.6552395231184049,0.1775009247170735,0.3143269898023758,0.7202462410867335,0.4753017827177033,0.5032668213427189,0.9242973853974112,0.984052737200726,1.2307271943999458,13.538758368599067,2.652445296781277,5.168194844194844,0.1424534023768541,0.1420343789268507,0.216394048829553,0.4475579992311055,0.614760571373547,0.9290941958092116,1.6502548573240627
2009-02-01,7.1048610001116055,14.38383476139221,8.811601180673138,13.037534379689664,11.651784573641812,9.038164853690478,0.343651664261262,5.43217818027608,5.237903306452995,4.422061517616661,5.079533198488687,7.156975966289169,1.0488537991874507,6.329435583586528,3.6940853169566816,1.5398346636630127,1.6171411035956034,8.469252580421145,0.536397487411068,0.1314494541179664,4.114804035824415,0.0,1.2718901791301325,0.0847375692204113,0.6661369962890411,0.3607888164174724,2.713203085044333,0.4376572113741449,7.151619607798258,6.580322508733545,15.947622771411678,14.790145774805818,18.071139946236688,25.551499919574564,23.763303806487396,23.758137868420054,23.781168540576733,8.283519503252775,9.79299331258552,9.812186288945458,14.30256533001729,11.151378535861715,18.2990214838312,19.4532276129814,15.134038171867068,23.224943608826383,18.94836899233515,15.349135823151354,17.22862155468935,15.37056263202272,18.98872191829086,12.2715793609048,12.74451591641662,17.23072047607428,13.854977663738104,11.852637112638268,11.477292202387916,16.28788569348323,0.14262623957827,0.4775676529469668,7.199787808890237,5.5585401296159045,20.54771866914264,15.233691821457718,25.42975811222366,16.397283476110015,28.721676800608822,32.92157273909565,51.86759289838632,52.58246982314102,37.31087822335871,51.32250540758341,42.69633153970919,35.79499419027205,32.83578389731742,38.33933209398592,29.092598410092037,38.46729035522935,32.836324150142914,23.294832463521427,46.52375205125118,37.57324100032576,26.96852171873857,32.08026101422301,24.82395838539108,30.246669200500392,11.293007098028705,11.564993143254227,12.410493299910929,13.752393154597698,20.215707363245908,15.064197021785976,16.758993963273326,18.333560883348323,18.21537057768272,19.245881551501423,25.452640473852323,28.005662626411784,29.29102192788421,7.812865565953643,27.032137673446197,29.85394089148249,23.791452069265475,24.66364610163917,26.877315622539143,36.627373729842034,38.13021341206878,37.989864384384845,30.45238543511927
2009-03-01,21.067145598847336,31.4424195596957,16.82245835951738,18.072471186466213,23.404314803122272,25.52820104226104,2.5336065255635627,25.73672119821652,19.478758181124988,19.086617506345764,22.557432603593565,24.57768779446142,4.082080614858034,18.515167555501755,20.90688625840289,12.982659418163404,70.71145257930297,30.18481227590246,58.2139839265188,36.043854729472194,58.02794889348577,22.552400315579,45.393461970671645,70.74987317857969,57.02794393110324,51.06329476941983,61.04297820075929,47.67149419226477,68.13736194052001,68.7514952169192,70.1055294916275,68.8291426406124,27.79850700482191,77.52117169482487,81.36363229287187,81.75930302969329,80.75449269395338,71.3336194147457,76.99955374849645,73.15885453925297,86.89850415648546,76.77931731875977,89.67658704225668,76.39125961785258,80.06066035849358,74.60550273289876,77.4085967286116,77.76684648495102,78.3714149084584,74.85843038307802,68.87708395870159,60.24462173159317,60.39956764329229,77.27048236634235,65.1669180493637,67.66522449540344,59.85627055374405,71.82453285052438,72.11716213812697,59.748056795554966,70.84121144857443,64.22022321123526,69.88700513314288,69.47914647176654,49.99130861782178,67.02932297071231,75.19535940472764,51.669837409780015,18.016966920086947,20.15929571541916,50.42689846753905,16.571803210385468,18.061512462181668,16.96109014676494,19.785314591320983,37.96102832293848,9.289843619823367,12.137795119886649,10.842626578475636,5.712449184017274,13.177364954173589,12.351101319264489,12.282568193349864,11.769469981591504,8.700011302783766,11.007707140100432,75.87424788461921,77.12787570892081,71.99694887580532,84.52603142864692,93.97521273096652,85.88712592483904,96.03778210625768,87.92990974297061,83.4205576031747,81.66398682353204,66.53148629273161,61.52427512469876,57.06164754353353,15.825271132242246,51.04711841252076,11.705608869739386,80.32349370389151,74.22494808588014,69.89205093142446,46.08776177881621,41.10411268438936,36.49143315638432,10.446891920258546
2009-04-01,66.8006422482893,25.93166781562968,51.554869811352894,45.23523145033176,39.68169400623897,32.45937125978261,28.28652531240302,28.384393588576444,52.8279652935572,43.04824363804631,39.00802350824991,26.7988998151388,70.83418727861931,46.34993525098156,37.9612042243204,55.1438705235374,23.160648839658048,23.62997735587924,24.6448565197134,39.94065763296428,25.20116443850201,57.19083232769933,41.77462501411084,14.020120263250968,59.39178146659578,20.86929223145832,39.41260956814707,27.9815918594735,31.33643098225986,34.43031231088338,26.97694746609583,27.945716511563752,41.518957038053486,24.296633047308767,24.90740244917644,24.93152894529044,24.69628012284026,98.46449783608249,68.8840898036298,43.26489640367232,41.58510522216788,41.22247912454328,21.22171805753831,19.253345202028,27.181084936313,25.18352731017473,26.096192561611304,24.026437136086717,31.28054442070053,23.261199575845705,19.6665099639954,23.49208281173019,23.140470700037334,29.77820062316432,23.979241726460025,26.9991064625708,29.103446902458497,27.4724275285396,20.36690381627297,23.36534000505051,97.8533060551686,36.44523783848245,14.930447933032864,25.52830699930597,11.551234163688994,23.84612325967305,22.40496933588521,11.324156429241707,10.031831704264976,8.679711207647983,14.52463111649308,6.887050161897117,7.065283708612237,7.684007021043787,5.752339528221286,11.53066078661548,11.522899796595745,5.164981634999818,8.260894199065325,9.638986085951592,10.38597895248038,10.539567709742332,10.209982842401226,10.771568144767892,12.04113110244727,11.058083047161157,83.93452333428917,79.40011601290162,90.44922209607282,65.57343482312822,22.74409622116592,57.70650535320448,32.03508880417106,28.43114981582603,44.954753664907706,44.03860837652153,41.46610923865881,40.4188854644505,39.44159338307018,37.3696985513166,37.4401405089701,15.53305344065822,27.01862117459821,28.091209363200605,26.029160333939437,22.028757420067045,20.500354417183647,19.30329619531889,11.59303098252838
2009-05-01,61.239974914177495,17.60912696286016,92.54219490463689,101.89771521767892,64.01609005138755,55.30333925247352,113.7946934627398,52.93190385433876,16.398940626704814,35.67753612162873,20.573290247064296,12.95195779025306,32.87045795840223,15.791954082303628,7.297316052407927,16.142468340448936,14.19146343794096,23.99847971426983,2.736125912386994,4.436980232817136,3.5347394214152006,12.250830334495356,6.531141143419506,11.189456993516346,7.921824117605522,6.277524085028516,4.558960550291631,8.837588104758117,0.7120899479828975,0.8353382361462494,0.1880353647054084,0.3115947112732102,54.59943081741986,1.5630515458246647e-05,0.0020075012766849,0.0022242769860835,0.0018617067709705,0.0350020258058894,0.1783130194971362,0.2535170285601846,0.0040353367304139,0.1997827858039945,0.000657058252252,0.0007264876598499,0.1019305345804286,0.0016034399668709,0.0534110595321717,0.1362267353213271,0.09374646052795,0.0166812911526504,0.0506503828955804,0.3032511905348661,0.2845200559564796,0.0863485433302715,0.0993770741744747,0.3467837414059785,0.5808043007195957,0.1413290711248008,10.95646782272369,6.7917477155366495,0.2368687861785098,1.313415575309879,0.0010822430663579,0.2682554710031765,9.609321669623777e-05,0.2353904635359073,0.0,5.32313442409994e-05,0.0,0.0,0.00019288557123,0.0,0.0,0.0,0.0,0.0001190506442155,0.0,0.0,0.0,5.541353940779837e-06,0.0,0.0,0.0,0.0,0.0,0.0,0.0265280718675439,0.024876719437421,0.0020282933580594,0.0088169842401886,5.120125625885842e-05,0.0071911959285186,0.0018563494609903,0.0010924835657366,0.0042309603880117,0.0038848137227296,0.0028313819642,0.0024879424036674,0.0022450169073906,0.0,0.0019332072196312,0.0,1.3093778702521955e-05,2.179129355384221e-05,1.589566026301571e-05,6.913948428838367e-06,5.877806604519959e-06,4.974667901533717e-06,0.0
2009-06-01,10.373142939966922,4.385520893805957,24.908702069442416,30.19541532107834,18.24444195648524,27.92180068707504,107.85156946590656,39.55401453899941,2.161662908688671e-05,18.92950776476512,8.806366195290085,4.961319258795453,29.08804852312591,8.696512048554341e-06,7.96293551479827e-07,10.967488421787277,3.573546462310927,11.414594734961724,0.0,0.0171209567082481,0.0,0.0091696772373927,0.0137185745853165,0.0,0.0,0.0199183588546814,0.0058076612171533,9.882983057724214e-05,0.0,0.0,0.0189500478776488,0.01635322874213,10.844234025061352,0.0,0.0,0.0,0.0,1.5429909817580794,0.35382843585428,0.1019100643465551,0.0006402822962882,0.080302884828968,0.0,0.0,0.0,0.0,0.0,0.0,0.0361594527765203,0.0,0.0,2.045752460865676e-06,1.9120276268134376e-06,0.0304026050827643,0.0,0.0,0.0,0.0212300089229503,0.0,0.0042164287646644,0.1498249460524177,0.0,0.0,1.6871436324747175e-06,0.0,1.4801111804434937e-06,0.0,0.0,0.0,0.0,0.0,0.0,0.0,0.0,0.0,0.0,0.0,0.0,0.0,5.558517463386047e-06,0.0,0.0,0.0,0.0,0.0,0.0,1.068917284702398,0.9290955821118416,1.532643545286303,1.1908313500408036,0.0007535674765143,0.9776134121200046,0.5661181635380641,0.3786998463900852,0.6140034140294358,0.5637362213539784,0.4090939762318597,0.3594718982886411,0.3243573881222773,0.0,0.2793074931393384,0.0,0.0,0.0,0.0,0.0,0.0,0.0,0.0
2009-07-01,1.2884877547927702e-06,2.48063551535692e-07,3.1914983193928805e-05,3.218053813884674e-06,2.0863537745318133e-05,0.1010706998576957,0.6957139742778439,0.2065327200625943,0.0,0.3529533367129459,0.1641177691487743,0.0917620688708776,0.6185371890974282,0.0,0.0,0.2332147706549331,0.0,0.0594724004764781,1.861555035311313e-07,1.5687804486243502e-06,0.0,2.757082198359372e-06,2.6621025584969623e-06,0.0,0.0,1.6914940616365735e-09,1.974041071670707e-06,2.463366642391578e-06,0.0,0.0,3.750648980624052e-06,3.475274993926004e-06,0.0,0.0,1.164282380919646e-07,1.300579455155174e-07,1.079700530377236e-07,0.0,0.0,1.2651818033486129e-08,0.0,9.945083500444061e-09,0.0,0.0,3.05834583573385e-07,0.0,1.5721720044500674e-07,0.0,4.3921566336319595e-08,0.0,0.0,1.8011317801399147e-05,1.6833970820213082e-05,1.9253575385514032e-07,0.0,0.0,0.0,2.995455561381007e-06,0.0,1.2677726126795393e-06,0.0,2.0451151807912427e-05,6.6347461500835065e-06,6.963983863033203e-06,0.0,6.333330583979126e-06,0.0,0.0,0.0,0.0,4.622936096477708e-07,0.0,0.0,0.0,0.0,2.853316175716148e-07,0.0,0.0,0.0,0.0,0.0,0.0,0.0,0.0,0.0,0.0,0.0,0.0,0.0,0.0,0.0,0.0,0.0,0.0,0.0,0.0,0.0,0.0,0.0,0.0,0.0,0.0,0.0,0.0,0.0,0.0,0.0,0.0,0.0
2009-08-01,0.0328283488764777,0.0003374677048247,0.0110031168115418,0.0,0.007220902788234,0.418245212179885,2.6907850981997634,0.8480088767043621,0.0,0.9570694063376324,0.4450222722116358,0.2488218055824042,1.597180370679255,0.0,0.0,0.6022050928317019,0.0,0.2094710213765283,9.985907024986993e-08,1.709765623770234e-06,0.0,8.293954465177377e-06,4.497242107267606e-06,0.0,0.0,0.0,3.896563381722976e-06,2.50971235920323e-06,0.0,0.0,1.2360934003495453e-05,1.1705827234233586e-05,0.0,1.0145494047710649e-05,9.8083892892938e-06,1.047116700574814e-05,1.0500123338494724e-05,0.0,0.0,5.152144369533133e-07,0.0,4.04989273681489e-07,0.0,8.168529068031718e-07,1.1756899791049665e-05,8.588146103211516e-06,1.0367772130662389e-05,1.871957340576676e-05,4.670247855252347e-06,0.0,9.92544607017226e-06,4.051524916720685e-05,3.946924359633248e-05,5.313915557772797e-06,1.1904326109465752e-05,0.0,0.0,1.1253979250483836e-05,0.0,2.4855258147699263e-06,0.0,3.775992838671317e-05,1.9107886411122612e-05,2.275447309146566e-05,4.758671029646758e-05,2.644890962459485e-05,0.0,7.6016978627258e-06,1.9229112673198247e-05,7.494287281506504e-06,4.457607699229085e-06,4.919419877393736e-06,3.389342270177436e-05,4.126719763501146e-05,2.843894020007432e-05,1.190127499581882e-05,2.109160966986901e-05,6.787884235915638e-05,5.055470253097329e-05,6.190933127785228e-05,3.979283266305768e-05,3.423789175839728e-05,3.807524057287265e-05,3.374322658091052e-05,2.5634420639510845e-05,3.154170225294942e-05,0.0,0.0,0.0,1.4359712531818368e-11,4.58795341194706e-06,3.64422980026643e-07,2.10852241230768e-06,1.1220958465502269e-06,7.646949872827474e-07,8.506129730391705e-07,6.168156176022268e-07,7.061479575571011e-07,9.331639184576404e-07,9.209414553928489e-06,1.1320531101883648e-06,8.66894041623865e-06,0.0,4.975412671114974e-06,3.5765604358400347e-06,1.0129892184361116e-05,1.1442361028681744e-05,1.2476698677233536e-05,2.518009791266048e-05
2009-09-01,0.2560611411017539,0.0040273553136128,0.2861318771917349,0.3327744756502961,0.1872506423794994,0.7900591427117769,4.102453009193212,1.4399740373906649,0.0,1.1507825964723668,0.5350958692363331,0.2991839479632451,0.8118898245124878,0.0,0.0,0.3061191105508596,0.0,0.3603548450579974,9.307775176556565e-08,1.1627805685525866e-05,5.5614273758973376e-05,3.3889609647034936e-05,2.3020605348232485e-05,4.866889389365403e-07,1.843239001474336e-06,1.0098792465498917e-05,2.5180630668563e-05,2.0513898885094205e-05,5.587935447692871e-05,5.587935447692871e-05,5.161311130141401e-05,5.195231639246983e-05,0.1671142659458185,4.292753310341725e-05,4.455890226675885e-05,4.420505877481302e-05,4.531267658781262e-05,5.587935447692871e-05,5.587935447692871e-05,5.523179831434592e-05,5.587935447692871e-05,5.537033671433806e-05,4.97406849295911e-05,5.587935447692871e-05,4.92687199577525e-05,3.896938858385236e-05,4.6151613462462496e-05,5.587935447692871e-05,5.077865243692807e-05,5.003148874643394e-05,5.587935447692871e-05,5.001508892298778e-05,5.012533997619646e-05,5.117711252207181e-05,5.271506192333084e-05,4.932645663559522e-05,5.288828024483653e-05,5.114292693502641e-05,3.474495648322695e-07,5.25216818127052e-06,5.587935447692871e-05,4.873945356785277e-05,4.445538626342072e-05,5.353480191340822e-05,5.521836815057821e-05,5.324412681388481e-05,4.6930644190107405e-05,3.144345491866061e-05,5.2693776046688274e-05,2.895102747669863e-05,2.8892429838367584e-05,8.961866467198329e-06,4.908223722624324e-06,1.7183317720943283e-06,1.373866170239448e-06,1.898688406384113e-05,0.0,0.0,0.0,0.0,1.9885467303338813e-05,1.255347067989443e-05,7.742347593689873e-07,8.642327319837043e-06,2.3797067106782344e-06,7.032372266772353e-06,5.587935447692871e-05,5.587935447692871e-05,5.587935447692871e-05,5.587935447692871e-05,5.587935447692871e-05,5.587935447692871e-05,5.587935447692871e-05,5.587935447692871e-05,5.5794240698456414e-05,5.58012087878905e-05,5.582268771663369e-05,5.582956125317913e-05,5.583442523467504e-05,5.587935447692871e-05,5.5840665442912335e-05,5.547833330237099e-05,5.587935447692871e-05,5.587935447692871e-05,5.54386864086637e-05,5.545712218752333e-05,5.5160444881680425e-05,5.316056635420284e-05,7.37543877903142e-06
2009-10-01,37.77820342207831,21.33783327656112,40.52138191038125,46.89929707120974,33.18650570255114,24.15501534041554,15.065028610506715,16.637994350202487,13.32198095269884,16.469694422144,13.147980401415351,11.67789778868326,10.68956535679628,11.40392607766666,9.933298506355172,9.43811036449109,16.311110610422357,16.110843364749364,12.2551736371169,10.78367599984245,12.929403788717217,8.288536652317825,10.983702322207124,10.283039563070444,11.353486831137948,11.284962262978004,11.11264671757009,12.676032514480363,12.180895148828954,13.2388830125107,10.954676943934205,11.075923588358492,45.34450783671511,12.528940414464712,13.233642527080187,13.55836537106348,12.977680337304692,11.471276738433763,11.148486710136138,11.359585374969424,14.341258987487429,12.36975463385006,17.63221813016831,13.936063441234545,10.609107352721182,8.570867841460291,9.496810121525591,9.856692001034228,12.527676524434032,13.398679516113289,8.38480419206171,8.3455707008936,8.309934947571405,12.186673688274062,13.029168209407889,12.672154022624108,11.855760578079789,11.211369891016986,10.15804950369226,10.314923908254457,10.232434266258336,11.866801988169506,14.208666462845216,10.512897968504562,11.920378533660552,10.496288692971664,18.029712684445744,10.93490028153906,13.345492382969802,10.549883453347007,11.647350273306994,9.018486724940592,10.231746726827463,10.066250759037302,8.210529958586,10.556142488817304,8.233980026847922,9.835641850348194,8.104323975874538,5.364105406389195,14.62820606312154,13.455428261425729,10.711807166103767,12.050791872421287,8.233604954679958,11.189274889244825,13.168498005328034,13.13743266367524,15.31997768313872,15.19901537158041,18.331126541748613,15.649597506198493,17.662047223344704,17.567304940483503,16.014450375779504,15.911216023133008,15.36336310849318,14.912183764623729,14.2031285551632,7.733587200800258,13.24010517221661,6.642880349843644,20.86382201045442,18.485205443714417,18.215991360962885,15.34145269128015,14.665205060942256,13.59910745320102,15.433304107110809
2009-11-01,5.034764682233165,3.913185679079946,4.961742320581831,5.589322206487447,4.499418498015353,3.438969791822999,1.2297045602996308,2.424374488189653,3.659034867634032,2.8478324469062617,2.379248424234305,1.8861034443646731,3.5783361681138763,3.5945450669688843,1.8084002893559608,3.2547096813490537,3.636262025327895,2.4594424469359883,4.055082676500959,5.466732879407187,1.0956591472890231,3.826234700306212,3.297331487175614,1.1123803433411756,0.8656748072733835,2.8501213903034186,1.5691343354732377,2.9405879637148167,2.7067888201856243,3.012671715121926,4.294683440761244,3.985792193871183,4.358282908321399,5.175221732376661,5.955139166252488,5.942742323936328,5.976474575191168,4.0882027845131725,2.352139579039509,1.6756354017302753,0.869782639453248,1.6351016504666125,2.967260148396506,3.766576455565224,8.322566949408326,6.524426564546966,7.513497827348771,9.001104587552717,3.829843775685417,1.8208529369553128,7.06607816757857,7.483932837913813,7.356347671122203,4.037672920310689,0.7442413394368934,0.5233800254207752,0.8519887900414704,4.358672405921242,0.9710386677145038,1.4257233410802737,2.905181005563811,2.2450763661540054,6.447504626695446,6.7090662728586725,3.598949007075084,6.252803052324595,5.549517960560467,4.166114390360665,3.3832996740536974,3.190168639915337,4.4816707316547815,1.727876176262813,0.5966804180105765,0.368908495600364,0.1987849821445367,3.013932458118997,0.1155233250148716,0.4283179310879962,0.1480798750505597,0.0220581982469229,1.7644123132207563,1.2348369476350958,0.2973933999232923,0.820540247529961,0.0866931359929277,0.6500376669916391,3.094815236020956,2.8736396409358096,2.916561933948961,2.179553389962007,2.619640295656481,2.2372886962338283,1.3997832344579848,1.2754323067382602,2.761839856852296,3.0742741123724477,2.54493771223641,2.8731195219547767,3.045776257189319,4.576863539284005,3.184804347319393,3.666966379581208,7.200793092035827,7.527924742682575,7.070068794051118,6.360489980623841,5.92319562362248,5.417196574719114,1.1968578415007955
2009-12-01,0.4839085130260159,0.7944771089179286,0.7517956213079865,0.8040232014950773,0.9942767241401914,0.5701564273188845,0.0114016310141345,0.1197869919521334,0.0,0.0277921163229787,0.0129228984582742,0.0081667728614286,0.0186385237110182,0.0,0.0,0.0070275089449187,0.1356674645597324,0.3218833946578787,0.0012867202672459,0.0001796402506466,0.0,0.0,0.0004421455206791,0.0003088742337549,0.0,0.0,0.0003962814138997,0.0,0.0,0.0,0.0427447828338608,0.03688725304168,0.5477088563546276,0.1948432676926519,0.1563267934161092,0.1562189859228046,0.1544502984234737,0.0232378161546722,0.0054848077134306,0.0018165428138184,0.0083844715224459,0.0059570451392231,0.0348222295101453,0.0377845261822108,0.1074545740435231,0.1607624287329023,0.13037104485299,0.0904201983472694,0.0678924305485284,0.010021016697965,0.0628895921800695,0.0142616673051569,0.0158957780070194,0.0646786281937242,0.0,0.0,0.0,0.0478881695345437,0.0002835012021655,5.567305513995497e-05,0.007528854124946,0.0,0.1909252471912033,0.0664871768222737,0.321678845369734,0.1055863656511544,0.2001091170240904,0.2987653583729961,0.4297665075935146,0.4355347423199101,0.3214022668518613,0.3873085468456021,0.2302576621768564,1.3363757182441984,3.028426211968359,0.6907246209440496,7.4660019662222945,5.279214420056612,6.648355566954423,11.7927203345876,0.406441777022208,0.5086923868128485,2.0756418050934284,1.267508717558974,6.9896385706278,2.5521398919551315,0.0230728876247371,0.0202117049367354,0.0426362389614589,0.0320704519000221,0.0459452734009856,0.0350273159288579,0.037776967714869,0.0286530779226865,0.0476500567787349,0.051261886881008,0.0384844604223592,0.0391478692336241,0.0374294671182629,0.0036343547625196,0.0351708568663809,0.0612100668147506,0.1633216846739826,0.1250620399172301,0.1369661676690342,0.1476347620412742,0.1581573160993156,0.1526709091736829,0.2813428501973679
2010-01-01,8.78623137648432,19.17284718964771,11.39318376214997,12.531489730770089,15.454521912745587,15.057239116188804,0.7248405091534023,13.677547922424896,10.636402354562776,5.655288495446444,8.569736329606844,14.15386639641818,2.3044375986499914,10.656708810737268,6.583228388347094,4.560716448206915,4.599570211492637,14.84145482955457,2.3884746343733183,1.339214868822746,2.07378315616529,0.1568056241758911,0.7060019476847065,0.4128884421529459,0.000375686712554,0.0212985349293213,0.2423348747538209,0.3059536986809278,0.0333013810782398,0.1841296995710715,1.030009505733668,0.9707705845533512,6.489928229498533,2.3387181179106364,2.0948932483599325,2.0537052220403798,2.129519074060058,0.0,0.0003127215360631,0.0120318500215367,0.0073009213053815,0.0407364932827768,0.5488732778876317,1.9172464280154116,0.666081660132155,2.2706505223507376,1.4253024836922572,0.6470241148387806,1.068778893107451,0.6778224279266744,1.5610330964095644,0.6630088503936905,0.7579192415072669,1.095746931090695,0.6821152205607506,0.2791479124184793,0.8340436913074106,1.0682969048560915,0.2848682808718231,0.3574241112428102,0.0180174315171954,0.2852125571542329,1.1683900499547706,1.1018525992208623,1.708052265510146,1.191120002438934,2.323663185885009,2.4443413365802864,3.693613369773943,4.237875075465356,3.048692750914632,5.1519281680602775,6.233195092517814,6.654006159344809,7.057127516024882,4.303571894899061,8.090474945519475,6.2153516271309845,6.816819156487297,15.840890694288085,4.2490417247371495,5.557437190021727,7.669302250672102,6.889514064539712,9.770163319590514,7.724219741171482,0.0,0.0,0.0,0.0215331651255278,0.8226449561668627,0.2357783868141312,0.4061266117488558,0.6516398351817979,0.9851302306884706,1.2687431590045568,1.7539924008424734,2.3759537568536606,2.8469163369780333,6.154980505022576,3.5725920926467,8.37585208298868,1.951516736890886,2.9264298933860733,3.106926994782327,4.070605455612625,4.22529607272724,4.68426685985808,6.437094854596956
2010-02-01,18.20952361050489,18.48446762073408,13.724562596971614,16.712136295810637,15.1366863980304,13.6503604846454,2.7403695061645297,11.645331717307313,13.031141259837998,12.39179626248098,14.069859485769584,13.906990462595092,4.533903865336141,12.186701167344811,7.808612035045107,3.836702472781329,1.1940631210771957,11.777194272857342,0.0,0.0,0.0,0.0,0.0,0.0,0.0,0.0,0.0,0.0,0.0,0.0,0.0,0.0,21.61820722208751,0.0,0.0,0.0,0.0,0.0,0.0,0.0,0.0,0.0,0.0,0.0,0.0,0.0,0.0,0.0,0.0,0.0,0.0,0.0,0.0,0.0,0.0,0.0,0.0,0.0,0.0,0.0,0.0,0.0,0.0,0.0,0.0,0.0,0.0,0.0,0.0,0.0,0.0,0.0,0.0,0.0,0.0,0.0,0.0,0.0,0.0,0.0,0.0,0.0,0.0,0.0,0.0,0.0,0.0,0.0,0.0,0.0,0.0,0.0,0.0,0.0,1.4811665987866993e-05,0.0016039833758917,0.0112883486294892,0.0827259750794281,0.1902341432058456,1.3150146410679122,0.3725004227318903,1.0907121325245868,0.0,0.0,0.0,0.0035779553161969,0.0100881266601812,0.0774117275158447,0.0
2010-03-01,26.37874782331136,8.26655663783646,19.23003196055866,22.143110991629825,14.671921908700472,11.954283924164177,8.938040140033094,9.83576105947373,38.42371436175903,29.34431074936182,27.45066881473969,18.960248877114164,26.997564374332864,34.503026463302405,25.072264032553,26.44090952462305,47.286188788408815,18.299101874818312,61.829859871315904,54.52536554742271,70.4454097854333,52.930135661323256,64.06413127840345,61.320651243063,77.8494163779715,57.783268531349606,77.96232702917005,60.97383262534337,94.31010148649747,95.2248190832504,87.10369443162193,87.41676530221169,42.432706444084886,103.25204450253916,99.77611077426204,100.95403962825036,98.76841049046676,121.8584668587196,109.04562246910923,97.32590328416872,95.49870355068946,97.4504619330843,101.9280631866129,93.84288566617704,72.2104149787386,81.72207094962486,76.5448966256022,69.38041148672384,95.53990219694442,98.54577815920976,73.96778810224627,66.06996787382978,66.71419797153331,93.61514885427192,96.11206907146702,96.84417504103304,96.1475762654543,88.36582202008313,64.45193786418038,61.69000011263715,121.16922383678131,88.60551208257372,82.3142389558753,63.330703702994825,87.30198859009947,65.53500212794103,132.22372298393128,94.63535453798175,130.21521229852928,124.28271134629892,109.12695704631516,124.0512551333261,130.2085102255512,128.41046846122433,115.99628914390446,114.28562465728068,105.83483866281932,102.09284950542713,111.41904256874356,76.94508890073664,129.99552589376998,126.59310670909024,122.18136395368832,122.02310351596869,101.2783929602072,116.82578016594944,111.7934239066778,109.96803850534135,110.50795376443344,107.9330574806765,103.30641122072232,107.20497379852156,111.18107760577897,110.90758552920715,108.78672484235958,108.62779051404888,106.26503044226618,105.20576029375852,104.32283343257582,86.93049652890976,103.1209428550648,103.5464190680637,130.60748323942755,120.00269458840172,119.53718050472536,113.76822787493184,113.17716003472236,112.08696878608868,116.87094225644556
2010-04-01,36.60781320759455,33.416610049854825,52.61511968372512,58.82507365368959,48.4277712397689,43.84336486657268,38.915308838091065,39.44348275887569,14.362206322264218,21.43877844040974,22.601400546753226,30.05653351842033,22.610972899928345,11.579396102211453,31.688868811835068,28.41744240889588,19.039148656070385,33.61401712048852,2.01528716000494,7.649264568665584,4.511142879068248,6.907792243897077,6.014606393614552,1.9236169270592005,5.739734595137367,9.157739001815065,5.753027261691732,7.497968625425547,20.166220516263422,20.51563113802614,3.7675204414465777,5.056473890443683,44.09200061608692,0.0009827800427953,0.0286795085503758,0.0317494714415776,0.0266225623832708,27.10703389998876,19.95234854565079,15.059101903406589,5.94353066893598,12.620099287420754,0.577289834464451,0.0364785183935208,0.4142727469977714,0.0268628143608325,0.2288281739302169,0.4652887921982715,5.733055961375024,1.7237751151546268,0.2254389015145457,0.3806036979360647,0.3733524730356459,4.944453745950726,3.110568470431736,5.459709875817835,8.586270862371933,3.9010960291249286,2.4290151076896027,5.276950153102062,13.408503558675172,13.24489713855326,0.0003540009782183,0.0825229458133248,0.0007143962811995,0.0725855803859805,0.0006050485193469,0.0003351610600735,8.558183642396071e-06,9.27751639684671e-06,0.001235261367465,3.5918862884524347e-06,0.0,0.0,0.0,0.0007983972797259,0.0,6.425212519825295e-05,0.0,0.0,5.844571348654978e-06,1.1033621990374484e-05,0.0,6.2787080901352695e-06,0.0,4.839337835325597e-06,23.18869519223341,21.587286124499133,14.550750368914628,12.213175687314592,1.2072955606632787,10.15974317341796,2.986819780450102,2.1719607936426875,6.122424328154767,5.624117091484145,4.276882050867026,3.758118082023464,3.3926432686541865,0.0008174280034529,2.9214645794155043,3.121994207662096e-06,0.0185279834164119,0.0294821592001311,0.0196431722109194,0.0074530546730683,0.0063361855528687,0.0053629504791543,0.0
2010-05-01,62.03418722299756,36.01286400442192,72.88356600066231,83.05371863280065,57.16716556108197,55.448893153321066,90.76633619239072,56.16175564116099,38.57091808678157,51.031297000941805,40.743810334997534,36.35406474064014,30.096831149168278,37.16939155781837,20.969447873638416,21.3889358701204,50.371522864512514,40.93859758856949,26.277036846070267,24.13530655192588,2.0300219820508385,29.36440235003484,17.91298897010179,14.628586885338937,11.821746684768224,15.382759054731943,10.147230133560932,22.261584233739438,3.476976259721704,3.2498991210984323,1.5025849538819511,1.589791931975793,56.719673172350376,0.0043740106335527,0.1101979400146697,0.1225141700553009,0.1021925745215211,7.483804081526387,5.864126561323322,3.931170576527976,3.0190791967577604,3.712956882710347,1.662781635766725,0.481262195985575,0.5373813249244039,0.0067482853995137,0.2785339165594053,0.8930870090788035,1.8142254810911405,1.1770751187003703,0.4317738412107224,1.2083310509707352,1.177421077390852,1.6485359371261097,1.7170641707369452,3.3094525224240776,3.3303487551403235,1.5876790806245489,13.830367199815448,12.57419744605932,7.548848298319601,5.395635053214382,0.0263021222871461,4.522303134718291,0.0582520601640101,4.038841410144281,0.0015595011616959,0.0006501100741677,0.0,0.0,0.0070356680705633,0.0,0.0,0.0,2.5956116739492663e-05,0.0043444917929715,0.0,0.0091728407927349,0.0,0.0,0.0,0.0,0.0,0.0,0.0,0.0,5.582969204128602,5.183259297996496,6.222994774400619,4.8227563564422855,1.5227168719994026,4.190883115922695,2.6410489116325166,2.5596691835912058,3.089981929569693,2.906685752798051,2.219210757575288,1.967496165092918,1.7885161985525593,0.061131045015808,1.5420197288868258,0.0010908786360836,0.0351006518702081,0.0911626492494358,0.060704883259746,0.0382099048580078,0.0325183925260799,0.0276273215819382,0.0
2010-06-01,29.6524337904788,3.7310278197224354,38.041005908721374,39.42329093122069,25.388848255207577,37.30446116580145,133.77438488588905,52.507509878044914,3.149373213778816,26.944905258066072,13.383085525751,7.762500255109982,38.99129865793068,3.4038372567741386,1.1097795124444303,15.057989803632816,0.0016011909458352,14.690915722749958,8.835679892377534e-05,6.950220280630247e-05,5.587935447692871e-05,4.917499798556143e-05,5.78277380769503e-05,4.42437908651756e-05,4.906386566741327e-05,5.5851056235110194e-05,5.0323475831570095e-05,5.452559204850381e-05,5.587935447692871e-05,5.587935447692871e-05,4.5583055652581936e-05,4.553003625688496e-05,6.486828365302808,4.741457118892021e-05,4.3471652759374335e-05,4.3060142351718505e-05,4.427910116176869e-05,5.453667155454577e-05,5.2817538339635625e-05,5.087156075764451e-05,4.902734879104005e-05,5.013342173070355e-05,4.739066705943987e-05,5.587935447692871e-05,5.431416790719438e-05,5.587935447692871e-05,5.3956935694554434e-05,5.3828075952851546e-05,4.778679839176876e-05,3.440118978548122e-05,5.378566029203524e-05,4.8340663256207295e-05,4.836721795993333e-05,4.708350776926714e-05,4.204603123110801e-05,4.23425974291066e-05,4.97029857833078e-05,4.595588757028167e-05,4.518883228365432e-05,4.9920113845440456e-05,3.611522879725424e-05,5.209491908033095e-05,5.205067336422745e-05,5.434829311132515e-05,5.587935447692871e-05,5.429164632034943e-05,3.685905838096615e-05,4.693858129702933e-05,5.587935447692871e-05,5.217044663761976e-05,4.6352850542010485e-05,5.3255449619403325e-05,5.4672876894519184e-05,5.548726316148327e-05,5.587935447692871e-05,4.935898700314967e-05,5.587935447692871e-05,5.587935447692871e-05,5.587935447692871e-05,5.587935447692871e-05,5.587935447692871e-05,5.587935447692871e-05,5.587935447692871e-05,5.587935447692871e-05,5.587935447692871e-05,5.587935447692871e-05,5.4563896503489005e-05,5.444611693831584e-05,5.587935447692871e-05,5.288950022523977e-05,5.558900670320932e-05,5.337854340911233e-05,4.6105251157949256e-05,4.334057245313914e-05,4.9598234766119246e-05,4.948218874068539e-05,5.071456095936186e-05,5.108339837394261e-05,5.155188464543556e-05,5.587935447692871e-05,5.215292556076415e-05,5.587935447692871e-05,5.587935447692871e-05,5.587935447692871e-05,5.432724870704897e-05,5.50351714616004e-05,5.516168286656152e-05,5.527195478446689e-05,5.587935447692871e-05
2010-07-01,0.1922978790984616,0.0019826079107006,0.075723812879977,0.005484057083295,0.0496568297713581,1.4067149171398232,8.390669062619422,2.8285112709001643,0.0,2.110038479148652,0.9811348186731764,0.548574200317611,5.014312631948764,0.0,0.0,1.89060831895676,0.0,0.6238439115059241,1.861555035311313e-07,1.5667656062529562e-06,0.0,1.0319036065124324e-05,5.155154519246451e-06,0.0,0.0,3.603413325047054e-06,3.221660056980483e-06,2.56158953196986e-07,0.0,0.0,3.519281774598422e-05,3.094319755239954e-05,0.0,1.6316046083287957e-05,1.7138789879901294e-05,1.530734037775024e-05,1.988200517707201e-05,0.0,0.0,3.109910838022975e-06,3.433781294203767e-07,2.886992482487265e-06,6.063926662544193e-06,6.65958945445848e-05,8.474109082221801e-05,4.522136747625608e-05,5.98745172223661e-05,0.0001103914073305,1.4853612513059238e-05,1.3228179037941768e-05,9.342116874081776e-05,9.272668541475596e-05,9.08085180612816e-05,2.1981459028579197e-05,3.16533000030225e-05,0.0,1.061793426578986e-05,3.405661265820924e-05,0.0,2.4305358573038568e-06,0.0,3.575438283978214e-05,6.825737278674942e-05,0.0001011982296843,9.915142608449904e-05,0.0001001540344109,1.9630419319580635e-05,3.4236659989952754e-05,0.0001117587089538,7.667632409485272e-05,3.168239736110247e-05,8.520675629959886e-05,6.122785983995037e-05,5.059997815808114e-05,4.32139236627698e-05,4.1298930639712574e-05,1.5889945079211843e-05,7.797593636102443e-05,2.840141351226433e-05,0.0,0.0001103444404969,7.775191855307744e-05,4.198028513495618e-05,5.889013498726345e-05,1.3792636979002431e-05,4.901212429686844e-05,0.0,0.0,1.980827659405774e-06,2.303186418779583e-07,0.0,1.8753324491617093e-07,0.0,0.0,3.4136271699198807e-06,3.3131168179690336e-06,3.092179751340234e-06,3.1199486951017656e-06,3.35815159845232e-06,0.0,7.222947183751521e-06,8.211929376196054e-05,8.385652743905186e-05,3.984591610312336e-05,3.71271749267358e-05,5.937897435094882e-05,6.666830300211428e-05,7.195777299193541e-05,0.0001117587089538
2010-08-01,2.2125137284424112,0.1242924704569707,2.126195645641247,0.6164758591791284,1.401883779800696,1.439795445626789,3.835293337932941,1.6350828086494356,0.0,0.7222602611646939,0.3358397002592005,0.1877754110779223,1.0072520383206234,0.0,0.0,0.3797770083690744,0.0,0.5339310583619503,1.9293682201543558e-07,2.392986364738731e-06,2.604037948439841e-05,5.789354804569039e-06,5.3970128771851895e-06,0.0,0.0,2.7526705039148216e-06,4.374505592583952e-06,6.996220013047137e-06,0.0,0.0,4.325254855639956e-05,3.79099400195733e-05,0.0841783211481481,8.041476347200371e-05,5.63043672428484e-05,5.498473834452054e-05,5.8434058450683966e-05,0.0,0.0,2.537795842150499e-07,0.0,1.163421943514767e-06,3.4292003846496894e-06,2.023350106037912e-05,0.0001066436877817,6.760126579157961e-05,8.380747874353141e-05,0.0001117587089538,2.9945699848242772e-05,4.438994309045735e-06,7.449406949781653e-05,9.3531076546441e-05,9.313489191358184e-05,3.406981493113624e-05,1.2205262577643864e-05,0.0,2.928888478449643e-06,4.267243975225148e-05,0.0,3.158512024074784e-06,0.0,3.588509704298252e-05,0.0001114967752178,0.0001068376843541,0.0001079020686714,0.0001069766637995,9.200763766441378e-06,9.002304043222699e-05,0.00010127693299,8.71727521731987e-05,6.986763861879593e-05,7.524314918217324e-05,4.833465295380901e-05,5.15913763943499e-05,6.847033430272283e-05,6.567529991391255e-05,7.137455063955688e-05,6.480863516999095e-05,4.504512387493387e-05,9.923606155108498e-06,0.0001043825460995,8.580472453433022e-05,6.944409448602321e-05,7.507680464673299e-05,3.958798318820332e-05,6.5848346733841e-05,0.0,0.0,0.0,1.751975550880572e-06,2.4220008750378143e-06,1.8257325873577616e-06,0.0,0.0,7.0868210045891335e-06,9.021115491504e-06,6.541594238178716e-06,6.204451406637499e-06,6.664532476509332e-06,0.0,8.222535183609084e-06,8.549549042820127e-05,6.217491116993013e-05,7.408872592842619e-05,7.316297788833231e-05,8.515835156030969e-05,8.594279566911848e-05,8.745091654777938e-05,0.0001049219901269
2010-09-01,17.823265481059284,4.16734415587726,10.49441200318363,5.375401198737448,7.344568679932165,10.7618935050695,32.74665307421067,15.143954459712925,0.3665547641538293,9.516976796235983,4.541689416515569,2.702862545991558,7.420920067992846,0.1037310606407961,0.0619006992212009,3.1988940812118423,0.0547006952393914,4.366696942965382,0.0,0.0003622745975159,0.0,0.0059987527261303,0.0019832127242286,0.0009597902989629,0.0163125722124517,0.0008192510858714,0.0027957883589392,0.0047502992121137,0.0,0.0,0.0,0.0,4.920884870777657,0.0,0.0,0.0,0.0,0.0,0.0,0.0,0.0,0.0,0.0,0.0,0.0,0.0,0.0,0.0,0.0,0.0,0.0,0.0,0.0,0.0,0.0,0.0,0.0,0.0,0.0114338995357669,0.0031562026845795,0.0,0.0,0.0,0.0,0.0,0.0,0.0,0.0,0.0,0.0,0.0,0.0,0.0,0.0,0.0,0.0,0.0,0.0,0.0,0.0,0.0,0.0,0.0,0.0,0.0,0.0,0.0,0.0,0.0,0.0,0.0,0.0,0.0,0.0,1.3585846345585097e-08,3.601226828789104e-07,2.611402624849199e-07,2.294646006272275e-07,2.0704967169980585e-07,0.0,1.782926083249705e-07,0.0,0.0,0.0,0.0,1.1342054208861816e-06,9.64230523612246e-07,8.160742532434373e-07,0.0
2010-10-01,4.826338622630943,1.1899178071407863,4.247641524143657,4.5857502059901485,3.047079522282242,2.37033273162081,3.121436129018715,1.9409737452616984,2.193632504422492,3.065433201025534,2.2488788133229223,1.5054708104562402,2.8657528245053534,2.025826810000513,1.5976888752767624,2.054032307548745,2.0881925946058537,1.9900621938883731,4.548972246143617,4.416717569332912,1.0412236813240476,4.005702261989246,4.079819297535408,3.297621786883077,7.812441274594227,3.5495214563267834,4.809726267583265,3.729747102298486,1.9973183839332036,1.862171689753684,2.7161444471355303,2.5536719955540303,4.335367736624839,2.5103985283906187,3.939641033238929,3.87351914665312,3.898061637578473,7.329781635797229,6.768707482892762,5.180167426617833,6.712969192173932,5.370857296024568,4.410028985979334,2.233919139175973,7.55005910747588,6.554061872328742,7.043847336310142,3.5460365586980016,4.543870061069809,2.4209370453911894,0.7948518056570644,0.4461935196923616,0.4356508721942136,4.116630315293405,1.4341674548419343,1.205901137443346,0.99348008617723,3.0054956180371444,4.33682394638365,3.935924893271988,6.63804092510719,3.5389624412846445,3.8377758235691215,4.0123139364908535,1.9495187327011636,3.755838689268765,3.1970488693905468,1.6597426459154228,1.6202212154994975,1.01285360561508,1.8369065656788768,0.3229530333687035,0.0380613042851256,0.0201740009360415,0.0010086307675199,1.1662916947460846,0.0002788986345565,0.0030582442191121,0.0006903685818518,0.0,0.8971685542914901,0.5037227094091199,0.0052212124899953,0.2880759922844949,7.266076378871215e-05,0.2220469909886702,7.472304513057473,7.419937160692436,6.586522601849048,6.453162088082096,4.92234787716371,6.149994773064424,5.505621191339686,5.2055800365988745,5.676221679353509,5.727509952224129,5.3832827174706415,5.471745702450815,5.43826263473628,4.091404560802497,5.101000361614847,2.717857203883999,5.880594476059515,6.849888701255103,6.300338549667981,5.284803773275953,4.869776495587406,4.47335443040769,0.4458511801715458
2010-11-01,3.232704180936317,0.9226762175270712,4.015670225107199,3.852635714473379,2.7626442236160327,2.608293645643334,5.555661857886932,2.7295619279537844,2.159683987833424,2.659159762934784,1.937739858258971,1.3489022168806242,4.265242430005971,2.617926987748932,3.055318676761725,3.7916845462491486,2.754939924250688,2.1864572082390685,11.31127688971417,14.67874163858057,5.456702475380574,18.60824844567041,16.165324204734617,12.67313670622186,13.546926436702623,19.767543892587547,17.90848121885861,24.646182860039996,9.190992746742689,9.451245435716917,4.029499543871836,4.505910362049774,1.299823919822811,1.8731949678525863,2.615670727803629,2.6557908077786507,2.5607936210125284,19.27151323708208,19.130147341427303,13.425341373861148,9.997211825686325,12.094235229131096,2.6827307490457186,1.3941329652934022,5.787406278518562,3.042784183536674,4.430844915048887,3.326639252937437,6.814343791511293,1.855101112448836,1.108881219886361,0.8478899226757504,0.829327714104557,6.003976825143383,1.526775955072421,2.000182381195834,2.394408484992185,4.429611862083791,12.699684781934362,15.033666570646218,20.208727594029654,26.26994782692005,3.554012485145741,3.5227380378604205,3.941224736151852,3.603210387231889,2.297277386750677,3.704564157588292,4.107337089400704,5.356057126974247,3.770774045598515,11.301202948398569,19.842549499445912,26.03601398602529,30.25360599160085,10.800661048449095,20.135798186748847,28.17769397834349,28.317400966049004,0.605373163947977,9.715943173544968,18.99745536536676,31.822382693399955,24.16272861271889,18.430521330863343,22.120287374033182,17.347724387156944,16.952938197598833,14.7358858816584,12.082371691547934,4.17344971569516,10.589842848653658,5.130704304286835,4.409278616148407,7.716657989659285,7.392802055911439,6.161799547114205,5.715985473927418,5.332435169267161,1.289902051375506,4.744933664312997,1.1776450629886956,3.25941202732308,4.021662387370027,3.613372875416205,2.8570819646838257,2.761761997409919,2.567853858113764,15.37340059483927
2010-12-01,2.307718944335294,2.76851631786786,7.085802062364971,7.808127053610435,6.456104631221029,3.6920828573980153,0.0234005451612594,1.016809464628407,0.105276650154181,0.0583138177751954,0.1148457526998439,0.5623090716537869,0.0554530678500344,0.163105024920639,0.0361591786230243,0.0299858429141638,0.0,1.8275273558315617,0.0,5.4156516916230544e-05,0.0,0.0,2.0479318476038074e-05,0.0,0.0,0.0,0.0,0.0,0.0,0.0,0.10413532396386,0.0898651435559361,3.507699293615056,1.4663832652862312,0.6270559981350368,0.6860858365286663,0.5853427265614066,0.0,0.0,0.0,0.0,0.0083069401217422,0.0967179141516475,0.0623501557450064,0.0003367669961431,0.0093656144446156,0.0030596618298902,0.0,0.1977059525138336,0.0083629856403165,0.0,0.0,0.0,0.1670746129130349,0.0,0.0,0.0,0.1166657008856193,0.0,0.0,0.0,0.0,2.3831727397314486,0.8743636575906208,4.151635273847629,1.2924543166562537,1.1481074488597014,4.8298780534667145,6.400522671594159,6.407109330711358,4.202467312894917,10.199171608865306,16.2105535921938,20.33676740612659,20.37535222949176,9.132428210494233,32.3527387999248,19.04320883701787,25.158888663289844,22.057611590694208,12.201568442808112,18.35428121691075,27.41440671062787,21.71176234969841,29.00105916661701,22.909392654676104,0.0,0.0,0.0,0.0010550249488644,0.2289483596600043,0.0427978830412073,0.1262481030420052,0.3357087051373474,0.2259491826163724,0.2940531306112678,0.6403588912495529,1.0615399350704988,1.583252726921315,5.860267151943505,2.601638474887291,12.013330194977016,0.9757371623874442,1.469741898911746,1.841793225226957,4.901403955640598,5.902733462537604,6.993918266810647,23.90273012304336
2011-01-01,2.790752191099763,5.051360373448456,5.355344175867928,5.566239734819493,6.409461179557474,4.220289926696582,0.2732588151045422,1.7123233098336557,1.0369256716824875,1.355352424588249,0.972076185765057,0.8874659442444987,0.6528417017670108,2.4585569469154263,0.4245763980776995,0.3158450473524247,0.0,1.858045184512762,0.0,0.0,0.0,0.0,0.0,0.0,0.0,0.0,0.0,0.0,0.0,0.0,0.0,0.0,2.929654718291935,0.0,0.0,0.0,0.0,0.0,0.0,0.0,0.0,0.0,0.0,0.0,0.0,0.0,0.0,0.0,0.0,0.0,0.0,0.0,0.0,0.0,0.0,0.0,0.0,0.0,0.0,0.0,0.0,0.0,0.0,0.0,0.0,0.0,0.0,0.0,0.0,0.0,0.0,0.0,0.0,0.0009255966068298,0.0,0.0001410281284895,0.014770758743194,0.0,0.0,0.1345959599189643,0.0,0.0139718169703329,0.039226201223584,0.0246007248221049,0.0463754732080006,0.0297388380172456,0.0,0.0,0.0,0.0,0.0,0.0,0.0,0.0,0.0,0.0,0.0934721583299227,0.0822240589541533,0.1013741509625336,1.731452800801204,0.2389604452174926,0.418602145637191,0.0,0.0,0.0,0.0,0.0017848096505973,0.0257624931039658,0.0
2011-02-01,1.3630157486939825,5.124375041467897,3.80814355010118,3.997437579467472,6.311482461222533,6.385368513117561,0.030455728842833,5.0393890707654645,2.4464030907009118,1.3162997390962143,2.302369152209915,4.331573326879316,1.6114463667504446,3.773001203156975,2.473662355744381,1.7484769165140588,2.452225979994576,6.073365501965884,8.745567600254361,3.711404215188335,6.470646638911044,1.2939168721426957,5.282343633064341,9.856649236714649,9.70218675719901,4.739784180967942,8.710128275653089,5.67937521975979,5.588888392552457,5.716910003916918,15.724537907876018,14.729488968703365,0.9740091481114792,25.88922807146082,23.48909400640988,23.33472427417677,23.62375437390073,10.030595547270808,9.049458890268085,7.0377824070644,10.896752605841538,8.540136282702523,18.613735458226653,20.65191556596401,18.265275455198985,24.57482074811855,21.03982384106064,20.18177797668032,16.181623352645182,13.73342401751032,21.09802760293536,15.93630443177098,16.17138921269697,16.502236127545203,13.662521322811788,10.364260471485634,12.114303489677708,16.228554381361256,9.620581171441623,8.574150770795082,11.186466525215373,5.754677847419277,21.48041401737313,19.7301113576868,25.99953268522538,20.62863355832289,26.023984176354944,22.21272017494969,25.242649431984404,30.02423250483449,25.875080762514443,34.4522170649548,39.3886480538847,50.13276384776727,45.86641140260056,32.42281052706973,47.86854287990196,43.85057895848416,65.06180763964232,38.47590971243277,29.49713247234265,38.91678910356893,50.267601356143565,42.54439833247029,40.07776157201754,41.91086813808176,11.185492026186283,10.978824784634387,11.269173259885552,12.722013315016037,19.578264698720044,13.982333724367502,15.453464102823853,15.921475045053269,15.157750446047944,15.401832447044928,18.905528544270823,19.86356434349576,22.016513436185477,59.16157731223983,26.586255753987576,44.5915036913954,16.773488013842975,15.220815020460686,15.94599102494792,17.994401283277323,18.865572219025477,20.84002591275721,45.919949455612425
2011-03-01,18.86859527206226,41.38680144769811,22.595561136498283,32.74682705280997,32.48115896964021,33.93471421361739,1.9987843931858007,31.34258478497605,22.95995515677213,16.234762458518404,20.498200555718302,31.314195418559784,6.113416232620187,22.35006299650533,11.066892664813622,10.420752393643053,18.115999181243996,38.04456268581063,39.47282213456069,24.6719292044629,19.562178184822358,4.423969974102065,22.3030285329151,30.459649501302096,26.515358971351286,21.71243897447795,28.898022719146248,16.28719618058228,30.56266824305516,29.786778483046756,52.05902004195798,49.791182450012165,49.32411079424444,77.10151102636428,72.8513479831439,72.94332982113905,72.78550502717539,39.119721329795546,38.09055410527621,35.466505984270015,41.69431023145991,37.89860389660946,56.60717023738356,61.58590477324709,46.98293332154804,69.20070173109335,57.46052509446447,51.40932080688124,54.59695726933376,50.96021507167691,63.059342714530175,40.632625036003,42.13905159934532,54.95579880115793,47.17265923197796,44.90815057881191,44.58344824270265,52.87904233309112,29.887752734312716,28.86810697994793,39.1135441222354,25.18398337965296,58.61706898299713,44.39718448217319,69.29623777211074,47.2788953219959,90.5180849997536,80.35885397158808,113.01805758916623,114.0868496174469,94.0818548347447,105.34997137392484,91.215340113535,60.59990553866201,75.02316103895647,88.87791486494909,12.33798905725681,74.59440982357525,25.45846589768171,9.250400835526785,90.44293953868736,57.80528864250111,20.913227807532003,40.21201764246793,10.652692197745884,33.39198769631759,41.151138280797774,41.25328394986235,40.369100543951056,44.34898250605081,62.01633698308495,48.39427355070358,57.27778914946413,63.23853220246736,60.07833870562364,63.00028019544229,73.53015632159428,77.66461410627348,77.93124194601718,45.185149705805856,71.99995946426225,35.349892190633426,80.4998526482715,83.29255958544357,87.02568622934821,96.62137248713866,94.4007717500664,88.09916652445546,24.147149894351877
2011-04-01,41.84898342497488,58.04478165702261,33.832650990283966,42.37786081252897,41.54838103055565,42.339965028646645,8.184558697913332,42.01843717282176,86.49795132116348,59.57183011289308,76.22292691920387,76.12378754101101,75.7871742431695,77.33351106384501,99.205003955214,83.11586502136531,174.43029874623576,67.78082474904299,84.79446493725027,87.55276340870705,84.7111008770402,112.54959504086064,99.28258618749818,110.66373983710363,124.02977901229131,105.51863569083814,107.78432884094036,105.54266983328462,87.9224864646879,89.50341050703895,70.66673904627305,70.75424168377164,77.27453741467475,68.4029738812809,70.99383041476881,71.84032604087362,70.47947132262055,140.7301760392772,127.1411086408264,107.95122427256602,127.31486986051094,110.3183262617759,97.57551199424994,75.95651838511701,77.3626911513212,62.82279432917989,71.0864811230736,59.903501423191216,89.40466698287443,89.64719156942756,43.63096608584967,51.81417100457756,51.13155351859356,85.4466551215027,67.3526552955342,65.11884420691686,51.267288008136205,73.6338711679311,112.05615115796267,105.04979699603018,133.62782392296808,104.00904061476064,67.97325068530493,67.82272656246603,54.20408976192368,65.4206851085048,94.72965206791186,56.573887233308334,9.97024449606352,8.267738889992655,49.02291275677586,6.636346372099415,10.965059551452509,16.1614623262806,13.972648829845614,34.89058287518209,26.309704119360838,20.85112228400922,24.382881321045943,4.795706348919122,10.112015216623256,17.376794290195427,24.33233459387299,20.237377705187253,22.16569104301932,19.957804743540606,134.14850276858823,132.73972015618878,145.9794930458453,138.6143240605147,96.35125934002714,130.29996676248666,130.0153892210863,123.47528283653132,120.06338961395193,116.87679450992366,100.1571999215081,93.09605046387216,86.80337965351514,21.67054464589813,77.79591112852833,20.74605126783107,112.29665349527752,101.06574958065528,91.63979446029272,52.47159921526679,45.78632810123908,40.37763189185048,16.130022163924348
2011-05-01,126.75767509112174,15.570007724669615,112.00586587543592,98.53188371784508,74.96637519802722,68.92539064508657,149.1044668239128,70.94153105833567,1.9850402702865733,54.71997828451289,25.74666702268256,14.516664498371746,41.56729401087391,1.4440314534838496,0.1269436573908202,15.727722289340342,1.5611610217366851,27.26764174687825,0.586853737527733,5.042410340371479,14.989844290769025,10.419463829302089,13.978864626816849,10.948881202153904,29.340814388073884,25.47801310659198,17.100524603680103,43.30530081373935,8.470983906816915,9.356843178716622,3.0160182797716395,3.938782026305552,58.32254920582667,0.8219131663915273,1.1032636000950284,1.0839138962998232,1.1230014964520278,5.264727601386441,4.185829188858122,4.390919333606425,1.8798008666216328,3.790246536303157,1.3684639372717269,1.6205697877592906,1.9717011801939124,1.5496120500483512,1.793723771146554,2.207759474985591,2.4468894467494144,2.7193090190605917,2.549737424042271,2.657403830460099,2.6764071889341454,2.4644253282882715,3.829187888430183,4.250828161448065,4.924784526856039,2.7332458858492195,17.662865645279933,19.355339325723705,5.43125645815309,8.648215861585326,0.7314414136751617,1.0072298686900651,0.2513732122602006,0.9105713764735176,0.4071415329410892,0.2455411876224683,0.0228521817360636,0.0349887258654312,0.3030098426864785,0.0269817497949688,0.0145278541267965,0.0078659088158347,0.0067228016642785,0.1933896783438747,0.0002696093853908,0.0028338312077263,0.0004223931251593,5.587935447692871e-05,0.0083133521776024,0.0049352134174293,0.0015957793944865,0.0032545849647665,0.0001772628163761,0.0025402312658402,3.615131069501317,3.463407278868836,2.7056061630219257,2.299818470108227,0.9175048813265057,2.035398474014796,1.2362506698798006,1.0654775549290167,1.5960890803748808,1.5405164494055614,1.2112042821988536,1.0892488923732295,0.9862446664852949,0.0019861941876417,0.8505610422563297,0.0343288890083895,0.6772892692094942,0.6318429189608658,0.4960898022324234,0.2725193340485137,0.2379398889908744,0.2072194617336993,0.0012184764966786
2011-06-01,7.963179948987556,0.0311150832250938,63.304929067538176,86.11196949499775,41.33277084002408,53.56292942327412,184.67451092974912,70.91803764556465,0.0651126665256534,28.99521334405887,13.489736962969449,7.544724854895273,29.877992793266973,0.1388909289700209,0.2658835514671903,11.31868570331843,0.0,20.02034872212608,0.0059369398542115,0.0008581620604169,5.587935447692871e-05,5.335993570968542e-05,0.0012067508782239,0.0456590126837918,5.076831403679344e-05,4.946932308322458e-05,0.0023596550491553,5.100215325024385e-05,5.587935447692871e-05,5.587935447692871e-05,5.52225638805502e-05,5.53125671565164e-05,7.765292579387435,5.587935447692871e-05,5.587935447692871e-05,5.587935447692871e-05,5.587935447692871e-05,5.587935447692871e-05,5.587935447692871e-05,5.535648477145218e-05,5.587935447692871e-05,5.546834770564489e-05,5.587935447692871e-05,5.587935447692871e-05,5.587935447692871e-05,5.587935447692871e-05,5.587935447692871e-05,5.587935447692871e-05,5.569428291980195e-05,5.587935447692871e-05,5.587935447692871e-05,5.159068363540051e-05,5.187102146099716e-05,5.5723747656821336e-05,5.587935447692871e-05,5.587935447692871e-05,5.587935447692871e-05,5.508946194163629e-05,0.0304650808319189,0.0062871708091801,5.587935447692871e-05,5.587935447692871e-05,5.587935447692871e-05,5.601994977963494e-05,5.587935447692871e-05,5.599660467875672e-05,5.587935447692871e-05,5.587935447692871e-05,5.587935447692871e-05,5.587935447692871e-05,5.587935447692871e-05,5.587935447692871e-05,5.587935447692871e-05,5.587935447692871e-05,5.587935447692871e-05,5.587935447692871e-05,5.587935447692871e-05,5.587935447692871e-05,5.587935447692871e-05,5.587935447692871e-05,5.587935447692871e-05,5.587935447692871e-05,5.587935447692871e-05,5.587935447692871e-05,5.587935447692871e-05,5.587935447692871e-05,5.587935447692871e-05,5.587935447692871e-05,5.587935447692871e-05,5.587935447692871e-05,5.587935447692871e-05,5.587935447692871e-05,5.587935447692871e-05,5.587935447692871e-05,5.587935447692871e-05,5.587935447692871e-05,5.587935447692871e-05,5.587935447692871e-05,5.587935447692871e-05,5.587935447692871e-05,5.587935447692871e-05,5.587935447692871e-05,5.587935447692871e-05,5.587935447692871e-05,5.587935447692871e-05,5.587935447692871e-05,5.587935447692871e-05,5.587935447692871e-05,5.587935447692871e-05
2011-07-01,0.0005863700397872,2.015893027642492e-05,0.3436498992190626,1.1523777435027611,0.2243584355112307,0.6625086042599662,3.842177586846528,1.1447014016943815,2.868874082952964e-05,0.9927227133473896,0.4616129572476128,0.2580997755310165,2.4952692093493054,4.480831796170537e-05,4.089362205725447e-05,0.9408460432973176,5.584119596665969e-07,0.2937390505543594,5.587935447692871e-05,5.529815523746793e-05,4.141835316335612e-05,5.769835863920849e-05,5.417228920583553e-05,5.587935447692871e-05,5.3039561304538e-05,5.587935447692871e-05,5.3692218779893846e-05,5.587935447692871e-05,5.587935447692871e-05,5.587935447692871e-05,5.533216384545494e-05,5.487357024315744e-05,0.0430217610711596,5.587935447692871e-05,5.587935447692871e-05,5.587935447692871e-05,5.587935447692871e-05,5.587935447692871e-05,5.587935447692871e-05,5.505656860359593e-05,5.368277745275321e-05,5.502709232573878e-05,5.587935447692871e-05,5.587935447692871e-05,5.587935447692871e-05,5.587935447692871e-05,5.587935447692871e-05,5.587935447692871e-05,5.549404965205285e-05,4.9881415953173725e-05,5.587935447692871e-05,5.619645055231196e-05,5.617572291254595e-05,5.525139776614216e-05,5.269811818609585e-05,4.292242358651712e-05,5.256221017449621e-05,5.5061827799380685e-05,5.587935447692871e-05,5.567844310003772e-05,5.587935447692871e-05,5.325303781191812e-05,5.587935447692871e-05,5.74507124402244e-05,5.587935447692871e-05,5.75536724499198e-05,5.587935447692871e-05,5.587935447692871e-05,5.587935447692871e-05,5.587935447692871e-05,5.587935447692871e-05,5.587935447692871e-05,5.587935447692871e-05,5.587935447692871e-05,5.587935447692871e-05,5.587935447692871e-05,5.587935447692871e-05,5.587935447692871e-05,5.587935447692871e-05,5.587935447692871e-05,5.587935447692871e-05,5.587935447692871e-05,5.587935447692871e-05,5.587935447692871e-05,5.587935447692871e-05,5.587935447692871e-05,5.587935447692871e-05,5.587935447692871e-05,5.587935447692871e-05,5.587935447692871e-05,5.587935447692871e-05,5.587935447692871e-05,5.587935447692871e-05,5.587935447692871e-05,5.587935447692871e-05,5.587935447692871e-05,5.587935447692871e-05,5.587935447692871e-05,5.587935447692871e-05,5.587935447692871e-05,5.587935447692871e-05,5.587935447692871e-05,5.587935447692871e-05,5.587935447692871e-05,5.587935447692871e-05,5.587935447692871e-05,5.587935447692871e-05,5.587935447692871e-05,5.587935447692871e-05
2011-08-01,0.0476043279675738,0.0008587442317281,0.0130378357534743,0.0,0.0086070571768986,0.1472679361023642,0.7391401915523916,0.2929360578459746,0.0,0.1823191913631875,0.0847755661929608,0.0473998959498445,0.2334603533762807,0.0,0.0,0.0880247300919832,0.0,0.0625027335827597,0.0,7.856677248006388e-07,0.0,4.989787993023468e-06,3.5444933533344302e-06,0.0,0.0,0.0,2.8065499463777444e-06,2.50971235920323e-06,0.0,0.0,1.170711334046519e-05,1.0631053218100512e-05,0.0,4.571790534066863e-06,4.287224853420053e-06,3.939357803690343e-06,6.102348749743456e-06,0.0,0.0,2.537795842150499e-07,0.0,1.994858880395732e-07,0.0,1.4956741086640528e-05,5.461530826237903e-05,1.2582228823070576e-05,3.3045430359386406e-05,3.376142423688597e-05,5.1489502988950666e-06,0.0,1.3229954397462156e-05,3.5005886789905804e-05,3.438405343005685e-05,7.234105787430824e-06,0.0,0.0,8.786665435348929e-06,1.132999578567248e-05,0.0,5.327168674058574e-07,0.0,3.213543435552121e-05,3.5823861549046534e-05,6.263839413253281e-05,5.486740914528907e-05,6.27693550712339e-05,0.0,6.172663460891613e-06,0.0,0.0,3.618396034754523e-06,0.0,0.0,0.0,0.0,2.233305354140456e-06,0.0,0.0,0.0,0.0,0.0,0.0,0.0,0.0,0.0,0.0,0.0,0.0,0.0,0.0,0.0,0.0,2.860343491601336e-06,1.5221937091576904e-06,2.544872523519132e-07,2.3365290606794338e-07,4.305719148684071e-07,3.783446165919554e-07,1.1249114113940503e-06,1.5506304328979808e-06,1.1399396892030484e-06,4.603343249972956e-06,0.0,0.0,0.0,4.007637604818192e-07,3.407042882163727e-07,2.883542791628103e-07,0.0
2011-09-01,0.6877992399301721,0.0110273402123124,0.4565640158802495,0.2239888329725168,0.2992948513108645,2.303049633514193,12.11970620299774,4.427494033175148,0.0,3.2048551010980013,1.4902073870037973,0.833207941538569,2.614832895484417,0.0,0.0,0.9859022016653398,0.0,1.0031811476946904,9.307775176556565e-08,1.4867402472221912e-06,0.0,5.024264007663165e-06,2.587646938206483e-06,0.0,0.0,0.0,1.4980498680346095e-06,0.0,0.0,0.0,1.1947912848199522e-05,1.0531094861364469e-05,0.0226994316133356,4.512451351617439e-06,6.084636369035372e-06,5.715186156719617e-06,6.763956153529112e-06,0.0,0.0,6.325909016743064e-09,0.0,4.972541750222031e-09,0.0,8.168529068031718e-07,3.997084883939023e-05,7.065512205815832e-06,2.272428201665224e-05,2.313588087010512e-05,4.626661354813071e-06,7.868199707236135e-07,2.3776828640538325e-05,3.196018902337931e-05,3.092299709327163e-05,5.678992271424284e-06,0.0,0.0,0.0,1.034176137489562e-05,0.0,1.6560081795084604e-06,0.0,1.2223558142909005e-05,9.319730631168265e-06,2.2758861853674468e-05,1.956472829337804e-05,2.2417841246360782e-05,0.0,1.2036605478280498e-06,0.0,0.0,1.0681597015101726e-06,0.0,0.0,0.0,0.0,6.592774139554761e-07,0.0,0.0,0.0,0.0,0.0,0.0,0.0,0.0,0.0,0.0,0.0,0.0,0.0,0.0,0.0,0.0,0.0,0.0,0.0,0.0,0.0,0.0,3.954137802549296e-11,0.0,2.870436452037061e-09,6.39679450576541e-08,0.0,0.0,0.0,0.0,0.0,0.0,0.0
2011-10-01,6.334863793341278,0.3853438994500777,8.411305750628987,7.793459697850267,5.535389227049893,5.552352552709557,12.646127054349693,6.1849256053537385,0.6438288051706522,3.247059255418653,1.8194355131852984,1.076307308755193,2.893240956591018,0.6124219286149318,0.6727385660286055,1.3202173578891294,0.0628479173374775,2.1646604494814725,0.0326599743349843,0.1796264829854752,0.0078114755823603,0.7790687893713608,0.2143032291448517,0.8338268536162343,0.0736357648791896,0.2092550855587958,0.0952678925160901,0.2412887155606929,0.0330077948858791,0.0395883296314047,0.0141251033694456,0.0148970064014906,1.7444133901875467,0.0044536214516458,0.0106292050275564,0.0116359530229064,0.0100305632252196,2.1612657445279745e-05,0.0005103819164205,0.0057082399459112,0.0037522260001366,0.0055300213597426,0.0057470712924415,0.0040444786732733,0.0087857020634848,0.0027634516493785,0.0059305945496899,0.0139927893561184,0.0066937472779592,0.0052435587471112,0.0057851239226809,0.0338123925372081,0.0319170746671758,0.0067783976899429,0.0075221250990509,0.0076912776621602,0.0107873043034634,0.011574457789553,0.6074777521944793,0.2000730340716873,2.5312670614552385e-05,0.0014485057543063,0.0019537666193968,0.0273532313599943,2.8311286687996097e-05,0.0240963083546736,0.0161166930533546,0.0003922323510399,0.0128413622444338,0.0086586846135273,0.0067061526634793,0.0048315538013543,0.0003974339786971,0.0001781807769174,0.0,0.0045756850844021,0.0,0.0,0.0,0.0,0.0069692965988251,0.0039023298021007,1.3570386059365352e-05,0.0022243504287522,0.0,0.0017144264447971,0.0007345438683743,0.0009344660906077,0.0012020620476316,0.0020125306768101,0.0149811362082356,0.004666673164863,0.0030056972444325,0.0019480394998472,0.0075615049117897,0.0073781600672885,0.0053765821548882,0.0047409521059892,0.0042846550399686,0.000314108003498,0.003700711759207,3.895335420008911e-07,0.0282990768905156,0.0111574867293232,0.0102136252674493,0.0060661214738098,0.0055373233185454,0.0046961703750963,0.001158132207548
2011-11-01,4.991342291035766,4.458481139332973,4.830305748815679,4.648584338154448,4.470850838173845,3.470111171981248,1.173857590338228,2.640328751538565,4.85612752445442,4.7433845288216245,5.149971259514606,5.265287539836862,4.699847548614456,4.2265417116108885,8.059086766246697,7.284914238899758,6.196556051101684,6.168618121660175,15.2509173533342,10.647513802770256,5.874208489411863,4.846135215553858,7.631987884815467,9.900597640738106,7.995009541511027,6.695309812036831,6.280735749030078,8.566958730138508,2.964058631234818,3.324557095616881,2.6826683632865063,2.888563408383399,5.192692495818386,4.356167774724589,3.2859065505682072,3.394977071671001,3.17601730117165,3.086297517525223,3.3686373492851494,2.70662427504287,2.507029574599513,2.5564181405413837,1.5850701132549134,1.6772258976334584,3.907193486913605,2.6177713784731136,3.2884128063507623,4.088384293182217,2.6378497572925066,2.698587169762944,3.0561610679196125,2.569782494860111,2.5610720618263945,2.7076053042615422,2.1943426388681964,2.009992582987445,2.197303095443778,2.616799130021405,9.440714786307266,8.431321160400785,3.925732866053618,2.8361560008039834,5.17016746167974,4.556692783072863,6.722363867818871,4.835401116330432,6.643948736799214,6.826243843786301,6.926025836836802,6.886679948704718,6.665534269574053,5.837262598360738,5.130776941640363,3.770167323570914,3.9723371040401,5.916551682595073,0.5278151757065763,2.349143730442558,0.7974333767635673,4.840292983455488,4.6280290402419615,3.1589752534381508,1.3284715685253057,2.2191660529100457,0.803724146501172,1.9920834893698196,3.1733653723316797,3.1611346070264474,2.2982564872291515,2.2103926940667886,1.3024357671152644,2.077042525039277,1.783011430438424,2.0167230555448805,2.4608394364552657,2.6255888449476035,3.2409689482417288,3.529451023174426,3.7933272003090623,4.875318653531763,3.791132359211412,3.5839059825123663,6.464914060150701,6.226495646528367,6.492645148108918,6.825136633503244,6.648017727562691,6.234045991515343,2.595764309154696
2011-12-01,2.448657779982428,5.83211050381223,3.878067390882397,4.874585824986975,5.313008121349917,5.021517740604874,0.1705646035370789,4.127328229381819,0.4224004603706859,0.3486265313312059,0.8892854910301016,2.5818935431155494,0.9277492584253764,0.6243459753420146,1.674863027076681,1.2211924193614323,11.009830067197836,4.957751022869917,2.3962701977665866,1.9142314528666584,0.251494317648603,1.6126002306260678,1.3720419852153056,1.989536782526659,1.6524949337998018,0.9620044295285092,1.2408960694254534,0.61591989679798,0.6267404882748274,0.5743820419614417,1.276400993887174,1.1910160790312725,5.463191430032046,2.824085393199057,2.5451899499970927,2.559134781992437,2.509045796557273,1.8003067766145835,1.407781052371195,1.0270699771338228,1.4670485924979493,1.1305260973509887,1.552685456215812,1.3066486881179518,1.189769976083019,2.181937108701528,1.6276666272656128,0.9439698474845531,1.6484316342553011,1.2306897349076011,1.1435913783585203,0.5951506073967554,0.6341066196535123,1.568099942922698,0.978593764760639,0.8816142755810658,0.8004717607511479,1.3409198742136272,2.072569071131781,1.455249685263703,1.922822280806379,0.7354105941926053,2.443714719460059,0.8774367409271756,3.0908875807048286,1.107380890658739,3.8042944939475385,3.817484441280424,5.941156837258338,5.52983556828553,3.95486406654007,6.612358436994513,8.933122445011788,11.078345436306504,13.15659553150818,6.210212781312239,17.835654487796862,16.865908710406963,17.52742280794767,7.0132109076013,7.130872425252063,8.836226859742851,12.47640696906008,10.525551419214194,15.966344024935204,11.620593748872029,1.458547681233985,1.452417630905849,1.4356820615128565,1.6429395557781648,1.9646470247203565,1.7647728532832725,2.6081240120226536,2.862088979002092,2.3278900865921432,2.395751343364381,2.592033858887384,2.700487394707539,2.7475530590060453,3.260455906091162,2.8100534200029963,2.97459828888228,3.329533425404517,3.275149545661434,3.335429743358456,3.380948688385037,3.411203914976131,3.3748828801917634,7.337395452512728
2012-01-01,3.491057641602112,6.302270289108918,3.249203086085888,3.8176685785506064,4.302777668493787,4.55398071136576,0.8012337977437861,4.421924282797197,11.606925919614763,6.652168633716345,9.46843664784572,8.101215577647821,4.242774557337419,11.101283136626904,8.062922330866462,5.01445341536091,12.013368660729045,7.0206207797402325,8.803109193686621,7.1543069110849125,4.84625865287844,3.1305816669776707,6.867869975595488,8.20304133637998,9.591862511389284,9.14933322227414,8.468768101566686,8.523126217071903,5.754679608799881,6.142043571171614,6.061830152936626,6.024326540364242,4.742137645938879,6.647435984278115,6.682405437799057,6.702598638788131,6.689876151807715,8.399519466045723,8.528429686191176,6.774845448975863,6.985511426785345,6.912873959142812,8.06458344047939,7.292540349845388,5.33352174232959,6.085352430320401,5.707195679493767,5.643179066683486,6.856356134653209,6.52070401852586,5.967764337620609,4.451181862866448,4.542940746817445,6.728470214071328,6.155619084798798,6.359750151539249,6.512275065111687,6.233026814278119,8.208030548153856,9.365908147373986,9.302174955701007,6.006721762295163,5.184466616495901,4.678127839691552,7.0971487897086165,4.955119201635385,8.942750775159162,7.800048412127249,11.159131754571831,11.679618190380014,9.108995394599226,13.101206504223416,14.683376415558884,15.61051589446963,14.616955883494752,11.083290137588849,16.31346633349672,12.535697130191462,16.033879911051567,12.281447924770394,13.85224886001948,14.356639985409124,15.76318596935269,14.50152977677875,14.890510107992606,14.392668590809762,7.171697069096664,7.200584868987073,6.262021961913822,6.804013933477151,7.953307529893271,7.034709205251535,8.085161162833725,8.283093629006856,7.390249558650026,7.348033500279414,7.74002925025713,7.766615402632832,7.857772387864425,7.540308086550596,7.893704588131013,8.680291361496039,7.459790184947487,7.049018137057246,7.336510513212878,7.987098211647043,8.244173416727769,8.407676240102376,13.651093646010706
2012-02-01,4.493186502923988,5.856854012061438,2.921534302567415,2.823271979505637,3.4240031892655627,3.287666635126551,1.4486327390357323,3.217549799719063,9.184699593091311,7.950907239620056,6.751050895085529,5.054415928319264,2.847874385697063,7.208087875215303,3.355477279738393,2.967879209898906,2.1434302804653997,3.527181093560496,3.13408659956192,4.2347746603829535,4.569737195407977,1.1989658828785208,4.421665186658857,3.7460315242235858,5.094386319266914,6.27985980037918,5.494586199354538,6.263359567186034,6.443694203445863,6.948420147797143,6.170957397708146,6.249519067514083,3.2147424619746614,6.141792550759897,6.849468117625541,6.813753555701598,6.868390379069239,5.980274157170999,6.761321562131395,6.161407232581457,5.069471484403983,5.987240540311725,5.896012155802802,6.089433944436208,6.351584811494476,7.497401101954941,6.939145171535442,7.182412292707275,6.453535602664389,6.466377167228397,7.394764329663834,4.75256029093835,4.906306750763256,6.545827470125647,5.611582891538784,5.079814778076859,5.476783399114579,6.261438314380633,4.005872227597861,4.944616002475473,5.559437790306674,7.291032983349186,6.559735364841922,5.874731431053217,7.710193163980595,6.055118052074685,7.161187528723265,6.427981745003157,6.746940295839599,6.447051063050139,6.606800511290695,7.846343656113602,10.106242654098024,11.568352567172218,11.99966352279398,8.087439212801227,13.53368734820373,15.755832146638962,15.011260934398656,11.34150231245922,11.177576889763388,12.3510889610149,13.034313165498634,12.527084405830484,11.36466179994348,12.217911255437183,5.739977750399402,5.713978539135206,4.931281467613927,5.600536224916492,6.872650722513966,5.94158962085601,7.264736799627814,7.923573453385524,7.508096541924617,7.735375112056905,8.337301585590055,8.435065177383374,8.615285685120558,11.469805204772884,9.095192772021178,13.405913455645392,7.260108959714058,8.421577239648897,8.258971867029317,8.444965513241574,8.696137282507381,9.54747253685399,18.442230833438472
2012-03-01,31.298820322531725,20.61646587398378,22.52924363678182,22.54355998404717,21.323933629026502,19.680465001177527,6.425428573600015,17.400731254679137,40.97834001000761,29.966918111715948,33.12109434733818,32.2786168926869,27.909317625341444,39.03108889156768,38.0318618966656,34.804427302721834,26.343660679685243,28.829490195510868,27.163771538851908,32.376002448462884,34.194992887859286,60.08427383994624,30.72105260886361,18.850548924922418,17.019634370685676,20.99410339554488,18.403768228779864,22.663223294291686,24.249968348239783,26.03310344360745,28.010480468084506,27.758882454566223,28.272494146389583,28.49479637681507,28.39398023761791,28.202519705351072,28.682240222926623,11.21144228746174,13.291882671856357,18.709850068029105,20.60836031589207,19.829703178548236,29.306214659421407,31.40531915952698,38.06166754152352,30.264022833553625,34.39627692434753,38.25227149440637,25.42695058218685,25.55793890156626,31.48214948264985,37.3328950661936,36.75851988877195,26.13536218281413,24.293820631793743,25.801476377223658,24.57602040498631,27.70793521176295,17.8962187160244,18.494273759261773,12.276755845883208,19.56971063091396,31.14151364626232,35.94077042823817,34.49556598503982,35.781236602595854,33.002576854821484,31.747349923942892,24.587490017254677,22.510387442092323,28.644907701140184,16.727737714558213,5.85386675880852,4.812503348882656,3.1229156002436764,20.682343697883656,4.756615834695967,2.863781650395316,3.6184642906093294,4.7857451799833335,16.320831371467182,12.214046491971278,5.777266573038873,9.47188988428255,5.223131827254439,8.4843784025282,12.276428319810938,12.738070684929898,16.07502033376977,17.95185695758276,24.373628808582417,18.80140858959164,20.39766396251123,19.33935696198496,19.48925681825241,19.74558524160732,21.52368058954659,22.040793735246893,22.541009078288223,20.03563351837644,21.57779417261999,17.508255846301676,30.80589056851716,29.462543175746312,29.052909275405177,25.77786770843312,25.412048575057657,24.95810894230516,10.087819303958398
2012-04-01,40.41704743079909,6.923181514995309,52.36036029303085,47.61870398079181,35.31843650050348,30.298099344136045,51.77059574461864,28.68974713494056,41.609362897639606,40.919661747666254,30.24293866334009,21.501593003008683,38.61893404339202,37.92880509779079,19.87292158025435,24.575527689928624,17.447807534570337,21.27875379143515,24.05759081709985,23.954264133517253,3.0992422256686503,24.30253091569477,15.335071999886363,8.287162897373475,4.1718209018039305,14.184504170500608,5.930486479404377,16.975744206485697,1.4456670550403918,1.119400175256251,2.6422234923430543,2.431912100285422,20.68955095043708,6.949946400599211,5.233084977074818,5.259718503041534,4.978908948232645,0.419992526047888,0.692402014196257,1.37690625139755,0.0794571002806185,1.092961943603001,0.0407685474164471,0.0500366586728194,11.033477078332444,6.41990853988522,8.576078761112962,8.613281505831987,2.526799640874504,0.2241761693700953,2.462436286719936,6.224688377583411,5.843165929087027,2.5553960478495807,0.7876002947578857,1.4656246406312274,1.1253080326040048,2.843839550764282,7.200457069491896,8.599826880926067,0.5469960662951322,3.092821841943295,5.579008125927256,14.557589119666622,1.6759424175147006,12.973244010632024,7.316922686252194,1.6013286198501129,3.582040719231068,2.554053791164409,3.531691733214459,0.7134431530534354,0.0222800798730294,0.0494847744487428,0.1531936183595839,2.265767590400533,0.0069798625649203,0.8817159882145097,0.0832244268359132,0.0,0.757523250861655,0.4231714745488905,0.0084813062906231,0.243131708063304,3.1118402742133034e-06,0.1873951621502804,0.2665226032429595,0.2572161103538994,0.1505299624300394,0.2017633822880671,0.0303649039725598,0.1737488023458127,0.2494849757300022,0.2214205201586842,0.5694104484054815,0.6236731809265085,0.4685318614010103,0.4243453832735074,0.3844131298710267,0.0002183179331781,0.3310648334526281,0.0022531361774924,8.679660828819959,5.569945454475968,5.774145115327924,3.587041119840265,3.1719196023617724,2.68558552229128,0.0
2012-05-01,34.75219248553731,9.02659433071756,54.146567151428506,57.52296888786527,36.76035890160262,39.85077766712338,109.71378447342276,46.91263934671564,0.5399327950781462,27.38096652692595,13.659435285460091,8.33960743431245,27.27575885758794,0.5795883347813022,1.9751516016782709,11.371268865078395,38.65380946303739,19.03105536071357,0.3964146242829457,1.7714548458555086,0.0023631945715165,7.408288757598529,2.018690091739676,0.2260323078776848,0.0159034968592315,1.1078625376313755,0.2703425714216588,1.9620544776205116,0.0091308077823934,0.0087127347972558,0.0009712143286914,0.0016568983152679,19.381757950454837,0.0001183328338433,7.4062210591698e-05,8.119364779153715e-05,6.919959225806273e-05,0.000206890426007,4.690752334690393e-05,0.0042574660209813,0.0,0.0033466221982384,0.0,0.0,0.000126264446723,1.3529819944628369e-05,6.917059202249235e-05,0.0003027438793704,0.0015308444883394,0.0,4.772422880312073e-06,0.0011293783519763,0.0010555542038502,0.0012992814938124,0.0,1.2390464597024054e-08,1.5497923540951807e-05,0.0010869527131864,0.1683920851233121,0.3207768446949913,0.0001753912685636,0.1076015222863804,5.187685604593439e-05,0.0027149548919023,4.056999725280657e-05,0.0023864123163644,0.0052237102033418,2.43445150286868e-05,0.0132678565066698,0.0082824213338485,0.0028009850058323,0.0028188663285765,4.8722013781828e-05,0.000140125928554,0.0003376067897359,0.0020242266372201,3.448657114233152e-05,0.0008409242925952,0.0001269929418291,5.587935447692871e-05,0.0035542233208553,0.0020011900552531,6.191090923880006e-05,0.0011635667141507,4.81379349245161e-05,0.0009079549400605,9.44144308866913e-06,8.1983944098109e-06,0.0,0.000134687204046,9.491055212083031e-07,0.0001146070914731,0.0009208465164823,0.0006089204304517,0.0010444333102227,0.0011002599220829,0.0007996639723168,0.0007073204365815,0.0006384030033435,0.0,0.0005498166552528,7.137514832896991e-07,0.0090709918989973,0.0101346883849717,0.0099258474193572,0.0062955559693619,0.0057110994588134,0.0048365121509858,8.728767724393303e-06
2012-06-01,4.456281192813936,0.10067937716287,22.8291325820514,30.80897064620086,14.91543126222302,38.55763147214574,189.56925503391665,64.88831785568364,0.0,28.85254488227018,13.415981116490034,7.501172084042443,41.36276727938088,0.0,0.0,15.595506540001338,0.1229468538876016,14.995162896247914,0.0001248814488488,0.0016063868641841,2.5011873586449342e-06,0.0735064193404684,0.0070767340297978,0.0,0.0,9.580744199646733e-05,1.3101839356748448e-05,4.36125520207663e-05,0.0,0.0,6.625322470698025e-06,6.2258935613640825e-06,2.568987001348723,0.0,1.135276990737938e-06,1.1806680126100793e-06,1.3015452291069189e-06,0.0,0.0,2.3545634995143477e-07,0.0,1.8508273315168169e-07,0.0,0.0,1.6980215723824244e-05,0.0,8.728541674478434e-06,3.74856453870628e-06,9.235793062895968e-07,0.0,4.716998060756526e-06,3.09867936282493e-05,2.896127198765965e-05,1.0245468968329944e-06,0.0,0.0,0.0,5.884085099777007e-06,0.0,2.0258869936990423e-05,0.0,3.41416953713679e-05,4.618463010457263e-06,3.841081486299302e-05,2.3421534816182397e-05,3.760572718638888e-05,0.0,7.387570976202365e-06,0.0,0.0,2.401793753246319e-06,0.0,0.0,0.0,0.0,1.4824078948644152e-06,0.0,0.0,0.0,0.0,4.566693576376669e-06,2.5394439684767928e-06,0.0,1.445076458413297e-06,0.0,1.113798106194659e-06,0.0,0.0,0.0,0.0,0.0,0.0,0.0,0.0,0.0,4.1998938816425805e-07,3.045503387777849e-07,8.167103470815873e-07,1.0377323301347646e-06,0.0,9.042197654549676e-07,1.112266745740743e-05,0.0,2.108316347540617e-06,1.3870140876380015e-06,6.196141447326035e-07,1.1811135502981355e-06,4.085151882170678e-06,2.469070527342296e-05
2012-07-01,0.0015680738674015,2.5099735044090205e-05,0.0028231809161939,3.748508573295037e-05,0.001846876760086,1.4152287830862476,9.746602715576207,2.8904962159522887,9.564066368965465e-07,1.3146652705296709,0.6112994941794626,0.3417912723475924,5.134072792525733,2.560144298401435e-06,6.919108121430803e-07,1.935765022861952,0.0,0.5688223675138867,1.861555035311313e-07,7.5530948783362975e-06,0.0,2.7538186715371666e-05,1.0311372230170755e-05,0.0,0.0,6.617754423517045e-06,5.110015792746883e-06,9.901562436148907e-06,0.0,0.0,3.788786387184777e-05,3.335512282277226e-05,0.0,4.067084382351874e-05,3.668509438465894e-05,3.3658463364186534e-05,3.864411238558197e-05,0.0,0.0,1.2651818033486129e-08,0.0,5.067706121623416e-07,1.0964720651445972e-08,3.3714591125418826e-05,9.54163353242182e-05,2.515590492562432e-05,6.222670585967106e-05,0.0001045703887136,2.1200708341738465e-05,7.004581170490875e-06,7.837180370977323e-05,9.533871762628634e-05,9.455561173104564e-05,2.649093897734393e-05,1.2482936804937138e-05,0.0,5.857776956899286e-06,3.786385215746443e-05,0.0,4.940805566372545e-06,0.0,3.950404552724344e-05,5.912755897118979e-05,9.639561638965592e-05,7.513168207972038e-05,9.400779874652896e-05,0.0,2.7854943720621477e-05,4.39868432269773e-07,1.1401567217279825e-07,1.4117734646829458e-05,1.788165819138729e-06,0.0,0.0,0.0,8.861909157985377e-06,0.0,0.0,0.0,0.0,1.289885978525386e-06,7.172789488511717e-07,0.0,4.081692433333254e-07,0.0,3.1459797686461565e-07,0.0,0.0,0.0,0.0,4.8440017500756285e-06,3.687253794953518e-07,0.0,0.0,1.8451153770816064e-06,2.3166795258868947e-06,2.20220330752605e-06,1.935081544503715e-06,1.7461348900861295e-06,0.0,1.6875801500747548e-06,1.279358901153082e-07,0.0,1.932753939012622e-05,1.2919012997648376e-05,5.778635747979271e-06,5.852900671465152e-06,4.953588823220738e-06,0.0
2012-08-01,0.1534626533357752,0.0019840860105399,0.0547580284381094,0.0,0.0359692502589552,0.3867549982901219,1.8913342903217631,0.7568444356411155,0.0,0.4805550591832842,0.2234505699841566,0.1249361610724828,1.0450937814062131,0.0,0.0,0.3940455683709716,0.0,0.1642719966367387,1.861555035311313e-07,5.310713450571348e-07,0.0,5.475942724797878e-06,3.392392623106981e-06,0.0,0.0,0.0,2.216040180703989e-06,0.0,0.0,0.0,4.1028936565323695e-06,3.788811418911257e-06,0.0,0.0,7.568597115733616e-10,8.454617259856318e-10,7.018759756215181e-10,0.0,0.0,2.3545634995143477e-07,0.0,1.8508273315168169e-07,0.0,0.0,1.529172917866925e-07,0.0,7.860860022250337e-08,0.0,8.772089258468245e-08,0.0,0.0,2.0781244545603348e-05,1.942283558292568e-05,7.375508891803576e-08,0.0,0.0,0.0,3.3525022688280546e-06,0.0,3.3287562732479586e-07,0.0,2.5431492072497127e-05,1.246020426361795e-05,1.4233174744317478e-05,2.05018812801617e-05,1.6607425301714475e-05,0.0,5.205218487856141e-06,0.0,0.0,1.660372971697632e-06,0.0,0.0,0.0,0.0,1.024796570620284e-06,0.0,0.0,0.0,0.0,0.0,0.0,0.0,0.0,0.0,0.0,0.0,0.0,0.0,0.0,0.0,0.0,0.0,0.0,0.0,0.0,0.0,0.0,0.0,0.0,0.0,0.0,0.0,0.0,0.0,0.0,0.0,0.0,0.0
2012-09-01,8.571548485030643e-05,0.0,0.0002738849224868,0.0,0.0001788087886682,0.1916279958102502,1.304255538667773,0.3914519848967363,0.0,0.3241350059548188,0.1507176970637154,0.0842696014521747,1.3801371793625294,0.0,0.0,0.5203702719523441,0.0,0.0876524413823535,0.0,0.0,0.0,0.0,5.809434626921213e-07,0.0,0.0,0.0,0.0,0.0,0.0,0.0,6.397418851115861e-05,5.520748786862103e-05,0.0,0.0,0.0,0.0,0.0,0.0,0.0,0.0,0.0,0.0,0.0,0.0,0.0,0.0,0.0,0.0,0.0,0.0,0.0,0.0004512070853849,0.0004217130025129,0.0,0.0,0.0,0.0,7.167206339928971e-05,0.0,0.0,0.0,0.0,0.0,0.0540203865737127,0.0,0.0473914470591648,0.0,0.0,0.0,0.0,0.0,0.0,0.0,0.0,0.0,0.0,0.0,0.0,0.0,0.0,0.0,0.0,0.0,0.0,0.0,0.0,0.0,0.0,0.0,0.0,0.0,0.0,0.0,0.0,0.0,0.0,0.0,0.0,0.0,0.0,0.0,0.0,0.0,0.0,0.0,0.0,0.0,0.0,0.0
2012-10-01,22.53074144286465,12.361061897067254,27.81864597570967,34.56913362183785,22.43948599093288,17.101406682819036,18.690565319903275,12.533720810859029,3.86595412229659,10.77444343175116,6.514577325826281,5.2837184874728855,7.506209237124464,2.94728389115748,1.2593607130613202,4.605651775611691,11.490167958103989,10.70998969878256,6.620882561873191,6.504659475446409,5.010354341260895,8.145050415702196,7.593828540090679,9.086699934008642,8.719599324597018,11.343554252374716,8.341869994124234,12.977455444264091,8.812928485041448,10.340670532328575,12.3258478042243,12.065855649197772,32.34961927748198,1.6538502692509425,2.4559689212270506,2.33303144171269,2.604758497051556,5.043746448181295,4.142071443303287,5.9187562860233776,7.220995099900424,6.200456110996604,6.873415541306573,6.766063159391365,10.06228009728478,5.819642733134269,8.225307462188205,14.72781867136425,5.388631264952777,10.449171102276594,15.630879039283611,18.183500965554945,18.154005243430607,6.565878773881319,12.065956857439987,11.8800164389132,11.943448907056256,10.1642038419688,8.475427192252761,10.252048122572027,3.324711693219609,6.3562585565630485,3.309722974342696,5.602258524319555,2.648236844277342,5.222284962145307,2.002424457320996,2.950314527001036,4.2680355513771,3.996428604768036,2.958149942069521,3.118468208035452,1.63932362465848,1.0520861934918533,0.4172046939706047,2.3835500175234268,0.0423163309128089,0.1139412410191769,0.1224480146051923,0.000818102939276,3.212667433329801,2.078808240544867,0.4840221345161297,1.324313517200692,0.0166776987313018,1.023365223349573,4.432840885270748,4.523539960630174,4.081954014382247,4.224752776012857,5.028732262537992,4.149771808407129,2.699238651329095,1.925067093094024,2.8694051454908878,2.7101874914602235,2.1033946100346097,1.9925873239803016,2.0151521802028207,2.938448604971089,2.181884898498314,3.4338096550116197,2.038446429882301,2.202733153833793,2.390201083288104,3.017003046176656,3.1912710749441984,3.328308798638121,2.131098271245169
2012-11-01,20.09089057301261,23.294384052841657,17.046762895088257,17.962525446857025,19.666128755525044,19.815444120236805,5.452052972673879,19.45436304597354,9.348428393249169,8.960530189375234,11.12343805606578,18.67436185594271,6.740448311967652,8.959615780175692,11.33653311547331,9.74380835686152,17.81313696389199,19.14513892527153,18.855754023818896,13.854256371068937,10.073681644890442,8.021756959342344,13.468287718649426,18.56468155280664,20.858834040793976,14.011672488079087,17.36302266657671,12.55948666196353,13.744095953945768,14.136903876166349,11.200300482277136,11.351108663801655,19.529828774490746,1.5934037582892586,2.6949687074694637,2.6521504603089654,2.812184214856573,24.528574706671694,22.774956122997505,18.53591336403013,17.5687103986691,17.731355234815148,10.60121216418253,9.624372455330894,8.436881908931165,4.061168148687848,6.399043757070644,9.610849269281678,10.7487499867388,14.892835301885018,9.061402459505835,8.32724639674156,8.438593091554932,10.81390316842382,19.13701195068728,18.53827745887607,16.218937673450156,10.985079828136003,18.603616330991684,17.38750664607676,24.170056238811767,14.549132757117658,4.864060559610752,7.486972204882935,3.939020409705962,7.062683659517198,1.2044221282652816,1.7959441777452143,0.6492313826289234,0.6112911356205459,1.3553506735017578,0.5128361432326323,0.4716122884982534,0.5734713658952837,0.5141694220769784,1.036887526248358,1.3836627603089662,1.2449161967964952,1.0157573380307157,1.4910387439329362,0.4820552967718854,0.3963687056530646,0.7459496230386071,0.5182598595050435,1.4688968507278737,0.7173567872085672,24.93041859679015,24.45179778077222,22.75010172395173,20.31154832340715,9.099099597908436,18.00446622755527,10.850369307152416,9.302235592699734,12.797151311116206,12.004565733318216,9.69584702362747,8.793686176151226,8.065799745896593,1.507417913703306,7.066717648639102,0.4178644997055705,1.6347254984704709,2.026572955397034,1.7972084410941265,1.3562198578049671,1.222159929786261,1.086154822698403,0.2277564400986058
2012-12-01,1.6154738866915326,2.271845488790363,2.2116855323339104,2.228563487222944,2.432911015513389,1.7646540107704574,0.069086905107839,1.020795610464538,0.0110931521841764,0.0765556851662717,0.0374446689185109,0.4585693402639254,0.030242854244079,0.0221709778926143,0.0011863970644595,0.0304222722270808,7.578835086801154,2.001650402473942,7.122831478422322,1.5690776180970922,0.1166419490887047,0.0051481449358419,2.095107220818291,10.321342536988404,8.272511891520319,0.616345282501938,4.007865988437077,0.4710348972829157,5.868754646198078,5.215459786431499,4.072018786549733,4.082867905749636,3.112616239930316,2.3584698270173328,1.7916199832190918,1.8078738983187617,1.7743853147638056,3.859714274238728,5.680856064916553,5.846857170747917,2.0371348179994877,4.918838912828114,1.1201529841412785,1.5283513213768527,4.529117161891195,2.478172403073047,3.600167120496751,5.3558960575169765,3.295050469556822,2.8186345222427187,4.899467785563719,4.876546892511769,4.844783345355089,3.3977071840100663,4.707406635082108,6.068207487112804,6.465063495519422,3.8835930092739352,10.262038506421328,5.684665539145647,4.387956651310736,3.945152880111461,3.861288797956384,4.61050889361681,3.9362277564395223,4.515275372480788,1.6959957215191717,4.927259598490409,6.509245968093572,6.02498057578272,4.149742668210152,7.389357197371924,6.603358135160615,5.231709153002145,6.345198017571001,5.03341820859063,2.764186635695701,6.959069164186729,3.778128796727431,2.9270558406881646,5.555625839238377,4.46150924068257,3.2220566621835345,3.76873130675116,2.467930552809706,3.4658576044156844,4.324848519310644,4.27919453972106,2.4604165497809034,2.3186268269498806,0.6464328774115194,1.982761821274864,0.4231213072220747,0.2963943077387044,1.2617013320095434,1.2006939684662714,0.9143684683203026,0.9058291229386762,1.001974660315597,1.208575932781751,1.424859865164615,6.105893457911036,1.2729776304113083,1.817238717202441,2.1059037458928085,3.713158110239091,4.211413499970623,4.531682242807786,3.573040689009272
2013-01-01,2.304565850783424,6.018371509415245,2.4530015813091453,3.2417293999912657,3.889581962182074,4.126362812200721,0.05224410314841,3.795205516867271,1.7380697963905405,0.3212931114126098,0.77719066261648,2.538134496219863,2.4714129692668543,3.4052665764777696,2.1144460592031726,1.8705168098833116,4.858362370240833,5.01859237748842,3.3807909476907945,0.7128742811100928,0.0,0.0,0.7075215613814597,3.403038348702771,2.1488885002974363,0.0031363787049195,1.1880275385512231,0.0468833771106366,0.1992532146121123,0.0987544501012342,3.345664215180865,2.954684077552416,4.428197592724122,9.685806874715158,8.071660526494746,8.331885926368988,7.809018052360512,4.828213675167691,3.343937549208793,2.0159945848124448,4.565173551048292,2.574467070877561,4.830500617653693,3.560959915154077,1.8729973041755847,4.536874590887572,3.0887681964648745,1.6430065096951134,4.460088536281624,3.583133152968912,2.459953670752945,1.1887165296850095,1.275991975429656,4.196523423438805,2.758078082397021,2.427938991269377,1.9105045897525708,3.515072029858941,3.323460342251328,1.6153825334019174,3.1172299597022373,0.0045011143293239,4.61964798407395,2.021441238832704,6.484516950209738,2.5426548024990008,15.487950465412798,11.222850671640971,19.18623812802717,20.183814228655933,15.283101135940784,16.576405009303638,14.335264503418994,13.999049635899798,13.978294664635245,15.094447882990616,14.340144960076524,15.90330924360064,14.735747902040314,20.20587682256825,15.647483049037808,14.212924390791835,12.752763186694244,13.621733477885025,14.535375961511036,14.001793767497263,5.684743332846037,5.575795462368667,6.014367282113799,5.808186583568533,5.82744656072325,5.952368491243811,6.400632169583274,7.153093694381074,7.673757627846095,8.251000366955683,10.086761365368826,10.959839614338042,11.369639790753435,14.534029000688534,11.554096451087222,11.680081508472773,12.81368944921957,12.881724376633338,13.467207899908823,14.763273747690064,14.82075083547996,14.471936056134956,12.580910758759533
2013-02-01,4.764680927176542,10.404546842483947,3.726732063430752,4.225421271800677,5.848182639310023,7.932182880295378,1.1821359030424827,9.229594267717207,2.4069487018198834,4.579208112817998,2.9134380137281566,5.741627739534104,1.1305943866737338,2.932072875682123,0.5801286325824309,0.5250749684538144,3.3614456517611395,6.724775516869002,0.0,0.0,0.0,0.0,0.0617396688365484,0.6534329261102736,0.0015866977213029,0.0,0.167729249637937,0.0,0.0,0.0,0.0193680799245795,0.0167833560580768,6.118163058910004,0.1958106747128543,0.0723529967741428,0.0808230225463261,0.0670967544228568,0.0615114820308769,0.0368719578749729,0.0307939986651431,0.000109562509764,0.0242159450545362,0.0,0.0,0.0,0.0,0.0,0.0,0.0312912924926033,0.0276641968358046,0.0008038917250723,0.0002701994479614,0.0002525373030876,0.0291572392632966,0.0699636958580632,0.0,0.0,0.0216962568934042,1.0253095204544016,0.2105479501404526,0.6152638386093325,0.0,0.0090848900895342,0.110698754932838,0.1797746994838437,0.1565435378440436,2.400005919001321,0.4603552932343896,5.473754334425953,6.132397443255646,2.401472776799124,8.997762942470061,12.666833932269808,11.806011124582112,12.605157939375896,5.574839283883096,9.222386432974496,10.43614503952916,9.953157035892628,10.780208348538109,9.984063339245573,8.93328713041947,8.711309950301114,8.534392431490819,9.180272925822734,8.663657181245524,0.0074738441529574,0.0151914953357274,8.16376209581698e-06,0.0475397183219964,0.0004615091510754,0.041867701118984,0.3014906571804714,0.4049105413808048,0.3355658304225744,0.47833477886877,3.886773790042069,4.332591718231859,4.970311557756877,13.50435189933278,5.92428220916871,8.52221819970812,1.271624779092188,2.2617512170720966,2.784908985513647,3.81163495063486,4.127591486743103,4.61814466857165,8.086975596913295
2013-03-01,35.568154068751866,23.42127456495739,27.83613883214893,25.05409998897668,25.04990094720564,20.999462128370133,6.97384439171077,18.10503349494644,32.08246344975073,31.02639593336159,23.67769482654621,23.11991535149181,9.896905991794783,32.78182553944897,7.697104699598479,5.2567284804488414,45.02847541726134,20.47610264819638,0.5878330404146547,0.0922028795839484,1.4223966866768285,0.0,0.2055518407219455,4.053796385348945,0.5519387182050646,5.751079809564349e-08,0.4400333828402022,0.0005906527028763,0.0003553814247351,0.012151919126135,9.495663127596709,8.320507789249408,27.53751567320608,22.474942730470588,18.27127874077457,18.51344911308801,18.03065882510799,3.649085318826168,1.321867894729498,1.1113959207121251,3.100151235033588,1.9285547848827111,7.330435275038741,10.976044177430849,13.373759242577062,15.001907814656038,13.885403802791192,14.85304170391444,9.277873253629425,6.890244806470841,15.147851167909083,11.2392261867367,11.448526586281556,9.681874897076662,5.924083914510671,3.5724285433418137,3.206499365988709,9.683357574955805,4.198261032863808,0.964446061225832,0.6991241547023053,0.0093160369469976,20.308624882236845,18.59893418963357,28.33651467547253,19.90100590647834,35.50434348777276,33.37594415471137,31.35848683012243,31.034773600646908,34.68513173109595,26.83923612298009,25.042196070671668,30.43125051922651,38.24428048595107,33.48459260349249,42.14824450166134,47.82822018830744,43.28167243532621,37.68114281217091,24.19589869645194,27.056810641285026,34.21135787660414,30.19038254610318,38.66691680429351,31.94526898235496,3.343757566674709,3.151245619194893,4.407185455440051,6.6637705028951,13.127046655566822,8.581883666244066,24.64282116720584,31.186631786109103,18.988260637606576,20.525453919587022,20.00291718502619,21.06784544988613,21.0223265453726,15.681706012425831,20.220295485700955,15.943921120951064,34.92477647466872,39.839242001463816,41.27795587407686,36.79918600110723,34.4989688179179,31.846271217741368,20.81406531376069
2013-04-01,47.63696057939064,22.94542203758844,44.6037003437354,42.9616299937502,36.78210929177114,28.844035903434506,17.983911794556107,22.14912134559023,82.96815784494828,49.981410796890046,83.778191068263,73.94798443430773,85.17499656188623,76.69379410707188,127.6362673583712,102.14203912495796,30.911772017350103,51.06332457944944,123.96486712878576,109.82668295156772,94.88044913059134,88.46288420260919,106.9011064060165,119.88250591831184,118.4295088447455,99.23685181228127,114.6803072432428,92.46253753463414,117.98120686835692,120.881326704619,102.25100524175976,103.76452719262213,36.22146796269178,105.70883457614256,112.25014933892726,112.30983074933422,112.15201172488302,121.22587025633032,119.03083127003217,109.4475906135951,93.91111685368956,106.7824432869322,102.4175744033626,94.25505411733384,125.61083564704144,115.07808462108294,121.10858563942304,122.43466319791315,108.42106918978892,93.59071203048548,103.44554907354566,98.38713926047424,97.95634030989456,107.31635147822128,87.95236751720412,98.9957362602532,105.15345732468842,103.36791798172464,115.87867611290694,113.30760830022588,127.98458502254208,107.04129681196478,130.97148741161052,121.46028699934816,120.5702483929773,120.90927863524908,88.01987548868217,93.55174323555713,69.16660823114674,67.12539399880878,81.84369417178141,70.96904231106497,67.76681111108753,54.02471670616089,48.07961977426619,73.13610459959153,17.021416123878076,31.833441048264508,24.603437931508918,3.024342170497966,64.38583052385566,53.05506223772246,35.9356420675954,43.13148901674177,14.311168569829531,36.10256566042073,108.9413744365516,107.3192380370462,104.28413562109068,101.1102142526056,98.37132749205028,100.25798518056664,87.20606424491676,79.1621711146151,92.54355252765164,90.80302298216326,82.61055111732588,79.53726722627694,77.63917180337889,61.49206273894974,74.59376217568818,50.95073538912637,92.73820698363798,82.58748709866411,77.57913422717158,66.4333896207965,64.63189266889364,62.55109887142993,45.77868417500629
2013-05-01,29.801402583572997,3.44341233458824,66.98674830694166,71.55606581152006,44.314258087785824,58.26711434399066,192.4692139766589,77.61538132595683,6.707218790369242,46.277052631371625,22.97073582257909,13.288175548153234,56.442392341757824,7.812840965318792,7.155056701502583,38.34684564281864,1.909763338931053,23.970018138477087,10.463874075946816,29.734807689401844,10.46920059436352,63.79292863899592,30.342697266332703,3.7131749056707934,2.8113961189833265,49.00540665908634,16.158942949897423,56.66283727490583,10.33970564487821,10.39891542841683,2.77826757465959,3.699052036364304,12.101738959037826,0.0370763943413035,0.4287419769598407,0.4733479473046829,0.4008966150485332,0.6349501330269367,2.09936992901641,4.997381878924554,0.048635971347357,3.9363354900012144,0.0252121271756865,0.0617295543216255,8.550461062812644,0.1662220383885522,4.52501899368143,7.088840285077946,2.144187450675221,0.0476003618471145,1.045005581039667,9.246096642851304,8.65201666453429,2.111968128673297,0.1215220012451561,0.282871313988957,1.2227184832276308,2.987107359617944,2.929083564011155,19.294817619958422,1.2100709771655287,23.381344575696843,1.0158719375945222,11.414348990673696,1.3694304064744252,10.243769881422324,0.0158362113201579,0.1976191311879144,0.5666607148813032,0.4249603887457412,0.2358882423904144,1.6097886684148903,5.11871444765479,13.803220231952473,22.891134748160667,4.372218514441292,36.50080744628367,43.70485294635265,38.18741523114375,35.744815231855256,3.29049707066861,9.917665239627704,21.27485675267928,15.2316738776605,32.13976640860952,18.913263196276866,0.2206221448561912,0.2028484519339468,0.2649225640757082,0.1104444227436186,0.0048175675269482,0.0903843478409093,0.0020247766356524,0.001440969012077,0.0559881969810354,0.0521312002369833,0.0438611085079046,0.0433549082090225,0.0502546125635573,0.2137886151743041,0.0626901866244999,0.0671822946244545,0.0243697295353732,0.0352649423569244,0.0457182827850347,0.0930687761650493,0.1171322941670511,0.1243986276715857,7.24530454451402
2013-06-01,1.4453334168925336,0.0143356353275392,4.962609884985123,7.0776547822324805,3.2414831455234223,19.14820042549052,110.66374150547492,36.109149457117,0.0,13.363933327295737,6.214019522111698,3.474395898668851,21.35789725646544,0.0,0.0,8.052827524806915,0.0,7.374345620490945,0.0,5.785743346690054e-07,0.0,2.1273456895924847e-06,3.0311641622888278e-06,0.0,0.0,0.0,1.861193667049716e-06,0.0,0.0,0.0,4.45489538879062e-06,4.133227549629349e-06,0.208459479898981,1.3495877479285898e-05,5.354158923018197e-06,5.980838631486658e-06,5.596024395763657e-06,0.0,0.0,1.2651818033486129e-08,0.0,9.945083500444061e-09,0.0,0.0,0.0,2.085230848151049e-07,6.426849278675538e-08,3.936365237802438e-06,1.6191146453160536e-06,0.0,0.0,1.6428035774502046e-05,1.5354183292457423e-05,1.516946645947573e-06,0.0,0.0,0.0,3.6687751663244567e-06,0.0,0.0,0.0,2.825027818989196e-05,1.4276478273642184e-05,1.280901439248668e-05,4.230657142843685e-05,1.6418252935219147e-05,0.0,2.0074916147544168e-05,0.0,8.938831812381756e-06,7.349754492219846e-06,5.692161111285146e-06,1.939503816528912e-05,2.188636543884855e-05,3.813799168862233e-05,1.192741908548314e-05,8.880164105737341e-05,3.343967865893651e-05,4.323134196897676e-05,9.42581063581562e-05,2.607286985736089e-05,3.0299943511065334e-05,3.136304110168867e-05,3.916685286763129e-05,5.894790929704841e-05,4.46270371019972e-05,0.0,0.0,0.0,0.0,0.0,0.0,0.0,0.0,4.682681840962585e-07,7.619810461963186e-07,6.628207553229695e-07,1.6179005727363232e-06,2.376385855438232e-06,5.119055389896466e-07,4.615390864739349e-06,4.846462021632511e-05,0.0,1.6484142564441857e-05,2.359476412070645e-05,2.963108053098843e-05,2.9667830758461137e-05,3.183305563388195e-05,3.10842572765915e-05
2013-07-01,5.169950396297014e-06,1.383755429067386e-05,9.035661046573368e-07,0.0,2.821931074535601e-06,0.11616253733372,0.8014448992295667,0.2373918354987536,0.0,0.450737196588637,0.2095857312624361,0.1171840227633088,0.6364654085665168,0.0,0.0,0.2399752626405955,0.0,0.0716327549268634,1.861555035311313e-07,1.3283366512215255e-06,0.0,4.339408436962548e-06,4.45245226205542e-06,0.0,0.0,0.0,3.758591432664935e-06,0.0,0.0,0.0,1.4106361220425684e-05,1.2550239022385826e-05,0.0,6.002308654180805e-06,6.592254490293511e-06,6.765875644834316e-06,7.882249375924402e-06,0.0,0.0,1.2651818033486129e-08,0.0,9.945083500444061e-09,0.0,0.0,2.749271297337742e-05,2.6468717152067134e-07,1.4214004290942167e-05,5.01634827200455e-05,3.758586457679199e-06,0.0,1.3699373290912525e-05,5.1017893331225165e-05,4.94153212903387e-05,6.31053848014286e-06,1.2482936804937138e-05,0.0,0.0,1.3499852305097578e-05,0.0,3.1408411637871566e-06,0.0,3.950404552724344e-05,4.229975666031999e-05,8.396101840255095e-05,7.289764636523304e-05,8.29162513064747e-05,0.0,1.1206264915633452e-05,0.0,0.0,4.472720499731097e-06,0.0,0.0,0.0,0.0,2.7606018091109304e-06,0.0,0.0,0.0,0.0,0.0,0.0,0.0,0.0,0.0,0.0,0.0,0.0,0.0,0.0,0.0,0.0,0.0,0.0,0.0,0.0,0.0,0.0,0.0,0.0,0.0,0.0,0.0,0.0,0.0,0.0,0.0,0.0,0.0
2013-08-01,0.0,0.0,0.0,0.0,0.0,0.0062037355572532,0.0427918958324082,0.0126782053023412,0.0,0.0250738083681438,0.0116589278678228,0.0065187647099313,0.2003597464261339,0.0,0.0,0.0755443371376726,0.0,0.0038984952193107,0.0,1.5152967684639838e-07,0.0,2.328002215355694e-06,2.203277815304804e-06,0.0,0.0,0.0,2.000787208575244e-06,0.0,0.0,0.0,7.619247136522059e-06,6.865038772777221e-06,0.0,2.057737137866489e-06,1.5937214662062216e-06,1.1976591309647023e-06,3.871758864550475e-06,0.0,0.0,1.2651818033486129e-08,0.0,9.945083500444061e-09,0.0,0.0,1.829945842761198e-05,3.226312802206543e-06,1.0401093370661467e-05,2.0119947075148498e-05,2.172395021471756e-06,0.0,1.1626698846921341e-07,2.79105352073988e-05,2.613609077584139e-05,2.7039426088969334e-06,0.0,0.0,0.0,6.561938996717845e-06,0.0,3.82693049899558e-07,0.0,2.820155824824688e-05,9.807758771982362e-06,2.447918901309126e-05,3.93331208515793e-05,2.6528917774688967e-05,0.0,5.753587216917962e-06,2.676678712934796e-05,1.4924052644450642e-05,2.849808003721296e-06,0.0,0.0,1.6284647475268211e-06,0.0,2.00704649848105e-06,0.0,0.0,0.0,0.0,0.0,0.0,3.514510602867726e-06,9.633843056088643e-07,4.759413421356469e-06,1.4850641415928786e-06,0.0,0.0,0.0,0.0,0.0,0.0,0.0,0.0,0.0,0.0,1.1028706545943238e-07,3.263772387298647e-07,7.366912018656787e-07,0.0,1.8404187854027168e-06,1.1662314916302794e-05,0.0,0.0,8.138394302640015e-07,7.736380502571117e-06,8.625764314138699e-06,1.0439216588381222e-05,4.53576537901845e-07
2013-09-01,8.20862032504143,0.5372584747924862,6.030493879063534,4.401972580722859,3.996612759183896,4.740055493958888,12.816597018412777,5.9598848515305605,0.0,2.5284661176351477,1.1756971118593758,0.6573582818064327,0.9116547495119878,0.0,0.0,0.343733105226896,0.0,1.7688307209850624,1.1954728126546386e-06,1.868833052829803e-06,5.587935447692871e-05,1.933160748601925e-06,9.734568001202291e-06,2.0211307355686016e-06,1.843239001474336e-06,3.409098232017585e-06,1.4243789104227916e-05,8.14362558489414e-06,5.587935447692871e-05,5.587935447692871e-05,5.443940732673164e-05,5.432989607868158e-05,1.758523880568741,5.587935447692871e-05,5.587935447692871e-05,5.587935447692871e-05,5.587935447692871e-05,5.5873483795857805e-05,5.334006101683019e-05,5.411135567083047e-05,5.378835930203298e-05,5.409282596354921e-05,5.587935447692871e-05,5.587935447692871e-05,5.587935447692871e-05,5.587935447692871e-05,5.587935447692871e-05,5.587935447692871e-05,5.507490151672634e-05,5.587935447692871e-05,5.587935447692871e-05,5.040696059416516e-05,5.076467492072226e-05,5.520297627486215e-05,5.587935447692871e-05,5.587935447692871e-05,5.578775391994839e-05,5.438117603232921e-05,1.3480353384077506e-06,5.37679230455972e-06,4.942115723100662e-05,3.940643780045655e-05,5.587935447692871e-05,5.5598163871516256e-05,5.587935447692871e-05,5.562657688364586e-05,5.587935447692871e-05,5.379034612298762e-05,5.587935447692871e-05,5.587935447692871e-05,5.4338833179023394e-05,5.289005656522416e-05,5.587935447692871e-05,5.587935447692871e-05,5.587935447692871e-05,5.4680581215509096e-05,5.587935447692871e-05,5.587935447692871e-05,5.587935447692871e-05,5.587935447692871e-05,5.5877268885869774e-05,5.587819472282068e-05,5.587935447692871e-05,5.587869451617358e-05,5.587935447692871e-05,5.587884580969872e-05,5.2177342578371824e-05,5.222595884172722e-05,4.905094025454804e-05,5.2117984718995936e-05,5.587935447692871e-05,5.241785152526462e-05,5.393077120605112e-05,5.484237370681869e-05,5.328474062296834e-05,5.349715630590326e-05,5.397162263413697e-05,5.4203023052490326e-05,5.436677314568503e-05,5.587935447692871e-05,5.4576855088076274e-05,5.587935447692871e-05,5.587935447692871e-05,5.587935447692871e-05,5.587935447692871e-05,5.4006394320708767e-05,5.351629612961677e-05,5.361657197447271e-05,5.587935447692871e-05
2013-10-01,16.03361742871666,7.652769397977204,12.05620130752857,11.137867594291908,9.650339905254537,9.516365739742684,19.96755440653777,10.160837350774433,2.506791974225307,8.630262868881605,5.579024602729439,4.054818716830049,5.173134663388054,2.0836943838697977,1.5910274469928016,2.7145222472274475,1.9649760746497376,4.958722837981112,1.5228698470346118,2.2639430470431336,2.076107312577085,2.609184744222857,2.621289337085442,1.846989492380172,3.884384290619494,2.636157797744432,2.8548186013584744,2.763204732491708,4.266157341441673,3.990694757814481,3.400102194441366,3.406416836855421,8.131147037280108,1.8831741028713609,2.168219387082168,2.225166205197036,2.1300875101622787,12.987881461215292,5.781031768255342,5.12908208370565,3.11658031393762,4.622748852147325,3.0168494821490928,4.288810049842538,5.152866735209932,2.8184287334143017,4.123011886783172,4.837311648118753,3.562512792112348,5.828844755070468,3.670522708632752,2.708537864686477,2.7115343170290283,3.734862096508359,5.315680543792853,5.106561171299429,4.056911961023427,3.5216675458594464,2.1225477755629565,2.622850686013738,4.325304446879564,3.25511201524039,5.64053331667749,4.763719824244411,4.567515719522714,4.814689859941027,2.4585316774169064,1.6965649647230434,2.13262750768854,1.5237917646266348,1.882713595945736,0.8127153290264941,0.2853263222672568,0.4651672863819564,0.2630261893943897,1.3595482604359146,1.83899090688114,0.2468586364428833,0.643329612097989,1.2503718932757273,1.2433633232259451,1.516877558772773,1.59553881229446,1.5389341022763685,2.251710919770944,1.6351745729717713,10.950547516174415,10.061633154762156,6.426300281499021,6.115489790926391,1.8768248874791449,5.491205854072066,8.994787998732342,8.115443593057423,5.428309852164177,5.292475863404486,5.0551472963204045,4.903886950761927,4.775676030395851,2.684796588072424,4.303500152997346,1.3382715064903945,3.1719379195922595,3.539419194247607,3.4908999287912392,3.635629096219044,3.5347494000167443,3.360052701420692,2.008440872525306
2013-11-01,9.913401713346383,15.041558516909593,12.735290089993368,15.245870338949226,14.04403706511414,10.393744701176592,0.5670219989459665,6.593670857781617,5.9901072838431695,3.234499812482399,4.18235080398187,5.976379993499907,1.7541422613985755,6.425281975284599,3.886490297661145,2.884850226593228,7.6333755536755215,8.253981918614258,3.891625191695102,3.680261803933321,4.046708695852731,2.9433739814016238,3.19023886712035,3.5804114982015225,2.991256344508144,2.9601402006368227,2.651397292286389,2.9761131711470696,3.211762802685896,3.5361285285797988,2.8297064570834825,2.8863934293750826,17.83813071935227,1.2843878519000709,1.4227322469557846,1.462662005767248,1.3845517141735897,0.9696647952913168,1.0143583676010333,1.7408229327683715,1.42244097240928,1.672574143047666,1.3953052437490578,1.266676023023348,3.7229811793563377,1.0735574015499905,2.452006326522837,4.8384355215984645,1.5509393178056885,1.9458404342137667,3.6660971095516266,5.903484588927309,5.71793068504592,1.7667995768102291,2.251795044035657,2.6098047150681745,2.771721703671933,2.574358934877941,3.457686094981738,3.143455533612212,1.2144068550440057,2.4009297762434,2.140433114899152,4.597879529879693,3.797936586582821,4.527163411020853,2.120071294596979,3.270806805088837,12.719326023139812,11.79530427906505,5.0548307047524,13.349422345653352,13.541611126331226,11.513156693777868,9.993494211590594,7.642474995293322,2.181470878384462,3.980172980223861,3.045519997278281,1.5309547221616624,14.41318022036172,11.858109471220397,7.268187666195378,9.14239967875774,2.0704652905009566,7.50954037609488,0.7643305170167607,0.8306884192864452,0.7871269008750282,0.8951190375689787,1.146058282135126,0.9278809831788414,0.8710394647505625,1.2341317743612226,1.273648318386334,1.3855163280222549,2.306749750947423,2.57412381069982,3.0848716058051746,10.469446182518968,4.246906696794199,12.590829302958491,2.4363461180460835,3.157901660974085,3.493482008034803,6.21214888437834,7.224005256162945,8.218217863813678,15.915107877588042
2013-12-01,1.5252774084476255,4.409817328092217,3.466216351429932,5.625483386373981,5.320061440335692,4.26076534551188,0.0217651999453294,2.087535499305264,0.0205738639405787,0.07669768375046,0.0387826172852412,0.2616131166228279,0.3263113316320098,0.1669777950213015,0.0433437591516235,0.1451003781158611,2.986620986271369,2.7236572757166093,0.0560293427480077,0.0160283739399061,0.0,0.0,0.0501454967400777,0.0998207422543162,3.965981614485482e-05,0.0109391554361299,0.105072123593667,0.0839133205445898,0.0247117996714251,0.0,0.2803783575061498,0.2463236647658905,6.103812956960611,0.7609671377493571,0.6191780820901955,0.6252494962914926,0.6628989548310563,0.0324358066423491,0.0074927689597535,0.0472596145629173,0.007197560406455,0.1081072265382461,0.8993300959027931,1.420479389611247,0.0142528587554347,0.2699032456193981,0.1235429162505027,0.0125563375021032,0.4462818131510715,0.2731180694014187,0.1800323390209947,0.0156723502748609,0.0309463006073081,0.4188913938255484,0.3229343781021077,0.03209896413013,0.0493770781486313,0.3137638859936374,0.0966589973517174,0.0231490807413762,0.011733619978434,0.242245040868886,0.1468808982174138,0.0580221668507941,0.773284061348757,0.134844680388246,0.7092702881976729,0.3134047294570246,4.875089708945341,4.14110721157932,1.0836953935856026,4.982574427472351,6.293393868614461,6.885148105772243,4.782081385822898,2.679869819660707,7.583825476382195,3.047845100721676,5.987887316023585,10.050019808129134,6.646709581166802,7.18052844780753,8.064082748669996,7.522843095479319,9.025494264729476,7.917976293856595,0.0001710287206186,0.0001485112915333,0.0,0.1224792003238584,1.1812526473402156,0.3396526492642139,1.2561666155523492,1.6903609717810724,0.7856918099909105,0.7689560796949017,1.5696029877106448,1.580942443470056,1.751104040293605,6.753406863164166,2.27998532602043,2.9960497810944413,0.2654054812511249,0.1641586103605296,0.192269876566641,0.5246934752202327,0.8788723832965158,1.1532462424285015,6.314307715807152
2014-01-01,4.956667794903697,14.07118013535618,6.271066834042316,8.563400586223567,9.113804442287051,8.656871793138311,0.3122400173824236,6.941848083151528,11.263678092649776,5.4776719813445816,6.869222923951941,7.483891119112828,7.276110632011902,14.095443903934594,7.3772349386647535,5.4701466943497445,13.67017863962753,10.35320184390232,10.206818148586294,3.211615722567746,0.4977625432346174,0.0672349610814945,2.939603305899161,12.731620584526254,9.759382446259853,0.867868626163845,4.581032696002986,0.3432499727551683,0.0076015715301617,0.0250765707119373,0.8183360722311901,0.7178630355137275,9.5803361370486,2.4300942093673408,2.1333563739857144,2.219381374468373,2.103939237045403,3.8508492628713857,2.24365107472006,0.7329482187391119,0.6985134457802316,0.834408020869636,1.6487005515215547,1.537841208636205,0.3939942419863887,1.178263967319707,0.7368126029520301,0.332655501106664,1.376422216527087,0.3307109326069177,0.5190274249795408,0.1761297482458537,0.2056130631758321,1.2331314547636694,0.1975002983163574,0.0372575356188343,0.0952790659305392,0.9152074918929394,12.91564239990753,7.179528234852495,4.677085660059721,0.4583068470175933,0.5164707123242069,0.389213986154019,1.0338319653420418,0.4633916606545582,4.479560787783108,1.117572118869601,7.65650000948949,8.203769612377185,3.933716083860791,8.27456836726958,7.349782787807114,6.578211470462934,3.1361959321682478,4.625301610302744,5.804454562435519,2.094159612468349,3.7479970688288495,8.294785708916585,7.979867578516711,6.740008696403422,5.602705472599886,6.200175441339336,5.968694209887628,6.1848630526589385,3.0265219391304723,2.8109495625929464,2.4747859919467285,2.526934835126475,3.42872478004261,2.90142418064542,4.680923399582984,6.744752900714372,4.4799915499695535,4.536687399464678,7.664870876179743,8.310329656535625,8.94769163685654,10.344702889530788,9.315563415555612,13.301692059940034,1.0291218523481678,1.0493131597549092,1.3647634039463763,3.1624932011098075,4.044278650350581,5.261588429300304,5.816044587138138
2014-02-01,1.4304573048262257,4.414595285568293,1.945902828613678,2.8853140321371558,3.170030101934855,2.89307060800741,0.0,2.291970779266564,0.0,0.0,0.0080751191446013,1.9622173639477027,0.0,0.0,0.0,0.1675132352744963,3.306697947214562,3.459851251840409,0.0082688022832739,0.0013913761381523,0.0,0.0,0.0860983511188528,1.0719154727026077,0.5812080690764971,0.0,0.2324755121716396,0.0,0.0,0.0,0.2916582629978533,0.2516908833228704,3.623276654113521,0.851799101586575,1.3380442833859794,1.462535095517631,1.2993190855976626,0.0,0.0,0.0,0.0,0.0630297368707552,0.7524787904063323,0.1389734289355746,0.0,0.0744575640834475,0.0363119951412738,0.0,0.5564876894627279,0.0,0.0,0.0,0.0,0.4679362346840717,0.0,0.0,0.0,0.3267528671014243,1.5005816399031708,0.4174409603661854,0.021650775781543,0.0,0.0,0.0728996204437794,0.1626083728203445,0.0829460547033388,3.252945449221103,2.7009346310989337e-06,9.88015824423558,7.449474053313488,2.14025782982444,5.335384263348428,2.882154252798692,4.471464165650695,0.2409163575255513,2.493885167514104,8.534721436046972,0.0,2.0634912967341608,15.936816483461522,9.077492313790756,9.710525078791475,9.953291070324196,10.101326338924387,12.304474665732908,10.740167816138037,0.0,0.0,0.0,0.2767458570431862,2.11021999132941,0.7687564774206388,2.813664364819642,4.290056584404674,2.6386954980394424,2.870825074472961,4.105535550384154,4.768780816729757,4.878137015035,3.1486102875854707,4.831810361448196,8.139276897776515,1.7980721121714152,1.7403336221410777,2.4176722071961967,5.514508467855691,6.471723907425647,7.129907873804534,10.22932269199086
2014-03-01,19.08952445864101,24.29902688483771,19.439775609900277,23.843704886919948,21.54398457662408,21.685803033611613,2.8880865958876467,22.22015345689495,24.69350862147012,16.960681394269894,27.89380828910777,36.27715862536816,27.52546444471764,27.065632914114254,45.23172474583217,34.730291684682754,32.50332626312426,30.12427135917333,56.97694264284757,29.092130662371236,9.243984007658057,9.81180543531409,27.70609427730026,38.800352898479744,40.64514471318952,25.818995569397504,40.65501413022995,15.313599257604924,41.68981401557932,36.84136715698551,45.34857607330676,42.78065139881514,32.975567743455635,60.06051200456198,56.42066274563911,56.25030567452465,55.98748059656857,61.83848963158197,59.51927489939702,53.25509552689355,56.87779156954142,53.29617484627124,49.9599093560036,47.30533744524156,47.109148827975496,58.41916754912843,52.57437217958609,45.80653988950253,53.36548357891648,55.916480438745694,49.30074805738451,27.27396389462473,28.72187482484336,53.107481502957086,51.752814615950605,51.47389336372057,45.70711835364376,47.86153091814552,35.72224945729764,39.14256447530718,59.85175148098933,38.60849587293679,67.21033008232837,37.008381456975584,78.77915191244266,41.264091203769496,60.0775869567558,80.38402031692058,35.389552876657305,48.41837067395382,68.68311305209266,54.05485477291574,59.16834145997515,52.79338225040508,84.62963113583413,67.21446377382593,44.73321286423038,99.45415090640158,67.0573414581642,26.09172445204837,29.741114662666323,26.797175758463684,29.539109221568665,26.46851687050271,30.659225024514758,26.921181123945605,58.70698222486448,58.6418242874101,57.875499002836655,56.79185545182302,44.24929052631355,53.79644902450642,43.24702693037993,36.14926833150883,47.22461542360331,47.23438684465907,37.39841600684363,35.785576165554694,33.62705038517146,12.03098430493777,30.858929927481963,14.191613653289576,64.58081531464093,66.83752049347784,66.97505027579298,58.73600267066411,53.059549501142506,47.26659174709391,18.03639597660336
2014-04-01,88.16457110120702,32.18755278925665,55.74602218859351,45.95782821652715,45.09190161294816,36.79145429962446,23.0353520702018,31.27098000106249,103.94165156220882,85.85107943794891,87.63027937937576,65.85446492843222,55.77167729506462,87.71307495033672,65.42266324243658,61.99244449329216,10.819802118955938,38.12694341461857,26.69698534531076,77.22158643351528,79.66936068798547,101.58346820627948,71.58809098831121,24.34869745926621,26.1037673652298,84.24891287510553,44.99202266160816,102.48344570507088,43.1722440015117,51.571873624274254,45.99353883972238,48.86388742245172,56.92131898782544,15.334302330964416,18.45292912903014,19.022621461072383,18.21945557947888,35.978627649130885,30.477048546073394,32.93845092740866,31.7263110254198,32.768323918118455,31.10264670306937,30.223858742458496,50.35787930757585,15.453692453570955,33.71541261876438,54.34157669578,27.1950028937567,37.698750046286975,40.61904036786844,78.5207873633351,76.03866443450441,29.345364190712303,42.6178844480166,42.772999102470514,46.19210118919708,40.73540870570904,24.79850598977391,39.765494358395166,34.11766748508123,44.37803260994436,45.631637315183305,97.70766041875795,45.395222864492766,93.57085153042024,17.700141557765743,22.20387154324604,16.191679705114876,17.073924355611823,19.866800980599503,20.71344037306228,23.893362821076717,23.0608952787063,20.78274562911826,20.66572504569365,16.270769148193132,19.66155610268621,19.732604950394556,8.761133155371008,21.422780470863103,20.73138613029534,19.994002966011458,19.616582495249304,14.450951367545702,18.263488872240707,30.786005351299483,30.533997636253588,31.848508796382955,32.436252237683085,29.408939308910924,31.611425108435103,33.62026666374323,31.16316049092012,27.621213644346437,26.40264469299082,23.072478771274938,21.40846848357701,19.970586960369733,4.863066768290095,17.830678435584407,5.289996114565583,18.4996219773418,16.271540200093398,16.379814315933416,14.08126942579508,13.47835416278729,12.446158574250417,22.84015447290156
2014-05-01,57.05868097910032,15.238865197907655,100.546363722424,101.8198914884912,68.7884590406798,69.5100704890471,171.68488678750035,77.62782221521908,7.705135334450883,62.386307826029295,32.37403551293893,19.68909970483457,51.81664804044182,6.742097192824362,4.313902209509877,21.528669133780816,2.203141567199882,29.794815034508304,1.718193565344998,1.869251102529538,0.941024383124441,2.541917810871553,4.14191344522777,5.646771223190938,8.038574402889202,5.063890925960269,4.36056631534305,4.752473863168507,3.64220931256742,4.305363563749822,0.9054829960955342,1.162981781912051,33.80181012840973,0.1211702049082334,0.1428535687413227,0.1561717573212524,0.1330721528775766,1.5365887548341697,1.0812512437917745,1.3590882480043796,0.7494724967958537,1.211487837062499,0.2839820746898563,0.0751233090387769,0.7871830986446278,0.0138838020784904,0.4103021491313782,1.230401504801428,0.6243269956848091,0.4989077775176957,0.2944086012051514,1.760992402788696,1.6476222616656164,0.6065485195195609,0.9694008866696436,1.7721701742973832,2.228943948342889,0.7957822797798951,6.211226832384444,5.26370896755902,1.512376902687244,4.88333300685574,0.7160622666562079,2.765229405382743,1.0433036530551538,2.5981037760865604,0.5138627197530147,0.2848837601503824,0.383259469602721,0.2734212874272964,0.2882971776129884,0.1551334405873159,0.0948076913724129,0.307519170496155,0.8968838740159151,0.3109412249975001,1.07396046267776,2.2374909386514736,1.802902983271995,0.0044857376441752,0.1681840487839662,0.0994896370350631,0.1218493549987046,0.0905576088558078,0.2589735812848904,0.1103096877553654,1.154475988206901,1.0943596466378718,1.5237970941130627,1.3011012010012313,0.5060453379547238,1.179560152267975,1.670388749176183,1.1338232605588874,1.0204154613089569,1.001624542289154,1.0331350185493209,0.935190722361304,0.8461389455711819,0.000338582909953,0.7288669684574413,0.0079814849744464,1.195902625080392,1.918063690032544,1.598430614107236,0.8460271005058885,0.7313428224746616,0.6192752449591383,0.0050875654697841
2014-06-01,1.362589927081702,0.006968949500638,25.590917625643105,42.52605458156223,16.70808474232433,33.510955987256764,149.48092886123143,52.9030326312306,0.0,24.8258896995616,11.543649598510116,6.454315259436385,31.76378122942788,0.0,0.0,11.976333515977448,0.0,13.01033604316778,0.0,4.999508879693204e-07,2.4138468759309657e-05,1.6932965157768011e-06,2.430280578051218e-06,0.0,0.0,0.0,2.7262208969484205e-06,0.0,9.893346487483277e-08,2.1708131153609884e-05,2.2010808730225323e-05,1.979910848100418e-05,3.50408592932132,2.17330004102016e-05,1.844546156263818e-05,1.8309337443635795e-05,2.0418764040583632e-05,0.0,0.0,5.091148683217429e-06,0.0,4.001946489724591e-06,2.0696320018665118e-07,8.695056047117444e-07,6.162155412030762e-05,4.3479401572354445e-05,4.757576277427848e-05,4.26626062654124e-05,1.3739596117062056e-05,1.3185850471892094e-05,1.9192517524413987e-05,6.407414219710409e-05,6.039692099237245e-05,1.4801682939380196e-05,2.127809072069764e-05,1.42802269457065e-06,1.089759059142528e-06,2.181633549687326e-05,0.0,1.7506122618536936e-08,0.0,3.2266864027637244e-05,8.829290641682438e-05,5.562754047009355e-05,7.839429099029219e-05,5.80535388499399e-05,4.502781318526792e-06,5.240263735899024e-05,0.0001085983749556,7.158652099421213e-05,2.9445924875580632e-05,7.711918794386215e-05,9.713589219203151e-05,9.392637006719712e-05,0.0001031923592558,5.261053538093511e-05,4.770107626420682e-05,6.584246618756559e-05,5.790680291189183e-05,6.167465362022482e-05,9.424593300167598e-05,9.300076197653264e-05,8.076650507302586e-05,8.397258956518952e-05,5.505693697063333e-05,7.85672458516654e-05,0.0,0.0,0.0,0.0,1.0432768604885205e-05,7.941422735784357e-07,0.0,0.0,4.763985967277325e-06,6.162874283587128e-06,4.792250371437705e-06,4.819881508274068e-06,5.396168077778348e-06,2.896144171777067e-05,9.132290143176832e-06,4.302648578859122e-05,8.732439615764164e-05,5.9638902646219645e-05,4.077088736478431e-05,4.052269146330156e-05,4.372488599927466e-05,4.268071258246896e-05,6.763730137634124e-05
2014-07-01,5.2126164728517206e-05,3.86850647192855e-05,0.0001873715891893,0.0004740411371458,0.0001301504659674,0.1519376048717112,1.047164897581549,0.3103827091456493,5.095779074532387e-05,0.2210350055744999,0.1027936296886535,0.0574800677952049,0.8931537756669159,5.587935447692871e-05,3.958753246219288e-05,0.3367826386483105,2.064338270986685e-05,0.0668941121205726,4.4383263533604205e-05,4.89159720161604e-05,5.587935447692871e-05,3.901184707665891e-05,4.9512613405471975e-05,4.25088148968378e-05,5.249589259287622e-05,5.254519577076974e-05,5.266671984581944e-05,5.452559204850381e-05,5.587935447692871e-05,5.587935447692871e-05,5.5598515589179415e-05,5.55533034238367e-05,1.5569986308819397e-05,5.587935447692871e-05,5.587935447692871e-05,5.587935447692871e-05,5.587935447692871e-05,5.587935447692871e-05,5.587935447692871e-05,5.535648477145218e-05,5.587935447692871e-05,5.546834770564489e-05,5.587935447692871e-05,5.587935447692871e-05,5.587935447692871e-05,5.587935447692871e-05,5.587935447692871e-05,5.587935447692871e-05,5.569428291980195e-05,5.587935447692871e-05,5.587935447692871e-05,5.347090571611797e-05,5.362833894277849e-05,5.5723747656821336e-05,5.587935447692871e-05,5.587935447692871e-05,5.587935447692871e-05,5.53881261260849e-05,4.553306581938435e-05,4.952474717260712e-05,5.587935447692871e-05,5.587935447692871e-05,5.587935447692871e-05,5.708318542675263e-05,5.587935447692871e-05,5.708035178791112e-05,5.587935447692871e-05,5.587935447692871e-05,5.587935447692871e-05,5.587935447692871e-05,5.587935447692871e-05,5.587935447692871e-05,5.587935447692871e-05,5.587935447692871e-05,5.587935447692871e-05,5.587935447692871e-05,5.587935447692871e-05,5.587935447692871e-05,5.587935447692871e-05,5.587935447692871e-05,5.587935447692871e-05,5.587935447692871e-05,5.587935447692871e-05,5.587935447692871e-05,5.587935447692871e-05,5.587935447692871e-05,5.587935447692871e-05,5.587935447692871e-05,5.587935447692871e-05,5.587935447692871e-05,5.587935447692871e-05,5.587935447692871e-05,5.587935447692871e-05,5.587935447692871e-05,5.5703505370857e-05,5.571790177435367e-05,5.561821421444379e-05,5.564988987630149e-05,5.56226114846281e-05,5.5821894120834886e-05,5.565660706164265e-05,5.587935447692871e-05,5.587935447692871e-05,5.587935447692871e-05,5.587935447692871e-05,5.587935447692871e-05,5.587935447692871e-05,5.587935447692871e-05,5.587935447692871e-05
2014-08-01,0.0,0.0,0.0,0.0,0.0,0.0222036728767943,0.1531310847681072,0.0453761326824724,0.0,0.0318066377731326,0.0147895880063461,0.0082693765354139,0.2647710574315947,0.0,0.0,0.0998306227963687,0.0,0.009737962720194,1.861555035311313e-07,4.159360631906451e-06,3.383146267063649e-05,1.2330038399632702e-05,8.451201313335772e-06,9.733778778730809e-07,0.0,6.617754423517045e-06,7.151832653477992e-06,1.5342789356688134e-05,0.0,0.0,2.2021946396423643e-05,1.946480917822463e-05,0.0,1.601724774215584e-05,1.7471617839741014e-05,1.59444715737019e-05,2.0205195433442843e-05,0.0,0.0,1.2651818033486129e-08,0.0,9.945083500444061e-09,0.0,2.9913482173281052e-05,4.931979316902724e-05,1.228550929931611e-05,3.456457357731481e-05,7.653225891751192e-05,1.1038934066880366e-05,0.0,4.6276336525232094e-05,5.908589945283005e-05,5.832167413833085e-05,1.4364526654681024e-05,0.0,0.0,5.857776956899286e-06,2.1657697713657374e-05,6.492146964594887e-07,7.121094530512234e-06,0.0,4.7003370902166047e-05,1.6528107128077515e-05,3.8330375777257856e-05,5.035437259878403e-05,4.067369499102269e-05,0.0,7.413019435868408e-06,0.0,0.0,4.412236827580824e-06,0.0,0.0,0.0,0.0,2.7232707631021884e-06,0.0,0.0,0.0,0.0,0.0,0.0,0.0,0.0,0.0,0.0,0.0,0.0,0.0,0.0,0.0,0.0,0.0,0.0,1.651657697022875e-06,2.545226808357452e-06,1.9559280449919597e-06,1.7589655885481848e-06,1.587143492480586e-06,0.0,1.5835640426465178e-06,8.690729726457456e-06,0.0,1.0513387396107835e-05,7.669031836660748e-06,1.0576787184013032e-05,9.120785896189056e-06,8.388690375677121e-06,0.0
2014-09-01,34.19773158850868,23.66687878309036,29.550787514451983,26.491351358338672,24.45879979770381,23.17155272799498,34.97779466300478,24.21894058306741,14.640089583704832,21.807055533025824,14.833817336520635,10.364992198565435,8.789333657643754,13.571223220744775,2.5301493960314465,3.820616730697663,5.2115412499310665,11.484523438075696,0.001832657302065,0.0022147511513508,0.0,0.0002336916477108,0.001053088000334,6.71476524303677e-08,0.000436712438318,0.0017402028614815,0.0005285891071834,0.0020353030801751,0.0,0.0,2.182863051734294e-06,1.88373449123882e-06,24.89759237788138,4.100180344213247e-06,2.5874116283707627e-06,2.328741372531558e-06,2.896859206807496e-06,0.0,0.0,0.0,0.0,0.0,0.0,0.0,0.0,0.0,0.0,0.0,8.341506550389259e-07,0.0,0.0,8.576396553314903e-06,8.015782682478884e-06,7.013478080383323e-07,0.0,0.0,0.0,1.8520597899011869e-06,2.503618856034012e-05,0.0010544887189536,0.0,0.0,4.49657495451444e-07,3.394093258530156e-06,1.9611995034058384e-06,3.744980720634804e-06,0.0,0.0,0.0,3.54738528344286e-07,1.2143717670970024e-06,1.214502667691614e-06,0.0,0.0,0.0,8.502588546685248e-07,0.0,0.0,0.0,0.0,4.831770875534437e-06,2.686842573735554e-06,0.0,1.5289539753447372e-06,0.0,1.1784470173070342e-06,0.0,0.0,0.0,0.0,0.0,0.0,0.0,0.0,2.974968970864333e-07,4.876483400883357e-07,3.536145363379566e-07,1.187156226361658e-06,2.312335368130227e-06,7.78027863973271e-06,5.121151839822251e-06,7.635606877702047e-05,1.3951090757402782e-05,3.761452386915443e-05,3.0145215238711684e-05,3.290133958512707e-05,3.0364110777902648e-05,3.1191311407684754e-05,3.61041012779164e-06
2014-10-01,5.414159185090432,1.4312807701150176,5.599121210199107,5.791888942383626,3.8650959552505486,4.917030197252123,13.344780638109,6.357182525594007,2.013614479569911,4.058510286216196,3.0175580774961883,3.0285326101231704,3.763681370005406,1.7524048332169644,1.846827377151484,2.41055344141829,4.9233447866112,3.5125632790192047,0.5413285136021129,1.2282806861673354,0.0371835348522458,1.065991355069781,0.740222792847587,0.5473676997816063,0.5404333724827057,0.69773107559203,0.303130196572331,0.5922061478864771,0.0926017545674276,0.0851528813917372,0.1883481880687197,0.175235060540315,4.236700934797553,0.0004112235667659,0.0033327827897446,0.0037132976905526,0.0030917559687842,0.0781357698733213,0.0796595536956006,0.0695744451395429,0.0588945589542061,0.0632810545266219,0.0072721206186318,8.919814133870844e-06,0.2864768542821377,0.0001121843730625,0.147409963591613,0.8097125665917843,0.0382248633238237,0.0061900449887969,0.3009711297283189,0.8038843688777272,0.7523344490011784,0.0711906506021269,0.0076858268179058,0.0111674794091279,0.0185635317813525,0.1807416768848505,0.5555467686518959,0.4914567372093451,0.0580731433460601,0.3236294559125555,2.367071036295553e-07,0.5587075735071002,1.1063440808945588e-06,0.4920743509377473,0.0114602789364694,0.0,0.0,0.0,0.0013518378769688,0.0,5.082935626776289e-05,0.0052388273204429,0.0701647523094649,0.0070899721954862,0.0137397397745283,0.5313344140701636,0.0723536543629278,1.6652053024810744e-05,0.0,8.443405343297884e-07,0.0005911899787392,0.0001625549824379,0.0011854429580515,0.0003102344031545,0.090282101205678,0.0885638603936593,0.1018144674861226,0.0809556421619974,0.0208540012108259,0.0692809382179125,0.0525425437526758,0.0357182150895718,0.0484250304613003,0.0452184701436203,0.0335837403712124,0.0295140384767794,0.0266317755306613,0.0,0.0229328966556926,0.0,0.0353011240934413,0.0189130601946802,0.0146917299842616,0.0054100398160449,0.0045992775457838,0.0038925878166289,0.0
2014-11-01,21.705571728042845,22.79484554608317,21.380102845805663,20.653486784787503,21.434354450014677,18.796442965671265,5.59138710106561,16.442534091480862,3.0308422819830665,5.9487623139631465,8.499219681167332,14.703888188405823,3.5926600276890794,2.560347374456363,7.457942381496515,8.082167027774524,4.53041999468432,13.239785059432966,2.277085877865178,6.549349233084446,1.540546851460437,5.269125424232387,4.942135506452425,1.445751106345416,1.5571060378692487,8.77886630817972,4.195855280035956,8.22813614639376,3.0074179602843585,2.501399825368184,3.1011509406903497,2.963251175288447,21.10805742088961,5.001758683069866,3.938126645696999,4.061233699728321,3.84793655457246,1.1367195146247595,3.1056417699316183,4.097214125364532,3.849807414388257,3.916440801078626,3.5318558618796554,4.739263913804316,4.806770677057608,3.835867979602544,4.44115749156096,3.8748301073527927,3.88896301342405,4.40646636547101,3.067625416309231,1.764324294293138,1.817328712243787,3.869761713994511,3.6099049533363305,3.232538077403374,2.4047959712690514,3.3018455938208424,1.4354633109513466,3.761991482178772,0.9990386397739588,5.116214570350643,4.834645959620707,4.49161067579345,6.939330878841682,4.921629075649859,7.622732543819649,5.933988836620581,12.352365883919102,13.487647613992827,9.191708050860967,13.54253612774482,11.37653868877482,10.617709850125328,11.01681907913292,10.164181404662472,8.560562513710105,11.24819336398622,9.573649617411268,8.090822627822346,11.929904559176856,10.819938498632848,9.422824787865958,9.94945381755421,8.016229585862137,9.477690185172564,2.1815136722381423,2.4623324331535925,1.5879052916852097,1.7040944732331855,1.1390228301395342,1.5979408539173547,0.7461204679736309,0.990712250157491,1.8761456503762588,2.02005537758303,2.571182531207396,2.913857986278406,3.2501185336766274,6.541025224474483,3.7691381876186782,6.930637070653955,5.510296491218737,5.258127543710541,6.059154449462712,7.462495986940745,7.61072850624941,7.539278286619408,10.25996095913538
2014-12-01,19.85437061969384,23.097997069965647,20.12070529873692,18.93087678302192,20.50327039190795,16.700602427890434,1.9362717619672032,12.87597217334595,17.400862413583585,10.30981616740959,15.81367960487826,17.370670712143593,8.172229631417549,16.837948333077065,20.81087220322153,12.10566625243002,13.933629633688392,16.97928439588773,12.995824787999478,7.271621423244491,2.5485986358259387,4.176450885746706,5.426572339114445,8.371620979727016,8.09911485122045,5.121508842179488,4.954872301336087,6.903690946740884,1.7703052713879446,1.952460584797953,5.841262272018009,5.424345371840825,18.46844886580328,15.106040828681085,11.271238125295106,11.690846464638064,10.903201638155933,4.740378941917377,3.812166305605564,2.921687233627633,4.298193105155491,3.30580503347187,4.915548358401419,4.76198792092095,9.525560690295636,7.786454059154914,8.62156362561851,8.965120561012766,6.247892176294895,4.446046063581549,7.292244538887804,5.838740894854947,5.881999515176482,6.260379131777144,3.816879214701302,3.105989622281297,2.764087134024124,5.968511335550009,8.228759564522765,6.413823936913304,4.204028050914244,2.34965591835601,21.09143349104482,12.690339852925296,21.06573706437294,13.613525924367348,25.267561559481425,25.56401955999351,12.027914818706394,12.969110633250184,20.127889528226564,11.447725142808714,11.705674522530948,10.01945615355156,10.76326716091359,16.601059691182655,6.727552465808295,9.056399162639758,8.048517859645552,7.569730028996584,8.575806173762505,8.268184287912932,7.662313115563897,7.999486003415648,6.598265133651208,7.743951609518863,4.728448579861844,4.658621121887216,5.223812797027977,5.406276436663327,5.918933800439466,5.695360267796464,8.992295591299367,10.712497416480703,10.25946945719555,11.307995833941224,11.29635774153918,11.417378514614748,10.87383897926356,3.704133924956999,10.43668939101075,10.84293650834277,26.83591296091692,26.12204029983324,24.27742148607473,17.60014369547737,16.6794041781992,15.810887991988608,5.909083024109728
2015-01-01,11.187466355586867,13.0355559353091,15.618673599057663,23.594090218344324,16.460180052434662,14.72453441103634,2.71113481142694,12.217737207843046,11.86344955979996,10.132624833354676,11.601633080353547,13.68803481074715,11.173367439902904,14.192532572325538,17.193572863397577,12.708485128434448,16.000246309355784,15.589329211993205,16.908066521829703,7.050400846919181,4.963311846084292,1.8794261904117429,5.3128729872421685,16.38219891271659,11.718400739793712,0.3374862092730388,5.91184619505056,0.632263324330028,3.920213112893051,3.141383473312916,6.8559750987911725,6.458373485348174,38.601766252674274,10.091767769898526,9.841727849814475,10.03819529566253,9.70655563666248,12.17105937222634,9.605791160115642,7.48285862758582,10.53997789395252,8.097576336771176,9.777076844823236,8.531753744769864,4.925959959238798,7.641650749761308,6.266803308566941,4.5824661836383,8.643501755535388,8.737205086343359,6.408726074184676,2.603850854305965,2.8842019891189943,8.413731052509878,8.417914455286558,7.895253014688086,6.1798399300282245,7.256567787321795,15.658601833767868,8.767221657631458,11.98312045207044,1.629371419251775,6.616773458836886,3.1863911782473107,7.337200975100057,3.62867857192354,16.013673010609235,9.566134884384908,15.720603261257033,14.581980174687102,12.269186020449418,15.764164315425072,18.41884638216926,19.99385656036513,19.94493429207845,14.515463380514548,26.534697055365733,17.823102600013762,23.985616506326117,18.69300607675283,17.3484138547219,19.17224544388653,22.40750123194953,20.754819606994285,26.1619042608014,21.772977631327308,12.188071293975243,12.105129155474476,13.822668551274935,13.450512146250682,11.450260702968489,13.2785613518168,16.916894556822776,16.404586377993155,14.230957763821204,14.270627332853405,15.22508712086431,15.30024752965098,15.579200651802733,18.16441928623374,15.942841071133008,15.808659908538182,15.051103571086728,14.799952226306775,14.989924363286478,14.648761657277811,14.490632832502309,14.488804059238236,17.42869301625372
2015-02-01,21.9827171791081,12.519345253520394,15.870598681837077,15.416597990231626,13.839932448065438,12.80568704228625,5.4813225447478695,12.187192009065145,14.832345817377778,16.42391175543762,16.04652974639487,15.975143193843898,4.984306132598286,16.540863138339912,8.714387148503723,3.83539907281064,14.72937904674375,12.517514744263824,0.3699459977293644,0.0522563803577608,0.0,0.0,0.3955841046453061,3.797965442341002,4.452952241688525,5.496447093958574e-07,1.0210057991101922,0.0,0.0,0.0,0.3634056481417421,0.3136063681006996,18.925314035431608,1.0718983231133512,1.010783066241555,1.0745705583932383,0.9646387616280796,2.72084609925536,1.1764535247187102,0.423066181760932,0.7367924366320798,0.4718941703787573,0.4761824023955848,0.3523408826104389,0.1596674443340021,0.3799951858827329,0.2713023684788432,0.1596511757780101,0.5961474753888861,0.5185920388165555,0.2990759747026935,0.0115605581169847,0.0312836564465548,0.5602656105060955,0.2768608128268464,0.0362459360873981,0.0,0.4071334589688603,4.417096021767636,1.7174696019854976,2.231458047245647,0.0,0.3246702040225743,0.0468658171670667,0.3145731505083847,0.0711487252643607,4.393012168618772,0.8293141673319064,5.476016119050445,5.000949046067873,2.6865816661731774,5.397556647109104,6.001145125599942,6.504456575189004,4.826568915387938,3.7359162739883858,4.899311981846798,2.67137246920826,4.136195073397778,7.81168568309168,7.053745529699344,8.190859925464904,8.706946947180887,8.745269454812481,6.903233635207069,8.474359063634111,2.077968243877289,1.935734110320323,1.7517041748665347,1.639525308287897,0.907363405720677,1.6174819066916366,3.3373288951370106,3.922583306901765,2.873324126470713,3.0903089351843387,3.642874318276173,3.864406041597962,4.024817956235742,7.115037330992598,4.642150443378556,8.87460185500145,5.10658903599731,5.629723852863769,5.594155227172321,5.526250285590213,5.651737941284031,6.065466546118072,9.369919956725203
2015-03-01,48.88439553550175,21.935318861247755,44.720615894503965,39.00614906286574,35.810726973230295,26.377567706693327,16.59259113050292,19.033523921105697,51.63881019751434,37.62017388610328,36.46551284390811,29.660204866848037,59.44082227803839,43.95500723995992,49.08084081624063,63.06987741978431,15.257129911192974,28.34693371786323,59.84478941642987,76.24128693037542,56.36528479606106,80.36642836059366,72.01072166200349,40.794259331926895,49.72367560537008,90.65935609560395,65.14509852034072,88.31893864655814,54.86877912498096,58.810036158395626,23.959111021125125,27.955201848601547,24.914015610898872,11.828596764635977,10.965471105313645,11.31877116223248,10.692020584338232,27.16216861356576,30.960539779176603,35.07379447788999,11.791414702613237,29.82286556700431,8.21051038211111,7.884179228054247,19.88602210793273,8.388585783134188,14.345606092155249,25.3404987322086,19.0607540287936,14.167661713904716,20.655783621216155,31.741229265635976,30.95726582568612,18.901434040816163,21.18325051220412,31.229224754599663,39.648441799453785,22.20630682527471,39.62695686831707,64.09930455772317,30.141276941606165,64.75035428774885,12.644398223412644,27.039255867265656,13.798962598471912,25.3935679436012,13.72970112566146,12.91719127508881,9.170823312491486,9.244709907462452,11.609393386648138,12.894671743566647,15.690146623461713,16.948241055054208,17.12458562133295,13.125469403980832,21.44641434014018,22.31890696208855,21.954688628862375,14.94931564714641,13.303496232822722,13.60603737055292,15.876930383648777,13.83074246326152,16.971638640143976,14.273948928805304,18.752506505535266,18.22143039870503,13.683448582812648,13.53285088059468,9.59327384591577,12.918779699018124,11.608782888024368,11.133058910652778,12.37750414825115,12.245723570139877,10.94790350021377,10.554198933095584,10.089814476956516,3.336435187235366,9.183416122087756,5.173997838020203,13.331444095722595,12.712628065077263,12.137794622446876,9.91582519234857,9.578614237273694,9.055447862373397,11.053010994976702
2015-04-01,31.31304426165996,12.063515146584765,27.172556920376422,24.383136135620056,21.0092215791204,16.611903560078986,21.01001492101962,13.686573329613084,13.71609744749299,12.741711925345315,11.250529752359556,8.460507711282022,16.855209121498056,17.55426607013888,16.424371382301224,20.47989274539806,19.513986647377536,12.017826778032171,10.190658444611223,8.734628587036966,5.341972125739005,9.292162266866796,7.787814841135599,8.079459613313563,7.4529095378771535,6.5724833526556825,5.729393982677403,6.307455964268662,6.244904050473417,6.375163080648524,7.004282262846879,6.8733143241881125,12.77858299357268,2.7398351178843345,3.3905237367123773,3.426544162092016,3.3612401730343726,5.615351870529985,5.983654817248976,6.381369151362269,7.110290792482348,6.415114609817223,6.297204474199883,5.792182695777587,9.169657838069666,3.9350156530853626,6.695569140400657,10.427248103078249,5.221773487706738,8.446543248581634,7.347436051829765,10.471589375376098,10.222769550661084,5.655671235220814,9.21209576840114,8.136886511123807,6.803149028410248,6.71248843606557,7.756076936774664,7.132013813386815,4.982249733590168,4.726393083479597,5.119917307128718,10.602195433391271,6.206884009764834,10.177466921056942,1.971436105950044,3.352449535737425,0.3149677826238052,0.2807064057717988,2.0179764736972894,0.1582280645718407,0.4005438602123241,1.3539297193221618,1.9993478383036352,1.6302494540643877,4.1836708569427605,4.241210811462486,4.015823961474899,2.204730668829817,0.2969367503641953,1.0963916328844951,2.583271781216757,2.0048512962299223,4.04541323614381,2.43853487509645,6.3299401310464765,6.4897831609191465,5.704085053886256,5.296882239555906,4.187741433054864,4.994475392759379,3.3574902215133298,3.2548124355697023,3.982959933986624,3.7156184560720265,2.8418257574799446,2.505211620944622,2.268164758374731,0.4124905179187256,1.984585884319702,0.0682048504263352,1.941561268080701,0.8098033364448627,0.7810939265798569,0.5065721508855688,0.4512164712623687,0.3972787489551997,0.5054035318654362
2015-05-01,12.4622338881203,1.6031616340059032,34.310393521563114,39.84832616466258,22.671037224113928,37.56181201959575,147.06683053758934,55.60771341527369,0.7323589139776983,26.51303902070733,12.681471263032462,7.565114047040727,42.15242120163663,1.501246973736612,1.0260254124151842,16.19721382682375,2.4312775442800194,14.885671365311804,2.1545943170415853,1.4275875414564478,14.229958600340357,1.5584060438884833,3.83984684176296,4.54193869173445,8.990300881752683,2.726133948157263,6.270267940841415,3.6235254159627095,9.896489303562053,10.865040784662726,4.923222339730538,5.777492528706591,5.121917540059882,0.3000189810125016,1.1010319836743745,1.1289756108275737,1.0984930018801642,19.257734174325847,15.224940287011831,11.642188366138251,20.010622362681147,12.732064338282475,9.118230648239033,5.335560659447587,1.1055218047372437,1.2642270539322449,1.2180926486462602,1.092760276239598,6.981532386989973,9.55789208842147,0.9694147042021573,1.4035304991170456,1.3670531359863447,6.514512868857231,9.047369230213414,6.315644624284456,4.70517766885576,5.185346088148464,5.639203808639259,3.5831797378078893,12.180879046585597,12.614641148587932,0.1357132427201771,0.9022209280286618,0.0106190835466427,0.7922457300980422,0.2163145214471324,0.0187291740184678,0.00082104170581,0.000794329960174,0.0952019575111815,9.076438172503158e-06,4.808377772745912e-05,3.150680363142805e-05,5.4282243825975225e-05,0.0587706472443205,2.6669526328690024e-05,5.587935447692871e-05,4.89873940521474e-05,5.197562222018743e-05,3.388481434800216e-05,2.233791602954068e-05,4.771158945648879e-06,1.932129050708736e-05,2.8561052966293254e-05,2.2600360434211605e-05,22.78552758287685,22.21253620885691,33.12167296718391,28.37117995167044,12.721259835338753,25.40697189947171,26.231953049912484,19.29302773592836,18.10567893933789,16.688267097535984,12.907568865255852,11.357107138841885,10.24825297809218,6.056512396764864e-06,8.824907682304204,0.0010224478551174,0.5212833353011702,0.5121863315111362,0.3955831322690202,0.1898114875556195,0.1616455727088926,0.1368900611722221,1.6946564914661078e-07
2015-06-01,0.0474482625290606,0.0,0.9311983996051738,0.6372142035720706,0.6079431329457211,6.17295773190282,36.47868956348531,12.04835886148642,0.0,2.958836884663909,1.3758127726132685,0.7692473828864224,10.540391583164585,0.0,0.0,3.9741718433336497,0.0,2.279146429102369,0.0,0.0,0.0,3.2501790683662986e-05,5.981698727851882e-05,0.0,0.0,0.0,0.0,0.0,0.0,0.0,2.133559243697588e-06,1.8411870287792049e-06,0.0186012031433747,2.269527457265341e-06,2.521260161402196e-06,2.816412771438139e-06,2.338097679821217e-06,0.0,0.0,0.0,0.0,0.0,0.0,0.0,0.0,3.694875242229921e-09,1.1387902834164635e-09,0.0,6.73251104195576e-07,0.0,0.0,9.297462907400125e-06,8.689715045338245e-06,5.660646351286695e-07,0.0,0.0,0.0,1.8721314787601984e-06,0.0,0.0,0.0,0.0,4.79739567609268e-06,4.027657883479205e-06,1.8935482015077704e-06,4.492825921489031e-06,0.0,1.9836940014348425e-06,0.0,0.0,1.2429791010269518e-06,0.0,0.0,2.4443445245890123e-08,4.269188470121848e-06,1.1025293504077868e-06,1.2031037778634823e-05,0.0,1.7678347098779985e-05,0.0,7.030040258461667e-06,6.739017457847013e-06,3.627133203926977e-06,4.879159829492106e-06,2.222179462934356e-06,4.1073102850712215e-06,0.0,0.0,0.0,0.0,0.0,0.0,0.0,0.0,0.0,0.0,0.0,0.0,0.0,0.0,0.0,1.3145340605101031e-06,0.0,0.0,0.0,1.1342054208861816e-06,9.64230523612246e-07,8.160742532434373e-07,6.815970490468164e-06
2015-07-01,0.0757711678892329,0.0007661024960482,0.0345727240673835,0.0,0.0226560800495068,0.615771980442283,3.49630221767745,1.23728827319232,0.0,0.8619803150740064,0.4008073352630085,0.224100255376401,1.0852698241639744,0.0,0.0,0.40919433495279,0.0,0.2685934301047481,1.9293682201543558e-07,1.819654909560828e-06,2.4138468759309657e-05,1.0453553565197136e-05,6.601569181929787e-06,0.0,0.0,7.593150211779137e-06,4.625784933213661e-06,5.938833897510773e-06,0.0,0.0,3.171097281810936e-05,2.8248615278859784e-05,0.0,1.7965442149179714e-05,1.582052236810672e-05,1.5198833821440465e-05,1.7945848592147728e-05,0.0,0.0,2.537795842150499e-07,0.0,1.994858880395732e-07,2.0696320018665118e-07,8.168529068031718e-07,8.474074588887638e-05,3.2355614357982535e-05,5.4763059672002776e-05,8.788283732277708e-05,1.202215725853022e-05,9.4083232369169e-06,9.327472875182014e-05,8.609023962447907e-05,8.48274100888296e-05,1.864959083460296e-05,2.395963365729002e-05,3.2462561894873823e-06,1.1963544876009237e-05,3.0594495140881216e-05,0.0,3.377521007240048e-06,0.0,4.1087872940434674e-05,2.6496967965247732e-05,9.19922772174192e-05,7.40332622336748e-05,8.975136255223861e-05,0.0,1.38033617330868e-05,0.0,0.0,6.638659212983456e-06,9.88216884793354e-07,2.599387718102471e-07,1.059294607659327e-05,1.3436340873792976e-05,6.919670908104886e-06,9.100826535366424e-06,1.0180914142974583e-05,6.513737600339113e-06,1.5678222540094005e-06,2.038718946556836e-06,5.245184224737636e-06,7.115679230405004e-06,5.780713196415535e-06,1.0703396422596698e-05,6.133958551244715e-06,0.0,0.0,0.0,0.0,0.0,0.0,0.0,0.0,0.0,4.801346756477466e-08,3.4816605892308006e-08,3.0593438523235706e-08,1.4461606886637766e-07,0.0,4.744276693840265e-07,1.4226465253818807e-05,0.0,1.7385804226731647e-06,1.999908223129996e-06,2.1847121548849816e-06,3.1017517073399867e-06,2.6251603183347484e-06,8.541040385128857e-06
2015-08-01,1.7378236416822943,0.1088882923569048,0.9501894777889132,0.5051178823367288,0.6324081785172733,1.3605141999594983,4.892752624215484,2.190642198680309,0.0,2.014221404308928,0.9365827816437268,0.5240943797330762,2.0457031463006774,0.0,0.0,0.7713172550200812,0.0,0.6015459918906502,0.0,4.963805574661362e-07,0.0,8.01026717483114e-06,3.7883597297442497e-06,0.0,0.0,0.0,2.6631608427777315e-06,2.50971235920323e-06,0.0,0.0,2.310322177007404e-05,2.0404172759940064e-05,0.0849354952946244,1.1849862313882496e-05,1.161811624338982e-05,1.0530077795125989e-05,1.5221413605158956e-05,0.0,0.0,2.3545634995143477e-07,0.0,1.8508273315168169e-07,0.0,8.168529068031718e-07,7.131152491610307e-05,2.459603993713651e-05,4.6694283301534186e-05,8.768924572544456e-05,9.695954792354212e-06,0.0,5.2839875848511976e-05,7.115055837328525e-05,7.009352440414812e-05,1.4120632743500524e-05,0.0,0.0,0.0,2.3039066626219266e-05,0.0,5.327168674058574e-07,0.0,2.851720134017594e-05,2.989895611547128e-05,8.034162691249767e-05,3.31475693026237e-05,7.667005142678149e-05,0.0,8.762034671293192e-06,4.636864299832616e-05,1.9391815740014723e-05,6.899913000730034e-06,1.3280421812158271e-05,2.203694194702903e-05,2.1858291896549507e-05,1.2386747688425933e-05,9.786896802470512e-06,1.157632623637824e-05,5.3496709748753e-06,1.6119075865611386e-05,0.0,3.1933832021832095e-05,2.4364491777219925e-05,5.808724840277777e-06,1.6870508301668547e-05,0.0,1.3003007617722477e-05,0.0,0.0,0.0,0.0,0.0,0.0,0.0,0.0,7.136452364291691e-08,2.997493069183566e-07,4.5820700767463916e-07,7.468286395688792e-07,7.950141502749054e-07,2.877046804706908e-06,1.1437470405096234e-06,4.186062040040968e-06,0.0,1.0277851676819516e-05,6.7615683400798885e-06,5.3218433500104485e-06,7.341506698460011e-06,8.865636993370466e-06,3.166566965010994e-05
2015-09-01,11.797873357658409,1.0644720332387272,5.449449227307896,2.556897522283742,3.675693033769114,8.965930162227682,34.94682237049066,14.895328350340575,0.0,11.29792853804308,5.253407239993957,2.9415743075799337,11.479503444696578,0.0,0.0,4.32825696837571,0.0,3.820889467079946,9.307775176556565e-08,2.4435834468650456e-06,5.311308640032845e-05,3.554263758916074e-06,1.2060936957987262e-05,1.8854948621793745e-06,1.860154298830157e-05,5.673077568951477e-06,1.8623373911423167e-05,6.240678971440929e-06,5.213324670904119e-05,5.587935447692871e-05,5.3487045068027006e-05,5.2921763254706864e-05,0.5083649532386315,5.587935447692871e-05,5.587935447692871e-05,5.587935447692871e-05,5.587935447692871e-05,5.570066424485487e-05,5.158543029861147e-05,5.0878862448397e-05,5.587935447692871e-05,5.194866952434712e-05,5.3878401224294086e-05,5.587935447692871e-05,5.587935447692871e-05,5.587935447692871e-05,5.587935447692871e-05,5.587935447692871e-05,5.4016877092594015e-05,5.4218528520017554e-05,5.587935447692871e-05,5.040696059416516e-05,5.076467492072226e-05,5.4157790208807165e-05,5.587935447692871e-05,5.018307106178733e-05,5.5295657435946976e-05,5.353004100425113e-05,3.3897425331979714e-06,5.5126093803544105e-06,5.068615603797047e-05,3.38026807571122e-05,5.587935447692871e-05,5.587935447692871e-05,5.587935447692871e-05,5.587326208038644e-05,5.587935447692871e-05,5.587935447692871e-05,5.587935447692871e-05,5.587935447692871e-05,5.587935447692871e-05,5.587935447692871e-05,5.587935447692871e-05,5.587935447692871e-05,5.587935447692871e-05,5.587935447692871e-05,5.587935447692871e-05,5.587935447692871e-05,5.25164369397104e-05,5.587935447692871e-05,5.587935447692871e-05,5.587935447692871e-05,5.587935447692871e-05,5.587935447692871e-05,5.587935447692871e-05,5.587935447692871e-05,5.587935447692871e-05,5.587935447692871e-05,5.587935447692871e-05,5.418910314342008e-05,5.557546008454318e-05,5.434757269462796e-05,5.452609987371112e-05,5.515855861097315e-05,5.4250253624804566e-05,5.43836247503559e-05,5.233251554283637e-05,5.276273781342623e-05,5.306718015797729e-05,5.587935447692871e-05,5.345776215913314e-05,5.587935447692871e-05,5.587935447692871e-05,5.587935447692871e-05,5.587935447692871e-05,5.587935447692871e-05,5.587935447692871e-05,5.587935447692871e-05,5.587935447692871e-05
2015-10-01,6.051931986393014,1.6915773653385824,8.049560795350557,11.493423097448428,5.5282509457210525,5.17683899480886,11.372384852952216,5.421377185812788,2.352244415869981,5.694170959377455,3.1974738019896565,1.902272796496648,2.9730899986600896,1.817173680573889,0.4001458804149356,1.3096482390111863,0.6120936787269107,2.43089255797326,0.3919059613243499,0.95113082362998,0.5869442885234054,1.914021872850743,1.067421531695598,0.4332004625978768,0.7703967085193955,1.0240683726766928,0.7184339585539019,1.2938993081078307,0.8898556333716691,0.8706995348869385,1.397081744386833,1.2906961244059876,8.8525868458828,0.2524431567204533,0.6250992874912111,0.6270538667781083,0.6043060922704351,0.6002450858174535,0.5021773024455525,0.5982549764768588,0.6146595290762744,0.5888118356786928,0.4336588438862164,0.3109317713996127,5.08615843304497,1.5186572627208772,3.399445903366426,5.918893869522061,0.7432267894364214,0.74275425648176,3.037819926173603,4.056529583334134,3.876568204020827,1.004237814394185,0.8191548974073402,0.8193034182804999,0.6275602550137166,1.4307256639483332,0.5606871351867345,0.6347481445582759,0.5070261340973454,0.905562215541975,3.098191185381872,4.448171861078518,2.3813128514426696,4.271783170821234,0.1614358658497915,0.636633214501364,0.1384317103051766,0.0917359622803343,0.4029509912181481,0.082080015328276,0.0643946411229648,0.0760195607344469,0.6497603256151481,0.3317005951348005,0.0521725421503048,1.4900398932869048,0.2980533006809415,0.0003344834636308,0.0868925189593978,0.0522724442038467,0.0122641171568927,0.033333655840436,0.0130001851183294,0.0277785590480734,0.4849040492325728,0.4851652400932177,0.3967839843589465,0.3762195268240954,0.2263276147072013,0.3376894293010639,0.2280930864815463,0.1830803543307452,0.282894237912526,0.2782436802972926,0.2243685689154467,0.2083826339224438,0.1932592826275471,0.0233657230183108,0.1687006933099575,0.0486215109950822,0.3816054515825101,0.3508373261832427,0.3111874409420256,0.2374162211611402,0.2233813074362866,0.2011381579161485,0.0466544834928211
2015-11-01,8.010718708204687,7.366156561324694,10.979323533423049,13.44928450160248,9.803817520795253,6.426622433029901,1.124877859908879,3.011126516662252,2.2636293746606078,3.0095625937257613,2.213059346838795,1.9976186313083075,3.8074420156689937,2.6518133149489023,3.4440460426220247,3.669408157374088,10.41903848027424,5.378781512450224,7.401191660020622,8.99816944243669,5.496140114568827,9.954129418361674,7.022313932527799,3.142416811373576,4.68459957877069,6.496430645508183,4.075004469513469,8.126919320303326,10.434223540313518,10.405514869530142,5.042042549820313,5.4162504866392895,14.440137396059107,0.4388363975925133,0.5527250345813237,0.5497414524407249,0.5451666437899734,3.0099850820524847,4.25979502382019,7.763935916548928,10.39716832975304,7.696061064761759,2.1386337858087554,0.5197270650045435,3.728290658638985,1.1029221608305249,2.4874181606261963,5.149168416985125,3.981426520549835,6.436939323775807,3.9063151259231503,4.57067598022791,4.519211048063103,4.091807104702559,11.179848999741292,12.424090245283397,11.529067831411998,4.764380317026464,3.3812348839616733,4.01290778411467,2.1415580085006023,4.472650619289213,0.7438485902119506,2.8545811725995835,0.6612993068314953,2.5965267068266944,0.4434005566678221,0.5266827261909544,2.141429409206072,1.6340937847972847,0.7199125061416514,2.244151166931702,3.733606690814132,6.055701669156671,4.271735995082623,2.015171508488252,13.759800296285317,4.487231440564219,9.646982082701628,15.648895274114462,4.8062916635705095,8.083713347312846,11.587595512204592,10.29968553419228,15.55741912305537,11.536465557153466,5.305255802237517,5.809247293222314,7.713065781886251,7.336371467545113,2.029264907792937,6.3003114065131545,5.009520991196007,3.3474037807886208,4.20648676758812,3.887559402547528,2.928975148189661,2.615855143995005,2.5105671876365445,4.253380283457835,2.9072579955767464,5.150049365343797,0.6072613114050024,0.5327400083915799,0.559649417939998,0.924930808245052,1.2371963061842473,1.8008410919827171,10.919557258043008
2015-12-01,4.822294545488594,5.740157304162802,7.152458169070554,9.32388933095142,6.664240773182594,4.9297424123344,0.4613096762085164,3.4048171322621856,1.1859113184877703,1.3444239914167952,2.777872838822659,3.6932204082961655,0.6426089274889175,1.6681257526178983,4.575751115947632,2.4134801974561797,2.3667964099392327,3.895561870337191,1.7651280976195904,1.6565555017686728,2.770231861459329,1.156231307830624,1.4309975408362725,1.051640809699521,0.5962364177438119,1.085302765503299,1.0733411740176586,1.5192144902973976,1.856114572913124,2.01551409285166,8.14305426264384,7.418250678776818,10.20300386349344,15.287805811511182,13.830752622204807,13.9157326514803,13.68198046115962,4.488814105947865,4.162455904077492,3.655913766080507,9.046406594777816,4.785343020498313,9.310138787332187,9.694565293711577,11.960902355313095,12.466824849574644,12.10576089715008,10.733555327259303,8.89431378270861,10.016610961665316,10.632158743644837,7.838172269180373,8.014704998632428,9.14280094635342,7.181819750072858,4.013718757747703,2.5221896375000337,8.579091728237,0.9339410665334948,0.9038012577814928,2.407806866582449,1.4648736850141897,14.542480613979718,13.073246142600324,15.902785301153624,13.442988627091994,19.58987051513737,15.11452835530038,20.191947867178044,18.94837196777702,17.203142723815834,18.858909605065897,21.38413671017172,22.66128151142275,23.24382434950566,18.76520787620716,20.54813279655506,23.370104087229976,23.42947273649257,13.946788789346964,21.84685563431499,23.201254477707067,23.85540131623658,23.01222083543477,19.886607066826368,22.209325730891475,6.539405793781739,6.727941111443067,8.687727296928323,8.209796238808137,8.827085675647021,8.421034139608038,9.453221775552102,10.264544581596152,10.319716461604129,10.8060049753351,12.357676242713326,13.166398425346058,13.915954999966468,23.193728756399636,15.41543111689305,26.223770741116677,17.38643081744039,16.928991477771078,17.209875708096945,18.66142578084349,19.40922584922377,20.74230652278556,26.649618498778747
2016-01-01,9.18300256297564,14.393372171135804,12.667829768526405,16.8332873332103,14.408732781479657,12.357873585760036,1.061117165706693,9.706079681145038,4.54962782803567,4.751024547676526,5.198574406982898,9.617721467069526,3.4540863460802567,6.672175498175504,7.561620302002431,4.568011878284619,14.962719010660637,12.424007903312424,11.318687882676125,5.113600580657867,9.47772483592655,1.4073355013820146,6.442686109598301,12.310395366953962,11.247223018521234,4.185603616249205,9.650034338973052,4.3341107974562325,8.428623984890175,8.707189237690077,8.241033912546731,8.395062484071904,18.34618961917336,11.760740509863473,11.654808094491283,11.670018328293216,11.626699196954656,11.941290489866793,10.23646243393325,8.462648929895964,9.485859304738284,8.874948696250522,11.79859658437167,11.31070679483398,4.264440345620721,10.658226839178576,7.281723713181002,3.885644067007237,10.172037023184965,9.695280223010752,7.288218560674843,2.5805082321140143,2.9720383633245127,9.84924790869824,9.145967803477069,8.338298541284379,10.604982335297684,8.613771994476151,12.418484600992,8.954885033736396,13.17520919224119,8.46768314250264,5.890235415019371,2.893838344011331,6.6696652114537125,3.32795966482203,9.102640740482498,8.320963609925322,9.84446140063116,11.291095016855984,9.733865017833775,10.371430354835082,6.713724705922815,7.45302989981816,6.5628295248110575,9.07861935666907,11.976740569492682,5.927915002845879,8.721233584689163,29.287066623676267,9.889567881357026,10.67349853828164,10.813221317859902,11.90938004842066,16.801688396816697,13.577701112609828,10.540314633860143,10.334165650697695,10.136774090757854,11.450751258575629,12.931735725122586,11.825058000330428,14.034331789326144,14.63135189092896,12.616812406847904,12.593960430757551,14.15542341264603,14.029152565919423,14.27296744241362,21.44296939754155,15.61716503418785,20.46987287742545,5.990683698778515,5.694140379435184,5.816023899790721,7.457322181363343,8.349842670062275,9.684406608350308,12.129226178328558
2016-02-01,19.90661159924749,7.840306515870115,13.335584147611572,14.64086565936358,10.991286521195915,9.473896401404096,4.319519309248499,8.607936594764382,26.893483931346328,20.47228807993114,25.19343643394023,23.19428615881045,14.588241496742404,22.78182992785508,19.30895092956854,12.548236090720296,15.11367069487448,14.292468551356391,14.124631507757956,13.168724099870946,9.612392107208096,5.745319123045977,12.983444835121944,15.854392202291056,18.60699650724456,16.5751797958739,16.932792768078983,14.731633379279,14.058471825917136,11.86511713238339,18.80534877140476,17.937655866161826,22.695589935489668,19.021300511104165,19.464531887034227,19.797254610505348,19.2682751924883,23.92988859605965,27.01467300173211,23.95977469674264,27.891703019241632,24.522425048567527,24.61207053073621,21.44459417800436,15.777085679325,17.215299909284337,16.71315607968311,15.38071810697378,21.92713190408089,26.540398977530323,17.476447472713645,10.112947127202617,10.706814331964347,21.80619452938593,24.093749781692875,21.633648472737693,18.60837642782724,19.74656980191168,16.43270476675196,16.58785211455658,21.121211290469866,16.215423685443696,21.67049654162464,14.491136965871457,21.89540392093886,15.231860913219226,35.6873024718869,21.590115771411742,55.38700712696677,49.31782397629468,30.44713675500757,52.81289403766528,58.91690018403114,60.88925822798844,57.3689751131684,40.200346454465794,64.81296004870087,57.81886591533001,62.5273037342326,45.95761084780168,59.39125925210243,62.60942583796107,64.73562185756305,63.47851963184151,60.8428277967428,62.44750418928631,28.341746616089864,28.49870163875404,28.37119474204506,26.81741933869753,23.52815769889206,26.13590728414757,22.888027763590337,22.73353576610245,25.514541921953075,25.67853668468348,25.47153064031576,25.859593294149462,25.892230249866696,20.97618739769113,25.02177418216388,28.58952512031072,38.6428639614876,40.06264850683524,41.01303872549947,42.26824867585045,42.98564769249808,42.86905698933388,63.92837806111012
2016-03-01,23.79899783664827,9.094244775301386,17.4099792207684,14.855904832434073,14.260884871519618,12.141201819909686,7.918130125829404,10.574143922001891,37.514135774132825,22.131636495319096,26.84390841790469,21.181126923968574,29.675775827100264,23.500984021150277,25.24642411379997,31.191045966851515,9.886685266070492,15.776454051522643,13.61405119042352,30.61106041765977,21.32409441550758,52.55316622767015,27.69855177549441,8.963375743444889,6.599953804547341,19.081159187917667,12.845892556959557,24.121847584667044,29.050140829252868,32.491466531750554,21.25157395359814,22.801733851676957,17.482135268778972,7.539833188965789,8.861348219722773,9.094741557270025,8.67324791308809,8.29673902865884,8.926123926981004,14.172868912239016,9.618668864702611,12.984614357784451,7.326475365317036,7.65728718960325,29.30713341814537,7.116131348701691,18.711809240703985,33.428914532975455,10.949054837796512,12.885158357479645,22.57013473251316,42.68808886796302,41.11861084533233,12.263900589944503,15.731350838803872,17.857218689696648,16.98411678229921,18.393544378329103,7.920605491188745,11.779079470129894,7.1850557254828535,16.23950062165332,11.25886553242878,41.02270109664021,10.041223545423437,37.40944997737355,9.363770594062508,7.517334604874138,21.17430412854054,15.98018022127962,9.817952475209374,17.265085009423153,21.86710221771025,27.257190436346384,28.34165096371556,14.891406534237914,24.100778196824784,37.75318055406367,34.374069523630965,8.694315379429,25.109349463294684,27.103491386775723,29.542435365835026,26.33721796392694,17.724167569692085,23.908412583557052,9.488879890971834,9.647886554427496,10.669812978474226,9.43726302744664,6.476656169025365,8.847571582912906,7.610096965992935,7.191867970139496,9.136252800621016,9.336178656108617,9.60466711087268,9.7146790787034,9.7798642474238,9.925514248378134,9.817293173848018,14.63454501545774,10.816181768805285,12.804112321364125,12.53146383589656,13.141809809831734,14.15067889970726,15.118035182039328,25.94794718193309
2016-04-01,16.056823279252114,1.1090661024210964,50.48573739698142,58.26385366101807,33.466206437873886,35.54353540182859,94.76332272405696,40.47772462740238,2.961816291012613,20.523176061381825,11.930543202083548,12.36870403574585,28.961797312954545,2.713454996311841,12.670354237626372,25.095903256818023,31.53331257038205,21.042209605458098,4.599480531427244,8.179906240520378,28.135257355372268,30.660423927791232,17.355498208069434,5.387808207705434,15.266770924940506,8.791599481918738,15.715765231873185,17.48025345163466,4.118727978349255,4.58785874808762,3.835577255472932,4.279250020169496,33.938821432185335,1.2622071222802422,1.5934505376128818,1.4669164591043211,1.611793879657225,5.746942500086226,5.226805247031788,3.545370214545374,1.3266645294669266,2.9833801618574456,0.562815698864278,1.270410573076483,4.448262078729719,3.2643156806237017,3.770806292542508,4.845941451102647,2.288256861804283,1.2256330744227626,3.716073767736272,7.848635506698487,7.559358992804202,2.3754095520600598,1.7093966869079331,2.129037767701696,3.335454090622999,3.377455930445039,7.074494649541159,6.869095025788206,12.469372484418162,12.661384075547732,4.779525259365638,7.744963691050498,4.216970964704183,7.364105482540295,1.2828233445687025,4.562634027833294,1.2420939198176597,1.6153892639817675,3.0894367411912755,1.4142221776437158,1.539136002219046,1.3488813186332247,1.52737174973411,2.4692393173871614,0.5846519214235809,1.1416829038048522,1.0185876076029716,0.7134278885322834,0.9092315310152272,0.6831701069971441,0.6216966635588068,0.6112024722959291,0.3316818292963095,0.5820838641762938,3.723431987488839,3.5145934412820936,3.313707721865419,2.693712786363,0.2879897716504789,2.261051219892853,2.2734675840171765,2.009546342714603,1.7523769860826075,1.6241601357396471,1.9140863515803688,1.705380729437274,1.608345362785474,1.242147111765754,1.452923192394129,0.1476131176205518,1.5840394375130022,1.3588835718570125,2.0168460732606666,1.942690776681318,1.7568713528049662,1.5068311812998894,0.6231486608390151
2016-05-01,16.912288023962155,2.565023116021492,32.8491970775829,42.55341986037424,21.74852342874867,28.33793341987169,100.38657433806247,37.62736612906589,7.277867422235252,30.752971800169547,15.564299344167097,8.860883466181516,33.12983921092812,1.8573788495926544,0.1510916489086493,12.621432385217611,31.6049165989034,13.422153320820753,4.558401632284812,3.570191693745641,0.5193448262699919,1.3617471607486116,1.783423588338955,0.1146585015943535,0.1354887111466295,0.3619198739278337,0.2475179953158351,0.5516326265434092,0.5792554846118778,0.748513962424023,0.1903745164905971,0.2491378584722191,7.9257629563877,0.0035197620794898,0.0160935554385174,0.0150524353811429,0.0160033107537082,0.1062186306138613,0.1560612526473789,0.2191245595796618,0.0811589162090642,0.1821386329277988,0.0100389090980481,0.0014762340027648,0.1103559091723709,0.0281935917912267,0.0671260411766528,0.2748130502531037,0.0917180775992407,0.079000767071178,0.1803415848113682,0.3265784580355598,0.3130891436421373,0.0981507130149177,0.1642112914121888,0.2322048454720518,0.3333690732480434,0.1540480258257998,0.1095845559878762,0.196208499014164,0.1308238969751425,0.4507210727344845,0.0882417020235915,0.2450519975806502,0.0943471253233513,0.2290278227422319,0.1508886449317018,0.0506093472983021,0.0112151515894713,0.0112347092876028,0.0520046528505583,0.0003279119580429,0.0,0.0,0.0,0.032131910656604,0.0,0.0004651761751501,0.0,0.0,0.0004486265110914,0.0002494717887448,0.0,0.0001419625763845,0.0,0.0001094181887796,0.1273229483656388,0.126608873860786,0.1003544173672965,0.0717759937218726,0.000291518640156,0.0585656924613841,0.0130140519886955,0.0106911118641808,0.0515472417791611,0.054103144547567,0.0448632363456293,0.0396960061706518,0.0361123834401553,0.0016708466434924,0.0311654973273274,0.0001051075699395,0.4117551080173236,0.2899189234195339,0.2491390643516246,0.1135414741057864,0.0974972200957989,0.0825331313161897,0.0
2016-06-01,0.3002190732695678,0.0050630110785338,1.1955926527404412,1.7270062986654666,0.7811168929601201,2.377867210499632,13.339523214054998,4.131066703471992,3.536569830794248e-05,1.2688397334855777,0.5899931444159009,0.3298782300160939,5.997852902567716,1.304476807283151e-05,1.1533935642842731e-06,2.2614435079905566,0.0,0.8873351718144509,0.0,2.961732605136498e-07,0.0,4.215632477915084e-06,2.0707945612174264e-06,0.0,0.0,0.0,2.4391104021461067e-06,0.0,0.0,0.0,1.2985765097491948e-05,1.1448297936268738e-05,0.2636628716539105,2.66146179267734e-05,1.793624061988653e-05,1.842757853752767e-05,1.817028954001621e-05,0.0,0.0,1.2651818033486129e-08,0.0,9.945083500444061e-09,0.0,0.0,2.871552998799321e-05,2.449475810503116e-05,2.2310464495218877e-05,2.935248554581042e-05,7.962951596075168e-06,0.0,1.9311413919710754e-05,4.126974909358109e-05,3.950154974864044e-05,8.520708218000663e-06,1.2482936804937138e-05,0.0,0.0,1.2921652586281924e-05,0.0,3.82693049899558e-07,0.0,3.569610434820192e-05,5.044243691822e-05,5.757135732766648e-05,6.67829245224181e-05,5.978889183864837e-05,0.0,2.768539431068508e-05,3.237822834047364e-05,9.946355435249546e-06,1.3425909548201588e-05,8.127856716764618e-06,6.92295830533698e-06,5.413651996234564e-06,5.746477526124168e-06,1.033187148668528e-05,2.541812708406587e-07,7.359533477190155e-06,2.3256563445552706e-05,0.0,9.598494441354286e-06,8.884862817747506e-06,4.1429976171943925e-06,6.191609364790656e-06,4.759413421356469e-06,5.514738236533131e-06,0.0,0.0,0.0,0.0,0.0,0.0,0.0,0.0,3.7291203170156873e-07,7.506983048797955e-07,5.443632453699402e-07,7.480431290177658e-07,7.449996249743547e-07,0.0,1.1084856855220314e-06,1.826621668887658e-05,0.0,8.250410779731235e-06,5.427760399257443e-06,5.119950352147427e-06,4.485185777033704e-06,3.963760560214939e-06,0.0
2016-07-01,0.0,0.0,4.401455609714405e-06,2.121797100965732e-05,2.8735387797335164e-06,0.1685549031434568,1.1564225821880076,0.3444629485905577,0.0,0.5643447549261824,0.2624114651298012,0.1467200601772817,0.3319707735800816,0.0,0.0,0.1251685422911593,0.0,0.0974155959905729,1.861555035311313e-07,2.561991740066783e-06,4.871007286927147e-05,1.8557857616256168e-05,9.091406329944334e-06,7.715865309038169e-07,0.0,1.030101754773274e-05,8.716477846573497e-06,1.40460758454245e-05,3.986833194022738e-05,4.341626230721977e-05,5.158917502098821e-05,4.973732640794497e-05,0.0,4.1449706552670425e-05,3.9366915338615405e-05,3.582482057103273e-05,4.308470916762522e-05,0.0,1.1510526982955491e-05,2.332194549466977e-05,1.836147816038336e-05,2.3646800122206592e-05,1.8887617969773827e-05,8.850997506111743e-05,9.843635320837702e-05,6.866499248287013e-05,8.014962942413405e-05,0.0001061796152627,3.7359885628755606e-05,2.63612068100424e-05,9.614417043866158e-05,9.448417379620628e-05,9.28608911741208e-05,4.217703132159261e-05,4.474824487240278e-05,1.117524007635268e-05,1.178893717571482e-05,5.020351694860093e-05,5.146257448829845e-07,6.120796146867395e-06,0.0,5.1118076377100974e-05,7.58760205764419e-05,9.36743546159268e-05,8.485059708506684e-05,9.272146028141828e-05,0.0,3.709379830878729e-05,0.0001022637855049,5.672432830540356e-05,2.440315878670928e-05,2.590885802409273e-05,2.073796637139472e-05,1.6671244356485174e-05,1.2953519431631594e-05,2.267316111998676e-05,1.8887755950946985e-07,6.102923687858482e-05,2.6733681290216316e-05,1.5678222540094005e-06,7.179558681245257e-05,4.633936483732319e-05,4.943253511251013e-06,2.925654315568916e-05,1.6619262466815637e-05,2.5142403636885875e-05,0.0,1.5253563016779963e-06,0.0,1.3408419501359103e-06,2.3195815397863867e-05,3.353017424690493e-06,3.128450025430699e-07,1.664872405048174e-07,3.3324534488095284e-06,4.142808232460379e-06,4.420114695617701e-06,5.399534295080973e-06,7.823941256623546e-06,2.26219748600417e-05,1.4368695235609102e-05,9.890495577562524e-05,0.0,4.032577203341729e-05,3.622747726028293e-05,6.23217142166541e-05,6.091675054578568e-05,6.472847441271118e-05,3.719149014475377e-05
2016-08-01,0.0,0.0,6.459797136957327e-05,0.0,4.217349719781388e-05,0.7052360356348212,4.538895953795343,1.4412096014631144,0.0,2.0315346843311866,0.9446317846031675,0.5281645457594331,1.7826877759333144,0.0,3.302656375533473e-07,0.6721494209787614,0.0,0.3835999227623058,1.861555035311313e-07,1.3283366512215255e-06,0.0,4.536788443117215e-06,4.210153776416725e-06,0.0,0.0,0.0,3.3128020595613192e-06,0.0,0.0,0.0,2.1275589118149407e-05,1.873703203066184e-05,0.0,7.0365256274402456e-06,1.3961835240848008e-05,1.2302038305760424e-05,1.570383963404253e-05,0.0,0.0,5.355215235100127e-07,0.0,4.209518547842756e-07,0.0,0.0,7.581244458749369e-05,6.788092953030597e-06,4.343935820062443e-05,6.619851139504986e-05,7.966335239664184e-06,0.0,3.195989877139321e-05,7.616470298601224e-05,7.413612371366835e-05,1.0193971314776298e-05,1.7846022678121887e-05,0.0,0.0,2.115063214430215e-05,0.0,2.3371956562231866e-06,0.0,3.575438283978214e-05,4.550561732152636e-05,8.202167946436332e-05,4.069859740059306e-05,7.785852168596897e-05,8.548194398518501e-06,2.2307953195565056e-05,0.0,0.0,9.338464926163358e-06,2.2697134929451307e-06,0.0,0.0,0.0,5.952044949663012e-06,0.0,0.0,0.0,0.0,7.344976918901285e-07,4.084389947201716e-07,0.0,2.3242315376713258e-07,0.0,1.791410184522881e-07,0.0,0.0,0.0,0.0,0.0,0.0,0.0,0.0,2.1109868452291205e-06,2.0891939728563118e-06,1.962284195077943e-06,2.670837097006061e-06,2.870165643722073e-06,8.273424957762737e-06,3.5628243484220403e-06,1.4197756586783402e-05,5.76627543344976e-05,3.3206826514465525e-05,2.609840126004885e-05,2.548512230617134e-05,2.230811677991394e-05,2.03377528375109e-05,4.826481335374424e-06
2016-09-01,2.400190914088565,0.1278073418413546,2.3965522802471435,1.8084780016908812,1.57877859224114,3.6744065350038575,16.702603278179417,6.036858465315525,0.0,6.520932191986385,3.0321312558935034,1.6953317018333958,4.666721095148551,0.0,0.0,1.759550528146728,0.0,1.7029602206406926,0.0,0.0,0.0,0.0,5.1974223211816776e-08,0.0,0.0,0.0,1.4119929089532506e-07,0.0,0.0,0.0,4.597465348742187e-06,3.978193358627157e-06,0.6865234312586304,3.0866057067997337e-06,2.3561971936172387e-06,2.6319195921720354e-06,2.847756598931277e-06,0.0,0.0,2.203592796144251e-07,0.0,1.7321553551129989e-07,0.0,0.0,1.6135976647356297e-05,5.296513731482656e-06,9.926971262470168e-06,1.3598423327855908e-05,1.427192328979085e-06,0.0,1.6818236924123682e-06,1.793010143987976e-05,1.6758055833093778e-05,1.7741303282775869e-06,0.0,0.0,0.0,4.086957150761969e-06,0.0,0.0,0.0,3.5630576607576603e-06,1.3164443704164335e-05,2.4021471673184e-05,3.77229704226192e-05,2.651586985310665e-05,0.0,9.673502507618262e-06,6.312545537470984e-05,3.709540216274087e-05,1.387421120845102e-05,3.389669154351152e-05,8.418436586062109e-05,9.552784995645076e-05,8.456398396780475e-05,3.5376861644477754e-05,6.779784545701005e-05,8.649969774010459e-05,8.799756484895399e-05,8.534000671890362e-05,7.929635710314422e-05,9.370711357993286e-05,0.0001074007825312,9.939227943208472e-05,9.474896392885504e-05,9.746666636762872e-05,0.0,0.0,0.0,0.0,0.0,0.0,0.0,0.0,9.676049492241437e-07,1.1342624949159128e-06,8.225019409530947e-07,9.843640924711191e-07,1.7453758969048725e-06,9.209414553928489e-06,4.552669713642798e-06,4.051887974070328e-05,0.0,2.165622015051292e-05,3.279034613262363e-05,6.265029637020449e-05,6.136809980234565e-05,5.569118051696901e-05,0.0001103959211356
2016-10-01,24.83082576200424,14.62623126545496,24.53680924946621,25.222270147953267,20.940774312200045,17.115226160001363,13.040715500187916,13.797045596827484,24.60366898351873,19.448381138962045,17.42189168123212,13.827488432423465,24.33366901442818,24.08329979759309,18.228541855204192,27.23436782870729,45.49403945122663,19.450950114556605,27.44338001687263,21.72652857633456,0.8798256099495876,15.609541248234285,12.533826939901488,9.770970811468471,2.9805589215161605,10.388107000156753,4.584575740321906,10.380827116331233,2.9822773227583586,3.062202883078309,0.3124689836390614,0.539122208625157,22.180422318724503,0.0016722793899085,0.0835396336788643,0.0882916183703976,0.0787506333072734,1.3829980879813764,0.9922446289438016,1.0858079521253887,0.1458756492011834,0.8983707822451465,0.1414157290667015,0.0144699844436881,0.0511041533426049,0.0066374188873275,0.0299462770687963,0.1019907481670092,0.445519341641494,0.0259656739315379,0.0507173197844049,0.0955652497170492,0.0900750209353275,0.3813620611102205,0.0137252308911545,0.1965235161420546,0.69390303997974,0.3020386650221548,7.776696579385645,7.363901459350066,2.3289775766181493,3.414957356879207,0.0,0.0173298609288722,8.72755171060768e-06,0.0152052778495757,0.0001360518494547,2.1614065506882465e-06,0.0,0.0,7.60803546441055e-05,2.534660956789818e-06,2.326015169752101e-05,2.8426791116335143e-05,2.319744495346452e-05,5.342304232974376e-05,5.587935447692871e-05,5.587935447692871e-05,5.587085634167352e-05,5.587935447692871e-05,2.093674557627545e-05,3.458994720778501e-05,4.635539300636714e-05,4.115392507058217e-05,5.587935447692871e-05,4.452967447196878e-05,0.4442737928389895,0.4053072037661956,0.5064947361631268,0.54621812330692,0.5111245910180228,0.524577365837679,0.3488670438614616,0.2037066509425054,0.3302995298289117,0.3032716683775889,0.2200527152535755,0.1933608708208556,0.1744737535939475,6.594480710002237e-06,0.1502434495657217,4.729026437539334e-05,0.0004010125452959,0.0001529058948061,0.0001005935926786,4.071063085932772e-05,3.7756951577838325e-05,3.995211888614243e-05,3.828758492689141e-05
2016-11-01,6.141010697089035,1.7616278948948223,10.797823253102097,11.57370104773906,7.490781422545291,5.45886494122375,5.995595924674519,4.068081412900707,3.525224121181588,4.84141517613004,3.328524746677189,2.22490823025278,4.812888474287993,3.907234250715706,1.863189420281563,3.483746718345457,0.7053277755127688,2.7042517483738067,0.3937215053186463,0.33305384267604,1.3412082385045496,0.5602378642028798,0.545530306370516,0.1759905169756199,0.2260601834569328,0.2738584368069026,0.2706344617220749,0.2617690991183535,4.6853891384476,5.530162302237969,8.506781268985993,8.23369513076298,6.473175482858517,18.651699826820355,15.189995651821976,15.432744063029723,14.818679109365888,0.4486245320866052,2.944655129183519,3.742570842414368,6.897829768136399,4.293636241787878,5.679957162443898,5.053902117339546,13.981453032076653,13.207766292053911,13.381343316842282,11.927963044813632,8.35923134967083,4.651403957234375,8.071768686975743,9.499187560095518,9.263208006439282,8.14997352566364,5.990894266053672,7.173727161570652,8.211033672297813,8.152818598813719,0.1786942837647559,0.2196963944814232,0.3445516801697255,0.4322573167255095,25.646803351858438,23.540922370645447,27.19455988620257,23.984682454255207,21.08016375990648,25.078417801818556,27.163447150478667,27.5994389729157,23.92809614428708,26.79237950637475,14.040804893211044,8.274073740450836,5.980700199043348,20.086757900234574,0.80010732658899,5.99682477158431,2.2466551735689824,0.1934982412510906,22.523563802474595,14.014005810334773,2.891348426942129,8.837760549340624,0.4121057215615239,6.89092744790255,3.605582614803791,4.047742342086058,4.163562028005029,5.645382205150963,6.32929478120167,5.916705435676484,6.638611191761045,7.394798608283499,7.83600844806506,8.266515679983007,8.179023740596422,8.6563620718544,8.929692948002751,11.671683444897784,9.21725886986334,10.058978502305273,17.444840235944003,15.667093127921676,16.698121868127707,17.148199240804843,17.503899269877056,17.069297747361627,8.868915564667246
2016-12-01,0.05116643899027,0.1179226023631254,0.0775699413408274,0.0544507253975325,0.1158703520339157,0.103116106500574,0.0026212288049189,0.0570638713914028,0.0047703039542735,0.006589815119804,0.0090855782955114,0.0180879070415812,0.0114950605946711,0.0024946981824637,0.0022900140599758,0.0049524824585041,0.0105924626097585,0.0647462939019268,0.0001344874763903,0.0003228353488807,0.0,0.0021981411271924,0.0016255834958978,0.0,0.0,0.0,0.0001629856760408,0.0,0.0,0.0,1.719309419459392,1.4935494851845774,0.0094686540204776,7.720097239407214,6.227928295574453,6.208728095028674,6.226318797498557,0.0,6.693978249189123e-06,1.9276479612361483e-06,0.0003895668658222,0.0963727562019039,1.7580322105067936,2.9329641238381803,1.8595232208836496,5.185149676027107,3.4110758151840805,1.5848544206948203,2.8241008149420197,0.24955585552263,2.14856653438584,0.3297297031983413,0.4374247685321487,2.600600815771198,0.0008179863886457,0.0,0.0177331106468445,1.9149076210239584,0.0,0.0004407329366183,0.0,0.0,3.854222428541204,1.8110311318369177,5.410139559267336,2.2136760849561403,7.076609521178056,9.226842448144822,12.883715947280956,13.13836846013266,9.865157689544285,14.482438183888696,15.759049342716995,17.89507307845798,16.97904732140109,12.344508858911093,24.88077983307779,16.617279535491917,20.628237655995857,24.371259653132213,15.058178433427647,17.970984286933614,22.46854073240094,20.169083837895,26.4372653654048,21.5398072066464,4.835880154275435e-07,0.0003072672701677,0.0013147918038781,0.1507823127045343,2.1201751703585403,0.608373581293066,1.305783912350329,2.04869351223312,2.29947396684592,2.8344679086449225,4.130013114280247,5.422826804263615,6.40314330003913,11.997353939497271,7.1719587584334805,12.998646818702898,5.313353373571294,6.027065128830118,6.718334280563511,9.9225547428559,10.48138210270612,10.850993944761886,17.108856212585906
2017-01-01,3.12403544533988,9.174509943053447,3.754380700385593,4.332446124461779,6.561851422835627,7.0333631412356725,0.5571732524562293,6.565194294084357,8.455589613051881,4.090460143761998,9.181950135147671,11.497709391758164,4.634659854235961,12.028007216993403,11.154552544916536,6.993985958471938,12.439491052215743,10.686578956377751,13.05400617167405,7.0654798140720985,2.567107014083851,2.131566301662662,3.3124335166685603,4.431080424887784,1.1413202549650567,0.2009502669618241,0.9542006959503132,0.4542107527950901,0.4560784257446302,0.6255920825576305,12.457999240287153,11.29691651050001,4.251873605561716,22.894467124514115,21.85509703741014,21.69653121831113,21.944807490462598,0.1021690894028392,1.0069690080538645,1.691103724970091,6.148602894144457,3.2573502546089816,14.753182419673928,18.02187619123084,13.563280674590109,22.17190366996756,17.589789203730234,14.442389987625509,12.842872572920305,10.146616043070248,17.56235097165298,11.4638538941833,11.87859480234663,13.12282512538631,7.423659409731127,4.333943737515817,5.351385626580781,12.67839374658081,3.628845339046497,2.121000519287957,0.4561952495329219,0.0193025008730837,13.616462281069085,10.561583797079445,16.313017805098923,11.2373879168681,24.7850999277294,20.020227218557284,22.956313076436707,23.96017874794774,22.541470537747237,23.2861837877816,27.704740648862785,26.247200129932278,29.799363813341696,24.00570872185661,19.31058139720073,30.07898490899297,26.1327629733349,10.204971226116072,21.767276448119496,19.91181868603473,19.47916778995836,18.7942468327755,15.330153439874035,17.761442534166378,1.289982866342127,1.6493516273818598,2.2043106726079738,4.985354776131944,16.15482661020703,7.429714145077604,12.462525891905267,14.305388128827662,12.670418977440267,13.680870874447397,14.772924352967625,16.227676143485848,16.44598260985773,13.85256281827348,16.117224721041158,14.435719850549978,19.533613690264403,19.1225633095389,20.64469207248318,23.43628380344524,22.538571621760948,21.33208083220717,17.99156615045757
2017-02-01,17.660576313244217,23.88496253743821,16.145672308025034,20.606756642188355,17.433969030523954,14.857316646408508,3.123158720699052,12.397245580692768,24.19401098035828,18.260002628339628,19.240954533213007,18.115808890447944,13.822233282137333,21.22618823592409,17.823319077117574,16.265764170665392,15.764006778697052,16.156790657644507,18.82852462159739,22.383780473138007,32.52991107672139,19.493677596890564,26.595277380053123,48.945683848943474,46.80694886703121,20.66515713429002,35.690301297062135,25.134231094215675,21.355622835373072,22.04236243272546,41.49220020369663,39.797195683832655,25.74525849989711,7.65878694477929,13.35802230600136,13.661401512388489,13.124271807123854,60.68617405977678,53.61833413321763,43.74543134428024,74.1744862583486,47.95331403432529,39.2401594015537,27.37058900912054,55.41743455301467,20.76929885309112,39.49303154938922,57.135031380850776,32.70394909600098,61.8784259277373,49.62882731955611,48.93697101274472,49.08438813726242,36.17425813423515,65.63668410006537,49.85695343316281,44.226804027660734,41.16417011974671,48.36264433017104,33.806882107785256,60.28787036466882,29.562726518257023,33.462757280391216,47.25866756519261,17.601699035046902,43.73425002629388,12.74326513233483,9.3781770164098,3.238682980838043,2.7291187185934653,8.714829498902256,3.400929582657698,8.862027894099159,12.663022617206554,17.609781886071353,9.347083966630288,19.74175857839087,29.008236631921218,20.75981273819839,17.04441809591421,5.950956040676139,9.665292226266947,15.346377800666946,12.460554618887468,18.830645254181317,13.94609207287684,61.94241508776163,62.5392706688266,64.56561249311707,69.62566361211975,34.049378791384974,62.03586922336552,53.99597071368743,42.33336473649325,47.22591740012583,44.8308149119305,39.06167415664632,34.950018937928604,31.951623539503228,8.504462663254618,28.678811341946357,6.774234116984734,30.377909870570992,36.46439948527188,31.21970449630541,19.13139670294659,16.798638791777016,15.03844649366738,10.17496795942059
2017-03-01,49.58196764576357,23.531903174985807,39.59978299715176,36.763826844052936,33.202853400537634,25.801001327599067,10.339426174672653,19.649596981744068,38.88308038566399,28.353444464481843,27.94767650912472,24.346424303259976,25.389568684965525,31.90419476819874,25.92148196050456,23.586417123517307,19.52328571193092,22.09733235552396,15.598237700936725,26.09189477439505,68.7439877624245,47.76281539684288,53.79146403922256,26.91045427069254,72.80550704584265,68.4588885861407,75.24369287765424,71.72162176898541,95.3615435243697,100.71878112753411,26.187137405695797,34.67274923340019,46.86443599959102,7.09762490238036,6.772483127543065,6.983562150400079,6.664274285500104,86.79835408525,74.95386379051052,62.98992757015178,14.097607269604715,51.60557588103932,5.658251615434415,4.691975380971474,10.999868822228343,4.527344891512218,7.883352093403965,10.6946053996076,26.67110985064601,10.457312112162274,6.048504709330958,18.561689018811173,17.725743823543002,23.77042513632409,20.137906837640205,44.27774296897982,57.67933533058048,23.47619643043933,36.63502924541722,55.29240318318524,81.63021574857271,96.62641106726925,6.753465257188853,17.669950966315874,7.105815502140738,16.386844071322596,13.141695265488828,7.767422509793386,15.992370038606303,14.78021351965001,10.80492135379439,14.190228431883028,14.503057672028238,16.112768036550413,14.989675956329544,12.330799144094742,19.48522596401177,16.53161937190013,19.746689640443915,10.097830368327951,16.638719944994367,16.988498882084777,17.423941041266946,16.889746237450513,16.93278134998806,16.630517111663462,67.32041825923989,62.480496196057686,56.86527633264921,37.12611566150982,6.767811444600349,31.538791896402728,8.270444110076712,9.069288473145305,22.422956337790065,21.66795757956888,19.63996915006869,18.81933172657534,18.272448836997764,11.120629669710173,17.293463889929495,12.617466234997854,13.68800573178389,14.21162037533334,14.30619435529857,15.074267574513954,15.266710582144562,15.284147805082322,16.317246515050876
2017-04-01,53.73738732721955,18.24447500125788,43.177020863942026,40.086354803105095,32.19995811675735,23.459427179164063,15.696078455878974,16.975619016652605,34.471873422644066,31.046332548655336,27.439027951003187,20.09215934945228,39.23826142315852,35.49968868736167,37.01179448705144,30.349076418185213,13.915616283032108,16.846186162010177,7.871122682021083,6.8183556607084,6.718165110671419,9.600522868117226,9.603709747518783,5.831917084996519,5.140896760171134,8.772507715567782,7.435669614094193,10.651169120748744,5.623019850972823,5.724417488111142,11.762958034531984,11.16700099347083,38.85697062888792,4.180858459592149,8.22441357301288,8.207059489284745,8.445348620617011,3.949268447784244,5.303022801342572,6.5058689094289965,9.397876575987787,7.617911462427205,15.796004609405044,16.965817631508955,16.39357972779271,10.124272470087224,13.771722766787176,19.015196891702217,9.881747852530449,13.942171960960255,17.28579087422012,16.236032425007046,16.207651126792328,10.866184557357592,13.206288299066738,12.557460563556797,9.348776805730896,11.902965517438624,5.624479914629423,6.469755531698507,4.990628850610214,7.609538275352325,2.610866761252464,13.45143397090786,0.850146528078727,11.955116213951731,4.22202047942362,1.3379582746915035,7.130510310800259,4.0708623227959055,2.948390876584129,1.1070813230076413,0.4227229739176049,0.1930055365619671,0.2145123851643964,1.9789402587868616,0.0314905206896542,0.4025441944074099,0.0493220015283213,0.0031549858523741,1.7310924907057654,1.0068280108386358,0.0425353829103049,0.58804787448551,0.0419137245433788,0.4603989828509711,4.554348990182654,5.047876254165536,4.781010185569221,6.839634347586735,15.498087038440158,8.494522255356312,13.176890141577593,13.907507188911948,10.113517161674466,9.850156547566856,8.847459295485033,8.365022242542699,8.172319362336111,7.720016177077765,7.919161351717224,5.395667420438177,4.422054419966452,4.909732533178232,5.244374846979641,6.432469861587439,6.587175576585476,6.405748640507785,0.1044654671099493
2017-05-01,44.56517688607598,4.167633596755054,90.13098557480627,89.6123478935641,59.44373779329994,66.42433999148085,196.14909961863864,80.31085349216882,0.5987505454955956,48.264590383107176,22.58515333040825,12.667648783516457,47.83956231014434,0.9667899178410224,0.3466218042161348,18.76596114909524,0.0557759205961285,25.813615604619347,0.0106204598927955,0.0210837464605543,0.0318092408092858,0.0604987408806961,0.0456951553004869,0.0029336455353496,0.0023797466187718,0.0286664395868138,0.0163405960189737,0.0247667738782106,0.0143829116979899,0.0162838342630657,1.4167892110892983,1.2274795795837083,20.52399237033857,7.848292815948427,3.7103867765098815,4.040483142627425,3.4753888279076013,0.0081276550607113,0.0112366577573758,0.0311507044778936,0.0918757066396915,0.0724113609445051,0.4412829488613816,0.6532342560670793,3.5576584769302784,0.7966165587213664,2.2156308440890418,2.8106099633672024,1.2827349315774137,0.2664428938574363,1.3997094359926416,3.121398052612261,2.987102646709291,1.2678834499788152,0.2069832477695271,0.1142489799010736,0.0780176858148326,1.4382300473536236,0.0025981396542778,0.0091204870189023,0.0101873510041186,0.119021938707722,18.806120007852943,14.586027860649558,18.77755068289953,15.027625407691405,13.025086281014188,18.78184665000441,27.83671415175852,25.204846655421616,18.193124417365745,16.25439119952934,2.986743032952567,1.4010334457362483,0.0766600321585352,13.169523853878635,0.0205219163799763,0.0667352852815556,0.0441030978380561,0.0041660499988068,16.315273561625915,9.720852444580505,1.0350001500066504,6.076883396227402,0.3687998597169107,4.769603161665281,0.0097154207813591,0.0138142292719418,0.0256091663707263,0.0620229208515379,0.4317401320346397,0.1308017246555582,0.2883535529857148,0.3151975243117703,0.5426298085320135,0.6346204335084826,0.4790562428721344,0.6147568739688604,0.8800279770720868,0.5886672617404073,2.0564064384294136,18.83702206912588,10.22330561154016,8.805963057744012,10.765445265233089,15.537911506760157,16.924095817498756,17.65555490501417,5.070461029916649
2017-06-01,0.8102398980205162,0.0114377619677077,6.197702884956267,8.10707564127812,4.047506085733573,19.11815357168392,106.38812128227976,35.296080475206885,0.0,13.389331925769842,6.225829472287822,3.480999195418737,24.46343741545394,9.052353379906048e-07,4.640349266417549e-08,9.223747184982118,0.0,7.366146923495114,0.0,3.621153325244589e-07,2.18538490759908e-05,2.309865123291055e-06,2.6544579136795774e-06,0.0,0.0,1.801706662523527e-06,1.3054198643296662e-06,1.2807947659849296e-07,2.081274427641543e-05,3.719661151433938e-05,2.5195725540154616e-05,2.341837061495945e-05,0.1336319908709357,3.218356406550618e-05,2.619553713797648e-05,2.60971942216889e-05,2.8223826029370163e-05,0.0,0.0,3.853246778950015e-06,2.223703500563377e-08,3.802995608260292e-06,6.617399423756425e-06,8.168529068031718e-07,5.370379410368262e-05,1.1139767225134975e-05,3.3495862075014405e-05,5.401217944499772e-05,1.602072600530875e-05,1.404769460900246e-05,5.577369247898219e-05,4.824151436190726e-05,4.874077755304944e-05,1.915358822850319e-05,1.2844170596740764e-05,0.0,2.928888478449643e-06,2.441097127049012e-05,0.0,3.89401988813885e-07,0.0,1.787719141989107e-05,4.1043520282055855e-05,5.418597349875863e-05,5.5369914419754846e-05,5.4239765533142445e-05,1.7053034592485395e-05,4.279385966685879e-05,5.390039092297509e-05,5.345952603015568e-05,3.788049227424633e-05,5.0839158588495545e-05,4.849541304751491e-05,4.774213435847612e-05,5.2759536916760896e-05,4.2218895591436896e-05,4.694376552973572e-05,5.194899691214829e-05,5.587935447692871e-05,5.587935447692871e-05,5.5877268885869774e-05,5.424760215053448e-05,5.340294078731912e-05,5.198027094062692e-05,4.935552342147024e-05,5.172584844338311e-05,0.0,0.0,0.0,8.578247204720203e-07,2.4220008750378143e-06,8.828326533064559e-07,0.0,0.0,2.810223523113408e-06,2.9079731942253983e-06,2.111170770373133e-06,2.4422690797903e-06,3.7802315514818974e-06,1.4104589941114046e-05,7.489545181537837e-06,5.053556048301768e-05,1.6772563032304073e-05,3.0851441866133946e-05,2.8653817837488736e-05,3.6762858652845255e-05,3.7870123125709005e-05,4.0211307275042174e-05,5.573111951704101e-05
2017-07-01,0.0,0.0,0.0,0.0,0.0,0.0001976269497801,0.0013609987377338,0.0004038784405725,0.0,0.0002419121666207,0.0001124853655882,6.289305842640814e-05,0.2214850206736517,0.0,1.6513281877667365e-07,0.0835106117939137,0.0,8.367568893160317e-05,0.0,8.828487344061275e-07,0.0,8.835162032662489e-06,5.4324123124500655e-06,0.0,0.0,7.281529825081705e-06,4.81220092212943e-06,1.0205355784049784e-05,0.0,0.0,2.327397435738949e-05,2.138262428541648e-05,0.0,1.857415314077182e-05,1.2541780952750307e-05,1.2104835358156512e-05,1.4628001078969426e-05,0.0,0.0,2.537795842150499e-07,0.0,1.994858880395732e-07,0.0,8.168529068031718e-07,3.185093709341261e-05,8.61253327132207e-06,2.089925886595193e-05,6.580956140403834e-05,8.032393920141474e-06,5.362141230872983e-06,3.84097863761866e-05,7.433540248578687e-05,7.2662419885212e-05,1.1676336992719787e-05,1.205530754782427e-05,0.0,9.731645737211646e-06,2.2207048790012848e-05,0.0,2.4816710301844622e-06,0.0,3.921304159670402e-05,2.67205439257748e-05,5.509322127835501e-05,5.388543227107369e-05,5.601390307891116e-05,0.0,7.5579490763081775e-06,0.0,0.0,2.827257335709288e-06,0.0,0.0,7.994725071189167e-07,0.0,1.866818985189269e-06,0.0,0.0,0.0,0.0,2.9747601905872218e-06,1.654240733096468e-06,0.0,9.413252236811734e-07,0.0,7.255299505747598e-07,0.0,0.0,0.0,0.0,0.0,0.0,0.0,0.0,0.0,0.0,2.694167960850285e-07,2.3674292579650225e-07,2.1361702384347824e-07,0.0,1.839478230078503e-07,0.0,0.0,0.0,0.0,0.0,4.476541840937017e-07,3.7887107392847133e-07,0.0
2017-08-01,0.0,0.0,0.0,0.0,0.0,0.0025159418472312,0.0173615556920645,0.0051416806815137,0.0,0.002551620593239,0.0011864635800767,0.0006633780569797,0.1811081668182675,0.0,0.0,0.0682857381446527,0.0,0.0010268297756232,0.0,0.0,0.0,1.2841613873164887e-06,7.28109100334185e-07,0.0,0.0,0.0,1.538596883725749e-06,0.0,0.0,0.0,3.363201930643803e-06,3.086081259530215e-06,0.0,6.705519469216271e-06,3.1198750196059683e-06,3.4851041462521366e-06,2.90290134014537e-06,0.0,0.0,2.3545634995143477e-07,0.0,1.8508273315168169e-07,0.0,0.0,1.529172917866925e-07,5.478590410444227e-06,1.7671542525631116e-06,0.0,1.0130786782184704e-06,0.0,0.0,1.250186054211814e-05,1.1684650611630463e-05,8.51789189454919e-07,0.0,0.0,0.0,2.580651724663445e-06,0.0,0.0,0.0,2.317024573428856e-05,6.584207556168035e-06,1.3935088332391595e-05,2.2101230960340643e-05,1.6758431645944615e-05,0.0,4.076276359636555e-06,0.0,0.0,1.6712184829878377e-06,0.0,0.0,0.0,0.0,1.031490514069283e-06,0.0,0.0,0.0,0.0,0.0,0.0,0.0,0.0,0.0,0.0,0.0,0.0,0.0,0.0,0.0,0.0,0.0,0.0,0.0,0.0,0.0,0.0,0.0,0.0,0.0,0.0,0.0,0.0,0.0,0.0,0.0,0.0,0.0
2017-09-01,9.964447210246668,1.018861542378949,6.31164803007804,4.601266382759605,4.234490862623233,6.086208818688053,18.92553999686881,8.489103511114488,8.259039104374398,14.979049343613664,8.136207874396945,4.647807658594611,12.976298025434303,7.438061463544826,0.9107679121709336,5.041841522678438,0.0,3.3373784727437283,0.0,0.0,4.115327244540079e-05,2.543349514567009e-07,3.4260782915440406e-06,0.0,0.0,0.0,4.337015421494033e-06,0.0,5.587935447692871e-05,5.587935447692871e-05,5.4409528439089714e-05,5.433129932274717e-05,1.8330419265267817,5.587935447692871e-05,5.587935447692871e-05,5.587935447692871e-05,5.587935447692871e-05,5.053317406993484e-05,4.627207952230057e-05,5.2138335601733626e-05,5.587935447692871e-05,5.2938690535030456e-05,5.587935447692871e-05,5.587935447692871e-05,5.587935447692871e-05,5.587935447692871e-05,5.587935447692871e-05,5.587935447692871e-05,5.455520778948207e-05,5.587935447692871e-05,5.587935447692871e-05,5.040696059416516e-05,5.076467492072226e-05,5.476602156619859e-05,5.587935447692871e-05,5.587935447692871e-05,5.587935447692871e-05,5.423266747047228e-05,0.0,0.0,2.58820545796777e-05,3.843198057871398e-05,5.587935447692871e-05,5.601994977963494e-05,5.587935447692871e-05,5.599660467875672e-05,5.587935447692871e-05,5.587935447692871e-05,5.587935447692871e-05,5.587935447692871e-05,5.587935447692871e-05,5.587935447692871e-05,5.587935447692871e-05,5.587935447692871e-05,5.587935447692871e-05,5.587935447692871e-05,5.587935447692871e-05,5.587935447692871e-05,5.587935447692871e-05,5.587935447692871e-05,5.587935447692871e-05,5.587935447692871e-05,5.587935447692871e-05,5.587935447692871e-05,5.587935447692871e-05,5.587935447692871e-05,4.901252647159721e-05,4.88204245842436e-05,5.587935447692871e-05,5.3644200791330885e-05,5.587935447692871e-05,5.405941658510775e-05,5.587935447692871e-05,5.587935447692871e-05,5.485734680671151e-05,5.494101646603381e-05,5.468465255841511e-05,5.4829566918351286e-05,5.4932113949353387e-05,5.587935447692871e-05,5.50636758864435e-05,5.587935447692871e-05,5.587935447692871e-05,5.587935447692871e-05,5.587935447692871e-05,5.587935447692871e-05,5.587935447692871e-05,5.587935447692871e-05,5.587935447692871e-05
2017-10-01,25.005994549020965,19.23544193199242,29.975513500464142,34.36733816890277,27.91772156219941,25.21309830299762,16.984746159474792,21.509663051315897,14.351070617820143,14.567320857975536,16.144767509934397,19.411781578951302,10.046754434743148,13.83864857912264,12.719094212465768,8.359097282651563,39.43338247464852,21.57789835977728,0.6967861774799667,2.102979626064367,2.1568205660221262,3.5025127947399097,1.66512581350564,0.3185080887558397,0.3031041237831668,0.7238029960315603,0.674528962503086,1.7335340384309137,1.8072112373792764,2.2786279677633154,1.381805600065247,1.584060891391911,31.12431400046114,0.9801467509475706,0.961814677820571,0.9637913495219488,0.9538449025565048,0.6846064953926797,0.6088337754872853,0.7306414182236592,0.4878033829567184,0.6744034420697751,0.543728019710541,0.7493553220943774,1.758605330308688,1.2086281966593808,1.4989619009959474,1.98242964382059,0.8328578379022055,0.9208309954936028,1.6609787485561105,1.8465852517493389,1.822864486186782,0.9294948717511424,1.11668806213708,1.26232810488138,1.8414944247296463,1.202796857263021,0.3098087809827007,0.3143913243906377,0.5204747110003298,0.9464143687042726,1.880693161795837,2.02719686520398,2.30510007018461,2.096712984766361,1.3695190781943238,1.6197189777221042,1.1979520238850387,1.361545707461854,1.4327987139079683,1.8859380071993503,2.677453168030887,2.53728241761495,3.606828148850318,1.9143911517380885,1.6367371097889514,2.8386719706190613,2.3944586936550643,0.7263623837405381,1.2523152067142216,1.1946660285156634,1.513172933381551,1.2218138965347178,1.278293813420082,1.2011067757568992,0.8452941801981675,0.8195136946811543,0.9198136451170804,0.7202442591409606,0.3953344395949707,0.6522733948384771,0.3076041950405906,0.2144458488051566,0.5866670915884086,0.5979263909505392,0.4409113657805437,0.4201050894622426,0.3901321653022487,0.0292358262128257,0.3433582704079155,0.1016809382521525,1.5896019160943569,1.2019496118285815,1.1421633010926706,0.8573442123639361,0.8175238560728987,0.728055591329607,0.7279569584418989
2017-11-01,25.011302152740026,17.12794085553259,26.325645796573376,25.79055911862334,22.281829625214964,18.32371904087588,5.93460367122182,15.380519500221192,10.47965425888208,13.543908596143272,14.614433252876683,17.605599439703127,3.642107998540373,9.568552384043617,7.732771906702636,5.119339978462024,12.880697799984626,16.729401440166477,17.09601520440409,13.070830275647944,11.384037028970514,6.091108514991897,11.5417343283432,12.646194309925486,9.372707326829357,13.852219335518424,12.3942445120829,16.12094027346944,18.06594459217556,19.343930726257398,14.930602305975905,15.232120950623337,24.068554587411413,6.73094384094809,6.671179935198607,6.672984230270416,6.717807397508307,8.646234865744715,10.651577780618336,13.804206297144818,13.41806832505816,13.301334035550289,9.93686933917303,11.336357274777397,15.206881819073816,8.601578300284851,12.200431467848857,19.582851626818893,10.706614614618308,17.689478026836102,20.33647604059588,20.46005852627085,20.484019783737885,11.997509276096828,19.00930238143133,19.18659244423984,19.610917723472653,14.499242218048842,11.287077387491909,12.285104118765467,9.026911287987035,14.200505918642708,10.680566074052065,16.906230151849602,13.753596441825422,16.71395653011145,7.567364564310116,10.169291111613552,8.354261995762526,9.419858740214773,9.19870304693584,8.51915160144287,6.086761196430141,5.050613830207332,6.146411141948278,8.277241544492211,3.111568573570322,5.905149612077735,4.030030830743297,1.2418768892795902,5.065569109301825,4.056531213826855,3.2968155833602126,3.4744428560138783,2.510134517517435,3.187408022360197,10.194353491530286,10.544466189812535,11.34786423367919,9.704090364866255,5.693767555622766,8.856887615986349,5.630492250105911,5.173354639748024,7.309832074603113,7.233474041852267,6.282584213170022,6.080402486873377,5.816426918264217,2.646998911226417,5.257970541772853,2.0127113930717924,7.019816036043611,7.253865374957575,7.54282453691755,8.412306630250022,8.069370511004522,7.342391526783467,2.5343528164172464
2017-12-01,0.5793895725342972,0.6553184733649948,0.1790373343806762,0.1990205447559377,0.39321403069087,0.4729201461324481,0.1134530509203513,0.5215100159886286,2.247217947085795,1.536851302075517,2.290738156079017,2.08828233478326,3.8781647914264057,1.8645105441668297,5.113849275135993,4.325106214041367,1.0135484129180878,1.4291094874536698,3.818942150524585,2.760704648519149,0.1195954076764076,0.58784269216835,1.6268280532192043,2.3224153341512963,1.2281286151045598,1.2750567024284425,1.2709861741079205,1.273734186062407,0.2681788587430939,0.2703592210789875,1.0767179564476186,0.9777211254360948,0.3754705385311979,1.6350541610303415,1.8553127188318772,1.9161147273419024,1.8216898668808352,1.4568769443585,1.4220724905244573,0.8106957576404298,2.007936517233448,1.099847127621731,2.0259344430225545,1.1737842743769795,0.4444290650121401,0.5495325114475791,0.4573591660431344,0.651053924712033,1.347641561027513,0.693079022980917,0.4138804374694146,1.236818489482428,1.180358876008876,1.2222447884111332,0.3320010765584604,0.1991781376082193,0.2147085659821455,1.1026725872530443,2.096477310464076,1.7937613512826236,1.2335526866252318,0.6549936788967183,0.18998323304383,1.051482721395571,0.3645658447246613,0.969175717728559,2.3541433836003374,0.7850796010222036,1.4172552209044302,1.4938693515774617,1.3558470193949714,1.3822843052243905,1.3079382681669791,1.2006728929829305,1.3654207224654678,1.3253040863406964,0.8089425417481912,1.249349294910597,1.0205097717721725,0.4106531266578488,1.2553627350737158,1.1143133263847675,0.9348276116592203,0.999159577411044,0.7214301354537185,0.9227587508113744,1.9080464700918751,1.911165480820809,2.2023161790527577,2.3870347941490606,3.0532291207769515,2.5272691987705,2.801336913175677,2.741390815053641,2.7805709626227246,2.87036977365577,2.995727179922412,3.0608245783950707,3.042767431739805,3.522631699475584,3.012277039775167,1.663918798824189,2.199557052557996,2.671198997447398,2.482071584791421,2.1601324616034647,2.062281735710192,1.956011337406384,1.2520593854413988
2018-01-01,6.280921796132576,13.140049244391143,11.028543456866023,12.95063449867422,14.09013476764787,10.899768754407916,0.3018175013932605,6.831669526149377,2.0689733267361565,1.8406184262032808,2.7591255924007587,5.2905911615892105,1.103283318084697,2.1901028679744377,3.6285347996915935,2.327747990715388,9.60578244647682,8.995431555216904,6.995336503264881,4.177317309811254,4.265812467213304,1.8977730746071204,4.020479865821472,7.648630397082713,7.126945894969848,3.81548218577425,5.073893468844641,3.791193830471373,1.8454783330250395,2.624814052701142,3.064586588680444,3.140471782096552,7.407510504945611,7.533874494500894,6.71647603670549,6.704823287002422,6.669536867775457,5.686076051390985,4.4264795460707855,2.296388610653422,2.033450831259968,2.450403548006405,4.45929791984155,4.782235657349529,1.3726359567043096,5.299197291444176,3.052412902252049,1.0272055898794816,4.229417297322528,2.1394451330068023,1.8623199588690569,0.9474940049925842,1.0228659516284622,3.876768312135655,2.0144563340838677,1.7199943142281962,2.8389370178232283,3.1629873498176977,7.648350768528239,5.658705353576547,6.681520974893462,1.937202177735611,6.217633593858656,3.60384573175138,6.725674109596328,4.010736011625839,9.11804714867476,7.836184238549223,11.680577239041485,11.39261113677024,8.908492009218584,12.242385511314946,12.151207543059147,13.715995444613634,14.648451092189784,10.553448731680165,19.440251024302423,17.78396620702847,18.272588541969547,15.493599090914064,12.109962278609355,13.801721189732486,16.64335136134207,14.997944627536883,17.819280870012733,15.46906880625597,4.653279541694104,4.402308987193236,3.775274668091476,4.912343378340698,6.979424688119462,5.35308540089687,6.755820987027895,6.702410658560448,6.175657969128998,6.343598447173977,6.812784379258101,7.197790789254166,7.870240965780968,18.10047401441049,9.03994274952418,14.094013099998142,8.07424360746587,8.598161198065158,8.884753254197346,10.052674009375757,10.408172128343008,10.817321219761167,12.496923964206536
2018-02-01,0.030606812540648,0.1558071144186255,0.028835234523553,0.0531335635567585,0.0404110773369981,0.0696918590312267,3.593390734878511e-05,0.1047205387039843,0.0010369786255073,0.0784197924363413,0.0964439265282332,0.2157405158730152,0.0241051608763561,0.0603119251947446,0.0928572592687953,0.1822756816899349,0.0157181374348266,0.2306318791127799,0.8869657110716471,0.3578239950223053,0.0013154331403042,0.0456990131353634,0.825964646072792,0.6363982835635846,0.9757317157299464,0.1613792536340416,1.7336644779308492,0.2136034637138534,0.3854897003416459,0.4627046736996842,1.6109002962170138,1.5978302981584669,0.0080130719451814,2.5698238010674985,2.238112876189508,2.1886060858504,2.231258948969553,3.982872396491484,3.392131684783213,1.8822132823631983,3.355239011573361,2.199127679519997,3.2383727498937533,3.048636050994848,0.9796057858913824,3.01865657711124,1.919217481985191,0.5181079461752844,2.2685371423740954,2.589187429820107,0.8129235904588895,0.0536389871390385,0.1235282658070322,2.169361076324441,1.3253750510087807,0.839248236693265,1.1816370185145926,1.7111826174972826,0.7818666123220099,0.570717040587172,4.148772294258344,1.7130776697763257,3.3866418445826434,2.5520144504852125,5.297017834059632,2.936604739135493,2.680613906648109,2.9917669963449742,5.575764979249124,4.946760395618712,3.261505163873236,9.85508836029408,10.523301648786456,10.469919870218437,9.558711932626732,5.88379314254723,23.05577950835489,14.559891994885293,17.58703130169973,32.444321982703975,9.550972170096763,11.831830902984033,14.270505266923616,15.185689013902916,26.47789381333996,18.305805299095223,3.964582985189279,3.852662065925297,3.899060858575691,3.4699275873956275,2.319015658948892,3.1833142711684705,1.641783348880831,1.5165423279015628,2.4461413316884384,2.378441848177136,2.0672060900690825,2.082330545805928,2.257303489069089,6.299705819118158,3.1854872957479152,10.1384731820676,2.13399317095767,2.243901620658826,2.475636070082289,3.412332038214554,3.8829021963790966,4.8389387026765975,10.874766401564782
2018-03-01,8.518688201976122,22.239883624450577,19.31041952271441,24.7311527182884,27.195576818758944,22.537592942351107,0.5177347244753253,15.311886929854412,23.72829239926953,9.26624388233823,13.599236056929769,18.31107450424872,7.152801734190303,30.651861361570298,18.035554052253847,8.316248826691403,21.4210535777278,24.58744190401275,23.791736101034974,10.27667535141472,19.25234197298641,3.0511923207336245,13.90560270858495,29.001725031043375,23.892024075535677,10.843627886086312,21.8211578995693,8.116574063110455,33.25138970873005,32.251774980161564,33.89129860562766,33.107864995362945,24.30353713660272,38.80803476694207,38.55395335149383,38.965521125240016,38.317377818103296,27.847377096750524,30.847147242777552,30.77617749227029,39.4059376427706,32.96813352279582,43.121901401449605,41.24130289932448,25.63221478305455,36.516833692400034,31.652174406362104,25.01175678593966,36.33661904265794,41.20719210901766,36.88661682394693,17.776173387385377,19.36441040674365,36.63725853260826,33.69775753065788,33.413449454440155,34.64819865531974,34.26207212415308,29.33070363981099,20.93619122330792,30.501274312235992,19.64522652901357,37.03110143567159,22.45233148199778,38.87444685857186,24.36804926031257,54.00937669042829,44.61575467748004,63.445567323070016,64.51694516970662,52.03560841288462,73.60227047736599,101.2981205560118,95.36237874223326,84.19711070685653,64.66885128023736,51.9079724628834,45.14964651550884,55.37221171969384,27.281019620554208,84.69033290307947,81.53749268997402,77.9682657348639,73.8660104810897,47.78608429048923,66.61610912102509,30.23408219448999,30.95068548546674,32.325951264980944,36.13843083147014,43.18225770522413,37.72770939010689,46.37468735105163,49.60136318902356,42.93149330436918,43.31542221080486,44.58453606904298,44.921692272234985,45.4708133583168,54.98643956885197,46.4639814781036,51.24315909883688,53.42861577158581,53.95553501279985,55.14565461436192,57.92521574091727,58.262019030619335,57.63347360315501,83.45051743268266
2018-04-01,125.59081000137456,85.69302394308505,93.39889325329403,92.23686102400023,79.10918094949507,67.28679121716782,46.18580881512552,61.72593635946058,72.99726052097766,84.95596409066286,76.78297478342343,62.48397287963122,72.3620381145495,50.88285023006189,46.15736586007316,64.94407295805257,40.6061687036992,48.78504150279748,19.37976967330033,44.86522534922248,6.365111690092959,88.84105729669753,42.75117952313404,16.22889409569889,21.610770269094367,31.44597773667483,22.839893067340007,38.97938719171476,13.338093198454734,10.640753762096937,23.77402218419929,21.970958426053453,139.24256183566564,27.552771865682452,25.222508220701524,26.10315938917392,24.42086577569297,38.970379458655785,25.862573139963686,25.15652733053776,19.397445951386658,23.667378132467853,15.000737048101072,11.546241720827508,48.5138806654755,15.6774616624556,32.525523487149535,47.41981926589195,22.20172784326607,18.750321909699377,26.24777922056526,45.40961078441558,43.44208386711567,22.53856603726253,18.624366730648543,20.31469062580784,13.076058560921435,24.717177412643714,15.797944242063108,19.42580860058871,26.35918677728219,40.013977492875,36.32072857718588,53.67151321781202,43.86480479338039,52.95065494197046,41.40275085070519,38.05073886271612,78.60926010131479,73.92139960890746,47.67576697899592,76.74968798847918,74.2087321793349,67.33668389374601,52.43889068479465,54.76256543238336,49.38382812747695,39.8122268503937,47.44927257984309,33.80154976618142,77.05853468658384,67.07653952186368,56.356868666720686,60.562444047861526,45.81287855341864,56.78468826325404,28.862601706201158,27.560765977177905,30.768564223346527,23.181087934630284,17.399095958131117,22.274082963472267,22.584897050600738,22.263654648188943,23.07361941258366,23.141281905660698,23.963051240620256,24.8312635436496,27.227010232411725,62.03228471562487,31.50495074182846,51.05476541690304,40.5383068746754,37.39968984570253,41.49909961852801,48.89154563133491,50.019855054627214,50.0670217967013,57.44087482740788
2018-05-01,31.95058593611587,0.6256427644478615,89.16224739883951,103.41177313065496,58.27988694948058,74.45221966523474,258.9029644151725,97.80403920824004,0.169971652756474,54.02029698186224,25.132822907076797,14.215666985498022,59.30462669934386,0.0626486711429512,0.0883492725531557,22.514634537983465,0.2016841269693607,28.95734306035657,0.0016297153450044,0.3547091891855876,0.0148435381714354,0.6903219977999459,0.537937037670521,0.0,0.0,0.2520334196247912,0.1022889939943299,1.22597229570448,0.0154342218783879,0.0173455931222805,0.0269549248260517,0.0274612658994961,22.313610888324337,8.77933588036508e-06,2.4520825201928385e-05,2.7380622141746363e-05,2.330562321897779e-05,0.0,8.162106045852523e-09,0.000677218495745,0.0,0.0005323341254514,0.0,0.0,0.0025063498125482,1.3419102338145064e-07,0.0012918578692485,0.0017617764368136,0.0003157853543441,1.6541645389775869e-07,2.2052657448912712e-05,0.1879850323779234,0.1756986097734189,0.0003357487672706,1.4155684389311307e-06,0.0002040121001037,0.0009540584275205,0.0301153716971109,0.0,0.0533262680843131,0.0001028309494919,0.0092496503101455,3.5433961151246894e-05,0.1261099506285226,0.0001287023631347,0.1123640391303419,0.0,0.0001047885166071,8.244916074172365e-06,8.792881110724192e-06,2.670822520966764e-05,3.739217636604633e-05,2.122443087313209e-05,1.9380750939303315e-05,1.240078300350326e-05,0.0023886785601905,4.265942902666756e-05,1.7006914407632996e-05,1.7641180723995887e-05,4.489997580824508e-05,3.346827125874944e-05,7.144474258302441e-05,3.334170494459774e-05,5.6932223551578565e-05,4.499205121964453e-05,5.388580191444289e-05,0.0,0.0,0.0,0.0,0.0,0.0,0.0,0.0,3.8891485583615206e-07,3.570802274204629e-07,5.200743112132776e-07,8.499957052485213e-07,3.2620734775310853e-06,1.7627586591558515e-05,7.873178575044721e-06,4.0794454832391086e-05,0.0,7.094230277751808e-06,6.72038045997727e-06,1.4723390828805016e-05,1.67790195850054e-05,1.7960508250894236e-05,4.781329931861799e-05
2018-06-01,0.6649002775069648,0.0224416090547815,0.6329317859230856,0.61985467993219,0.4157033674890356,3.67399179228828,22.36642742973185,7.1206493675063465,0.0,4.776963747921731,2.2212132655118757,1.241929515357793,8.169093621868338,0.0,0.0,3.0800935221782173,0.0,1.5759281104420315,9.307775176556565e-08,5.706766528101287e-06,5.507180253627078e-05,9.14380429193936e-06,1.390767125035509e-05,3.857932654519085e-07,0.0,3.3088772117585225e-06,1.6686978032976268e-05,1.175598748620405e-05,5.587935447692871e-05,5.587935447692871e-05,5.402722659601038e-05,5.377249989048021e-05,0.0595053668639413,5.587935447692871e-05,5.587935447692871e-05,5.587935447692871e-05,5.587935447692871e-05,4.766947268410411e-05,5.088913770676156e-05,5.366714782054469e-05,5.587935447692871e-05,5.4140428113955866e-05,5.587935447692871e-05,5.587935447692871e-05,5.587935447692871e-05,5.587935447692871e-05,5.587935447692871e-05,5.587935447692871e-05,5.5096336210054686e-05,5.5438869103408165e-05,5.587935447692871e-05,5.069913815833323e-05,5.076467492072226e-05,5.501998089981274e-05,5.587935447692871e-05,5.587935447692871e-05,4.882446008712276e-05,5.418837730749736e-05,2.573128724414923e-07,2.6713141600772654e-06,3.7815607332386655e-05,4.663403921577776e-05,5.587935447692871e-05,5.5462616158156905e-05,5.587935447692871e-05,5.5589237951005694e-05,5.587935447692871e-05,5.587935447692871e-05,5.587935447692871e-05,5.587935447692871e-05,5.587935447692871e-05,5.587935447692871e-05,5.796730070528545e-05,5.808893735460984e-05,6.570940747264818e-05,5.69795999678766e-05,5.87917475312357e-05,6.448007491776643e-05,6.0100792161083966e-05,5.587935447692871e-05,5.740158566905426e-05,5.672583579975431e-05,5.763660977836257e-05,5.705239426483845e-05,5.587935447692871e-05,5.699315258312336e-05,5.2759510614576e-05,5.317026538531605e-05,5.587935447692871e-05,5.3253296415633466e-05,5.134696405621699e-05,5.30854746226936e-05,5.367497482072953e-05,5.470624612294455e-05,5.411430112801128e-05,5.425880240397361e-05,5.418194277077673e-05,5.438783457285173e-05,5.453353161087997e-05,5.587935447692871e-05,5.463130621865392e-05,5.587935447692871e-05,5.587935447692871e-05,5.587935447692871e-05,5.587935447692871e-05,5.587935447692871e-05,5.587935447692871e-05,5.587935447692871e-05,5.587935447692871e-05
2018-07-01,0.0081196388295527,8.136937417780487e-05,0.0087863795833622,0.0,0.0057453017153268,0.7876940578869603,5.138012577333428,1.6044056302930327,0.0,2.432923057030944,1.1312710862832007,0.6325187116888605,4.35872434932957,0.0,0.0,1.6434241277427053,0.0,0.4403733468078178,1.861555035311313e-07,2.319194677132537e-06,1.9569229392671936e-05,1.2805365738235226e-05,6.552075093639635e-06,0.0,0.0,1.9019276827825888e-06,3.609994974963729e-06,2.448396918739953e-06,0.0,0.0,2.8480193450634464e-05,2.5221464043460763e-05,0.0,2.320874533914829e-05,2.0869892799630645e-05,2.078587687625705e-05,2.199775843614627e-05,0.0,0.0,1.2651818033486129e-08,0.0,9.945083500444061e-09,0.0,3.15471879868874e-05,7.866143146606022e-05,1.1225562867651356e-05,4.408582028804404e-05,9.698312888403356e-05,1.2568897625288029e-05,1.573639941447227e-06,5.913600052008076e-05,8.342869810420278e-05,7.995603539672508e-05,1.762589062782718e-05,0.0,0.0,5.857776956899286e-06,2.719549358038392e-05,0.0,1.935372902441201e-06,0.0,4.325370821470474e-05,5.31712402853518e-05,9.11911642689234e-05,8.160433109400811e-05,9.027137584513028e-05,0.0,1.6216128576709103e-05,0.0,5.528684388398063e-06,1.031081913419055e-05,2.233504713302089e-05,1.0045184059946686e-05,1.2804095359090966e-05,0.0,1.0943041588556522e-05,0.0,9.84190740448527e-06,0.0,0.0,2.536200459748993e-05,1.7013766721610278e-05,1.1357363333992104e-06,9.993023306286257e-06,4.759413421356469e-06,8.44469230522552e-06,0.0,0.0,0.0,0.0,0.0,4.434505007085899e-07,2.7013052307187666e-07,1.4375580558040478e-07,1.2798849443141214e-06,1.6737817515565495e-06,1.9221914009765897e-06,2.4605731487612563e-06,3.2898116343873896e-06,5.119055389896466e-07,3.047346223534271e-06,9.49251627505698e-06,0.0,2.1862389209515997e-05,2.4576980670861e-05,2.8510588467968632e-05,2.7201286641315575e-05,2.3021745463846043e-05,7.29012509729749e-06
2018-08-01,0.7309931446604638,0.0111173486820244,1.9861995641692545,1.7989272710862505,1.2979442433752917,1.5387614698404548,4.780069266632212,1.9342634055480188,0.0,0.9777328738627822,0.4546304607180481,0.2541939565101787,1.001489855596764,0.0,0.0,0.3776043493926729,0.0,0.5856072214884376,0.0,0.0,0.0,2.614904662057259e-06,2.21753336028179e-06,0.0,0.0,0.0,1.7104786678328034e-06,0.0,0.0,0.0,1.799271949354607e-05,1.576458054653752e-05,0.255886152372578,3.014197776931611e-05,2.4486952453950252e-05,2.4261834215013606e-05,2.554746538281655e-05,0.0,0.0,1.2651818033486129e-08,0.0,9.945083500444061e-09,4.1392640037330237e-07,1.6337058136063436e-06,9.050461476191377e-05,4.493083366956804e-05,6.274749849009817e-05,6.393187889194133e-05,1.2456011459058233e-05,7.272458103360113e-06,2.620518622661868e-05,4.611427720212135e-05,4.481531491918295e-05,1.4500939984969178e-05,0.0,0.0,0.0,1.833229476661879e-05,0.0,0.0,0.0,3.1711676309039453e-05,5.281702049488784e-05,6.501416384595609e-05,6.124296908962983e-05,6.51865069211783e-05,0.0,1.4264348253642511e-05,9.401144579434268e-05,3.864896689352725e-05,1.773411694863949e-05,3.590272394977972e-05,4.256861084194319e-05,3.7057490500790864e-05,5.019706798134216e-05,2.481365159172846e-05,3.002412996642236e-05,2.09465307651042e-05,5.191513604001392e-05,3.99823261803987e-05,9.119953131056288e-05,8.069318659235429e-05,5.37587602341879e-05,6.71491291567726e-05,5.591791116090134e-05,6.319196185737058e-05,0.0,0.0,0.0,0.0,0.0,0.0,0.0,0.0,2.974486784708364e-06,3.3040488936307984e-06,3.0284627137538797e-06,5.332550531757938e-06,7.355735151621228e-06,1.6289038632753063e-05,1.1662618175614834e-05,3.698537561497104e-05,7.357568659564233e-06,4.94224143509756e-05,5.5579385470701485e-05,6.322037797256562e-05,6.549166560950477e-05,6.359785675757593e-05,6.411444480099771e-05
2018-09-01,6.437130047038668,1.780049404267138,1.9240583736452956,0.2632042118583212,1.4751472184662435,7.205620946254174,32.2620361096793,13.349749362529982,32.898351275733134,24.847132620965205,21.90947185441001,14.586281155469504,27.20782136731542,35.87291711467323,21.38704403223491,18.73372565846977,0.0086959758616183,7.818425883080142,0.8752730461368284,8.207259078183371,4.88646968138892,8.232886639613769,5.343751372498565,0.1695063624968707,0.0626738838972507,1.5647191671478469,0.5680749863220865,5.044836986171316,0.1288251440834108,0.0793651915132874,0.0190229122970464,0.0578860799128979,0.2968347959241878,5.361621483569293e-06,6.745725451798192e-06,6.237519408318111e-06,6.59665073572993e-06,0.0024114500817758,0.0229877704235177,0.0591463362816254,0.0081690088740609,0.0473259857608182,0.0005358366349843,0.0023053216077416,0.0027357415454118,2.0407277796916624e-06,0.0014070096851314,0.0057202046869756,0.0215357326870685,0.0104722612856519,0.0012539306255546,0.0013402816447883,0.0012530228121585,0.0189040735186495,0.0271693792573675,0.0701195801145997,0.062745202640577,0.0159951366868449,0.2002423088441227,0.5020452751105633,0.0020650125011952,0.0628447379993706,0.0007799432453649,0.0081690881651312,0.0002490668309008,0.0087722214408761,0.0,1.2384714202012196e-05,1.5904118479358393e-05,1.4970455329379048e-05,7.618494362007741e-06,8.25494830480229e-06,1.2851111600254563e-05,6.799006106413883e-06,0.0,6.670847918091715e-06,0.0,1.2594609908754891e-06,6.847481073909677e-06,0.0,2.1595909461878324e-05,1.7657422995060054e-05,4.264293535124432e-06,1.1216895641494111e-05,0.0,8.645464432101392e-06,0.0174007648655049,0.0178088307059344,0.0098304026559358,0.008267584256126,0.0,0.0067320366408763,0.0010613282636972,0.0006763954970938,0.0038986288550429,0.0035801017747305,0.0025965751162873,0.0022821082256183,0.0020602089649541,1.8503782737394867e-05,0.0017781018740678,5.293385758794534e-05,0.0,6.242734824153774e-05,5.492927065385864e-05,6.306032590706702e-05,6.02412686090211e-05,6.187829084009716e-05,2.8401569987609555e-05
2018-10-01,32.29941518830833,21.41680005080713,36.68785034096472,41.11151800293561,30.726259174875132,24.67037978606057,17.28715232387881,19.824308103242764,17.179480675218024,23.282749941153934,20.45058605335379,17.95687016820015,15.102415949669597,14.364700219158982,11.942525836163936,11.118036240654291,19.533203393954917,18.914877558580976,13.214952328002202,13.84636580970645,17.159327367953313,15.199067577823712,15.51988009939714,14.98873325369061,13.16836238640123,18.245221019878905,14.83936266728619,19.79846846629807,22.95409683991202,23.77676605917943,19.252202718295365,19.43561561580214,33.833415296732454,6.147936851198216,12.270944831704426,12.336541618037025,12.536995330405563,14.321134601322106,14.360660191989858,17.745214826656685,24.333273871817138,19.25610212921915,24.04477503068856,22.554555522682875,14.07320991396693,11.132028613283756,13.041098020639977,20.973235749461768,17.165499866107037,24.86337259580293,19.331329874169768,20.182635972030887,20.009209359608068,17.821194645552662,25.49824711211464,26.2698688725204,25.67850693669474,18.776227600489374,14.24999422143674,15.864121867579792,10.69266179420853,14.75292231374545,3.6147510175475466,8.822682660476586,1.3944152801618814,7.895057059250311,7.467688553852327,1.5313228972535118,2.2002131491102883,1.8698103225345812,3.3578770603504373,2.1936256756245043,2.886110046618928,2.7181964964053904,2.5780090642435893,3.0126567200535765,2.7131160080110925,2.701868972308173,2.425919317208832,3.514407947896895,3.278321157533062,2.8304928325969088,2.341865078297931,2.629147787056833,2.888825129222358,2.7368148493292987,17.449466082764694,17.93796789083334,21.423257792175544,21.81618763986212,22.33940306940711,21.719126883463638,23.001752674244848,20.10371714877241,20.3594873123422,19.97892533845573,17.925809120263192,16.754961731824267,15.61649827001618,6.419007965975464,13.981329393375663,2.6374214338702484,11.016981626042543,10.259791164135036,8.975634589934446,5.7651553191598905,5.218716386320949,4.823405446599607,3.7613125081972094
2018-11-01,5.658671670141848,8.276102624537838,7.125604896591041,9.008291934342264,8.80548765520907,8.261894859315744,1.9251926576874585,7.129824990538056,17.48303020984134,11.92042419590154,13.561108388247302,12.738571604427303,6.407677962151388,16.336371351765983,9.946707962198214,5.755037112205125,27.45391819008013,11.877811647775813,6.940235135348854,2.839886290920388,2.391429384370348,1.6290956276935311,3.075388038931216,6.680784400102226,7.48266886326778,2.3943571248027737,4.396470468944322,1.7986845510298428,1.9944463649822,1.818348959205036,2.899885121248991,2.743944957175077,10.153787092657266,5.632758982326822,4.919844407452543,5.126074099461278,4.742545672237803,7.209585968379302,4.950637503684764,3.3467679635027983,4.1528415149286175,3.4761994824868334,3.3261427070149194,2.276713863126766,4.125314938681857,3.276878213229128,3.695549076094928,3.946287197369528,3.711667985522804,3.120706133529796,2.681896086053843,2.2770441375105497,2.2519162528903878,3.581028783064357,2.89987603610948,2.645386691321823,2.030424438281168,3.1032392449233503,7.162479007617353,4.672848495188887,7.116712174097795,2.397766195911671,5.871069891914812,4.41762855521824,5.062777563861918,4.445968573207632,10.765668877370372,5.4181618393822815,6.571450069674609,6.607767032188338,6.796423147971785,6.345884288014162,6.284982637494099,6.58615384203771,6.381429855223564,6.626123916378381,7.609022919695778,7.018111277212615,6.729889680658838,6.488046909436291,6.1911552784166055,6.732509382685448,7.427519571253907,7.050303187007771,8.20207186387874,7.242831973424498,5.723083279437682,5.51432029468345,5.6679554263656575,5.502057007800168,4.217118300005762,5.351112578224501,6.336076599082586,6.27933747086524,6.138775577799069,6.277358910083439,5.931437501461871,5.850061788299738,5.624737888840396,2.522481025295523,5.245076096474485,3.4708232658607487,13.93852317402138,11.970829836724263,11.641288989157484,8.733364748515156,8.162342541994434,7.520627937357619,6.248901511582797
2018-12-01,1.0782956816913536,2.712787635554054,1.6113161444816255,1.825173085679964,2.141574425663077,2.1020708483709805,0.1159584243670624,1.9201939609630867,0.1221584274068504,0.5954278022951589,0.60343251974495,2.098566726039909,0.4089799907957339,0.2486911857837106,1.4752408018497474,1.293811797846628,4.4835186303120045,3.4990303036388024,5.096133752534627,3.109538353975577,2.919814502309716,1.1099655101051715,2.9827911182066917,4.983820455109124,5.513055327773046,1.8996683587952277,4.242647224452635,1.6930113510565303,1.7025838185021356,1.9807524225608104,3.3852378274551267,3.256208391691274,1.7887317093441495,2.7364810403324915,3.118899063134428,3.1120817826936498,3.1621792568766587,6.992027566745619,6.197206930917979,4.002918283082322,6.085997059273693,4.285387621962954,4.592729055843516,4.3887514569910016,2.239572533577268,3.0076718688241604,2.6573698284208804,2.31343173484858,3.889388211947674,5.060274205087644,3.339243111513289,1.6498753133084425,1.7975948497494936,3.897092117570428,4.586416589373028,3.829882610495981,3.2889079743399634,3.522602352631942,5.037451234402418,4.177807909486917,7.943799378466656,1.4666197651043535,2.1053996854789085,1.8941782351898964,2.731655977550253,1.9756216763287533,4.151840195156547,3.569519143884667,9.59756225064117,9.646843393113588,5.2163212375941175,12.14319592051764,17.49392242067948,21.025175096453587,19.27525130437212,9.77930327919924,24.64888548844725,20.294687343972637,24.393968932311324,9.296355488205982,14.15534580551007,19.11271689004656,25.404345822570527,21.17827183383437,20.74236959131413,20.66950155315114,6.924758327221417,6.937689943200738,6.679177598509308,5.961594129731661,4.38406957109216,5.659201553440135,4.3879247909005255,4.290796297752025,4.959466080650739,4.830174843604516,4.298666061214892,4.193611063107722,4.239779851938251,8.132170965714332,4.99733539682171,8.948394440263426,3.449346932657194,3.778993105202754,4.085385194150566,4.921491705986459,5.329029061788871,5.835329692873541,21.36968592077733
2019-01-01,4.065720617954583,5.827475822896576,3.9284749053548658,5.166352632468881,4.8923278922019975,4.4536853460315,0.8018229844487555,3.8012382914184135,2.489393861262794,4.014640666007596,4.10339241987084,4.959595462027793,3.073340331159559,4.508142818631964,3.578326196838649,2.703914594660415,10.529208864753016,5.471456722541984,6.7408602038500565,2.260233626262024,1.4100448948268198,0.2143415779395003,1.766700935606274,7.687422097894663,6.397619322879596,0.4184175520890101,2.3342677615411915,0.1436618627108427,0.0170532690253567,0.17859978590157,1.0529668568559134,1.023897868083673,6.345777905312863,1.5895274318481385,1.1612795684142787,1.1464723139158266,1.2212682154558936,0.817352335092111,0.2645230304760174,0.1200691694672699,1.0919413667205298,0.4592845198944427,2.704416043124297,3.4398941486810743,0.3170008946675508,0.7311044788704628,0.4782951014590174,0.7627923584369235,1.0522972803835549,1.694858709997186,1.088080438282111,0.6267594749091112,0.6737700861868965,1.1052267922587555,1.5225043545475263,0.6543125017426177,1.1216189213993408,1.0552771056322956,7.604283146820945,4.425719398705036,1.037940461801472,0.067806874271372,1.7500969524248755,1.7316820461474658,4.811120954279444,2.163498812301793,1.0683242577034606,3.234264644798375,10.264177282100729,11.08504560421926,4.459312501344766,15.144765809402566,12.149320809926794,9.388489103127515,6.108154725259951,6.673377836155815,3.705814677101493,4.019726909462706,4.005921394682604,5.886392170555102,16.16041448773668,12.077630311551538,6.282395533718011,9.087036089187368,3.4815108497290588,7.82556413025766,1.0257272128462829,0.9719214894362518,1.5335844452056415,1.8145272327978952,2.6806382073489967,1.9591217721037677,3.023435543579712,3.061623707395543,1.944728316079479,1.9157839190835813,2.5272436682105743,2.652939113704003,2.978594360905365,8.136269871021534,4.075715931632463,10.862898397362729,0.4186502286486739,0.966765635369682,1.1721062700647975,3.0790979087554797,4.1605808872954135,5.237623320879457,10.477349755368609
2019-02-01,0.2244364042493962,0.1845153921139511,0.536177683819558,0.9481786892539368,0.3747068773716777,0.1754264559921189,0.0012842262885948,0.0081402067158456,0.0,0.0,0.0,0.0,0.0,0.0,0.0,0.0,0.2542452310207392,0.0799790516391373,0.0,0.0,0.0,0.0,0.0134433448669781,0.1746803157979984,0.1757830800823095,0.0,0.0365217726245312,0.0,0.0,0.0,0.0,0.0,1.2016462818467302,0.0,0.0,0.0,0.0,0.0,0.0,0.0,0.0,0.0,0.0,0.0,0.0,0.0,0.0,0.0,0.0,0.0,0.0,0.0,0.0,0.0,0.0,0.0,0.0,0.0,0.4135486647129266,0.09577677535942,0.0,0.0,0.0,0.0,0.0001293563915732,8.135405615161192e-06,0.0,0.0,0.0111853440708195,0.0034720298530581,0.0010676562189003,1.184147601960865,8.59009155656194,15.97123347687204,18.7867703830574,4.181084527605199,27.38545100652385,27.44859219988336,28.684681542324935,32.08259894474361,6.3087808444307125,11.700583227125843,20.709578460660516,15.047304370425344,25.061682019925755,17.266092382407702,0.0,0.0,0.0,0.0,0.0,0.0,0.0,0.0,0.0,0.0,0.0180447460773033,0.0158560736226418,0.0704245670446163,6.106273150085762,0.998653851210148,6.712981628487458,0.0,0.0,0.0,0.0064799565085876,0.1597389129047346,0.9479014238245758,15.020661348484952
2019-03-01,50.44942511605971,30.45940460587041,42.13004204085138,41.83582514747194,36.94530319340828,29.85277278533696,14.330894317209632,23.64737175178228,67.46301757080064,40.506849682276936,47.68721131643961,37.06295944856829,63.76514921937518,61.28916906207058,67.22993345233915,64.56663925535007,30.31371391841878,30.750729244063034,29.13722448676914,45.93640892273529,59.4899865222755,65.62106244811045,53.88662876351088,28.007959756228534,40.50109550267256,57.774999772132745,54.80211729728856,61.04452961591072,67.24418419929076,68.27487170419121,64.21204429171794,64.48274040470054,51.597983195979175,109.11467216714468,96.78017259164142,96.77616467860447,96.01867729337177,70.95539169767805,72.73990022028639,64.4755703003322,58.7269386330051,63.91733958388996,70.37554710596812,69.00539876054965,61.49077891511683,93.87636934979024,76.20252095987139,57.92210875272845,76.21623396512376,59.42213609560073,62.5736298833461,41.79635871390388,42.93875613777714,73.75989466192598,56.73325505328627,58.13423727737181,63.03723204768775,66.21939112410796,29.884532144316506,42.29826714303806,75.82187029787003,62.5569881118157,97.375347330916,64.3086037449362,100.41749004681652,68.31156820713683,123.46593125713754,111.86235866471714,113.98731313884204,112.84839810393002,113.93717381825569,104.71575943700525,97.07306298686778,91.1822763627072,97.17179044432788,107.56398539028774,79.76608796347857,97.80591153612836,90.08402861639836,56.15401091107822,90.883827726658,83.69113855652422,79.24427091162877,79.92530130022111,70.55369609997436,76.93774420865161,67.28924757030205,66.74531209738798,61.37937566558914,65.05967628704171,72.69324456956133,66.8710461346219,68.38829670903223,72.28251240069447,74.02673243060974,76.61197550927837,83.22437281808676,85.74441386967233,86.650472937171,72.5196338750545,84.03092484090429,73.03612754101567,113.95494722851656,109.20753201622009,111.90758179531726,112.78288169783308,110.84610325323048,106.78233935896772,59.0142921560969
2019-04-01,22.44271716995928,6.314403577066483,32.04646826636735,34.54462553448762,22.369048481322828,15.28217921324702,11.113265196155128,10.010153710248346,13.62868298473421,14.348578542784963,10.201557026220533,8.594987492562982,9.746126052916187,9.820940730096314,3.359434702796566,7.538275377727507,5.960027818229577,9.033810377196666,4.614791986828698,7.655509202513095,10.10298971972708,14.92672336498562,10.257598460415853,3.986635904670505,6.076410090317912,8.011563821950284,9.618760037161756,6.347230710237322,27.88852380717113,24.38243184804701,61.69809508362035,55.99716971305735,28.7384183855608,41.582037374030406,52.9894443475292,54.41994396815022,52.82129012893909,29.18743663703177,29.619882431267165,39.7681384653062,61.30660909216094,44.58532851009425,60.84869598038587,60.5615129299969,83.12470791912293,40.52905920408829,64.01907871856922,92.7326863782776,51.50875604812148,68.3299251782312,83.18218754196403,92.31780206246373,91.37315614903744,55.5730039152754,56.237226233462415,49.68122317376727,35.69610805993435,61.82737267432037,4.389856103224905,6.100965247590901,17.040319763917854,29.15159698576843,48.925149096082464,74.47908783341393,40.57030950989333,70.3470184393765,54.58966803613357,39.94254065450723,60.898467828815,56.14036954130324,49.94668225355952,43.51009457626334,30.836887952660533,24.185062350700257,22.9574156386894,42.04461916096437,13.19901849025354,26.34734456253057,15.114922243301514,2.846583615858803,40.90460572679769,29.13649156940661,15.092753165999804,21.82921367645538,9.490615956283284,18.60529066938688,37.09119017297985,38.9017490617217,52.19299546898559,50.72100841278426,58.81050210780487,52.40788373413959,67.95072301827082,67.18055310324748,61.03819595554191,61.023930672427575,63.913133794226354,63.618745746016806,64.03000492611301,61.69131900392061,63.29578804544794,55.91268902769804,64.55548992502848,66.69468699011009,66.07485778407073,66.56432862492751,65.0940931256476,63.04222689703793,16.97196655438546
2019-05-01,50.3538681213871,22.035496390534185,67.78077082809331,77.44027300583204,49.47944922269522,58.41624867693682,165.70611470495865,71.96833269733584,21.74686951748379,48.96958669341731,31.3475327948369,21.09674311663747,51.11996260866913,16.994142950947346,8.725919464788914,22.891909483636137,29.058077523603394,29.57687200281853,10.640582987881906,5.34519571534707,2.5239763900362613,2.3073632756924507,5.866901072915505,15.430767972436236,16.780057831432494,5.344183845655197,8.544271096550089,5.196839256463265,4.121957113119287,4.49852436908623,2.0863011563118694,2.373592216160981,32.17046065040548,0.0669653379150318,0.2468422207086665,0.2563450398847041,0.2321164601892907,7.695799910124531,5.487941651750504,4.493137036913181,1.159323649657258,3.684299626973587,0.309650955654341,0.2891126770606548,2.797707833028691,0.511171280910279,1.6899960294045708,2.013177335900017,1.8601617567357216,1.3779985023830663,0.8487185458112395,2.870528594303844,2.7189945498272348,1.7488054994257003,2.94938271395242,4.223102967347123,4.213657727981135,1.95418401447104,16.41546080194688,9.667846209296322,8.207502410109445,7.291207457964749,7.852906557161727,9.157081543278224,14.749311602492469,10.117287481439714,2.9924254739681206,8.540249596214789,8.791169834822517,7.840128023728095,6.409552810079617,3.058272108087184,0.218381192015777,0.1086318042819611,0.0331434154929261,4.2881267291086935,0.0651510985848513,0.0760658232118191,0.0709821441111862,0.0051760556256384,2.284947190181593,1.2944373323438678,0.0469778193624603,0.7521402718055423,0.0339386402059081,0.5857465988452676,4.185948405642483,3.922699861581657,2.8755749696605397,2.1495259618298688,0.0975322225675131,1.7661818159440932,0.4228256583299096,0.3173394663042212,1.0770434297579234,0.9966236306815052,0.7841901294942618,0.6986818448012553,0.6795312490895559,0.0579823651119265,0.6435064383611776,1.3354303864315424,3.0470977578947664,2.9019539337793985,5.224679106551357,7.067383733987226,6.890327208839645,6.196948097120815,0.0783012571248169
2019-06-01,3.694658705413797,0.1203975132458224,6.174501135164242,7.424564711357108,4.044432998159447,19.46803815241616,104.67885721879932,36.01398265456006,0.025771306229925,22.50088383303152,10.499342763401089,5.8777268117241945,28.499589395801387,0.0002480381424063,0.2973007590826863,10.79434605266333,0.0,8.153872879048858,0.0,0.0,0.0,0.0,0.0,0.0,0.0,0.0,0.0,0.0,0.0,0.0,2.3188618455631637e-06,2.001096695202456e-06,0.2404479793800478,4.397335750430752e-07,9.577828115282264e-07,1.0697994012765162e-06,2.0205370079818463e-06,0.0,0.0,0.0,0.0,0.0,0.0,2.9913482173281052e-05,3.05834583573385e-07,2.6468717152067134e-07,2.387959167234831e-07,0.0,1.0043505522543804e-06,0.0,0.0,9.456297320502368e-06,8.838166919037478e-06,8.444506445814963e-07,0.0,0.0,0.0,2.0917543397527384e-06,0.0,0.0,0.0,0.0,9.704547647538896e-06,1.0733487306926572e-05,2.8878807294565768e-05,1.3818500074080095e-05,0.0,5.0056983402123085e-06,0.0,0.0,1.344010208567249e-06,0.0,0.0,0.0,0.0,8.295347347229722e-07,0.0,0.0,0.0,0.0,0.0,0.0,0.0,0.0,0.0,0.0,0.0,0.0,0.0,0.0,0.0,0.0,0.0,0.0,0.0,0.0,0.0,2.294646006272275e-07,2.0704967169980585e-07,0.0,1.782926083249705e-07,0.0,0.0,4.729144416843078e-06,3.11931292571649e-06,1.1342054208861816e-06,9.64230523612246e-07,8.160742532434373e-07,0.0
2019-07-01,0.124583012695481,0.0012723120483355,0.0515203184129706,0.0,0.0337765997500838,0.8814898594674672,5.412673425129434,1.769949459488026,0.0,1.6100599701301148,0.7486526489715547,0.4185882718864153,2.2784720648117816,0.0,0.0,0.8590815585039867,0.0,0.4118626968619465,1.861555035311313e-07,1.424136864957099e-06,0.0,7.058918987617672e-06,4.7157902962876695e-06,0.0,0.0,5.50703250189128e-06,3.3608616978861584e-06,2.719525595588565e-06,0.0,0.0,1.6292056994457177e-05,1.4353914409509744e-05,0.0,2.057737137866489e-06,4.045462401251183e-06,4.497563723228846e-06,4.883905332791124e-06,0.0,0.0,1.2651818033486129e-08,0.0,9.945083500444061e-09,0.0,1.6337058136063436e-06,4.461433083126167e-05,2.683820467629013e-07,2.3207054512208237e-05,3.761794351476288e-05,3.768109080638132e-06,0.0,3.89721954054067e-05,6.712970224845976e-05,6.377845634785883e-05,5.678540058810264e-06,0.0,0.0,0.0,1.570055384407737e-05,0.0,2.0290704676887724e-06,0.0,3.570088362316949e-05,1.864310490609037e-05,6.674884449131332e-05,6.8210164882121e-05,6.718859033623119e-05,0.0,1.5219059388308086e-05,2.0963551927706804e-05,5.528807949687979e-06,5.339605606955396e-06,6.393195530807047e-06,0.0,2.0356218163935022e-08,3.154292733736088e-06,4.074047257650543e-06,0.0,0.0,0.0,5.091964442261444e-06,1.097771235589457e-05,7.842289006522497e-06,3.2558501075642912e-06,5.966429343079683e-06,0.0,5.6125952019018336e-06,0.0,0.0,0.0,0.0,0.0,0.0,0.0,0.0,0.0,3.0452939121974894e-08,9.157905733142924e-07,1.303884968374858e-06,2.079107833117876e-06,0.0,2.4930014753201256e-06,2.2921168513340888e-05,0.0,3.5089315885705464e-06,2.308447473540952e-06,5.738035179928973e-06,5.877710370101234e-06,7.000729933278897e-06,0.0
2019-08-01,0.0838356926981919,0.0008698501692318,0.0290902998475874,0.0,0.0190883158918166,0.0512198829400711,0.1392484079790326,0.086873881090227,0.0,0.0043288649832818,0.0020128543637491,0.0011254314411578,0.2027546499044467,0.0,0.0,0.076447047948602,0.0,0.0174397896325627,0.0,2.892871673345027e-07,0.0,1.2920262837305443e-06,9.770538512953398e-07,7.715865309038169e-07,0.0,0.0,1.4183289317170285e-06,0.0,0.0,0.0,2.455278918472574e-06,2.156915617262968e-06,0.0,2.5773768787760154e-06,8.681751402813122e-07,9.69808329517497e-07,8.05104650541609e-07,0.0,0.0,0.0,0.0,0.0,0.0,0.0,0.0,0.0,0.0,0.0,2.318076218190443e-07,0.0,0.0,1.1883863018736024e-05,1.1107049772519706e-05,1.9490216361669146e-07,0.0,0.0,0.0,2.02379143107554e-06,5.146257448829845e-07,1.2054682613459553e-06,0.0,1.8255133969943795e-05,0.0,3.656090830503528e-06,1.215242196568688e-07,3.2150912142643493e-06,0.0,0.0,0.0,0.0,3.004864609195009e-07,0.0,0.0,0.0,0.0,1.854628447446385e-07,0.0,0.0,0.0,0.0,0.0,0.0,0.0,0.0,0.0,0.0,0.0,0.0,0.0,0.0,0.0,0.0,0.0,0.0,3.922340775372073e-07,3.601226828789104e-07,9.44282685444316e-07,8.297435532645926e-07,1.316570144456913e-06,9.870654255441042e-06,2.1817627730973927e-06,1.279358901153082e-07,0.0,0.0,3.11931292571649e-06,4.536821683544726e-06,3.856922094448984e-06,4.0781272182029485e-06,0.0
2019-09-01,0.3533693806056329,0.039510617226447,0.1583487991824764,0.0256931304649599,0.3195164288728893,1.103663233683016,2.7148504758362613,1.6793856365440183,0.4652953869697881,1.1210743546161854,1.0902340918579314,1.5313323608826472,0.8629317895702882,0.3494739734803894,0.9537391148768476,1.288156267011655,1.362576736245696,2.083811825860907,7.259244974957984,4.369256405511595,0.4260759270936698,3.1669543257563944,3.4461782087179347,8.226512260554166,4.206105504149637,5.949391058988223,3.587885060603884,5.13139203206796,0.109733820492,0.2293850055376164,0.0030465028022233,0.0566392572738921,0.0224816940312716,0.0001032237431489,8.397514895796277e-05,8.41887607911887e-05,8.503844912784395e-05,0.0002891007241047,8.168633569203007e-05,0.016110339873873,6.905810289821247e-05,0.0126780245148556,2.778618870675851e-05,5.349436260181647e-05,0.0001024056871036,0.0001092776082728,0.0001035686996715,6.702694762656595e-05,0.0057490731338724,3.161186030028831e-05,9.121473192157e-05,4.625294428191927e-05,4.732250621345813e-05,0.0048437481031462,1.1907161145764474e-05,8.628806052945759e-06,1.558942269411093e-05,0.0033941602142047,6.610204944434572,6.275081040010829,0.0238370892621731,0.9448820368765596,0.0001049253434354,5.357735269548858e-05,0.0001045700585619,5.843441937669843e-05,7.037998248187163e-05,0.0001117587089538,0.0001117587089538,0.0001038066642323,0.000103612355835,0.0001117587089538,0.0001044558918664,0.0001031668512637,9.477796129430238e-05,0.0001038522296549,0.000111502135671,6.302788352786485e-05,0.0001099123114031,0.0001117587089538,0.0001117587089538,0.0001117587089538,0.0001114174315162,0.0001116651592781,0.0001117587089538,0.00011168660519,2.1478741910497437e-05,2.202280497806585e-05,4.739110992153045e-05,4.829285435047394e-05,5.111790735473603e-05,5.143270621261992e-05,8.79901955725362e-05,8.621595578606986e-05,6.859071606202159e-05,7.18179286986287e-05,7.915948260280159e-05,8.30074451522618e-05,8.567505591605371e-05,9.2580064898952e-05,8.86140099693403e-05,0.0001117587089538,0.0001117587089538,0.0001117587089538,0.0001117587089538,0.0001117587089538,0.0001117587089538,0.0001117587089538,0.0001117587089538
2019-10-01,54.957717552763725,42.68544635083242,51.58220466638824,52.77241834759556,47.72308727544554,36.65511033456352,14.673137522408869,27.183261325810708,11.909199870887203,22.236246328827157,18.438330919678418,20.27875442341329,10.437669089763302,8.45182700117178,11.08454157619228,11.831543169969848,39.767136004355926,27.989208090709983,19.70314293868425,13.391635783914058,54.53211106491426,10.599940836978067,22.210545431491525,12.37806383533044,14.996734581994398,18.6006913816728,26.19433965927816,24.53488884109063,82.59847571330799,86.36520838862894,36.79401601917276,42.016505603098544,53.1688178622521,13.745172515501151,20.231382925986512,19.99172018090416,20.484864731086564,51.348569442739546,58.731483476455,66.70352234548321,68.47099264458173,66.15327999695546,52.2238077128321,40.22037324063484,19.690992094114712,23.195037148265342,21.452359190022392,17.405407058908533,44.10510852916548,64.19195738502782,19.99570876090521,7.210809566409537,8.197414635169894,43.01644186900435,75.30011697212247,80.13898634835921,80.9229482497075,38.07447557259293,11.719077769212785,13.588087111860649,45.02607423361318,58.09414441346169,11.630015143559534,6.913597700989418,6.475373477042,6.784671310205004,10.715098992196973,7.1647965300123815,4.569152566141336,3.585995700010897,7.353324857435683,2.1582979070197044,1.2345650619655295,1.2121187237259197,1.1792777076256995,5.083247366008022,0.6853735515963567,1.5328019102137302,1.273079274475955,0.1187711306795765,3.486286332820082,2.5331320871966594,1.068791882349522,1.7841679177158003,0.2847035883499478,1.4316942769669023,62.07992162507512,62.82242177646928,61.74824423783407,59.49280715656472,50.643657413284906,57.09015957089967,43.07953147129263,38.29826655040236,46.12686376414083,44.442776710526886,37.53214208889376,35.07314813205814,32.57956873759684,4.48213309455487,28.51339688594136,4.280782447714653,17.322036848260577,20.14862311006944,17.638062692082123,13.921791667037946,12.754053437514608,11.54269410606635,2.9568022462704837
2019-11-01,12.328038336427277,16.961924765637395,13.705502042774082,17.048169143605183,16.833218770270676,14.07297090797914,2.089679451930307,10.48755779440394,18.991244091140928,14.444649524319791,15.762225135290214,14.419591852643649,12.72708460459872,18.114770669300988,15.851071446928714,12.397912773501908,18.54331711092878,14.298409342233589,14.762482803630606,11.113519446247963,6.121747391885535,6.845488183123871,9.3671285854338,14.40877826037472,15.098440940372388,9.032537951683928,10.132204969338174,6.8309110370454444,5.438734956775617,5.684067661074099,5.419118071938523,5.584303412093966,20.13446586803624,2.776950946525021,3.288646746456527,3.20078411035442,3.340261763030193,9.289527789567186,9.150919008995947,7.256268571025196,6.668671250076049,6.94731933183094,4.921417568402353,4.712129882844371,4.354540226100371,4.4897224312101205,4.390539632960518,4.689207248037682,5.227703225291605,6.042022247466024,4.868472906839573,4.7188839931980215,4.732669950572476,5.223897507806506,7.103200848650808,6.74638927341439,6.491709196538695,5.358117336442219,14.442055617763993,12.922367772907911,9.509442446976376,6.029993716555994,4.265480495167062,4.611703843276199,3.7857687659465777,4.479051553646966,2.780725938329715,2.8207839943821544,6.417696312316531,5.680906245886503,3.428296161092144,6.768289433754624,8.102185149703612,10.198645752623424,9.423045129459371,5.377923214444354,14.117127188889334,10.23191119817,13.439604470087836,12.867774352146466,8.593254705553637,10.206394164233942,12.480831255724356,11.741570225776195,14.970859295951383,12.588261527782546,9.373161125149077,9.287193289654038,7.960413614488172,7.118378806710794,3.685040517814688,6.377518820725447,3.6453231258912298,3.2819797849538555,4.966895099466986,4.880134988887063,4.757404481025673,4.742423185948422,4.864096863705901,5.886638668663025,5.236113420190522,8.276733687309365,3.5925523609447776,4.464942485180722,4.387310098119805,5.267132326484737,5.587171075672983,5.928789957024576,9.794990192196664
2019-12-01,7.687070097142602,13.052243367065554,12.824314937723534,16.71588808791613,13.910020280928602,9.226982112734175,0.1530677251136012,4.369688223490386,0.0733957098217255,0.2968084372744432,0.2049507010394612,1.3421476890444966,0.0513991720836564,0.0732749289570405,0.1246255333984381,0.2409505413319396,8.990217634344088,6.60251865211502,3.991398551106309,0.8665191952025624,1.4672881649597125,0.0,0.8172015923809189,1.791829934040012,1.5685084500018076,0.0895846189717096,1.1075856403908315,0.298680578694186,0.7546413410263639,1.2883363168634625,0.2045303352515811,0.463188945811283,19.849134777545963,0.4378876091748248,0.2999440504130464,0.3345788834573731,0.2787671595243998,0.1078826358195446,0.1462088400247539,0.1338660391803174,0.001351458859281,0.1053521266194866,0.0014509639345801,0.057420716468575,7.363661035519358e-05,0.0003139925573502,0.0014322842094123,0.0591713022281698,0.141258940830969,0.0375610796953392,0.1001370324430218,0.1060838009804419,0.1118559258657044,0.13187456202448,0.2601119597791197,0.1346850954940826,0.7691110081895621,0.162995864728947,1.8381093059768332,1.1860507521231052,0.9467937346482902,0.6712968771888655,1.0947034374749949,0.5500673002493727,3.714003833725398,1.0237303868148284,1.9821619278052347,2.927303009151076,7.350438343694361,8.035654401335073,3.471405581318153,15.510095892464852,21.556854782553422,19.5072152895331,22.70047651790501,9.31208389326626,15.593244467459414,32.64732483825067,19.31426311496565,6.320352844207465,16.47876959686151,15.544781042129443,15.232866522771854,14.70950517605268,12.139019437313388,13.924271123697446,0.028554356546632,0.0280695208183662,0.0026410828847353,0.0198037509019583,0.0,0.0162023407614622,0.0,0.0,0.0944170414317505,0.1358130833719279,0.3259845838883058,0.4625944052366629,0.9505761666202664,5.614690936214146,2.780775816072909,16.348123591738783,1.7458698464603837,1.4610630012566366,1.7978483923274435,3.65862785917671,4.963982006602782,6.601853147699597,13.78417669233142
2020-01-01,4.081191807495861,9.997324029259104,5.689127472537045,7.316022996628764,7.800014826166483,7.206777112596229,0.1380774867588194,5.936441520467881,0.1172315807257558,0.9791895177298616,0.828529997600606,3.537986586877389,0.0209983400352832,0.1942503964571216,0.2035775290331839,0.2944034165604429,6.907890867480148,6.261997153817847,5.170026030980674,1.6724602967403637,0.0015824388458462,0.0,1.3245517017880286,4.7692641480776325,2.3212475526761587,0.4907225695423871,1.8789194368427349,0.1042807350438297,0.0,0.0,0.0284750637916618,0.026261067525444,11.20583691671431,0.0,0.0,0.0,0.0,0.6940911549436777,0.4744945768921237,0.1535118653865355,0.0,0.1206694812979758,0.0,0.0,0.0,0.0,0.0,0.0,0.0543360605270236,0.0,0.0,0.0,0.0,0.0456853647693743,0.0,0.0,0.0,0.0319014062525976,4.286880015943033,3.0098406407258382,2.281487723822088,0.4483180627911149,0.0,2.2353583598430213e-05,0.1029110608382091,0.0111404386682797,0.0,0.0026338901529666,0.0131461692342036,0.0837122095345772,0.0382488682766018,2.2942398843807066,4.5204577056077255,4.376277570837054,3.566204910064932,1.401145921901528,5.016648060800467,3.608077043956154,4.338284040727372,4.677259245199905,2.49851799563512,3.538368903699093,4.728750528059733,4.217869182685059,4.704879865380485,4.339391203095978,0.1185945408753108,0.1029805308166406,0.0091856961429682,0.035206076065405,0.0,0.0286659804498531,0.0,0.0,0.01609772071108,0.0147798335297872,0.0166822052425798,0.0146587273148242,0.0323115408396343,0.2908460464875912,0.2727100856782612,2.015453843801129,0.0,0.0,0.0,0.021463401443857,0.0961383226219867,0.2900588327099102,4.623792955242279
2020-02-01,12.279851819783053,17.778060815062144,8.978617025090964,7.676633622168982,11.34924000773232,11.51400944226599,1.9100857003380107,11.27546676634656,7.004588253005105,8.19696964055499,10.792504525485366,14.567501775400077,2.5385150796161824,7.740627141704818,9.003191022044707,6.818347321248589,21.598793270207334,15.108332527627352,17.17763090675844,15.251840377243465,6.515369813827057,4.522197821276256,15.514674317211266,22.82606832791632,26.963479237994008,21.180524315351896,22.58782596156006,21.860572384601443,7.741051187597264,7.331011562531367,8.961231543056618,8.953546284710189,11.186639038470412,14.114881509120416,13.010754544758685,13.298549842512212,12.973367405677733,29.93066090750401,25.99766105241954,15.686247010454396,10.82826037250758,14.824404207197608,12.71245978736752,12.524615656012152,1.196698403139966,6.222431626098112,3.3948392597408183,1.29489142187689,13.072059956849465,10.031980995103982,3.774087446803045,0.8340046720321702,1.042640683808861,11.996172721074949,11.580692945365088,10.323728657037767,10.663247026619697,9.567090301082771,23.578843367149773,21.62823754681912,28.89136056116244,20.34027727567001,4.099498961248687,1.3199611857846747,10.912053079918255,2.529391314821112,15.352788273945192,11.56240687644395,8.397698174026957,10.847412946656773,11.525189136178833,21.783666753035657,36.417273769574,34.5453205267111,24.350366368533937,17.85322086055477,32.54326604932602,16.94741015018996,23.654606683728165,34.86970607356125,26.60799233952617,31.891669088923525,37.52188869944956,33.84986919583996,38.11976300585638,34.621023868095875,23.094065359025517,21.810017075521973,16.57737292385238,17.008625512237202,16.88357100378912,17.62768332450793,18.96394366878358,21.519830519158766,18.95267632472636,18.877633530447724,20.43699212525402,20.044079539388065,20.69451844561857,53.65848809887585,24.439979633271832,38.52120153458175,9.852983898205713,9.302177035364796,9.542138638029057,9.325396500525793,9.93972914011463,13.148611477394772,32.095258451882266
2020-03-01,10.573436218042383,20.065915204473995,13.183780519959733,15.433108291777778,14.95301605946328,13.367027059516891,1.204266956391892,11.873882143004742,6.078329987922301,10.255699881931315,14.932188379424506,16.746362814471382,1.8518038046393703,4.7105950908644045,9.413807446624263,6.439682084657882,18.74332643662904,13.97280482005318,8.173028690322303,16.61202035828109,25.206886327608256,34.186956822799374,20.304507017824623,6.424809072852911,8.569591332705786,13.679184819086757,12.62630735304813,15.941491669820882,44.46062026768607,44.27288274770029,59.276014066745134,56.13670446714062,18.750169329866704,74.24520863641261,72.16039169303659,72.35330788292204,71.49553288075961,20.118080625772425,25.67255432661382,38.17292361952759,60.92909204817135,43.11268290507646,63.01688695876165,59.7061445220336,78.1615637127055,77.0944112634189,78.12846601591163,76.60406831495749,57.74918856812849,67.98124801474401,78.27341347653127,58.35746818284839,59.52828340980557,60.162605170166245,55.16362845381033,54.02294984629491,46.71371028149734,59.95304703243706,6.5171045822597,9.215629235085554,12.333657519670163,18.757960039913943,90.40325605707687,74.00086279664106,71.80935440079429,73.837441410493,83.40404348911514,77.81486746225801,103.26979086551236,99.32945398335332,88.85853356534139,61.05275739319811,17.721456228102433,19.596398648523117,32.58779140455244,68.31043930437015,23.73762622528343,44.43270045015577,36.689885775974005,7.310446009458957,42.67211188602583,28.86371357250429,14.861153851002928,21.97593517317983,13.341536330289568,19.639506208777043,37.15504841202664,39.19033310773808,50.71352846944419,52.16378980861608,56.85929543579714,52.40953597865672,57.245226172407286,55.45747974273528,55.581902833828366,56.29641725324216,58.58122573167682,60.20772544150509,60.48895157017572,42.66230300772445,55.44232396778262,22.645461688523884,79.3386655920597,76.71883973450811,78.41421857750501,82.05294030543303,81.04548649395569,74.54065988717062,10.964843908007364
2020-04-01,95.2698346301481,29.85899672459338,61.281456510693566,50.85081318558564,45.588459314678,35.24715341494695,31.128922441655675,28.87127237351927,85.44855608483002,56.16626686229998,49.1590907402662,31.979029982956405,68.2650046261016,78.40021670728171,56.37550677019337,59.93570506032032,9.20911220062392,23.240017316214846,3.628993600860107,8.653447259931413,13.368779189375882,26.94304461642068,11.670510366938714,2.235292082170091,4.207914286264753,4.222258948070713,6.5193863525173,6.568550011733159,12.930967685585804,14.016329859924076,18.78330391139718,18.218151053019163,40.94967580980114,5.057110515227325,7.495418612569812,7.412500621927476,7.681021362174491,7.173570225374986,7.193360777705178,9.317749594210056,10.104870631309842,9.789904437411153,13.89865407584268,15.324887812855849,24.401584217949072,9.971656776673006,17.664592324041628,24.175692374354647,10.410217057341278,17.817694113041462,22.150711778274264,36.4340685516688,35.77250358775069,12.080906648695938,17.12569989636677,15.432536584402644,15.885713887329446,17.450638863699304,2.647922926021492,3.21343052805616,6.397178724334875,8.24229204584304,4.09435784762611,37.54373523694025,4.903101905328682,33.75064188200077,5.415993824012169,3.0990537276392223,6.555629188076389,5.997616569232894,4.533977522995903,8.963818741361449,11.990755332285095,12.356795472212507,14.734003505779246,7.29770471930809,10.230096035725891,16.82840367938966,13.62128344001803,5.4169363115866425,9.844479565582631,9.492849686913,10.277163340565297,9.449165203299598,8.343242760031677,9.020853205452887,7.729490791167302,7.8800803266984625,7.669085831503089,8.120055148998512,11.630374636871252,8.608332676811175,8.825956902789619,8.741005533229597,8.092384392814106,7.8754830376484115,7.315591413439682,6.952234159623147,6.732673592650186,5.965137303578233,6.735930438691754,7.286774151820243,5.780848996317427,5.668619131947146,5.531621955668817,5.40698313270234,5.5469430272852,5.815359907986831,8.773573518989611
2020-05-01,36.38439564510073,2.310548158461979,71.31814203364951,78.10951446359454,46.83745176743246,53.32534911871127,155.5535729801788,65.29816598546327,26.056314679229875,48.69815174249037,26.872342674536213,15.454459760141113,46.59639242658254,24.34985050310797,2.842200032395585,18.42738824130285,0.5793655236500176,22.243586795535965,0.92760529262132,3.1274642453057933,2.0209224852532524,8.574006542797708,4.4320555830090935,1.648962579094295,2.5487872865434857,4.663303482076151,4.487317651241671,7.735584050194558,4.5700520800875415,3.461387290408995,2.5882974564393453,2.624972150196075,21.378259337490213,0.0154390716454192,0.3034129183767525,0.334751080878536,0.2900897046679936,1.972900643301749,3.285759943312629,5.70222554788006,3.7216517771547215,5.073066229957937,2.107138295061134,3.410401175662414,5.436119044295685,0.7631564280787857,3.272408607606105,5.348688887633112,2.9539466520945976,5.725347382966285,3.3805132552661585,0.8673878363896611,1.000563907995879,3.215246109514274,6.043080159122164,5.624823925065948,3.825349498930211,2.8396896038044592,1.7336636491427948,2.727167910989892,2.326284202740978,8.584896259404369,0.7061516838842972,2.965801839702414,0.3798665168491291,2.754784320381704,0.0720518201554891,0.0263840891354923,0.1391474869136976,0.0641762275164773,0.0721017962559365,0.0317633859970411,0.0110039687105304,0.0043815774980828,4.193437512527079e-05,0.0480661777240141,0.0,0.022381206177438,0.0,0.0,0.0433015234541522,0.0240790513339862,2.168459486889766e-05,0.0137082019126177,0.0,0.0105656480947535,2.475765911252987,2.6908948396363,2.0802390557328434,1.8467155454870232,0.4194079790361184,1.5587339494444887,0.3844390805122664,0.2425424808127195,0.9511361345126944,0.8781479920470873,0.6369027125067775,0.5596523068470479,0.5049841874046543,7.3173114158608834e-06,0.4348480906760941,4.941024908528936e-06,0.1593597866174075,0.0564560921671847,0.0440033979455031,0.0299596480820505,0.0303595059073865,0.025694780959446,0.0
2020-06-01,1.8447728806342223,0.0388217506955294,15.548106637199394,22.106944123127477,10.15505474345264,30.520768297935348,149.33918893246562,52.90325479313337,9.038465918708929e-06,24.16519208945655,11.236436193972065,6.282540260740058,39.66005549668167,4.34825602427717e-06,3.571000128044462e-07,14.953512501794515,0.0,11.962525966712803,0.0,0.0,0.0,0.0,1.4101400103712303e-06,0.0,0.0,0.0,1.6508655344810203e-06,0.0,0.0,0.0,2.752225818478628e-05,2.385486810715115e-05,0.2342479311980462,3.845054295992924e-06,1.2082917763684249e-05,1.1793508783363834e-05,1.405110414203185e-05,0.0,2.9182178306218754e-06,2.1041306399395927e-06,0.0,3.3838180111491637e-06,0.0,4.750927561543412e-05,8.310781098852935e-05,1.6520977016723592e-05,5.323828800782579e-05,9.45079329414455e-05,1.2599122342302636e-05,7.481677684183862e-06,6.0622472539848935e-05,7.529503164247264e-05,7.387200426329633e-05,1.812058572434693e-05,7.912999997944287e-06,0.0,5.857776956899286e-06,2.6867854410117546e-05,0.0,0.0,0.0,2.669256153116901e-05,3.886499133220175e-05,8.543452356976742e-05,7.648397583964416e-05,8.461137908160612e-05,2.5025896952456357e-06,2.443680285783988e-05,3.230658879774486e-05,2.7437851899252653e-05,1.9490246484964263e-05,5.1457480077041006e-05,6.945759861802013e-05,6.642308589219434e-05,5.182684283126332e-05,3.192093653237678e-05,0.0001027658654161,6.682798100089113e-05,7.988572021598108e-05,9.799459252159938e-05,5.60355942208931e-05,7.490779549099787e-05,8.904175307152093e-05,8.139913552801871e-05,8.636296442503324e-05,8.339558284636084e-05,0.0,0.0,1.980827659405774e-06,2.303186418779583e-07,6.742212792492236e-06,1.2547285879703028e-06,0.0,0.0,4.554036648939827e-06,4.992025585896317e-06,5.59113741729831e-06,4.953224197875485e-06,4.469375412252434e-06,0.0,3.848625275722773e-06,9.000522251539552e-06,5.408973891984947e-05,5.546133197271221e-05,4.23933171983327e-05,3.043795776837543e-05,2.8203948223995943e-05,2.8309800545274588e-05,6.020647311133936e-05
2020-07-01,0.0081834606774371,2.3468493693884076e-05,0.0031172346973581,3.1857358113632216e-07,0.0020392094091186,0.7903481375233048,5.114952674043248,1.6132843159555448,3.960153452654682e-05,1.1845657712376905,0.5508175409694493,0.3079780435378107,2.83486533394674,5.572622806531344e-05,3.0864988300387526e-05,1.068888591256943,0.0,0.3504393878903095,4.3053798236321154e-05,5.263920429583808e-05,5.587935447692871e-05,5.651467059626688e-05,5.4855037611581136e-05,5.063622594222328e-05,5.587935447692871e-05,5.587935447692871e-05,5.396929524770197e-05,5.587935447692871e-05,5.587935447692871e-05,5.587935447692871e-05,5.460418837747259e-05,5.48007358819669e-05,0.0,5.435978885272146e-05,5.4756496149522165e-05,5.490871808191413e-05,5.483806865872217e-05,4.604438668490181e-05,4.221758128409961e-05,5.067809100010811e-05,5.358594756805127e-05,5.1581063064411406e-05,5.587935447692871e-05,5.587935447692871e-05,5.587935447692871e-05,5.587935447692871e-05,5.587935447692871e-05,5.587935447692871e-05,5.34940232149547e-05,5.587935447692871e-05,5.587935447692871e-05,5.341726919148119e-05,5.357820848033321e-05,5.387378528876722e-05,5.587935447692871e-05,5.587935447692871e-05,5.587935447692871e-05,5.4056332552583634e-05,5.238234044205544e-05,5.453228885544765e-05,5.432845841692169e-05,5.660782874133751e-05,5.587935447692871e-05,5.6735831673230126e-05,5.587935447692871e-05,5.670621642564426e-05,5.587935447692871e-05,5.392562468972752e-05,5.587935447692871e-05,5.122344235281634e-05,5.279113171182603e-05,5.457953883222559e-05,5.587935447692871e-05,5.587935447692871e-05,5.587935447692871e-05,5.362372294049086e-05,5.587935447692871e-05,5.587935447692871e-05,5.587935447692871e-05,4.630254075983407e-05,5.587935447692871e-05,5.514254646054188e-05,5.587935447692871e-05,5.5305988088519127e-05,5.3739053310392194e-05,5.448978693814901e-05,4.31781306988834e-05,4.333292050648188e-05,5.140922855059635e-05,4.79748272465636e-05,5.587935447692871e-05,4.908904563308099e-05,5.587935447692871e-05,5.587935447692871e-05,5.10348149369819e-05,5.1197840047598246e-05,5.169201065127045e-05,5.178423228381584e-05,5.154737035134801e-05,5.039300238005444e-05,5.119904199530432e-05,4.346483074339218e-05,5.587935447692871e-05,5.587935447692871e-05,5.587935447692871e-05,5.587935447692871e-05,5.587935447692871e-05,5.5258095463578765e-05,5.587935447692871e-05
2020-08-01,0.0001385411009162,8.472892808283371e-06,0.0369311383265506,0.1260244122421824,0.0241118394082942,0.0613987905973997,0.1799564890335763,0.1029913219610124,0.0,0.0813042950448985,0.0378052227788819,0.0211377370969262,0.64269250170322,0.0,0.0,0.2423224123816899,0.0,0.0264436041874589,0.0,0.0,0.0,4.036091753411319e-06,2.6978504501249578e-06,0.0,0.0,0.0,1.9458814527570543e-06,0.0,0.0,0.0,1.1760209767657176e-05,1.0551435173326644e-05,0.0179730003091019,2.05028659450225e-05,1.516652180915006e-05,1.4737557112449284e-05,1.579588668760127e-05,0.0,0.0,2.3545634995143477e-07,0.0,8.739587848014133e-07,1.270367142834052e-06,0.0,4.280201535069199e-05,9.588433968921247e-06,2.925211038777025e-05,1.9922264992015235e-05,7.469591517555577e-06,0.0,4.04428340439509e-06,3.947284709004305e-05,3.76556645207362e-05,7.621137358653571e-06,0.0,0.0,0.0,1.172148066657543e-05,0.0,0.0,0.0,2.837628495333082e-05,5.1591186669140494e-05,6.342355083461209e-05,6.452754657520385e-05,6.324208896373684e-05,0.0,2.180434156845664e-05,2.118817478029529e-05,1.659213339005185e-05,1.1571070483083306e-05,2.160254633477839e-05,3.0550524650756424e-05,2.998887296438394e-05,1.2923165645427948e-05,1.5010719052717529e-05,0.0,0.0,1.0190998402951782e-06,0.0,4.257044484620463e-05,2.790030493598828e-05,2.2869154351579863e-06,1.6742895047504032e-05,1.5427112369805698e-06,1.3145341260915914e-05,0.0,0.0,0.0,0.0,0.0,0.0,0.0,0.0,6.662130556926327e-07,1.4370339829142168e-06,1.2829004605707871e-06,1.1275867481249903e-06,1.5670559995426982e-06,1.4613308833775446e-05,3.800281681540956e-06,2.6492817980749558e-05,0.0,5.665310389361955e-06,1.270158009817298e-05,1.697557741380157e-05,1.832546617943864e-05,1.992585129128402e-05,1.9345310162115496e-05
2020-09-01,5.556883770941103,0.6275125258900789,3.893221880619415,3.453494505151605,2.6128860682167727,3.052541761795152,8.22858153710301,3.8016236305148254,0.0,2.21232411980727,1.028696349166914,0.5752499488400762,1.974399335788292,0.0,0.0,0.7444320181487911,0.0,1.1815739592170773,0.0,0.0,0.0,0.1204598349338293,0.0100847499914711,0.0,0.0,0.0,0.0,0.0,0.0,0.0,7.997006616007972e-06,6.9011370994028615e-06,1.5100794815470546,8.470625343220747e-06,6.640659529227273e-06,6.936686388722953e-06,7.533489421212435e-06,0.0,0.0,0.0,0.0,0.0,0.0,1.4956741086640528e-05,2.8413230135801143e-05,3.392199038894184e-06,1.683932061068065e-05,2.4743705687251056e-05,4.201569296053444e-06,7.868199707236135e-07,1.7218404507683073e-05,2.5132279555131444e-05,2.449549826780605e-05,5.218762041710301e-06,0.0,0.0,0.0,8.047008141333247e-06,0.0,0.0,0.0,0.0,3.704759246465555e-05,3.781263984449034e-05,4.143466653463647e-05,3.826426628000007e-05,0.0,1.5584062459641824e-05,0.1152122158275153,0.0306046800805757,0.0024689934325853,0.0415379067299729,0.0124723351904421,0.0051300946418686,5.381949169245873e-05,0.0061205916810205,4.0886176015526726e-05,5.587935447692871e-05,5.319304278930262e-05,4.43127540961866e-05,0.223659285722562,0.1243853982618594,6.650900165748178e-05,0.0708078331520433,4.641368175177731e-05,0.0545860013885919,0.0,0.0,0.0,0.0,0.0,0.0,0.0,0.0,2.3081487034707397e-07,2.119277340642347e-07,1.536778068488934e-07,1.3503707256128645e-07,2.239367408732241e-07,0.0,1.9283423780534916e-07,0.0,0.0,4.315773155928826e-06,4.402965064834215e-06,3.137118114595089e-05,0.0058779631021345,0.0187308847044233,8.758558763398843e-06
2020-10-01,18.55745232856506,16.954443158577757,20.313300020256374,23.14708459870604,18.615440286658444,13.57366435820108,3.4475356259641416,9.255218838547496,11.966729959504145,12.632022978233296,11.609087997195,10.321664852948883,5.428106947583996,8.670066582214288,4.382161742400968,4.0817832303239205,16.278247770308518,10.58372336612233,5.092863408674716,4.530896788588086,4.264211717896179,4.29529013583388,5.034939040895191,7.931860777632879,6.0912700642351085,6.182333983772439,6.055835818955544,5.5647027476129,4.662252901297074,4.939936751471273,7.94623625120834,7.48078014675774,27.007713972224487,18.80774382784712,18.02205339653837,18.290218455432758,17.779724927565603,9.283833265520691,7.349940916498586,5.87215390450509,8.589787089120568,6.929246116869392,12.588278184949903,9.984043122776717,9.606285802278643,13.84392626110061,11.379592317744208,6.754359134811785,11.327449901326236,6.299504614359412,5.503564462986099,3.4954304305625783,3.581318903466627,10.504224814811677,4.780699307625318,4.412461400439852,4.277065504097658,8.49973514628685,7.711644359542461,6.733107191471566,7.193651438857299,4.792837315896867,16.134315397565512,10.09676874767527,15.291565559713009,10.667350340021873,23.097377535681517,17.619363030683818,22.305786483456757,22.92178911966516,20.2014461965356,20.793519362827517,14.332311463484782,10.171405674017103,10.704142123143653,17.91007222216883,3.7521938076106074,8.659018453241123,4.591214729481417,4.4868716838581975,14.494072076583183,10.508075510346778,5.525503034804634,8.229020654974194,3.907922923077664,7.282053555588938,8.66372122826789,8.55249034296846,10.140679243239768,11.825162745819451,17.023969852354625,13.02934320574073,20.152496581586284,21.420711071399356,16.907329387446953,17.23476164290885,19.12386939546084,19.0317035783682,18.71536084708036,12.171052920304652,17.734197172685647,12.07867488320414,22.57585960303583,21.098303564552303,20.98940069990336,20.30630184829076,19.7276054245058,18.60644431169893,7.237495884885507
2020-11-01,19.095212778796384,13.573094023753296,23.602657570798105,25.376334397893217,20.77948782597383,16.106938143650126,8.7651846036939,11.679584004520846,4.415040250097541,10.36831084984401,6.3650870649546,5.595656633078667,5.600815844554436,3.445394412960349,1.3559793509950149,3.3338032916075626,2.200613543197383,9.351303186404856,6.343464298138569,3.711747841765342,2.9300214562172786,5.393093744944348,4.119525779204288,7.58101862110138,3.378015331422384,4.866367958909514,3.972730126294974,4.226249585920117,4.053112324367787,4.0728262420389285,4.051635633410186,4.05567683369721,14.771782525280576,4.28304938937759,4.494994137202586,4.434956619594827,4.467850701866276,1.5875474236133935,2.0100299056413453,2.7689779606875096,2.3958296946303115,2.68347430673642,2.5926510132499594,3.328157775768993,9.12521679679447,6.04295643726024,7.5331810943328605,6.91212437421598,3.5882710462058545,2.528823313492287,4.552997169769901,5.222698049232546,5.153280572516593,3.676174839948948,2.661118730345878,2.6932773314177845,3.2294016620828416,3.89070799147648,6.400341966856795,5.4806303281461455,1.6847997817631406,3.903525978678642,10.228274904594208,11.470369058770206,12.130580914461568,11.67292824313076,4.330240589770988,8.714936782441217,11.380381397186047,10.619706484959496,7.718175161532896,11.650185138732326,10.10721056109481,8.114536205625736,7.2208898438953,8.315819594696059,6.588893638331615,7.991408562973855,7.264950244016771,2.039515917045883,12.529279542065613,9.437995666021536,6.170319836230041,7.563185772969106,4.494105468305564,6.672312039988694,1.7732772292066277,1.8752638805895017,1.736002706670054,1.7170129184983225,1.7921273063124603,1.710497664770673,1.8098000429573,1.8553675457549792,2.098769423437314,2.212393439848124,2.2631730811990787,2.4361627680211604,2.535635891751607,3.4431003604853925,2.808780833107262,6.966356421930875,4.597952415876444,4.754774362543353,4.667419150630254,5.549613849715,6.17665023278159,6.673618799948689,9.78784691374926
2020-12-01,3.499007893022702,4.463972781522931,3.3036724495766943,5.359008313619079,3.911465226584409,4.588844693639806,0.6389919893299074,4.599537489065399,5.3599724700344575,4.658373910615369,4.533866487198304,5.3951732647562665,3.658894869735812,5.057691324036719,2.7707640507941087,2.199933671164821,16.90674610685997,7.018778999871551,9.09240618417062,2.859573852531577,1.1168159932579915,1.1104082862076443,2.132052355353181,4.616399755156533,2.2380344028039327,2.4832738579534044,2.03180313147676,1.7591858647944325,1.32250036567621,1.376637047331586,1.134058930189236,1.1690572883048589,9.13496543358533,0.7513325795649693,0.901756489205173,0.8760954757286483,0.8971526493794072,0.5546827073191243,0.6931381795870517,0.8649427895433491,0.6443384047735564,0.8097192329968975,0.78366364637074,0.948398147851352,1.92278685865418,1.5517064172545192,1.733800231600627,1.6113630376600971,0.911613239026243,0.9744386527577134,1.400150644395378,1.209234275367694,1.2278959447049105,0.968051429338472,0.9789403456592116,1.1098338659252391,1.3028181378400958,1.0717657435782353,3.9862735264350864,3.4032709329722697,0.7185912771856054,0.7654977942216503,2.394387603386623,1.9696558288879955,2.445920442159484,2.0436105472792936,0.4945312492288354,1.463234773997087,0.3943650369008781,0.3875304477590661,0.8453292795864898,0.3374757828998399,0.3549447605316668,0.3361569969541895,0.4009681483588024,0.6583405609246508,1.2311968249098626,1.8782046787745008,1.0828641559668506,5.26011360426166,0.3296824670508429,0.3386652120229054,0.4526046907024001,0.5313702179926105,1.485930106868885,0.8698481883185407,0.5861273259092754,0.6077792487091338,0.479743057683744,0.4527256583275181,0.4206418076920704,0.4467925059851663,0.3501252811994588,0.3762266456997314,0.4375009069510563,0.4271638282674673,0.4320474532872643,0.409158331108153,0.4075268241120038,0.6593975928757386,0.433113478857794,0.3635523936456683,0.4762749465192553,0.3971094002184517,0.3936141252712513,0.3649426785391216,0.349531762241752,0.3290273447558083,0.1727028146063664
2021-01-01,3.805720399162692,8.903432885488764,4.0616310960387,4.84270657100809,5.443773347335289,5.517476586340506,0.1961308846595779,5.273216674357746,0.8596198824964885,0.9473672948682854,0.8889108915298357,4.039673409486813,0.8090662747648684,0.773202129838405,2.4857053068503063,1.7270181559903692,11.40244797924689,6.802027855756236,9.929946847421272,3.604368207732685,2.6464988255425705,1.0921859344210585,3.342520911482349,6.819897090810495,5.0873631520543725,3.4225706834190315,4.592592652172198,2.8390610307493445,4.748141016597688,4.831208336976211,5.463217255609085,5.349298352060125,6.776135057253046,8.75450136091441,8.351013422525817,8.394808735787636,8.311635592415366,4.455086255805042,5.1682685288176335,5.0002296453718,6.678401283533176,5.486431007015431,8.202913204547343,7.634250156480936,3.1330764088813323,6.420841242861388,4.699248117195662,3.5563824347231723,6.7421971424862575,6.471111433856825,5.03936840685056,2.374478781748472,2.5737850630831414,6.548265092028091,5.588510682676393,4.944827186043967,5.573158530329179,5.739939942722422,6.055301949081096,5.608208960719212,3.727043380469,3.660385599866499,3.6401042670463855,2.1405349919502927,4.833703171571437,2.4669931914715333,9.914045424516685,7.10625062014581,9.21640104917246,9.868832753317148,8.80898924701521,10.019612364171454,11.414787547317584,11.348810581777354,9.604584548206704,9.480923596499418,9.94998437459723,6.673470277964569,9.030223308600103,12.617684286300774,9.49995862185482,10.65313028877145,11.810342840970382,11.401174142507053,11.78604338811518,11.623780868717477,6.104029229518914,6.183896798701952,6.612943671019204,6.997666149161205,9.6638364686767,7.569494703648715,8.527732775991495,9.4075017581563,8.633561120961769,8.769163407442033,9.292442032857627,9.806507789638976,10.226289689909464,15.452889547017836,10.934425194304383,13.165476606784525,7.348631581364136,7.501533087287978,7.8333846350327425,8.918839969991238,9.147676744594804,9.528399970152298,11.236490993068596
2021-02-01,2.879382198938963,6.3248032671289085,2.3667724871999343,2.685007316970416,3.5793434416976613,4.061529703683016,0.4131239846674377,4.330664557689891,2.761651707994955,2.38746108523909,3.9509869545500433,6.78129967639448,2.9554824454296904,2.6888917994494417,6.581595594205466,4.1972828195256335,9.963073917986534,6.38327765319694,9.146172440497562,4.962790342965598,8.097577900420804,3.24033489206285,5.955055835522403,7.204095471951884,7.450343519302562,9.931306859142447,7.393677364934244,7.368183571492908,8.6134785129483,9.473855445700998,8.021855075719603,8.21927439135407,4.005743856800927,10.109610369613844,9.294697092299662,9.385360025687218,9.126314653863531,4.77742575048446,5.568866419533704,6.489263336939892,8.1865906579987,6.735657683250393,6.613123978039589,5.8958715696701285,9.602940103947278,9.946502678558762,9.778799423170671,9.770061271808013,7.610252958072135,7.730439281997217,9.68142734420921,7.382259830541899,7.497356652538423,7.755939003940161,7.161850704883893,6.832177821267775,6.702368596281334,7.808169311982448,7.229076722606256,8.412581607862375,4.8358558969154615,5.395961302362742,14.539235459732142,7.778057162034858,14.148177288726798,8.49540342940197,12.92452134975198,13.506909357722432,19.42627085362432,17.802498362638065,13.49458344614282,21.675185269623253,21.900964542191563,18.220527726207155,12.415071278250982,15.328140369792171,14.016975839351444,11.739644672186769,12.979472403959177,28.63164477205799,21.545950106820964,22.30714736667524,18.776345220540293,22.104996616323803,17.56455576284067,21.79281714608951,5.711178262965767,6.000746230134541,6.124205941170565,6.263989248927871,6.494941275397753,6.25942909748024,5.271438989596241,4.955119585504619,6.691594800014955,6.899252662717088,6.280725192521696,6.32040343712013,6.333391790148508,8.139346385198468,6.870013786889904,12.307831909445165,13.15856624659418,13.929077898366897,13.682496942502722,12.782604723417082,12.93210543585272,13.027947670027364,21.79896745091343
2021-03-01,33.836469914085306,14.035874782718553,19.732399158064982,16.895495903819995,16.432663376443845,14.199588228691905,7.682661190254519,12.88579704662014,33.761606517253696,25.486284403268,31.09599618981612,28.365549826136395,23.76694596363545,25.371349200396047,20.067463188038545,37.77898508006606,19.96314812395497,25.28891689232619,27.806246925879464,59.89839035351719,13.818849073031515,56.91187757854247,38.29186675165058,10.549862026630844,8.045212663049664,26.14128768472225,12.013564998404302,37.48674343112703,4.449388193295096,4.597011800279452,10.675061397099006,10.040086916507295,21.93883546297466,17.8346571695706,16.47150830529155,16.850179792393625,16.127260444173306,6.116535549685838,5.335479435364923,4.525553205547753,6.173284534574819,5.079247967014902,7.66539178408404,6.4730699150188205,23.840221560015145,12.726187024640351,18.21751061532475,19.888865265358987,9.660204768090765,3.5170709219528944,9.123964745303764,20.011361003183648,19.05502136619183,9.495554281041304,2.976612472150898,2.709706949367775,2.514378703866756,10.337918550710548,9.931276064379963,13.281851005409925,5.5629564816494,8.751568596794675,27.355790366966087,38.35387680230591,27.24988515682671,37.13771118000331,26.291956328648943,22.255816842408805,28.20932633330955,26.2321526174427,24.364862464157028,27.8512360362729,38.255063591856526,41.52373173803216,60.51916761888419,30.73472336177752,38.58943523831496,65.42584714123637,48.90833378508039,16.408066330693813,30.2102779440181,27.02518895966885,31.102598815810342,26.464011895799132,29.630835218930446,26.30092109815393,6.042824961792476,6.088175277425813,7.576524925970631,7.332901038745227,10.357805168866031,8.029310848974603,10.67578907027385,12.53082279453069,11.477179095960638,12.090776109847075,14.73621936348712,15.844069457632507,17.413979834443808,39.932475023188765,19.76574005621073,31.06740164939313,23.88680750767059,23.84024292520266,26.100043203281444,28.12733195044531,28.227428100780976,28.640887748826422,19.25294492486905
2021-04-01,41.01257172451121,19.903342022283063,44.580782075866814,42.91066989097764,34.72516870011999,26.264305791692983,20.85231775793066,19.834030217478404,14.41483643484561,22.29400666939843,17.60945613891476,14.027095092593306,14.097863764026236,14.00701202807031,8.615254564428584,9.849358798826382,19.649512274296548,17.806245419999115,24.55384788508798,27.749825959283616,23.134749293478084,35.478831163800486,25.059719029639563,22.454857213508188,21.40231789865847,31.582250510621208,20.12055096549239,30.382566474351083,16.23309341351337,17.879015593155145,10.508997342610078,11.839691269332665,37.40256875632427,4.0308902290590805,5.37151421115349,5.41602410462554,5.345038204457011,11.997038990168376,10.388423356098262,11.146665521369998,8.340441573563865,10.425116391357417,6.738630252385822,5.9694917635744,10.923836241762745,6.856134616108518,9.107386791967672,11.70669175538156,8.052878425733118,9.107676111151,10.05882765216518,12.484392946462537,12.298004190269856,8.311830585384033,10.614960151308058,11.31473089159678,13.256805235759405,9.483017965617652,21.63572821714611,25.42191373508337,11.960946133814998,12.34784915383166,7.954023857679376,10.524038319381855,5.2085959382512845,9.888461167899314,5.962585234345735,3.619606901783787,2.4937683651585543,1.9684883985758452,3.7526799131349615,0.9905836742486932,0.5015837028434469,0.459266382701363,0.8972714802162797,2.5943131882604797,0.3793067791340863,1.6440122659250116,0.646959679521462,0.422735097960788,1.4735126380407242,1.0793839001603551,0.4597808366408851,0.8181314369627224,0.3330576978902234,0.7121298743664704,11.02624489457093,10.786318254017992,11.043846291973669,9.812656973823689,6.838784153723533,9.270900249719029,8.584450907602184,8.236967015882012,8.565907716345352,8.40510863170507,6.997132443466433,6.496446595546826,5.93528000248238,0.3870351393793774,5.168209317102994,0.5678088863816282,8.376302745158371,7.656302649579149,7.29105653244387,5.469910804817752,4.946706077137869,4.342298755024821,1.4654542356655114
2021-05-01,37.05387233104345,11.206886166528443,72.68840519747069,83.77627135688743,50.98675328894,52.67921165659069,135.1496978096903,58.91144666428804,6.379591702281241,33.696790277258614,17.064621962937085,11.432410125584278,35.805574144186224,5.296082367699207,2.1274374395846603,14.5408848865318,30.173876210355317,24.863942785018693,6.491340259255067,5.531462852678494,0.013764340243866,1.7799880812812,2.3334097633241315,0.3395066416761624,0.0006015451976315,0.1384559323405196,0.0702449649177855,0.1462339854465209,0.0042716365661171,0.0050297380288413,0.0060407247160822,0.0061438644222371,40.991800419178695,6.316040870653335e-05,0.0002606980211683,0.0002848042499076,0.0002490816322902,0.080469678506941,0.0182534763887882,0.0063290680988994,0.0287685361116196,0.011738769762469,0.0003257173651478,0.0001430043784871,0.0061541906614535,9.965098679890532e-05,0.0032209072921619,0.0057220658015897,0.0055567727650831,0.0030081654031386,0.0006971929894335,0.0070518812931725,0.0065945314645718,0.0050666231985469,0.000327241805021,6.957516010895346e-05,0.0001606834683695,0.0046810192890342,0.2496969736409892,0.1454194171100502,0.0019084418764692,0.0150544401772122,0.0012565944289688,0.0140569546823531,0.0011449930943992,0.0126369512522609,2.1330883929569223e-05,0.0001177193842682,0.0,0.0,0.0001145412107628,0.0,5.26325011316174e-06,1.7011273333105956e-05,1.5102885132039704e-05,7.456042281965374e-05,3.7282267746558194e-05,1.2449977873565388e-05,1.7052736512747016e-05,5.533513901499693e-05,7.071342284766722e-07,1.4915535710737444e-05,2.440771396044926e-05,1.84938995160749e-05,4.914727269929503e-05,2.5519344220810463e-05,0.1424003595352775,0.1244143558141319,0.4799137933482161,0.5942517332050046,0.0418857670376546,0.503402496023767,0.6853827374850882,0.4104514375862618,0.3513658652174857,0.3226020395337639,0.2339327415867424,0.2055573906882819,0.1854785777104003,5.780405342979753e-07,0.1597181551294884,3.3450298884474326e-06,3.9284443957321045e-05,8.204403485624895e-05,5.70223553254376e-05,2.5387685868717434e-05,2.1600703534799293e-05,1.9082858125740637e-05,3.619969461112524e-06
2021-06-01,0.213519245505554,6.418900491152074e-05,14.955411382863916,27.427305045283678,9.763812178167688,27.063447433799777,135.8228006275979,46.20260355810348,0.0,19.300186846586826,8.974284359839974,5.017721073812194,32.93561928966063,0.0,0.0,12.418116517871132,0.0,10.4526369250518,0.0,0.0,0.0,6.880644733351922e-06,1.8797484301963468e-06,0.0,0.0,0.0,1.3080973403858937e-07,0.0,0.0,0.0,7.712458281587526e-07,6.735513460563348e-07,0.4399930057380473,0.0,0.0,0.0,0.0,0.0,0.0,1.2651818033486129e-08,0.0,9.945083500444061e-09,0.0,0.0,0.0,0.0,0.0,0.0,4.4781551492059855e-09,0.0,0.0,4.088366502560941e-06,3.821121983706364e-06,3.765200301621823e-09,0.0,0.0,0.0,6.52046429897924e-07,0.0,0.0,0.0,3.30091378544124e-06,0.0,7.795875072072841e-07,0.0,1.1545136380320344e-06,0.0,0.0,0.0,0.0,0.0,0.0,0.0,0.0,0.0,0.0,0.0,0.0,0.0,0.0,0.0,0.0,0.0,0.0,0.0,0.0,0.0,0.0,0.0,0.0,0.0,0.0,0.0,0.0,0.0,0.0,0.0,0.0,0.0,0.0,0.0,0.0,0.0,0.0,0.0,0.0,0.0,0.0,0.0
2021-07-01,8.3431261303759e-06,1.415659529063447e-05,2.2259817217557067e-06,0.0,3.350254890196454e-06,6.666821101886303e-05,0.0004297200088707,0.0001331215585005,0.0,1.383840852507012e-05,6.775224153002484e-06,4.359467072486951e-06,0.3348532824283237,0.0,0.0,0.1262555812465357,0.0,2.3509854810057903e-05,1.861555035311313e-07,2.167236691886565e-06,0.0,8.370979516801746e-06,6.390043858785223e-06,7.715865309038169e-07,0.0,6.097380548911655e-06,5.3931524673781874e-06,9.333738588791606e-06,0.0,0.0,1.2424803672273148e-05,1.1130301433174725e-05,0.0,1.4233257205646764e-05,1.038349858321983e-05,9.806061756062363e-06,1.2022983318914417e-05,0.0,0.0,1.2651818033486129e-08,0.0,9.945083500444061e-09,1.0964720651445972e-08,1.6337058136063436e-06,2.7637671671285485e-05,3.226312802206543e-06,1.5391921133417327e-05,3.9754775506557184e-05,5.34424945462616e-06,2.9152631083281104e-06,1.772480416509543e-05,4.170286698309711e-05,4.078269769975175e-05,7.432236988108416e-06,0.0,0.0,0.0,1.2359191089564998e-05,5.146257448829845e-07,5.2326882497812015e-06,0.0,4.7003370902166047e-05,1.1693765854878752e-05,5.413853472482089e-05,4.1788426459547337e-05,5.331325820948645e-05,0.0,5.047853427622855e-06,0.0,0.0,2.595209355520009e-06,0.0,0.0,0.0,0.0,1.6017856788281346e-06,0.0,0.0,0.0,0.0,0.0,0.0,0.0,0.0,0.0,0.0,0.0,0.0,0.0,0.0,0.0,0.0,0.0,0.0,0.0,0.0,6.325564396803838e-07,5.558330198249291e-07,5.015372478373079e-07,0.0,4.318788982128249e-07,0.0,0.0,0.0,0.0,0.0,0.0,0.0,0.0
2021-08-01,0.1128624491527681,4.324957455734352e-06,0.0748695209932049,0.082779658192672,0.0488811959147562,1.9310012064854207,11.156993948958998,3.9006870400959617,9.6731512588135e-06,4.117236381754526,1.914453295942868,1.070414253912009,3.901364056176858,3.877657330284113e-05,5.46027116071544e-06,1.4709823550257328,0.0,0.945175865142588,2.184520823485047e-05,2.942224864939814e-05,5.587935447692871e-05,4.468204766293154e-05,4.282949335620958e-05,4.265599556737525e-05,5.120854432610236e-05,5.041260189714616e-05,5.0500221086827686e-05,5.587935447692871e-05,5.587935447692871e-05,5.587935447692871e-05,5.586116918568751e-05,5.588311676773479e-05,0.0141843103476154,5.587935447692871e-05,5.587935447692871e-05,5.587935447692871e-05,5.587935447692871e-05,4.4829967889802256e-05,5.1369376978727486e-05,5.40638418852291e-05,5.587935447692871e-05,5.445225330674418e-05,5.587935447692871e-05,5.587935447692871e-05,5.587935447692871e-05,5.587935447692871e-05,5.587935447692871e-05,5.587935447692871e-05,5.523674745875607e-05,5.434426429058468e-05,5.587935447692871e-05,5.669499533242843e-05,5.664167928362275e-05,5.526125175654911e-05,5.587935447692871e-05,5.587935447692871e-05,5.002157752002943e-05,5.546864529350437e-05,4.042103320716794e-05,4.5438488851242826e-05,4.968741235648394e-05,6.506078653059324e-05,5.587935447692871e-05,5.730277930150915e-05,5.587935447692871e-05,5.75472350530627e-05,5.587935447692871e-05,5.587935447692871e-05,5.587935447692871e-05,5.4497587836479495e-05,5.541429154712973e-05,5.340098415810258e-05,5.587935447692871e-05,5.587935447692871e-05,5.587935447692871e-05,5.532137576959008e-05,5.587935447692871e-05,5.587935447692871e-05,5.587935447692871e-05,5.587935447692871e-05,5.587935447692871e-05,5.587935447692871e-05,5.587935447692871e-05,5.587935447692871e-05,5.587935447692871e-05,5.587935447692871e-05,5.587935447692871e-05,5.587935447692871e-05,5.587935447692871e-05,5.587935447692871e-05,5.587935447692871e-05,5.587935447692871e-05,5.587935447692871e-05,5.587935447692871e-05,5.587935447692871e-05,5.587935447692871e-05,5.587935447692871e-05,5.587935447692871e-05,5.587935447692871e-05,5.587935447692871e-05,5.587935447692871e-05,5.587935447692871e-05,5.587935447692871e-05,5.587935447692871e-05,5.587935447692871e-05,5.587935447692871e-05,5.587935447692871e-05,5.587935447692871e-05,5.587935447692871e-05
2021-09-01,0.000627999926144,0.0090548576841225,0.0303645464989907,0.0676314733231121,0.0208272514874456,0.7148414437881249,4.441401137584618,1.44145626235248,0.0,0.893482852132762,0.4154555212038457,0.2324327914581344,4.409428473137489,0.0,0.0,1.662540626005583,0.0,0.3040480685501835,0.0,0.0,0.0,2.1197588380776056e-06,1.6608982179184675e-06,0.0,0.0,0.0,9.29537562767004e-07,0.0,0.0,0.0,3.60590552939272e-05,3.2115057280662235e-05,0.0118668959521448,5.494619298032134e-05,5.465540201539625e-05,5.451211948270643e-05,5.457593626028754e-05,0.0,1.2607390432809662e-06,2.004029806982752e-06,2.0116206812076316e-05,8.237603542245928e-06,4.869299757161472e-05,5.587935447692871e-05,5.587935447692871e-05,5.587935447692871e-05,5.587935447692871e-05,5.587935447692871e-05,3.285358292655424e-05,2.115138597609264e-05,5.587935447692871e-05,5.001508892298778e-05,5.012533997619646e-05,3.441174322521349e-05,2.9604461074713298e-05,3.630918271998717e-06,1.2611852484911543e-05,3.607548207999488e-05,0.0,0.0,0.0,1.2223558142909005e-05,5.587935447692871e-05,5.4895187357985126e-05,5.587935447692871e-05,5.50098638917944e-05,5.587935447692871e-05,5.587935447692871e-05,5.587935447692871e-05,5.561901307991955e-05,5.536039814237951e-05,5.587935447692871e-05,5.587935447692871e-05,5.587935447692871e-05,5.587935447692871e-05,5.555905013506512e-05,5.587935447692871e-05,5.587935447692871e-05,5.587935447692871e-05,5.587935447692871e-05,5.587935447692871e-05,5.587935447692871e-05,5.587935447692871e-05,5.587935447692871e-05,5.587935447692871e-05,5.587935447692871e-05,0.0,8.157142713369796e-07,0.0,1.3376193594977043e-05,4.168319130533721e-05,1.931649277299353e-05,5.34027924416744e-05,5.441747806607652e-05,3.4460539972902145e-05,3.621405412437572e-05,3.974490563476629e-05,4.170197099455143e-05,4.308686889281389e-05,5.587935447692871e-05,4.4863613166996704e-05,5.587935447692871e-05,5.587935447692871e-05,5.587935447692871e-05,5.524205699867242e-05,5.562276852266557e-05,5.566122114369408e-05,5.569473783944655e-05,5.587935447692871e-05
2021-10-01,3.94116599602796,1.6038839241579512,3.1848079890531884,3.1866820185008,2.3902666979584763,2.916081237554894,8.71682768614695,3.6980151408790745,0.8782354615624097,3.633402214015045,1.7786884225343296,1.057665923942822,3.422864033279458,0.5305035103961252,0.0377545909271465,2.0135778490302263,0.2024954350899929,1.3665416061105968,1.2500248669696798,0.8821771368056597,0.0045779112372111,0.136738944920848,0.8904781688755361,4.23037523513753,5.353094356194161,2.0927430425860183,1.3261067587357998,1.1947018495270896,0.0331915016038217,0.021237048242751,0.0961616437313196,0.0865085400478908,1.2323887384632186,0.0113992642887488,0.0176540003796512,0.0181457938011068,0.0164393853159664,1.3871287194541837,0.7210866773558889,0.3688801908600794,0.3715669952728069,0.3464781708421586,0.0889245320421565,0.013825350939783,0.0022279221168623,0.0077379156831847,0.0035590400268359,0.0033565510895797,0.1651174173986034,0.1405327055413948,0.0013790741641417,0.0022368602842801,0.0021040528817385,0.1461205244335711,0.1490403147718025,0.2139220301156405,0.0487064848565812,0.107309005950043,6.385664509791402,2.5910220768799155,1.2317589712900838,0.3935411134505353,0.1172021680457352,0.0064813283573473,0.0090733666165638,0.0062576056831218,0.0008225624555008,0.0190760186532913,0.0,1.8738358074912064e-06,0.0132465618663237,0.0,0.0,0.0,0.0,0.0081758926485282,0.0,0.0,0.0,0.0,1.7246293625875445e-05,9.59030764695159e-06,0.0,5.457386727797576e-06,0.0,4.206301311465992e-06,0.6235459114381617,0.626037038334199,0.3132102683636867,0.3589676581430791,0.0075006715091438,0.2934649149874763,0.0179235308926947,0.0216741825948994,0.1686600743811565,0.1548848517957984,0.1125128645337685,0.0988685399245258,0.089688168898143,0.3425341568730513,0.0884031088807563,0.0,0.0013637402181208,0.0012810430944928,0.0012047368258587,0.0012213453637385,0.0029782199757873,0.0031849950844968,0.0
2021-11-01,24.95004182822699,14.882946283853622,30.15744434703385,32.92528748080279,23.79670304276941,15.208559448696144,6.006112210946173,8.29034976158087,5.232203225786902,6.922820224769556,5.458868994732018,4.750368778082409,2.599145942774596,5.701913862242181,2.4652523097315493,2.1858403481279245,10.362193674755076,8.549801124238275,7.301903776799045,6.219059764405625,5.614754840979233,2.604906761346565,6.5801018597980665,6.904273491097997,9.5307695733542,6.24525618735279,8.662486915733634,8.178147038033696,5.042372341222604,4.550071238217554,6.917962189229902,6.767466464638382,25.907869363102893,6.379005280524414,6.851732557877437,6.797614535379428,6.909905752959286,9.98885287862656,10.85162587277786,8.589460910753465,9.49231091837952,8.72875329888251,8.668703637940101,8.116047876145608,6.039319764175133,7.797940233797658,6.914268292380515,6.027161033933697,7.980225774956131,8.04458151823486,6.7512340297690585,4.479300192438283,4.630484666775566,7.880327719950339,7.191200484206342,6.85653615465351,6.298132038259416,7.169365131877417,7.262185804504917,6.85309883011674,10.044818282168729,8.656317339341195,6.815301006575409,4.142502880599087,5.907705531759352,4.268684633990532,6.798507451999258,6.161539847044752,6.012273288505839,5.590059488789645,5.949070775730991,5.194260910013256,4.329669218029593,3.976467896195453,4.056652991132568,5.327988672128665,3.344945471288512,4.570475587179527,3.828674225016778,2.0081368282951813,5.330386579366538,4.324362146291819,3.219852613138912,3.7552178253636375,2.848707060732579,3.5188635588486155,11.22008686024053,11.088145328441612,10.554157162609757,10.287965295044762,8.610257548435374,9.886399428138574,7.815070816535073,6.735621676842473,8.486011970418705,8.378223668445262,6.663041934913942,6.383063664844895,6.026795946451358,1.34615637216505,5.430740691786864,2.563420652502836,8.37483269271515,8.639849506842085,8.158172822545133,6.862316635604964,6.531614658580829,5.9948778392481215,3.768566355625016
2021-12-01,1.8299521367469385,0.5495208970701143,3.092449147756864,3.3170947890476605,2.4105041033914416,1.938463257271292,1.037513274998133,1.3812466667615992,0.4059454002206573,0.7008157911890418,0.6775552136585629,0.6889837034080927,1.509214707228543,0.7233694717395553,2.294290932490647,1.7519990607477356,2.326780612054937,1.9186561078613185,2.4113808548061013,3.3864113909434383,8.095585388894058,3.679237751960386,3.303894956880397,1.555127302735049,1.346992745081535,2.4465724226051497,2.5123019667636144,4.375508218922285,9.300003682825492,9.741948473947929,7.756367539654161,8.007824827181523,0.6623766625043024,6.64409292176158,6.860844784420944,6.810010725043028,6.873619938573466,1.1570755671502675,2.305283832333323,4.96720863646772,3.6868849097178495,4.706004423587869,4.440762358321329,6.341819389642627,13.656926376967066,9.834469037932813,11.904297240260124,13.800807436023458,6.122426516083228,6.974971864383066,11.54170946163775,10.651843252846971,10.601409785065348,6.747509387007657,7.314881863870426,8.124713369829012,9.159968898322356,7.621283396773137,1.4661978008676146,1.7709556103018314,1.2343143461842183,4.746414008543499,11.296733373776457,13.666731342576036,11.3586388703247,13.522217089723878,6.896120446944766,8.454315442737974,13.461509224700984,12.436069313550068,8.816131860161352,18.29812750265859,22.414051863286097,19.80569654803672,20.25071401393452,12.936126628880825,13.77768987253238,20.163062571612887,16.562588695443353,3.4735039367514564,20.14221667004339,17.609414638249106,15.38256669877828,15.814728559497931,10.986830636726834,14.384803339644318,1.487380869877794,1.7321389731732983,1.2613599466032883,1.8710357106416171,3.306612120895531,2.0888659453541445,2.237328490335269,2.4164354261220438,2.756263686409114,2.9224905610307554,3.1263960162788385,3.316788264898157,3.5752067061457526,7.439706994939449,4.404700253974128,11.903903391377668,6.093572610849912,5.713175060384658,5.887449336697236,7.176719589239281,8.041942530175616,8.902491416594684,16.316695241448528
2022-01-01,4.046332050012592,10.346773905765213,5.441961966667007,7.438403375600521,7.15216576635719,7.148470317139698,0.5149911219189437,6.669738938461741,2.345892394977088,3.176720667418701,4.1533585136150135,7.325186967079421,1.4351854766285912,4.041579980717938,3.1607624238376943,1.686861780111621,13.03432211520664,8.148999904187603,2.830564728302952,0.4874350963011479,0.0,0.0,0.406305341689569,4.468736533888036,0.9401480237108112,0.0009397129468296,0.6030609392399556,0.0,0.0,0.0,0.0337121574963183,0.0291472022134833,9.840493620324304,0.4871007641421527,0.2169187713583523,0.2421849857494342,0.2011602308190864,0.1479052613844713,0.0397554445576972,0.0114504078882721,0.0,0.009471707268431,0.000630886865168,0.0,0.0,0.0,0.0,0.0,0.0622163309935807,0.0009659140440789,0.0,0.0,0.0,0.0523599945974637,0.0301293439360309,0.0008785681964558,0.0012442953877795,0.0373996645851462,3.624481845277032,1.422920182501244,0.0508291374259109,0.0,0.0030402706729766,0.0151407382265484,0.3641069309278562,0.0519886067398079,3.089130306836131,0.5944170852049238,5.561711704823604,5.992516648941812,3.002996997136734,5.221882067598621,3.87948048295017,3.0406486091433624,2.703473775795484,3.2739471389464265,1.556501283698026,2.28644640524541,1.779933961419204,3.394264116854363,5.053113426837794,4.953655941710097,2.5358529825629588,4.336928463417348,1.615098945168186,3.836631610496784,0.0534570509027095,0.046418961928788,0.0015827474732642,0.0773919987658661,0.059191080699459,0.0973641626154446,0.5976024028605605,2.515147469680985,1.5712766428644835,1.8812019649104104,3.5653911275462264,4.0450147983952505,4.222488550869766,5.1254487988946345,4.302800270385902,5.006534287260771,2.2507835689622,3.715582220477847,4.130090366497489,5.803941227535945,5.964283374798878,5.989738186696243,6.117237530927113
2022-02-01,8.700054236984359,9.367924179781602,6.722547902524939,7.6564129519191395,7.782019026010957,7.5496939760178225,1.5399581520353536,6.909188075941151,18.889323844504947,15.62303922310009,20.11761313012481,19.67446733760149,10.601707538834168,18.7983745910164,13.795463184267112,11.03818517733172,17.910895346152166,13.883880269133304,19.171407542055665,8.640160179226188,5.421837566516521,2.409294678254824,7.904594742830974,27.27451791071117,15.588930185852146,6.407357708144383,11.128523538960089,6.388417283168507,2.42712118282992,1.1684230918258305,5.897907762655732,5.395924539140047,10.052489222565558,11.786648725583344,9.97226136511981,10.058997163520832,9.995221626541516,12.965238522177748,9.37122260081524,6.113885661303335,6.856076057899654,6.556469389172122,9.273152902745544,9.385110024152796,2.217361392194989,7.7040779353475966,4.78513163891087,2.1789328922724644,8.102072579247476,7.631435071198567,4.8133645257210125,0.7828062807390453,1.1476386131849066,7.78502965283801,7.828792217539996,6.172366241612174,6.03707577670524,6.4384100448428265,26.931794397741,14.9486829978969,13.465925399914171,4.5512665046599405,4.220520289269173,1.122668223425421,6.442155522375612,1.734774166856371,20.60761448179141,9.767225138972938,13.657485333169944,16.388145490911313,15.99549861841227,16.894351136505247,18.44882553716872,19.34421421869274,20.65414913207817,17.176526844471738,22.120879356310724,20.346175777496796,23.08193338293249,15.65474343356922,12.60448128324296,12.435056251366415,16.749519467552286,13.36957577427956,18.623984192950783,14.257363255161955,9.87381350794822,9.655697583795764,8.106166768373923,10.25966521634344,12.273827887553615,11.086857635122383,22.68468007877076,23.65686892996606,14.13968693327519,14.296129934070123,12.343943104246648,11.878562332793766,11.26040915443962,4.522085156542273,10.328077666560649,4.827158381542695,17.260775526026414,16.70454304935108,16.543082719466636,12.36574997191197,11.645268227970572,10.680314729975663,7.245190176852933
2022-03-01,35.12224230035001,18.042228243500634,27.611139966540897,25.502893280732398,23.409859970089773,19.04386153805585,8.128554710907913,15.370379214101716,64.72132389331558,31.437302791152987,35.18857718573669,27.03859001672211,31.04424118141038,61.31668923682776,57.61942821476432,38.7730423977882,20.9145796380044,24.04906752530397,44.842297554053154,52.52358855138677,60.17199270307705,27.142477541265137,51.471660176508784,18.2319780694628,50.80738513671465,68.59229306923842,60.2656352808367,59.08085550321418,69.99654492021716,67.19629436455679,64.47788925844513,65.02082941557497,27.3353106521564,53.220338069865946,61.83077694320344,61.405037243891385,61.62383110446308,55.42124940121239,63.3168010892433,67.43005549118172,65.13032344252676,66.41829494351303,59.54744616309894,53.92708696063962,69.70390315148691,70.89716468754926,70.72139058413835,70.18175202650633,64.16212243175187,66.2815315343806,70.78634784631676,55.700377712631536,56.64789133884722,64.74790638604466,66.93373110221978,73.12017074823939,69.99588086641741,64.12549760287935,19.325792693107307,51.78136907315437,55.46972654783818,61.25452574768569,78.8313183897314,60.61214371016939,73.3305849159768,61.96407966527965,17.714612553288624,55.67675737561837,14.949108107983696,15.95788045077726,32.922538469934544,15.803827091062884,8.141168759832848,7.392398473733343,11.29984239428392,24.36387565379432,5.9990420644815945,16.233308094819222,8.441393056430693,5.406077787820225,14.865514111925496,10.218513352974515,4.99729699812869,7.923021407772628,5.183562056709884,7.3171614446447295,59.793456897330366,60.20553767129584,62.91127534639842,59.54477602484823,59.68487961933511,58.70879704577101,33.009433735044375,22.61019987303508,45.62748768682394,43.06072078232312,33.1386558578978,29.82408658300336,27.32368939128016,4.171796747159302,24.242269425409177,5.300362266474712,15.678596650096342,11.84980705535322,10.029674627732474,7.653236691005119,7.873738567425707,7.668147232304773,10.70620449900443
2022-04-01,17.739831798807202,8.155924569316282,16.191781745949303,13.753460604668543,12.738995335420702,11.293962042057876,8.861762259662003,10.448162357368306,31.275375648888403,26.460795546056406,23.15623589537153,18.552655239538872,62.99175731620821,32.34139349678392,45.1828838695638,61.66082793900677,30.055237001873596,16.049841785653978,15.066997542146332,46.49796572782256,85.45796891689663,109.4841232924132,65.05373556754486,37.10854712759703,67.0783461294813,54.81773137053259,63.20631449873542,86.48084560199666,74.54502171923546,92.55938521600297,51.34263949347979,55.94360192069893,15.233644659298896,21.05022698308885,25.299164403301823,25.51412968874196,24.91378476327132,75.51487795628154,61.53546396956542,54.92259128688127,41.11905658619687,50.465289565452615,23.479983639696638,21.43098308361553,80.23935349342048,30.873087173414785,56.47320635015004,78.88992697509799,37.37793418695711,44.268873578404296,46.526748713606,81.96931457348528,79.11035222181664,39.39808931517961,56.6564642862507,61.88779873512127,69.08362432090256,48.26623070338384,48.5603874710899,49.18807651317409,74.70864156850764,59.31137093847022,37.73140800355067,83.75595814703975,30.42589994370461,77.22222802140843,24.070089688652214,22.03638930343213,15.119824590553891,13.540414187619527,19.915184747185883,10.361656633344252,6.517179157150297,6.333824376289747,6.294353594836502,15.050518020733287,12.62560065925861,10.272041694951126,11.05787384196424,10.255831804460083,11.26764028876773,9.410038959520785,7.28635888969082,8.779711848485467,11.489316776110856,9.293628730636692,60.96960617148841,59.47536207437362,53.67351206408175,46.97353832736775,19.781883803390063,41.79457126088979,27.62518723053528,23.911842080517204,33.31547493681776,32.39724983638146,26.04976340002469,24.388884755102968,22.65331680598941,4.471297784888844,19.93055651694392,3.0073889815892554,27.11171550709002,23.840164719498645,22.32367540161501,16.667407132020283,15.420270168580954,13.678904634869644,7.447244874863273
2022-05-01,25.56439916198904,6.930490901442913,51.87273013177213,59.721241586094095,34.7315559211286,33.192628748083386,82.7555831347429,35.4425014337228,3.14651793417808,22.335286354365916,11.40711012688774,6.742572100155394,23.53396797021987,2.626012058295772,0.963064684653627,11.124888123307754,1.1132252372600029,13.151427332920443,1.8990592562124573,5.033952470115579,4.9052569841847,30.081755404985728,17.127048262897784,4.015388676371085,32.95733200204483,8.883294616737084,9.553674697554436,15.070416551460427,15.28907955313755,18.588324945771657,3.3357259776519586,4.633123904736745,15.702406438254128,0.0027374557552758,0.203858605755965,0.2275573605014245,0.1892012285851183,2.243067598423525,1.765400828919931,5.879733953789493,9.099269285547948,6.189929691708461,2.395826598839629,0.021593690297443,0.5597178368921414,0.0132770588141782,0.2957761391989615,0.5334855320573603,2.9786965811525983,2.7758142049638432,0.0474601032982065,4.052873943714696,3.790806723504536,2.6689575516424395,4.937068028503646,8.836667738940164,9.1417271322029,2.8363937424138257,9.400099145609978,7.674954312640402,2.602960378607797,14.711608988782384,0.0003134874149317,4.351915231878824,0.0003229536319115,3.8182710687256662,0.0252651305927137,2.579343978907047e-05,4.93788651560957e-06,4.211492541804452e-06,0.0165006339228249,1.1543820539724325e-05,1.720319055703355e-05,2.4267136242710845e-05,3.4728551366473844e-05,0.0101929755794817,4.300446315237257e-05,3.893598456038951e-05,4.837534274513776e-05,3.8118792559087786e-05,1.593760510680706e-05,2.0962999215545016e-05,3.502355932228059e-05,2.8382913878797e-05,3.662116677341401e-05,3.122482714526528e-05,0.8026446430356509,1.6081988534379736,0.6444454061614053,2.219439017535864,3.747822769276327,2.253892875674331,1.1391893360242091,0.7360640439763326,1.5525340106802292,1.463026153780585,1.066864520254481,0.9394197764066624,0.8476541214267553,8.851386015203762e-09,0.729925074112208,2.174607648503206e-05,0.1093583312467116,0.239609301678362,0.16212968069678,0.0643242747586226,0.054687665186753,0.0462889695851107,1.5410189125926715e-05
2022-06-01,5.900257366786565,0.0332314763945474,34.006768288807976,40.35826267869855,22.20537585928224,45.53922312582991,206.74530444835528,72.35793126724374,0.0,31.34679968838916,14.57577050474502,8.149636009012122,48.43733834267167,0.0,0.0,18.26291790856567,0.0,17.506334343326223,0.0,0.0,0.0,0.0,7.793456384434257e-07,0.0,0.0,0.0,1.2646892947291887e-06,0.0,0.0,0.0,3.0330356965336552e-06,2.8237087052115303e-06,5.263864033069109,0.0,0.0,0.0,0.0,0.0,0.0,1.2651818033486129e-08,0.0,9.945083500444061e-09,0.0,0.0,0.0,0.0,0.0,0.0,4.4781551492059855e-09,0.0,0.0,1.535146092004814e-05,1.4347980976475612e-05,3.765200301621823e-09,0.0,0.0,0.0,2.4411345078780087e-06,0.0,0.0,0.0,1.836286410732904e-05,0.0,1.5653300848063185e-05,3.922399006811677e-06,1.50127816024942e-05,0.0,1.9576470931309387e-06,0.0,0.0,4.020039700456909e-07,0.0,0.0,1.451690445876259e-06,8.568671498646074e-06,1.1349102977724978e-06,4.8352477501137e-06,3.885039743184394e-07,1.8879378894696376e-05,0.0,0.0,0.0,0.0,0.0,0.0,0.0,0.0,0.0,0.0,0.0,0.0,0.0,0.0,0.0,0.0,0.0,0.0,0.0,0.0,0.0,0.0,0.0,0.0,0.0,0.0,0.0,0.0,0.0,0.0
2022-07-01,4.1943536981795314e-05,1.972863804977272e-06,5.326810904755778e-05,3.342138925743432e-06,3.534460179642377e-05,0.3365279551002068,2.320257045101645,0.6877092005103929,0.0,0.0182927856948791,0.0085058586149642,0.0047560043053351,2.165803428305596,0.0,0.0,0.8166002244054276,0.0,0.113845831380468,5.075388273743197e-07,2.601167442888319e-06,5.70831336860867e-05,4.497836255868033e-06,7.434821651300936e-06,9.733778778730809e-07,0.0,6.617754423517045e-06,7.3997801986350835e-06,2.0156049120637823e-05,1.3766737448036417e-05,0.0,3.674145444792613e-05,3.3842032051016774e-05,0.0,2.460119689594061e-05,2.911328117227732e-05,2.6406648596677008e-05,3.071448447314502e-05,0.0,2.770788936201464e-07,2.664510028378552e-06,0.0,2.474638880742574e-06,6.791157809803684e-06,3.15471879868874e-05,9.699269022801092e-05,4.68440484749878e-05,6.920914173017546e-05,9.896904568634904e-05,1.960527349931813e-05,1.4647383489899516e-05,6.64022941269474e-05,9.214917971277275e-05,9.00007356860026e-05,2.5051261257136087e-05,2.00256217123111e-05,0.0,7.596292196868991e-06,3.5570310573781644e-05,6.492146964594887e-07,7.75356484284644e-06,0.0,4.7003370902166047e-05,7.004702672205201e-05,9.43736793189686e-05,8.959422308314981e-05,9.287204368489008e-05,0.0,2.474217239261366e-05,0.0,0.0,1.0985604808575755e-05,0.0,0.0,0.0,0.0,6.7804103812334005e-06,0.0,0.0,0.0,0.0,0.0,0.0,0.0,0.0,0.0,0.0,0.0,0.0,0.0,2.597774642178245e-06,0.0,2.4192279179014184e-06,4.326586698316116e-06,2.302486772529281e-06,3.258939163076853e-06,3.004766905610318e-06,2.1788841851456487e-06,1.914590973447844e-06,1.7275668290804347e-06,0.0,1.4876256189337307e-06,0.0,0.0,6.826901838149298e-06,6.291332171188134e-06,2.2875752523348253e-06,1.9447534306773547e-06,1.6459375271974466e-06,0.0
2022-08-01,0.0,0.0,0.0,0.0,0.0,0.0035102031882222,0.0242225742259702,0.0071735934361648,0.0,0.0029142909660886,0.0013550996187178,0.0007576661999358,0.2952665037888068,0.0,0.0,0.1113297205907835,0.0,0.001385637344555,1.861555035311313e-07,1.821498750272896e-06,4.629929280337341e-06,9.080061592753536e-06,5.187707139416038e-06,0.0,0.0,7.593150211779137e-06,4.376162601291914e-06,2.4826156245934458e-06,0.0,0.0,2.7355601908547545e-05,2.448634503077029e-05,0.0,1.1166657237693124e-05,1.340125512550334e-05,1.325791604395715e-05,1.532307280628851e-05,0.0,0.0,2.537795842150499e-07,0.0,1.994858880395732e-07,2.0148083986092813e-07,8.168529068031718e-07,7.814690737514943e-05,1.409481855700853e-05,4.6482360883732965e-05,7.041805446578278e-05,9.610995805013155e-06,6.776057383527595e-06,4.130495387220067e-05,8.209146121552202e-05,8.166666511783644e-05,1.399627035886553e-05,0.0,0.0,0.0,2.5673224541907325e-05,0.0,4.181166514804018e-06,0.0,3.588509704298252e-05,3.500371077664513e-05,8.979074308751451e-05,5.655308371591509e-05,8.674308087542758e-05,0.0,8.684030579962818e-06,1.5636709371970826e-05,4.055731930407444e-06,6.819256836005576e-06,0.0,0.0,0.0,0.0,4.208904347902113e-06,0.0,0.0,0.0,0.0,1.6148658446215895e-05,9.946476912187145e-06,1.695012770404279e-06,6.124696137683638e-06,0.0,4.720632544702823e-06,0.0,0.0,0.0,0.0,0.0,2.595949689626647e-07,4.2714479471193243e-08,2.2731434924412613e-08,9.641312477524066e-07,1.2604293900761863e-06,1.4159772271351434e-06,1.2442268217066117e-06,1.528502161643723e-06,0.0,1.5040259219311391e-06,4.316860865983758e-06,0.0,0.0,3.762549120519923e-07,7.484696798863762e-06,8.512476812496149e-06,7.218471262099911e-06,1.3488940706934713e-05
2022-09-01,0.1312830544907737,0.0019078547747843,0.0837341415913961,0.0537696184116723,0.0548781773213155,0.2093505489925078,0.868015939925118,0.3766598273849341,0.0,0.136859500625899,0.0636375225652144,0.0355811478461683,0.3061283060265697,0.0,0.0,0.1154232729077559,0.0,0.0799518552286397,0.0,0.0,0.0,0.0,2.7631429415407955e-08,0.0,0.0,0.0,7.685638550710088e-10,0.0,0.0,0.0,3.767505817225121e-07,3.665381419702745e-07,0.0072861616774034,0.0,0.0,0.0,0.0,0.0,0.0,0.0,0.0,0.0,0.0,0.0,0.0,0.0,0.0,0.0,0.0,0.0,0.0,2.549131826883899e-06,2.3825025611011263e-06,0.0,0.0,0.0,0.0,4.049172626660006e-07,0.0,0.0,0.0,1.940195173338527e-08,0.0,9.88603089365685e-07,0.0,9.099201600978166e-07,0.0,0.0,0.0,0.0,0.0,0.0,0.0,0.0,7.985553254767433e-07,6.203008253280282e-08,1.4561965271534988e-06,0.0,0.0,0.0,0.0,0.0,1.083967359851599e-06,2.971330180142907e-07,9.117419926299174e-07,3.712660353982197e-07,0.0,0.0,0.0,0.0,0.0,0.0,0.0,0.0,0.0,0.0,0.0,0.0,5.2429784672572844e-08,0.0,4.5147828472495757e-08,0.0,0.0,0.0,0.0,0.0,0.0,0.0,0.0
2022-10-01,4.969978893698163,4.09090947258677,5.318312631534695,5.199610238131134,4.720009217860007,3.0306952091628685,0.6831488320742007,1.4693970511300332,0.1763763113552512,0.7381524567964257,0.4194221942763596,0.5116980883457498,0.359582843646638,0.0929026282973056,0.1202163716893011,0.4886411587855409,5.557505146883777,2.586223921291175,8.890018710309352,5.662072005577547,0.5134887766941221,2.8010440437328743,2.945128119876114,2.784762795711651,2.023973645041416,1.7686271082030185,1.154260419432945,1.4546719102471823,0.6768789907629233,0.8392683705213563,0.7493778713297281,0.7455076419698197,4.659167677871698,0.0213506436077126,0.1265466078716473,0.1262209763042643,0.1256343976471571,0.4933883018674894,0.4265058662303156,0.4454164690148897,0.432834231545481,0.4035490231266352,0.0677044437694088,0.0996089578670014,1.2440878859747035,0.3365940516390554,0.8159671630571688,1.532386942718171,0.2964145763942163,0.3557531336172063,1.045451443012999,1.9471126383545536,1.8643628330630024,0.3688531377887935,0.5487050382946479,0.6415964036067999,0.5352002170363409,0.6463824719049958,2.646286846108161,2.1157189688449902,0.3274149865623999,0.3018916861930324,0.3375728132423012,1.2174141621716432,0.2018412722237258,1.1061774978319914,0.0144771181918364,0.0507354945386627,0.000585255218983,0.0003926013871294,0.0438327557193401,0.0004502597502028,0.0003478542086531,0.0003086886107888,0.0150272002498591,0.0288150134050429,5.443976007241182e-05,0.043011644318355,0.0018649490998949,0.0,4.297417355050434e-05,2.3897047917452912e-05,1.3301272901110264e-06,1.3963279782457446e-05,1.67627594885729e-06,1.1023766369894704e-05,0.4641146753353519,0.4853648718403805,0.4837325505371789,0.3965231160348613,0.0070532788686161,0.325864586290447,0.2317650927739154,0.1576063828938488,0.2212640997518501,0.2053225615090866,0.154149716207029,0.1400620755867244,0.1264164167595678,0.0,0.1088584806443863,0.0,0.040375785509459,0.0403496843649685,0.0348752272570114,0.0218089102578726,0.0185990565338068,0.0157412680890845,0.0
2022-11-01,1.1603630816730452,3.0379956040951703,2.603493195337218,3.6144862663010713,3.873539557645561,3.316448567622681,0.0297118131722231,2.259364367293628,1.0275931514388577,0.6701419144047035,0.9443689310370628,1.6663805726099163,0.4951124302260681,1.2942425751941764,1.2345121194260464,0.613262109398259,2.856836638644729,3.301545450280161,2.791310534132536,1.3507827541916917,2.105163087188249,0.8311634126091232,1.3430960900353712,2.0284704056433447,1.7439729442719587,1.0514395746020304,1.4940772946455827,1.6342280506163511,0.5061673109693556,1.1563380274663562,1.5596733872758488,1.6726703280191604,4.308199803394812,1.6918498644272175,1.986397025373856,1.975761493578576,2.01621587791622,0.8824433825933864,0.635499583915902,0.5280795037603486,0.7565034358796512,0.6625384946498367,1.7795635833822616,1.9372573743284889,1.4066867527352118,1.8292352539018752,1.5855805308496234,1.7085443554410635,1.3752794803237007,1.5473494122524962,1.500861108783003,1.8529545070842268,1.8228461715887287,1.401942164419902,2.526261997037442,1.7638907131324284,2.3275434188452127,1.5283613937698992,1.844687209602465,1.4531820548502534,1.5470574702046411,0.6723080476927129,1.3689433939093778,1.5781603793705126,1.5004868495197616,1.563624538374972,1.3375632122890715,1.2658237341923766,0.9956411312100152,1.0763732611191186,1.2578421382017329,1.177821593873018,1.559775683853829,1.9365431106011144,3.2359338512741846,1.53489695224536,2.4414010933967303,3.3545379770882278,2.8576780103531694,1.87846753561552,0.7868907159132583,0.9164310046672068,1.5890218703770724,1.1219572128796538,2.0234526861789446,1.2900934109580016,0.686045603677505,0.6731357363952578,0.8591951376591707,1.2758142279283178,1.8721639009472024,1.4186565288500257,2.4882757920206044,2.0878257906752467,1.6047419333962074,1.6001504560902,1.4758073205137086,1.4132090474127137,1.3270395642289938,0.26274677203778,1.1823928385123943,0.3710554265465736,1.335211573745673,1.3398938461663543,1.2275096442475288,0.9965759255971788,0.9394671517225196,0.8590720929459368,0.4822362578203318
2022-12-01,1.066250197406554,1.989056270300637,2.6032963564241407,3.016806619104481,3.0206254896104747,2.230688923598429,8.771357750370529e-05,1.0760021900351489,0.0097030611169658,0.0265703097766704,0.0740380730916358,0.418930748952739,0.0046709706369049,0.0027160135815663,0.0088452555611881,0.0201895020775887,2.9282151065720354,1.8952941520145563,0.2233422377380622,0.0359406587328473,0.0,0.0,0.0207144512578759,0.1769171547480402,0.0,0.0,0.0193524277191633,0.0,0.0,0.0,0.0267378676048443,0.0230741475726229,2.3148198695947637,0.4007067279260585,0.1769205514965854,0.1858010571839422,0.1700230952456568,0.0,0.0,0.0,0.0,5.803757099596005e-07,0.0,0.0,0.0,0.0609761949341723,0.023091612923539,0.0,0.0505140283835921,0.0,0.0,0.0018743752656736,0.0017518528558764,0.0424718279222176,0.0,0.0,0.0,0.0299551770289651,0.1179986033420699,0.0519032582548826,0.0,0.0,0.2330982839916446,0.0406387232006563,0.8945175590677042,0.1381461623499211,0.5200784540242203,1.2192311735427916,2.2465111099121846,2.6844975637327178,1.5645078961483088,3.8468042587273086,5.483521433108147,6.467606155974672,6.584410657619294,3.0904966277776835,7.339797293392831,5.895274485578662,7.007658009954822,3.62153811127418,4.271345913346084,5.811086972777182,7.612711795306467,6.560355724489812,7.137798508327445,6.587542253988889,0.0,0.0,0.0,0.0,0.0001487513357377,0.0002645603014012,0.0025893314174196,0.0080994741784253,0.0242731029338179,0.0532479418256465,0.1778071547561095,0.4351654112446573,0.8606997918645849,6.891166381702653,1.6775327690118016,5.614637425122137,0.053145644968153,0.1621778407024847,0.2419184447494101,1.115452767312617,1.4843413692688696,1.9877310570907365,6.395453133420472
2023-01-01,0.7331652412713383,1.9887309137093083,1.199579939157793,1.44280987605705,1.8425092110525396,1.8076683338609676,0.0194230105843536,1.5112423127666397,1.960558286196611,0.795696117620229,1.0464656542890158,1.1112781589984606,1.428883223206118,2.363772133031124,1.6014665038593137,0.9241664027611264,1.7729138297546163,1.5977058292566926,0.6344713515634731,0.1628946663006532,0.0,0.0,0.0959623599107762,0.698825367787056,0.0939101256955195,0.0303621133631062,0.0933387460906585,0.0015151310613364,0.0,0.0,0.0002330637327474,0.0002011258524369,1.4979583503895868,0.0004505788028132,0.000372565964408,0.0001888675620604,0.0008010400074806,0.0,0.0,0.0,0.0,0.0,0.0,0.0,0.0008979599013531,0.0017097471840164,0.0010300762472216,0.0033547266026017,0.0002869599763962,0.0,0.0,1.7117475065947726e-07,1.5998555960955975e-07,0.0003738882547871,0.0,0.0,0.0,0.0002611077845345,0.5128897153709362,0.2286364092711254,5.276723226892989e-05,0.0,0.0064693024877722,0.0104636261949227,0.115528787641516,0.0207123889393778,0.0,0.2249669096597964,0.1481773520057173,0.3256840729714337,0.1953459047400273,0.8711542179113159,2.0607192318075147,3.7643264655735,3.947645972376707,1.187305249526291,9.127045741454223,5.14152033137479,8.8169410266059,2.7101833287744665,0.8091129062044977,3.219286587161293,6.971918953003343,4.477105287071251,7.205901905488976,4.813352582514461,0.0,0.0,0.0,0.0,0.0,0.0,0.0,4.690363131791833e-06,6.142454239456446e-06,3.84256926145361e-05,0.0512938635462812,0.045120554683292,0.0425333586468732,0.0174007879201283,0.0534006024778768,0.273420947507202,0.0,0.0,0.0,0.0034553077376093,0.0258768430200842,0.077773733657619,2.8769498549394976
2023-02-01,0.479868656036191,1.6026151546603158,0.4384012092587359,0.5916906383824279,0.8603249983058732,1.0078341822208252,0.0081833146516095,1.0065506523342955,0.5031132437163326,0.723357013434686,0.6509728288782948,1.2843067257887275,0.1335406518740224,0.5708588963895158,0.1840158413196196,0.0878911729244601,2.887176863104386,1.527815892473309,2.4246432134060383,0.480418323970999,0.4851228014234559,0.0202830244094847,0.8739425481711828,2.868798316725615,2.2240904224824662,0.3219112535216992,1.803393914964514,0.3453540254674812,0.0907835497760503,0.1158689660510111,1.2714338755211652,1.1546891367127652,0.7923517156059898,4.345700715527639,3.577048131012853,3.5705046081238443,3.5555588840412007,1.1305625048251633,0.9283224240693811,0.5464675130730436,0.8088394319684158,0.6102653578970211,1.3070732894695674,1.2467331401796562,1.08764811707662,2.591214946137535,1.7590376372536611,1.1402731791835166,1.8079017024468813,0.6272098399020459,1.050079321887249,0.6576765366962238,0.6685795932482549,1.6653787014857908,0.4014296210828654,0.5192020222623247,0.5023651572032263,1.3489199057465835,2.6358586452386263,1.8647135168230724,2.63461577165314,0.5136571899122034,1.80598210772931,1.7878659445134488,3.0194225405187463,1.9559593744152808,5.442807012110732,3.578438891656326,7.07076660305156,10.289012099221772,6.180309863996691,12.971676941765072,14.624872389945326,17.623737205807526,16.097550352687957,9.652434187281916,13.545593259203969,18.290267860266848,18.291646372081686,7.515231297009492,12.035560640804784,14.048633780481218,16.887403842555287,14.11373480768187,10.562607758003278,13.121193202525324,0.9289372439440255,0.9004952188086658,0.8861248709488799,1.609375043768632,1.659400522845625,1.7215189843868364,3.660307684175704,4.294893463213112,2.5977457747649386,2.667276917072911,4.642417068665645,4.835076087613285,5.164873005372575,9.301906128344504,5.782557767803194,9.004763413294306,2.7935039216080835,2.5134585204981934,2.901587675786454,4.273158869966536,4.716835487574185,5.313775301856216,20.253909455355195
2023-03-01,1.567636221465585,3.923643721125091,2.571896455544185,2.96323320137176,3.2660170646461992,2.72405134169576,0.0207985498975972,2.068038281222155,4.39874138431227,2.7036605267913987,3.491022050997605,3.4057810400622675,1.622640162929931,4.843274885250675,2.397598769050013,1.1262117269359972,0.5498451035973605,2.707042205556654,0.9576300945828748,0.2759948960553553,0.1300378172262671,0.0704158996407742,0.1775276415134606,0.0527651450657027,0.1124865379498565,0.0281795191834235,0.1660004496247766,0.0053772589947199,0.0,0.003222298879524,0.0163524514640357,0.0333057711538467,2.2918958790971344,0.2038631216505784,0.0848809238384498,0.0904534770101174,0.0796680016384401,0.0,0.000553381527933,0.0003275600455885,0.0,0.0002574817307807,0.0,0.0,0.0,0.0070460388956445,0.002171645889202,0.0,0.0231698593242303,0.0,0.0,0.0,0.0,0.0194810493181799,0.0,0.0,0.0265794677295526,0.0141100847969662,0.0472793057732736,0.1394545933353621,0.0002005943658875,0.0322142941742008,0.035416757896839,0.0228881749922664,0.8924928701977428,0.1174780042947272,0.146140859288672,1.857530153934351,9.020747834349027,9.507063290788375,3.314364875595807,16.974153917348197,23.90792137280514,19.330444009027318,23.49817364648716,9.652054856392084,7.855022108913169,18.721610743292384,9.707594948881008,7.044909214052285,19.231654097919733,15.2186031650421,10.960244983594595,12.7386377045172,7.266073657272772,11.458404494086366,0.0,0.0,0.0,0.0,0.0,0.0,0.0,0.0,0.0004319223384481,0.0180143827431266,0.8303907566896116,1.2821291277408469,2.125606243100636,11.684496224520844,3.801986549831581,16.443636248372027,0.0009626252622607,0.1840788867341486,0.3859897180113474,3.242722291102221,4.668178327901867,6.4826607851477,14.618462531259006
2023-04-01,31.41456138488882,11.52011933375489,22.899122242967955,17.38180505022543,17.035385800394142,13.498754798835664,14.023234789827187,11.39415452664485,9.946642165069749,14.333310643169408,11.711287898947742,10.65063220806512,15.259170619847929,7.900320648277849,15.682675750845656,19.94275465054901,14.664386492137853,12.549724391229676,20.97061625664151,26.76275070739065,26.713206641378065,28.195731581901345,26.68205004005107,24.10022646174985,27.40266299347545,26.73858517535196,25.85792330972232,29.02928592374738,35.29522615738916,36.31036353055797,42.755460002187874,41.52296697278352,19.34509586500426,46.15257685783479,45.47269605482366,46.31343886138357,44.87276416977168,37.94658374314573,36.11921462845326,35.321309824614644,42.18321008062342,37.19516510257567,45.188050523081934,43.43981691922088,53.80149392351283,40.07820832453849,47.28029784282951,56.471445281583534,41.18535452731461,44.266459945330936,51.57424432257999,47.75410727936398,47.75130516032606,42.37402830965858,43.307706685856616,41.331243055230345,41.33113546155429,43.17216809194346,25.64116309886941,24.37018465575404,31.96371950763635,29.31899645271048,56.25302269701637,60.27364372927971,54.81196271478525,59.897508673787854,55.02648600482401,44.520982558605255,29.604936204161422,24.78936597725516,41.6595213639172,14.444280697297987,8.41887062990578,6.913963019116308,6.94947898694478,29.309056929118125,3.0349801766558318,5.25127045712123,4.134126506877149,1.6320964557402493,11.808187736737704,8.392201397574773,4.363224309306521,6.386374188881224,2.7257331629751,5.502655529075208,39.64724229527528,39.83373410223911,42.16998153530909,41.10586165208676,44.47230140836287,41.5002886086667,41.0270022004424,38.74187157386232,42.30707318279323,42.70056391220663,38.36456096498855,36.89835121522176,34.133939520073454,5.28136372021763,29.936952574640245,3.860029989580247,54.963929114263166,49.72680655080826,49.02136157752664,36.65649197147404,32.86249288554835,28.617866698821423,3.8595677814441727
2023-05-01,7.418099562898654,0.0259649472686871,20.728392411689946,22.80020003073318,13.535637316266165,16.49609544197241,53.81255861961542,21.08928285013932,0.0018043538434536,9.832188042828236,4.571943913174884,2.556277370734494,11.658001346486207,0.0007978141112357,6.8397813496189e-05,4.41685784047592,0.0,6.230749231253077,0.0036675626826299,0.0089104247867805,0.0197554161926831,0.2028178725131682,0.2103629702014186,0.0038372294921109,0.000691242030012,0.0564517044695934,0.1220748660768583,0.0415999598099782,0.290809990317498,0.3235815807451148,0.2534339083408801,0.250573934881738,3.295748520336021,0.0002828519822302,0.0146254660378428,0.0163229986310864,0.0135905003520029,0.0037543728563886,0.0408614558625761,0.3186952737410451,0.0932449828596123,0.2620016526619878,0.010849583708249,0.0033853695675965,0.2308063042095802,0.0005604296834286,0.1236945845877552,0.194496025535602,0.1293362660156876,0.0913306730959367,0.0532193932945041,1.0647956525903604,0.9977008662870778,0.1230904541987888,0.0897491573883453,0.1784531343303667,0.2633286080940153,0.2653961323976208,0.0027566025030647,0.0142184240296868,0.0008044600344772,1.5320762152125025,0.0033335107354644,1.4792866686679107,0.0017179033724048,1.3023866014136447,4.342253026201506e-05,0.0002013966062591,0.0,0.0,0.0017636158787391,0.0,0.0,7.810119240255337e-05,0.010226074593137,0.0018950412281737,3.2651782619839096e-05,0.0839017616016569,0.0064021585245242,0.0,0.0,8.024305761339894e-08,5.691969278214604e-06,1.6059235095670144e-06,1.7581018498380246e-08,1.2405131932077049e-06,0.0213820972470263,0.0366149537253769,0.072056170523157,0.0270348492242585,0.0008835458808568,0.0220907148503078,0.0003126415881204,0.0001740677372115,0.0169345241189809,0.0155628230498289,0.0112852644097545,0.0099163900124613,0.0089479502849088,0.0,0.0077051723017054,0.0,0.0010028636083736,0.0018816835696494,0.0012805805115864,0.0004667368089316,0.0003967904485183,0.000335822670035,0.0
2023-06-01,0.3417328998522551,0.0002600489296014,0.1754947348138643,0.0088005455969777,0.1146024883631228,1.4387143257245922,7.883777976175575,2.8333403996049995,0.0,2.4093509256846706,1.1203104146922716,0.626390357523358,5.345220614397649,0.0,0.0,2.015373551549083,0.0,0.6563199025100024,9.307775176556565e-08,3.2959092658203054e-07,0.0,6.202278634698684e-07,4.7121419168040405e-07,0.0,0.0,0.0,3.721242359192971e-07,0.0,0.0,0.0,1.835989336152599e-06,1.602068798291163e-06,0.0011047619323088,0.0,0.0,0.0,0.0,0.0,0.0,2.677607617550064e-07,0.0,2.104759273921378e-07,0.0,0.0,8.083490041062432e-07,0.0,4.1551214957984525e-07,1.956153314141379e-06,1.8787843197855785e-07,1.5350901863440348e-06,0.0,9.295769021795998e-06,8.688131884064446e-06,3.1309624036556426e-07,0.0,0.0,0.0,1.6952183704074773e-06,0.0,9.14259049092482e-08,0.0,5.954747285623259e-06,0.0,1.428789121850327e-06,0.0,1.5366147027923235e-06,0.0,0.0,0.0,0.0,0.0,0.0,0.0,0.0,0.0,0.0,0.0,0.0,0.0,0.0,0.0,0.0,0.0,0.0,0.0,0.0,0.0,0.0,0.0,0.0,0.0,0.0,0.0,0.0,0.0,0.0,0.0,0.0,0.0,0.0,8.914630416248526e-08,0.0,0.0,0.0,0.0,0.0,0.0,0.0,0.0
2023-07-01,0.0,0.0,0.0,0.0,0.0,0.0023241181359405,0.0160378533774437,0.0047496619742114,0.0,0.00277119835813,0.0012885637989447,0.0007204645499384,0.0664329277103661,0.0,0.0,0.0250481514787897,0.0,0.0009786713185283,0.0,0.0,0.0,0.0,5.998890808829326e-07,0.0,0.0,0.0,6.271972195722261e-07,0.0,0.0,0.0,1.0962902877149602e-06,1.0102634919112204e-06,0.0,0.0,0.0,0.0,2.507521629149593e-07,0.0,0.0,6.325909016743064e-09,0.0,4.972541750222031e-09,0.0,0.0,0.0,2.8082043352783224e-08,8.655111745860451e-09,0.0,9.477485613798177e-08,0.0,0.0,5.616856864163151e-06,5.249699416513035e-06,7.968601020449923e-08,0.0,0.0,0.0,9.478540967270892e-07,0.0,0.0,0.0,8.22656150437854e-06,0.0,1.729100481623688e-06,0.0,1.5924040496132103e-06,0.0,0.0,0.0,0.0,0.0,0.0,0.0,0.0,0.0,0.0,0.0,0.0,0.0,0.0,0.0,0.0,0.0,0.0,0.0,0.0,0.0,0.0,0.0,0.0,0.0,0.0,0.0,0.0,0.0,0.0,0.0,0.0,0.0,0.0,0.0,0.0,0.0,0.0,0.0,0.0,0.0,0.0,0.0
2023-08-01,0.0,0.0,0.0,0.0,0.0,0.0219525876423112,0.1514864397030275,0.044863197420054,0.0,0.1575073596927834,0.0732384533831922,0.0409492408510336,0.2481831887675626,0.0,0.0,0.0935758633280173,0.0,0.0187996298295287,0.0,1.0690727403392369e-07,0.0,1.5808030811060263e-06,1.0961287583192729e-06,0.0,0.0,0.0,9.737906297361213e-07,0.0,0.0,0.0,1.106189260652637e-06,1.078681478930302e-06,0.0,1.7278814906385563e-06,1.5376818037459708e-06,1.717690996009312e-06,1.42597353207781e-06,0.0,0.0,1.1772817497571737e-07,0.0,9.254136657584084e-08,0.0,4.084264534015859e-07,0.0,0.0,0.0,3.936365237802438e-06,5.447757253180683e-07,0.0,1.328180944190683e-06,3.0909100398856746e-06,2.888863378535768e-06,6.417584008102409e-07,0.0,0.0,0.0,9.39105833471792e-07,0.0,4.376530654634234e-09,0.0,1.4168740524932025e-05,2.5966228273669213e-06,3.0857641594526263e-06,6.570361226532475e-06,3.7473345793145934e-06,0.0,1.6698400760566269e-06,1.1061298054162227e-05,4.056463600117154e-06,1.612273257314902e-06,6.950560215860171e-06,3.008563435500244e-06,1.3962901495970174e-06,2.172421495716191e-06,1.95990471513857e-06,0.0,0.0,0.0,1.6490653728922848e-06,9.95666952641562e-06,5.598975972067994e-06,1.6279250537821456e-06,3.632361822373672e-06,0.0,2.799656513134104e-06,0.0,0.0,0.0,0.0,0.0,0.0,0.0,0.0,4.503953179934851e-07,1.7630663356275969e-06,1.2928855650232413e-06,1.6266672590628172e-06,1.6816251386503676e-06,1.5515285663864613e-06,1.710397990447529e-06,4.129253451797223e-06,0.0,7.474048033771018e-06,5.35776037825453e-06,6.2307403093289104e-06,6.003412945370711e-06,5.736108528686651e-06,4.712477020620615e-06
2023-09-01,0.1833874039480447,0.0258768142081089,0.1009062990541578,0.1013984500094282,0.0687453402321782,0.1666319180645082,0.740867406216854,0.2764266061489734,0.0,0.2336177602890222,0.1086285966559642,0.0607366529250391,0.384851221265387,0.0,0.0,0.1451051511191344,0.0,0.0727093106455752,0.0,0.0,0.0,6.560302645920366e-07,1.7749009258388853e-07,0.0,0.0,0.0,1.8204698872356617e-07,0.0,0.0,0.0,1.480139785098567e-06,1.318180551289448e-06,0.0294251414090358,1.0288685689332447e-06,3.4656868443271054e-07,3.8713985383623916e-07,3.21391441222852e-07,0.0,0.0,1.1017963980721256e-07,0.0,8.660776775564994e-08,0.0,0.0,0.0,0.0,0.0,0.0,1.3153424661231957e-07,0.0,0.0,6.54827067478263e-06,6.120229440045963e-06,1.105930385431632e-07,0.0,0.0,0.0,1.1173865912414252e-06,0.0,0.0,0.0,3.3025918750010717e-06,5.710820879745683e-06,4.246279248784736e-06,2.3221776595841017e-07,4.285911691023679e-06,0.0,4.894117732827347e-07,7.213905878112401e-06,6.347094527821838e-06,1.4025933852413747e-06,6.044538318949046e-06,7.579008172429044e-06,1.0129814104492504e-05,6.4823741447953176e-06,3.471397263278021e-06,1.4265546301970791e-06,1.2814702117326748e-05,1.1055455014171417e-05,7.768204541921939e-07,2.9146330909874e-06,4.654893823397674e-06,1.0915578015676636e-05,6.284873724996689e-06,6.640261931471304e-07,4.947702589551341e-06,0.0,0.0,0.0,0.0,0.0,0.0,0.0,0.0,0.0,0.0,0.0,0.0,0.0,0.0,0.0,0.0,0.0,0.0,0.0,0.0,0.0,0.0,1.58830071575197e-05
2023-10-01,2.5881232925353057,0.703842109804417,1.5688285209768258,1.3108654565560611,1.1523874586390852,1.4606058689689478,3.7190924191363215,1.8914346702243163,0.1663644819662744,0.9986835645503944,0.5283256480958909,0.3626747937114642,0.768475713398237,0.1489392965945174,0.0622765609751336,0.3110652738113807,0.0458989501599281,0.6215444477442398,0.0060450440581508,0.0856016407737289,0.0004884003601953,0.1469355810719709,0.0840646503841527,0.0922413940985286,0.0475717285420148,0.2642390870352206,0.0823500027740637,0.4557352374400141,0.0014749333784483,0.0017362178251702,0.2649989419842183,0.2575715138624068,0.4179594580489112,0.0052134073511572,0.01619755446751,0.0141029742341518,0.0196994747809586,0.0156039382910596,0.0195716105667768,0.0148474138532713,0.0487298283848606,0.0206805993305442,0.0672716103276017,0.1288739745400123,0.0247708913197645,0.0349901444141753,0.0325977241808261,0.0920817335143395,0.0366272931708802,0.2013382644786918,0.1725191890054158,0.2734694253234414,0.2684999591368949,0.062470404760339,0.1066819802687172,0.0220203459963097,0.0713249222641178,0.1734406707268699,0.0701820638191304,0.0982922250318654,0.0271092031731451,0.0114993348563743,0.0006115110567281,0.0133620782750966,0.0001503652181817,0.0117364719869472,0.0007889258718613,0.0006326834564738,8.431470021206387e-05,0.0013100624380878,0.0029994938573655,0.0030572979576294,0.0047716165758235,0.003889915551762,0.0040897044663774,0.0033773214827054,0.0056166671926159,0.0050504802038847,0.0034152910938853,0.0053258001288712,3.69973585937344e-05,0.001795978049432,0.0048717702759071,0.0036767908739818,0.0082243613994957,0.0047172806933325,0.0255824246585163,0.0278637096273721,0.0355029212708172,0.0341530979372189,0.0154372561002436,0.0301109197758628,0.0034894227590652,0.0042791113601591,0.0215566185732123,0.0217058499123218,0.0235449303003673,0.0240666729234316,0.0228011767458023,0.0061318732446385,0.0205839013550536,0.0030229930633396,0.0007343512035279,0.0024861388303769,0.0041309676071635,0.003965636312651,0.003400894221563,0.0029884672018214,4.628112753021457e-06
2023-11-01,4.387935408456191,3.4483602459596945,5.520038440750032,6.047205014439263,4.993799919121003,3.9728688472775833,0.9430003524676136,3.023574231034339,1.6586287711907002,2.3680716629399874,2.298654714427412,2.912212975550558,1.072333873062611,1.2887221278745875,1.2590426517433828,1.3283949150235022,5.781632745665144,3.764159791015232,6.28401129110881,3.58003190038718,6.616601042900252,2.144810591810245,4.51226044837677,5.744136268590516,8.222179994605984,3.69834762410618,6.352088614200659,3.511462869364921,9.300595953583311,9.85939629223658,6.089501306845948,6.676073847267025,5.827046022061966,0.7623423665143672,1.3296474701251944,1.2951282864348532,1.375291796916485,10.915640124678786,10.13947692141717,8.926158873865703,6.567156791916932,8.0778688226842,3.3832361114292007,3.337124304241786,3.3791810763325856,2.212734335972669,2.8818874745057768,4.343315992863797,4.812988415520974,6.80684230813191,5.098505298498969,5.412969990183282,5.413201972880305,4.903366951425433,10.48408096998971,9.9730302638264,10.435413658974705,5.564243660496688,6.614860825733103,5.336214425247475,11.32810309953564,6.53447873236426,1.8240323135049423,2.428612315677203,1.562364589599054,2.343698054073882,0.3140583731799163,0.8415305688543541,0.346059805783912,0.3301629593603059,0.5934962806412066,0.4610478898530774,0.6407407876930351,0.7047730048757708,0.9058131171618068,0.6237665805174906,0.684622901203619,1.1803927449530809,0.8417821181332744,0.3420980013622752,0.5731207469919074,0.6571519317008756,0.7121162057495302,0.6619502668102712,0.5556282931897246,0.6285176999818787,10.477310030276918,10.360707387854474,8.549009200779004,6.997117322656618,2.312662785466284,6.067682780836295,2.076297853223468,1.7224383899512083,3.977592471353068,3.726351521843894,2.913298526437312,2.6112867189529507,2.377047357375901,0.2060837070909045,2.0828340063465243,0.2984092764534224,0.4221316190634511,0.504169589215559,0.4296098102019279,0.3388433594321263,0.3311171971405497,0.3307240008949735,0.8396240533888815
2023-12-01,3.425919789079655,2.601066971850716,6.135311449495299,6.101788933953369,4.863173274602813,3.1334935264969688,0.2539858839099205,1.660160406334768,1.0755751876632196,1.2312693029110473,1.14479983081767,1.4927728282469028,0.3796238682743506,0.869312410564578,0.6268507877104404,0.4458896207628269,2.712968937737576,2.048374518733621,2.6701829785474773,1.309772279654965,0.7266298756183026,0.5546439981460808,1.347172226067911,3.6000356202991703,2.821788133558465,2.3598281391837865,1.847061429767123,2.139902200281598,0.9655658316336267,1.0312652387190882,3.170300043056204,2.894072546669384,4.141308254299108,5.23514281071779,5.396454771809121,5.390016521514895,5.399367706825499,1.6161502274391126,1.3110511492139454,1.1184043500205805,1.9284523942468104,1.3916787235232149,3.175768065335517,3.5033117564890754,4.786316652257514,5.400223964003952,5.092865897571657,4.734862379033399,3.3638764990520675,2.4389148029093843,4.70705664484506,3.1824781193877927,3.2643851507106323,3.429738764224832,1.9010592569259568,1.5788291446750695,1.4229904762460133,3.2675455360220758,3.324843884204185,2.762244426463399,1.497827508853143,0.8927458960795199,3.788110899839504,4.690141587638709,3.8956922402737137,4.596015215728946,7.580330448474272,2.862381427229396,1.7094082308966037,1.6855709330365838,3.4165242938648706,1.3650959103567375,0.9305060375461948,0.7520032957347911,0.7173774595160023,2.4619119649307644,0.9480795058880492,1.0655502793675171,0.8839536062274166,1.05961859749138,1.2443084407948952,1.0271154460611085,0.6714493990087206,0.8822253676868809,0.8738719256905457,0.8841385022654192,1.5995621950754866,1.592613057964335,1.79770897534784,1.9089994492377405,2.8637699052389096,2.1064571824436387,2.2123964746675027,2.240522962282732,2.939138054891545,3.211886552293959,3.059933117540196,3.5351287333328503,3.752152054890421,2.743055322830885,3.6669223006266862,3.686979954354814,8.01871882844345,7.40011080852281,7.391298966815869,6.178637871541103,5.6474323069885495,5.248469599597316,0.7578970358876033
2024-01-01,5.683408542452026,5.923280240176768,7.378351122677411,8.463073967239481,6.912850141491767,5.038812421188738,0.699850967804919,3.377691043339495,5.553600075665183,4.184155546922349,5.001197408379196,4.700014912828928,2.932448431917969,4.72220509382092,4.463448035599661,3.017003353759576,2.8807369652481287,4.301252822421911,3.550958163536936,2.731149472849331,5.280887639629011,1.7435869659634018,2.8367436228626275,3.39369539640674,3.938140330836241,3.498403518489793,3.613704620552121,4.711024353615013,3.4457700438718257,3.956961218489698,2.709015161397458,2.9239679149834017,10.031401142031136,2.2870967245654503,2.2206155843965227,2.252032572266116,2.2010776514586667,2.0391121464074518,1.909715249151303,2.1444199958333097,2.117142272983147,2.256803411044757,3.115385502471057,2.997313115257981,2.732287258369884,2.265286887015718,2.537635704870785,3.072726691470108,2.351805949154444,3.0459750644245207,3.1134301707834413,2.5415724779224567,2.5773110803378505,2.4614938824231323,3.398211607936008,3.1843469382799414,3.853617054149096,2.636295564759309,3.3583436993272424,3.4661087673097954,2.30265250874392,2.9080751140156864,2.75351053980541,2.4294373227543,2.539771742671844,2.4269431093261606,3.242529127206859,2.547736844015718,3.8901155066327697,3.5227659903286423,2.869247024926266,3.156486341623203,2.9771982604440206,3.623023174732349,3.369606633866558,3.009459782810961,6.399024172625668,4.620226105196413,5.504920337542312,8.399415236499562,4.025822965659619,4.373785784614768,4.866362708764641,4.818494374763092,6.552789940341876,5.271403123103679,1.804498805214883,1.7981193319586886,2.0638532120792514,2.618538036925324,3.4603211395937143,2.789968667482482,5.351546566373615,4.976772520900327,3.1820806545432254,3.1355274650691936,3.673689882735118,3.604720749553465,3.6948273147712793,5.095784667966667,3.858563267854501,4.362287280896519,3.06301242858932,2.990579246815401,3.09797050082612,3.3841279833224265,3.4860604645113917,3.6108309769465134,4.802026199787671
2024-02-01,3.3713300729115105,4.049646723063043,2.903496887556519,3.2060123672250374,3.277660298857193,2.981931689699125,0.4911405271862384,2.604047346076756,2.10657700344541,2.342707350922187,2.7201084473722323,3.235202116563604,1.1959636053105622,1.9387758959344208,1.7120944939404186,1.4820452032668288,5.368502512360723,3.373550946117506,3.3463283393252565,4.355199507446776,4.244329695086615,3.9585192659200312,4.131606984217647,3.43363450100043,3.4957354702003327,3.469684987073883,3.68609072178693,4.098478749091044,1.5465142835037191,1.6500143433523984,2.3326135366655154,2.369101605354849,3.1326154800864905,0.7338349944051339,0.9112153670651638,0.9137517009440792,0.9194951012395242,1.2472350599891635,1.202644959222039,1.1823124780790544,0.7769455795770135,1.1066235958860726,0.854386207261114,1.150908893814446,2.8972694268787405,1.2405570916727406,2.131894925401326,3.5797069074676653,1.1309905063633945,1.0344698338430265,3.18464174949234,4.335831389999612,4.241128145543171,1.3114411882981063,1.14779561035011,1.1353407523904573,1.4488188700795088,1.9719015874843504,3.259084336036892,3.312500579236905,1.6853601159287706,2.2584700108410423,1.2009879530844751,2.285331176666745,1.0974448257782692,2.142724140832356,1.0179566876162265,0.9494897152767808,1.585776297679348,1.4612408802803027,1.1429376651652852,1.2345598028860507,1.1065547107696392,0.9970905973534328,0.9601658564508624,1.1230330991169626,0.9392202968144358,0.8155287613598227,0.8628756531678763,0.972662935032191,1.293211798739244,1.197067943808203,0.9462288796158136,1.083862566740047,0.8626158805794013,1.0337683320828823,1.0480810111604837,1.0244546034601705,0.9235165744866062,0.9698318413023768,0.9552443946152264,0.9694723127413726,1.5459115734559448,1.4858832551308463,1.138990003521693,1.1697412531227651,1.7614369600766324,1.7980914660723413,1.928379001880101,7.429388657444568,2.493328995750607,4.281579459445542,1.3529663377480792,2.093070451988116,2.0756550513940497,2.363088959608352,2.3177841262138066,2.4260481044249023,1.5046438413835816
2024-03-01,30.064892204258733,17.346365974134393,21.435566291133373,18.45360869614144,18.8831678504135,16.493399646386884,8.770615278155052,14.512489138013702,29.37055566995556,26.57364379016409,26.623021376521823,22.40520097180569,19.551926827092156,26.260269504282626,26.436994958133766,22.927490879707715,22.43431821518296,20.464893386389623,21.41549127477806,23.995336091444308,25.565517272292755,14.7819137164462,20.85783939455824,15.601613683449804,18.007372194407953,27.809357152373785,21.75744352413258,29.90023740393535,14.337526510865116,15.927717299330483,12.763691259775436,13.236769842382174,19.706800144948005,12.750943775340025,12.536308271808185,12.500338550456677,12.56454641077377,10.770341619973888,10.497667266394174,11.75669644872374,12.457604820097226,11.972171357237189,14.085627675544066,14.355346258739848,12.344315258826732,12.910954841511211,12.679771579282171,13.30905825578855,12.582639715654055,13.492024774787328,13.463801369814735,13.99032944830897,13.932567452124069,12.711665961804524,11.330518501642128,10.595667164875875,10.726061675880866,12.73756714851362,15.55244132947251,21.946208178153697,11.555247261404109,17.221691558852346,10.614064083999866,10.425757440531491,13.014402766833475,10.7488493370168,10.17492458174431,14.340517676769448,15.037030907832769,16.346347683588586,13.713970867842397,20.540500647203235,19.5767659634614,16.000461819124766,15.606438471832432,15.408582045985575,14.922955085861515,16.612024905234236,13.622351361646274,16.78438934516967,16.037435815890834,17.400417103311234,16.817296788230287,18.08025321219812,17.880883936377543,18.195424146183303,10.181286100147316,10.298658083000824,11.3245952585118,11.55671184055064,11.74394577029403,11.511242596312083,11.69523742719683,11.56852736478328,11.25554308384413,11.182410947847044,10.334147843089514,10.22397250859868,10.61249054995233,16.59503124059428,12.245231228033443,21.81359691729624,9.740859551130416,10.4468230384558,10.271677017106889,11.690342351825102,12.73551005847397,13.676119733065336,14.126281975796466
2024-04-01,76.45147252629327,46.877586754353416,55.38084689208378,47.0713760018145,51.49537584342599,41.33562340209309,20.807868275342347,32.8842638013892,16.377468246437637,24.81942405655878,19.274584786614337,18.81652589028289,13.113000206436627,15.16672590259876,10.07955787279484,17.605804127061536,16.193284803832086,25.47448206127905,10.5252082682412,18.6222756909168,8.664427860284157,61.95521832196984,24.73965491802708,4.160013810652333,3.525617579023954,6.674198152379576,5.44571219953197,12.117964207212422,6.7781849308644615,7.037529207592668,9.263886209477954,8.999167067361945,36.15536259921613,13.2960978911434,10.7482345352648,11.11828459555679,10.404481891804842,5.704519313527106,5.130556464983702,5.861745808432104,7.301461849873283,6.037941184578655,5.719253811309697,5.359395558582925,14.568303099786943,7.854443024423526,11.219992396728449,14.3239669294739,7.475143788435083,5.143173386327471,9.69797920881233,15.735038113762592,15.14431596829225,7.571282343449598,6.310730644355301,7.197215945991783,6.846186125315093,8.732686956527704,4.028193213973471,4.418546388683169,4.386697702929942,7.338984542008545,21.742244099108863,20.477237430041388,25.470621501258343,21.12557211147634,20.52792744586803,18.032605428572182,21.90386354186282,20.622143192897266,18.38485192475106,9.38114285835002,1.6442530433525784,1.144831982024913,1.702854118766862,12.760977190767704,1.2924914343165803,3.292393376359932,1.713831003863301,1.1685268337014605,5.037496371371659,3.016807063426545,0.5255183719613377,1.8980936425329111,0.7534434984514615,1.616533635588258,7.163128594613331,7.092999638294971,9.703621881797115,7.486421291468547,4.206565925710938,7.012155083860331,12.060500012453303,12.246791463728732,8.9954960731525,8.948049380658913,8.501354155227304,8.066272370657149,7.963273688831287,9.196308014947478,7.792760646148565,3.993574419346555,20.601871305210995,14.134878334826425,14.05814291329276,13.344297382271968,12.795678803322582,11.407049192828737,0.6139046806384708
2024-05-01,50.0264531865412,22.04094301705205,65.33889971329725,73.99671282996472,46.866484541856295,53.176874120772624,140.79154820332454,64.49561328423106,12.906472273031817,44.06679800591497,23.83685156492248,14.73955441798177,36.33095016207049,13.331226798956402,4.126867726166014,16.352209929798132,6.267030641895471,24.455147616633543,6.068148818122751,3.964195558391453,35.1425714810411,2.678746330800025,5.29084641310528,0.0005600303778667,0.0,0.1028461877193935,2.4757612211150994,0.0002876900871994,6.795057532526007,4.873660638548492,1.3385953171782394,2.748687826646002,48.68128238933567,3.298396026198586e-06,0.0001692545453617,0.0001883996325058,0.0002195502140716,1.9901656291202536,2.0038926871023834,4.451863862181123,0.4148235515293118,3.5586854191591253,0.1481004983393753,0.1732814808870623,0.0245489329640998,0.0001658810670017,0.0136005985351013,0.2964568124890853,1.6257633084972287,0.5920055294979963,0.5175675852634233,1.2428358246251308,1.1943361945602862,1.435315121075049,0.9355337551270096,1.3312456239550132,1.3853673918142018,1.3093199435475982,0.0003735239520435,0.0292354052696402,2.5351512688955173,14.62177224803147,1.6540417162633634e-05,0.207245203177557,3.888549179775821e-05,0.1818183966548341,0.0,1.0083523116546567e-05,0.0,0.0,3.343797832936077e-06,0.0,0.0,2.2185863484415219e-07,6.114177038583083e-08,2.134882997063868e-06,2.412629214613743e-05,0.0,2.401401653937181e-05,4.352814893704805e-05,0.0,4.275411113081887e-06,4.996562922278176e-06,7.0954338203143e-06,3.174174557596666e-05,1.2337680810959558e-05,0.8133564088017016,0.7647071559737938,0.650122320726577,0.428210838216977,0.0065941853054811,0.349193981658182,0.0066761529590677,0.0035528593210946,0.1966879661098305,0.1805855281372101,0.138612110759425,0.1217989880358165,0.1099066178662791,0.0,0.0946418116406321,0.0,0.0,0.0,0.0,0.0,2.8607217961943465e-07,4.080371266217186e-07,0.0
2024-06-01,4.213128186250371,0.2912211059699368,13.40478093604594,15.73118356931914,8.783730724752216,31.905952174348457,152.00745053560013,57.012917166656,1.1550551718804932e-05,23.83938547297152,11.0850245397158,6.197882655582059,28.007181220610764,0.0,1.0226970401309981e-07,10.559887999498136,0.0,12.401953787788266,0.0,8.028199508075305e-07,3.043658581347547e-06,2.8121278702181985e-06,7.630637710522689e-06,0.0,0.0,1.9019276827825888e-06,4.568713272841353e-06,0.0,3.265752780202042e-05,2.2832290814523163e-05,4.3872127789784576e-05,4.245805823292055e-05,0.609498166609882,5.587935447692871e-05,5.440979239612764e-05,5.444422204643072e-05,5.44479271693478e-05,2.2665779781809986e-05,1.1948231818621516e-05,2.500711872256311e-05,2.5166648358002712e-05,2.603743037918728e-05,3.822493938220735e-05,5.587935447692871e-05,5.587935447692871e-05,5.587935447692871e-05,5.587935447692871e-05,5.587935447692871e-05,4.042411928061509e-05,3.766746855227259e-05,5.587935447692871e-05,5.001508892298778e-05,5.012533997619646e-05,4.169521290100232e-05,5.0969230158322535e-05,3.386305617995992e-05,4.6511414673817815e-05,4.339407719703565e-05,0.0,1.1450158500200486e-06,2.3436583374996445e-06,3.341957140600191e-05,5.587935447692871e-05,5.571493008680027e-05,5.587935447692871e-05,5.573510690162908e-05,5.587935447692871e-05,5.587935447692871e-05,5.587935447692871e-05,5.587935447692871e-05,5.5671454688125085e-05,5.587935447692871e-05,5.587935447692871e-05,5.587935447692871e-05,5.587935447692871e-05,5.575103692766096e-05,5.587935447692871e-05,5.587935447692871e-05,5.587935447692871e-05,5.587935447692871e-05,5.587935447692871e-05,5.587935447692871e-05,5.587935447692871e-05,5.587935447692871e-05,5.587935447692871e-05,5.587935447692871e-05,8.580273057645131e-06,8.658897015398039e-06,1.0758222050253087e-05,1.4608675667143032e-05,3.953779711733645e-05,1.9131185110350676e-05,4.4262474345329614e-05,4.382060282313858e-05,3.307736130869196e-05,3.494411344358666e-05,4.056775132958415e-05,4.2425010563297566e-05,4.373927935144524e-05,5.587935447692871e-05,4.5425410543505055e-05,5.587935447692871e-05,5.587935447692871e-05,5.587935447692871e-05,5.587935447692871e-05,5.587935447692871e-05,5.587935447692871e-05,5.587935447692871e-05,5.587935447692871e-05
2024-07-01,0.0033018732130104,0.0,0.0018916061395977,0.0,0.0012349559055234,0.1361152692914187,0.9069486396697404,0.2770189612172572,0.0,0.3072177657456232,0.1428517861198779,0.0798715964843642,0.433380531956465,0.0,0.0,0.16340507532324,0.0,0.0678628908313956,3.468471654527255e-07,2.877495513966924e-06,1.4957015199375918e-05,1.4648141580805205e-05,7.610701749848324e-06,0.0,0.0,6.642186370387843e-06,4.867105743951259e-06,1.0297262074756189e-05,0.0,0.0,3.508226472371847e-05,3.1396711997623995e-05,0.0,2.6513074705427904e-05,2.2675611373457155e-05,2.1224943700863567e-05,2.5666220480878324e-05,0.0,0.0,2.537795842150499e-07,0.0,3.955964098622273e-07,3.019063390014549e-06,4.140090849936008e-05,8.217955649645813e-05,3.5474650349069444e-05,5.436557831426345e-05,9.610467278159664e-05,1.5490235140886758e-05,1.097829071193698e-05,6.53865359604489e-05,9.173814736249794e-05,9.088410811928943e-05,2.151379015954911e-05,2.395963365729002e-05,0.0,1.6804806694572535e-05,3.406868420287488e-05,0.0,3.1766096303490557e-06,0.0,4.1087872940434674e-05,4.745854387791289e-05,9.420612234926884e-05,7.805119076576016e-05,9.270927083710644e-05,1.019238193759006e-08,1.963275790154721e-05,8.550605539759085e-06,2.2634316772099645e-06,8.40316810228478e-06,1.4491782152084763e-06,0.0,0.0,0.0,5.306708075755484e-06,0.0,0.0,0.0,0.0,6.279307290083077e-06,5.184755724674823e-06,0.0,2.950397226068851e-06,0.0,2.274029739938944e-06,0.0,0.0,0.0,0.0,0.0,0.0,0.0,0.0,1.158358745538611e-06,1.078638228886262e-06,1.0230124675897636e-06,8.989277063897531e-07,8.291509564293302e-07,0.0,8.085158154340216e-07,1.279358901153082e-07,4.822071256277216e-05,1.998645012867569e-05,1.4121589293692486e-05,1.1950380189046428e-05,1.1983115805290167e-05,1.15792115679391e-05,0.0
2024-08-01,2.2727358717913577,0.1220572653062452,2.04343301072023,1.389214041300146,1.3476035926275598,3.191181875531271,13.832038700872086,5.264904794263022,0.0,3.6856297483669,1.7137600620057991,0.9582011948393172,2.370315218021132,0.0,0.0,0.8937097119467995,0.0,1.3350992602763012,2.67602535928499e-07,1.7979249928468796e-06,0.0,8.501993637265861e-06,6.021733885370888e-06,4.866889389365403e-07,0.0,6.226572254182166e-06,6.162686507171529e-06,1.2493824226977714e-05,3.124530240204593e-06,9.624744033093857e-06,5.2829111374447606e-05,4.655475796897158e-05,0.1918691484419638,8.965877661498109e-05,7.796067516413075e-05,7.66612103482759e-05,8.017503612873057e-05,1.674912375301161e-05,1.3920060668933828e-05,1.1798930237651392e-05,3.967595312117513e-05,2.015127454215988e-05,5.565178196543197e-05,0.0001106750073845,9.11411809996359e-05,8.079627766509551e-05,8.065748224444591e-05,7.533396899692291e-05,5.335610806653485e-05,2.982973065929092e-05,8.059729704257915e-05,7.637824004945422e-05,7.726784023719287e-05,5.424745446319423e-05,2.992342783246532e-05,1.2917356723757907e-05,1.3895082869397784e-05,5.448727260021653e-05,3.246073482297444e-07,5.066327478531155e-06,2.50230851515305e-06,4.1087872940434674e-05,6.555479797765172e-05,7.250510841164252e-05,6.810814210068305e-05,7.202126855739771e-05,6.26954033369055e-05,7.802961719597818e-05,9.906163873231502e-05,7.357122543837621e-05,7.326843813700872e-05,5.622853714405098e-05,5.729879617788719e-05,4.713348533589148e-05,3.204901329272701e-05,6.222967173206059e-05,1.1860507769939053e-05,2.739248621915121e-05,2.695476310933155e-05,6.332363722315855e-06,7.84838692009087e-05,4.810274855227981e-05,3.146336924016113e-05,3.818244545232753e-05,5.49201145022431e-06,3.028609034664339e-05,2.264742649375773e-05,2.579162610836556e-05,5.878450112724897e-05,4.073273843817209e-05,3.5177776086115165e-05,3.874337735411996e-05,5.169964198404582e-05,3.739761858738018e-05,4.472775218674424e-05,4.91965011519245e-05,6.057935062615525e-05,6.615515309608372e-05,7.00099008521288e-05,9.717657084534638e-05,7.265847589143238e-05,5.784064013205447e-05,0.0001049573790945,0.0001068219251833,0.0001027788807194,0.000103484285208,0.0001011972305251,9.876805590568324e-05,4.2670035665566274e-05
2024-09-01,0.2246378564252145,0.00646034114971,0.0864434029166834,0.0213649820288018,0.0571514352884655,0.6544147342976597,3.3786700879808858,1.2840908802514197,0.0,1.645763771899583,0.7652543571494843,0.4278706528944506,1.6036285601921705,0.0,0.0,0.6046356049557019,0.0,0.3385399870152787,0.0,1.4464358366725137e-07,0.0,2.185626044843018e-06,2.9982717554231326e-06,0.0,0.0,0.0,2.680201154979192e-06,0.0,6.929494967749246e-06,0.0,3.0759605587301546e-05,2.8160636478069672e-05,0.0014548677709696,1.715112265498491e-05,1.9611595856658653e-05,1.776831773005822e-05,2.145455740189392e-05,0.0,8.418711343782548e-07,5.500576468708555e-06,8.54850081423349e-06,5.485903554855839e-06,1.1533719279521195e-07,8.168529068031718e-07,8.635206227535793e-05,3.6689067977500616e-05,5.819553622009699e-05,0.0001030169138699,1.615579048985056e-05,6.1191496420211935e-06,8.22187247469333e-05,8.097518336756038e-05,8.092259291562142e-05,2.2201339234545538e-05,2.151071785927176e-05,7.547146813359407e-06,1.5608453865753158e-05,3.1859810943757595e-05,0.0,0.0,0.0,3.462677719017798e-05,5.451038067755256e-05,7.563650235809827e-05,5.394217486949278e-05,7.314619206251024e-05,0.0,1.352857092986341e-05,0.0,0.0,7.1178822768956185e-06,0.0,0.0,0.0,0.0,4.393218554975252e-06,0.0,0.0,0.0,0.0,0.0,0.0,0.0,0.0,0.0,0.0,0.0,1.400953561026464e-07,0.0,4.436305352350619e-08,0.0,3.6121901873948434e-08,0.0,0.0,1.607262533485487e-06,2.3246219529068506e-06,1.685682173939662e-06,1.5214583204244073e-06,1.390450377140785e-06,0.0,1.1973311643125932e-06,0.0,0.0,4.636913696746143e-05,4.010309997130732e-05,2.22795613387541e-05,2.024966730810209e-05,1.773817290194483e-05,0.0
2024-10-01,7.306220465624116,5.903990856785723,5.545768852247473,3.0009800479517788,4.959461399795753,6.041929154244506,10.885167399437115,7.615731165418939,1.4131066065763287,3.2539712527790248,3.005692107485201,4.590501147418048,3.4395077684145776,1.0177520051007736,0.6141705732174971,1.7721573591079407,0.3249685714614588,3.824479132293279,0.1737856225496676,0.2363271089898956,0.0001089924408772,0.3046921616056128,0.1345018593752757,7.103952428237964e-05,0.0,0.0020939697744672,0.0001971039548374,7.672828625242147e-05,0.0,0.0,2.2141351120843358e-07,1.0028881564828469e-06,1.1852952898694016,0.0,0.0,0.0,0.0,1.3989121090096154e-05,3.1716847247447704e-06,9.28609274649626e-07,0.0,7.299422700539277e-07,0.0,0.0,0.0,0.0,0.0,0.0,3.286844937117432e-07,0.0,0.0,3.467577122051996e-07,3.240911782974978e-07,2.763555333900177e-07,0.0,0.0,0.0,2.4805571719009054e-07,4.738137261855548e-05,0.0005008545571357,1.769840397734138e-05,0.0,0.0011812756334236,0.0166546929420339,0.3645007887526375,0.0646274458444688,0.000363788081981,0.065150903763119,0.8079009140772041,0.6185988336464303,0.1719418720834315,1.9155232258479056,2.352032581355487,1.310244175540907,0.6718253907832079,0.7114630899142176,0.0047269954556196,0.0659942656246433,0.0411623201982773,0.0,1.826891142864017,1.144417062873602,0.3155883317542358,0.7378383312755687,3.314021986944676e-06,0.5686921810097744,0.0,0.0,0.0,0.0,0.0,0.0,0.0,0.0,6.02195921861702e-08,5.5289538420851456e-08,4.0092794101353594e-08,3.5229638275438394e-08,3.1788280279813724e-08,0.0,1.573336826012574e-05,0.0038415327617419,6.390162969397445e-05,4.323634915412253e-05,0.0011487445332488,0.0586905724028631,0.1311165314000308,0.1457077798823183,1.3167508013176032
2024-11-01,3.948384178671407,4.15856137608366,4.323400201020604,6.676080567768973,3.960137254634059,3.618161040905599,1.5484059958083702,3.3002730975088257,7.528578121274666,4.75506032279472,5.564492378714666,4.781540137682376,3.788168198673758,5.878979673065103,4.278726154749153,3.713284785975908,9.144945554263362,4.959683987144197,6.382596035980795,5.058069758132133,2.645826130484385,5.348689982597806,4.059571837932541,7.114049977227901,3.794985409803007,4.380623240937456,3.058526436371158,2.472928856546872,2.18799033239758,2.028687698732897,0.3450960925796147,0.5647186675209829,7.679503856800722,0.2712295356414908,0.1607533437139617,0.1674005919791859,0.1538917773279092,0.364703977668726,0.4002459654360999,0.9661479551035764,0.157813068329131,0.7896904531975834,0.1024097168357315,0.0237229891886595,0.0026451604265798,0.0134340066838284,0.0062471457064656,0.0033164489689754,0.4156424588865485,0.4079309586209859,0.0090111864163687,0.0804930549294398,0.0759266506233807,0.3716332105991026,0.7817420518357621,1.2834041661646212,1.335264103716847,0.3348032588487031,6.579700493349047,5.345403799213383,0.5691170648059921,1.5863532496300972,0.1088608815546843,0.4177853078330971,2.371019980994748,0.7118599877989479,0.2689101285101121,0.8044340363764791,3.230962943971506,2.385738967192447,0.9761151268161894,5.444242185303118,6.5001999994673,3.850773649481933,2.609887879886444,2.380864466833857,0.7659332301188752,1.1809852434683905,0.9819522889870091,0.3046670121289584,5.524783095150802,3.524295666263109,1.2282985784484022,2.389569514317397,0.5807976904280808,1.955101893353456,0.2969692556282953,0.2770764238585437,0.1794339661218123,0.2465619564870065,0.3048008353252856,0.2534375379718024,0.3791972432001947,0.6572943465556806,0.3171111554420237,0.298421784717527,0.2343324010766742,0.2346459462238061,0.2463011215417005,0.0999102026481561,0.2446981420225868,0.5319054049220002,0.1110967493685999,0.1702093448285624,0.2051082817709757,0.5929899353046184,0.831706078358123,0.8643662727685298,2.8321443687413077
2024-12-01,4.590011982347434,10.086933344749044,6.954961558019909,8.077825820066879,9.61984521286421,7.240443035192523,0.1647134942002091,3.617607773224949,2.1258755970566905,2.3831381099417968,1.7140357562879978,1.623644442060436,4.111740320386861,3.553026280892181,1.7878524845865789,2.511130665794808,5.007169587961518,4.7039781729774255,3.063000246766212,0.7641356509681385,1.2904100899361453,0.088520760098075,1.930047118728634,4.4190790931662525,7.188694299300336,0.9327723205604024,4.350931907702406,0.2329211204010317,2.3180845515529978,1.580616259064537,9.175193322865615,8.3327697288312,10.533798115724007,14.093153391953084,13.452194009757632,13.280156250179328,13.510068876084214,6.215517325158916,6.239775559699366,5.576346912319366,5.889345895742475,5.869524274903193,8.754989365024846,9.746013736864146,11.315204335450696,16.054410104211676,13.62658071297322,11.356586745230551,9.673987722316266,7.665079829512717,12.734061053086146,8.36087664689806,8.634828678472783,9.817650027477146,6.3827956439151485,5.856102380422366,5.486857396210454,9.432471950145278,4.918664306517631,3.640767614930364,7.45787112114912,3.9552422801799274,10.610856561608925,7.833538870241477,8.962216296585774,7.886317199306369,13.898025885030172,11.77772210341184,11.125171764721468,10.707512515759072,11.971951020538835,10.36620508828612,10.783335342204351,10.203033029368893,11.201219718879113,11.430954842939396,7.833971348316279,14.185871165468948,10.807245700382191,4.349527229880199,9.97373327579562,8.692465382688876,7.692430145516902,7.737121257803459,5.711021178482472,7.152504846015217,5.874455452368989,5.87014411869471,5.465260747869398,6.469893207168261,8.745438929508115,6.8415185461438,7.051916374555562,6.808817349538152,7.630960047695842,7.886841475362172,7.272499101830533,7.445277328883869,7.324392127904801,3.669948292679638,6.8827115407556025,5.717771760734021,13.604771684577264,13.127382903896908,12.798624052877653,11.428448392403348,11.152735435098434,10.564245855570292,7.149785265253874
2025-01-01,2.4141368570074304,6.02963926374005,1.392015202732047,1.429068360875992,3.238672142214613,3.0620704106517915,0.2099971597130678,2.4188884048814847,2.032249237739939,3.529192273578919,2.3189039990407183,1.9908535911731988,1.8100076701986751,2.721896759546808,0.9117867297592704,0.8772086605192727,0.4284982937670901,1.993784536998888,0.1324855013026891,0.0293529296257384,0.0,0.0,0.0392793894899669,0.0674050137060691,0.0,0.0,0.0765559056651941,0.0,0.0,0.0,1.9563640824163275,1.699763446207809,1.0702963094903977,3.128998448618899,3.494937122793388,3.3803378218555307,3.571558188104171,0.1333990593410599,0.1616084407132799,0.0846743612803901,1.2938733572555237,0.6634241504515196,4.88375490182059,5.060878225616788,1.8646640062204536,4.401956501503051,3.06213949026738,1.7818902729449004,2.507136400182024,2.599100243853274,2.6367431842513613,0.5855593830333721,0.7345662593582298,2.5576627143892487,1.0073808848069767,0.3548510296165003,0.794036480386109,2.14034431628992,0.0451086355791253,0.0550621006671004,0.2810365430165661,0.0,2.790167940132944,1.964438816835845,2.465830805055317,2.033930835195648,2.5710093309999205,2.324626174568161,1.4948310053561067,1.4244478479035791,2.1235331867816374,1.2580379424176735,1.0796112607323027,1.1009208013383327,1.215361249513995,1.7609719230235856,1.2448360647620238,1.2443715636004655,1.1217870727200323,2.028094031048972,1.2632929818135523,1.2763784432513734,1.191473397291866,1.2895288460797694,1.3547391776600777,1.3338091024872858,0.3663006516311911,0.3773066128929608,0.9657602513674906,2.523070179446628,4.843904067497464,2.864233306731866,3.5923436984625554,3.38123291245093,3.129374411425468,3.1182939934800347,3.2857194443879054,3.23153059343934,3.214786308716731,4.863478058167308,3.275397950855481,2.276456396838262,2.269522669812334,2.439382736687938,2.254399177228726,1.9241787924477416,1.8511035279339905,1.8202015339679287,1.1832114385726449
2025-02-01,14.18514980832353,18.992511846336328,12.264747533972338,15.101635713303548,14.515440346345624,18.599065419767008,3.988941481498406,20.847285420044976,29.74084805066511,20.39217884516282,24.32632022409756,25.520630876751625,18.785943988038863,28.7656075329663,24.894309807900463,18.210592147203812,34.83983332513727,24.086117063545068,21.79112743857957,8.888909888090906,22.114121890864176,5.75212710364592,16.74389426637651,34.80538297549559,37.42054421733568,9.814358377919994,30.18828284168032,12.25912477764085,29.55793565129783,28.54193992529086,23.43704446113205,24.432618791903028,23.928062632957587,12.873398507309426,13.803414173978668,13.84208676868371,13.697098756788384,42.3671030385557,40.53404974478938,36.25402379736211,32.31043985592693,33.83394453560404,15.417412706533296,13.397984280990386,24.566319524876405,17.50837033859039,21.51180886927105,24.83374382554725,23.347773644847056,23.77927634215124,22.633814893011305,17.845072213964663,18.08071624049746,23.12522709737519,31.60605256748,37.421923902898655,35.67037081693325,23.112634401493555,34.9785962400715,25.676945835326134,42.63732852314058,28.677047329999635,21.564315216412,19.364358995114863,19.81884604906221,19.551559217956484,8.10120512825159,13.489811081682998,6.233339199890656,5.990097427695067,9.96799329264349,5.7192747926971705,5.776259828158768,6.507938594614561,6.807804060180387,8.56125366176373,11.58060148137542,7.75475131597666,8.730892198109641,12.305730135356477,6.193455341505839,7.02434691106456,8.828767346626352,8.439750339276529,12.762889958875176,9.526054206522856,39.05018410071217,38.756664501582655,35.259421989757044,27.80558642829575,11.758030783396128,24.65475826247457,10.71883919602329,9.68687211756898,17.812095969142547,16.85164417821641,13.09740399419242,11.887856928343322,11.057566198589914,3.813382267639047,10.10387042562005,4.737708678215775,7.058493679564058,5.696683300595388,5.413954091851653,4.849824144468501,4.95934336927894,5.027323021360098,5.804334494350537
2025-03-01,32.41693659956576,14.236448990518936,25.479473850438072,23.68662245970151,20.07125155900105,18.456643512775845,7.578981789565341,18.1824867795513,44.16950764284969,21.383633961689483,38.71502585525728,46.554094162724965,34.059651366128534,42.5370029786514,56.20761596023106,45.25845086972902,51.96795554645527,40.87402223835644,71.90379366580557,42.27661210610975,40.05871281818429,24.913401439957088,37.25532560446981,47.06852741162517,30.75705558991843,49.606596450802826,36.12502143531256,39.47246499403225,45.443274631219225,50.66593450458629,15.371170125492531,18.595290975163557,22.5641946898952,8.81377360111648,6.696131614354341,6.98208461806962,6.492751430496374,10.438802764185958,9.721333781759016,17.110101422304105,7.344907652023908,14.895475972205944,6.471445198343837,7.559071223084795,16.708218463422497,4.807064720992161,11.08266434689734,19.5159439911624,10.476252916735104,11.619706484785134,15.36903570599658,27.10239702510703,26.22908868732391,11.059538936312045,11.79427449006445,16.338308121054098,20.412200472102786,14.114031310528713,43.99817382510489,47.92274041235724,9.59020121377876,27.813209789847782,20.174807472174223,26.4501084802328,19.030423230886672,25.453111190256,9.664955815559962,15.909920617609828,12.335023492122712,14.333111866536422,13.47229336452809,18.87389170979142,20.631363304986134,24.041580068112847,22.47315933009097,16.540381763379045,36.534458017135,23.48373374004984,29.957112843420934,25.192702047268178,17.587159759057197,23.65026942278189,32.6456201118803,29.092880962903664,39.59063670711336,31.429551670243963,7.147738285562135,7.094957347971379,6.044604702812131,5.386753112751129,3.13798801949483,4.902832581838794,2.36758779906255,2.6456655743785,4.473615191451116,4.555198593069727,4.890364482857553,5.161956972012838,5.680952816748657,13.770351740396944,6.582012609502517,9.682523766935386,8.281514044527482,7.658330226736757,7.901125808808383,8.071883703619452,8.167042806418932,8.310157694381273,21.100614772552834
2025-04-01,44.23425662948851,18.45704944253966,41.670903089000014,38.43351620329673,32.309505883141426,25.7139422481726,21.89897538343338,21.44572607301575,26.46962614380635,30.305328647839797,22.46351259265411,17.34531418709862,24.833896190241028,25.06704902260254,20.401092727616348,23.45634770319837,12.744082098177673,18.573807499165785,13.905904685899236,79.63097110566301,13.438320311401093,90.77843256697084,60.58184125285351,16.576829270835628,20.156153188285884,67.10423071732428,27.957844094731666,96.32553901623248,8.071883339127663,7.668049498684432,18.560926402171777,17.313108338603357,30.167854842753695,36.57022045843057,33.192222830325456,33.492722020658604,32.768905945796206,14.135825277420508,13.633703390030668,12.601418669225197,19.043348936144994,14.54088859690034,24.84490468008036,21.653458298898418,24.09795814669389,26.590364565385045,24.83512042138572,20.82361486971992,22.19065018991948,17.31291545463892,16.519995525610025,17.562413148211192,17.336412633320872,21.43948920969104,15.026891193002893,13.514701532551488,11.367554734149657,19.508275757927947,17.361048424752745,30.693069549191105,12.275895641892877,14.939719093570153,36.35981976659718,28.15255205518593,32.44339397864698,28.586978508569103,40.481799093564845,30.800499275801247,18.76128138765652,17.86845676817707,29.79259422926299,11.436465368737576,7.427570915247308,6.1193618897407,6.82764218413628,21.424227062805272,3.42081319876318,6.664206215880151,4.8955732913422025,0.7812876340955236,10.050002111606364,6.977049600314161,3.8663294111379343,5.343147138920952,2.47013585164564,4.62003102581084,16.54117506222329,16.622352222842963,19.363419814298663,19.12504832523662,26.35433961876113,20.382773452848557,22.5725799560326,23.3251179820966,22.86146512806572,23.040179091242106,22.371482474992675,22.02136312386051,21.59736457353664,12.697373165293351,19.64351077039602,6.76869112180432,37.756367815881816,32.65918321552837,33.10791335465032,27.244508734947484,25.08882392911492,22.363138541438158,3.5592047188798706
2025-05-01,8.142785131049603,0.2835317398123821,39.08844102759387,54.262285833425096,25.55074388235192,43.18383368784817,171.67235530735834,64.42460369819233,0.0795295167564656,30.42496610577135,14.154148655191545,7.91399574548537,40.046383400286174,0.079289351488377,0.008029650725313,15.102344678871733,0.0,16.653479022515246,0.0807810740497408,0.0286446718043445,0.0059201141605435,0.0062606652579832,0.2647767475627524,0.8460256614530242,1.3502612992861662,0.6414285069608833,0.4727162846700737,0.675000607595153,0.2021762424482185,0.1959972163090504,0.0763154524484636,0.0952505297549409,5.287037971479185,0.0003335200238919,0.0011704066407819,0.0013072995816992,0.0010878792837252,0.3918249796657923,0.1099157079664225,0.1641548442306009,0.0830081501817447,0.1436844580932023,0.0547353205604387,0.0438214985219341,9.555335047526492e-05,6.5054899893115e-07,4.931893418174737e-05,0.0005451334551909,0.0696834284505079,0.1510117922030057,0.0136226491139494,0.0280961048588729,0.0280081604773859,0.0692409631726106,0.1504111533282193,0.1026581886331993,0.0894713415101966,0.0665034979121542,1.0039225205677549,0.6488983875194493,0.2202149245211716,0.3453679533064873,3.405489492763704e-06,0.0158751387803443,0.0,0.0139271082172933,0.0033149394313009,0.0,0.0,0.0,0.0008039506273312,0.0,0.0,0.0,0.0,0.0004962052863307,0.0,0.0,0.0,0.0,0.0,0.0,0.0,0.0,0.0,0.0,0.166460827322916,0.1665336156393502,0.2684151533291183,0.1577553629394671,0.0183250549268261,0.1315735215491996,0.6155245916259885,0.4664059718352778,0.1666016686936838,0.1534066500240039,0.1354628930329081,0.1190387506260567,0.1074106165801136,0.0,0.0924923900368581,0.0,0.0074720160894749,0.0084491716107624,0.0058071529036593,0.0021873583160883,0.0018595552583425,0.0015738302528856,0.0
2025-06-01,9.524544926192087,0.8300035979138712,6.855378380565004,4.192052511337839,4.567586567895211,10.589105566953949,46.31977430183412,17.380770479077643,0.0,5.670272600260717,2.6365878795389976,1.474174633185189,11.470286984638582,0.0,0.0,4.324782066596725,0.0,3.952918715036201,9.307775176556565e-08,1.5184415215235283e-06,5.587935447692871e-05,7.353465409442544e-06,1.0434385314421332e-05,0.0,0.0,5.747679698359182e-06,1.1327445164211071e-05,1.5115709768137711e-05,4.750398128198852e-05,5.587935447692871e-05,4.89996232018392e-05,4.802329865103751e-05,0.5548681591283101,5.494619298032134e-05,5.376234192527861e-05,5.35145132012178e-05,5.388850495129803e-05,4.749078245203028e-05,4.491432114669477e-05,4.694034808838242e-05,5.500895151184052e-05,4.864725896755001e-05,5.200024337802858e-05,5.484830560557157e-05,5.310978585904675e-05,5.587935447692871e-05,5.445570553783472e-05,5.587935447692871e-05,5.11084456227292e-05,4.25521643903977e-05,5.587935447692871e-05,4.972016006595782e-05,4.984968975292987e-05,5.097404240058966e-05,5.586241073969372e-05,4.547512347613366e-05,4.553609467148837e-05,4.970348367847262e-05,0.0,2.985651780278789e-06,2.7207540534722927e-05,3.385430358600265e-05,5.587935447692871e-05,5.58882264177729e-05,5.587935447692871e-05,5.59626208045124e-05,5.587935447692871e-05,5.587935447692871e-05,5.587935447692871e-05,5.305402506531912e-05,5.5441521140045167e-05,5.457953883222559e-05,5.587935447692871e-05,5.587935447692871e-05,5.587935447692871e-05,5.5501310829033576e-05,5.587935447692871e-05,5.587935447692871e-05,5.587935447692871e-05,5.587935447692871e-05,5.587935447692871e-05,5.450084913061812e-05,5.557123313017332e-05,5.4915970171319846e-05,5.587935447692871e-05,5.513682240613227e-05,4.963966675222329e-05,5.0461176293703394e-05,5.587935447692871e-05,5.334559990519345e-05,5.098750667259612e-05,5.2100989388643536e-05,5.111485406754571e-05,4.390219520131264e-05,4.5028131843875495e-05,4.4517266328840255e-05,4.009280830692139e-05,3.996187474461146e-05,4.032726460791763e-05,4.817153917377635e-05,4.204423021435678e-05,4.850756537162807e-05,5.587935447692871e-05,5.587935447692871e-05,5.587935447692871e-05,5.587935447692871e-05,5.587935447692871e-05,5.587935447692871e-05,5.587935447692871e-05
2025-07-01,3.686202647471095e-05,7.65085452020766e-07,9.201158101266028e-05,5.702846252919606e-06,6.015555791729142e-05,0.0832346728582805,0.5437793961969195,0.1700456233402906,0.0,0.4077598411975279,0.1896019346609062,0.1060108300507989,1.3832124223532452,0.0,0.0,0.5215295341233043,0.0,0.0574968387565397,1.861555035311313e-07,1.2548560946274854e-06,0.0,3.251566855115889e-06,3.5792331874466864e-06,0.0,0.0,0.0,3.138181800751946e-06,0.0,0.0,0.0,2.662348485669796e-05,2.3479173692242887e-05,0.0,3.2397633189310244e-05,3.124156029779059e-05,3.043534053737284e-05,3.332387058578828e-05,0.0,0.0,2.537795842150499e-07,0.0,1.4173809961815053e-06,5.5114431056952585e-06,8.168529068031718e-07,5.861050953868967e-05,2.480337326985449e-05,3.935482039718712e-05,6.532778022223539e-05,1.561785968071962e-05,2.849409080956443e-06,3.957375224544516e-05,7.981554613124642e-05,7.584951513194639e-05,1.7672771967369876e-05,0.0,0.0,0.0,2.6813821865356216e-05,0.0,1.0375046313689377e-06,0.0,3.775992838671317e-05,5.0775871017750473e-05,7.601845293135227e-05,7.711053950112793e-05,7.620066203983389e-05,2.950026223751973e-05,2.921700813524333e-05,7.042204864565436e-05,3.548901234251201e-05,2.3827779180412392e-05,2.4520011689308676e-05,1.558762898063689e-05,1.9366827003012333e-05,1.8201569751337337e-05,2.1514161403935804e-05,3.2325979220416104e-05,1.2661714408751605e-05,4.728402991281351e-05,1.5678222540094005e-06,2.744832915650173e-05,3.8404319608565417e-05,3.380606539250188e-05,3.2988005992778454e-05,3.98812250315746e-05,3.349522049055866e-05,0.0,0.0,0.0,0.0,1.691886835031673e-05,2.504059374083242e-06,4.632612099319525e-07,3.16627579124848e-06,9.490030008352534e-06,1.4994247851318171e-05,1.8565934863186344e-05,2.622413053083159e-05,3.188538187114253e-05,7.145686152211015e-05,3.4761888065939025e-05,4.245989276743941e-05,4.278557577440675e-05,7.95272365754784e-05,7.916901811923784e-05,9.200089667901937e-05,8.958994572438983e-05,8.397197642366317e-05,2.0810310165749525e-05
