date,05AB021,05AC003,05AD007,05AE006,05AG006,05AJ001,05BH004,05BN012,05CC001,05CC002,05CE001,05CK004,05EF001,05FA001,05FE004,05GG001,05HD036,05HG001,05JE006,05JM001,05LL014,05MD004,05MH005,05NA003,05NB021,05ND010,05NG001,05NG024,05OB016,05OB021,05OC001,05OC012,11AA005,05051300,05051522,05053000,05054000,05054500,05056000,05057000,05057200,05058700,05059700,05060500,05061000,05061500,05062000,05062500,05064500,05066500,05069000,05079000,05080000,05082500,05082625,05084000,05090000,05092000,05113600,05114000,05120500,05123400,05245100,05267000,05270500,05270700,05291000,05304500,05315000,05316500,05316580,05317000,05319500,05320000,05320500,05325000,05449500,05457000,05459500,05471000,05476000,05476750,05479000,05480500,05481000,05481300,06468170,06468250,06469400,06470500,06470800,06470878,06471200,06471500,06472000,06473000,06475000,06476000,06477000,06477500,06478500,06478690,06479215,06479438,06479525,06480000,06481000,06482020,06605000
1984-01-01,23.661548978220843,17.648511428893578,30.545880517740905,35.657227406446246,26.42336106760386,27.47718499880201,45.78017770323214,29.127258351681192,46.2888676210937,32.29598542562796,32.216641744136524,27.94360312791591,35.84737181374428,47.07256802664878,25.280197266365214,25.738809562647727,25.913925070774177,25.163107919878307,20.26428404832715,14.925530357456838,13.704350616026256,14.693550843923568,17.05290094132444,28.402012315569134,31.09254977175488,16.37475991107931,21.462899183276438,13.195361932025603,14.560629641035906,15.37164697059546,20.549441113688005,19.72950599839441,26.02097703685206,29.69697238514038,28.304171931756738,28.466641149169533,28.12378316831938,31.01921056306167,28.19145455375768,22.546187944623195,24.479449041265337,22.980198157937384,24.17590187673517,22.89783610712367,21.302819568381445,25.33824373285377,23.10556940133924,18.986561842452,24.716216732892107,21.396819932301995,19.066523749406738,14.005770468097593,14.311058624886064,24.04194865854427,19.454955281531262,18.099540504113996,17.016214027044583,21.426455766937547,30.136940431907146,23.41567604602143,31.41994461740437,18.103202738450964,25.325165777093723,18.304668224769237,26.267804615509935,19.079441963646243,33.61219675350372,29.477067360662154,34.820409641529345,36.64344826582872,32.72066813227535,34.999643618757574,29.484333683171823,26.865241076379,19.93430215538477,30.702270642501745,22.236934966109388,17.030585171119537,21.602964384852957,18.955005276841973,30.46959148606135,27.09983971455364,24.185762461805624,25.04586875255628,21.22424037936814,24.01853256386123,28.373916234017948,28.04672137432304,27.98276237921994,26.84448989076009,25.25523281326887,26.467588958826592,24.01377083336688,22.681757903458784,25.415197791047703,25.30213025239896,22.31380459689697,21.95681093628141,21.66008590669425,14.148248383412025,20.876997975937385,19.62357535929681,31.58629267637292,27.419427397887475,27.82738142467343,27.12199718584124,27.238175538788564,26.554946493557097,22.341614775046494
1984-02-01,28.80382489133896,18.76430945390892,20.10701316230764,15.934105648968208,18.071112760752985,16.473599615600257,20.195216256925256,15.619176462676176,8.235774505170374,8.31916524508495,7.550338953213788,6.475298920238785,11.904814197904864,9.174927200909936,9.184268495926297,10.862627745333771,13.880428741453352,10.483579581650742,6.397341578984386,7.754345211119133,13.079877119788469,9.303109911758632,8.629159351100947,6.334321303080149,6.439649546006031,6.453453776859643,8.576020046906354,7.242768707211733,19.084630150606998,20.63431913837096,32.74833104207561,31.448120487006214,11.90165215656702,35.93249742444057,38.509069093062784,38.880837296034485,38.33322398471546,22.984998797601943,20.702268166830848,19.40306131710273,22.058274415850832,20.993486354864352,32.75204379820033,31.16257496858712,36.94640404710037,34.90078931839322,36.21434643131661,38.76369845858599,29.75669731133112,27.302812625208755,39.65463822574694,40.96340287880602,40.80590779285695,30.424093222532782,25.75538723044208,24.004216087644046,25.5938939578138,32.332141632816224,6.258751947006362,5.842411934116292,17.712558654861915,15.97180846732795,28.94267883592219,26.82317947856141,28.406017398380158,26.862442044950065,43.42940819623009,30.72902274922499,48.3441084507532,44.98559972347087,36.7269288319976,45.10769388675557,42.42056831706629,39.22573358636772,36.83487775986037,38.00816164797993,34.90355744683856,45.33369929329881,35.72463555787953,34.54329062089334,46.127187088023845,42.27614631908165,36.14088145074141,39.72571366039754,34.742282308765866,38.59443805246875,22.974270929550467,22.372006777864986,22.904773423850298,24.29515617513774,36.84352376928869,26.617149222583272,30.710090407274954,30.386853416291807,30.98601104059101,31.973939613107383,32.230366721158774,33.43512990769574,34.57305970265592,46.64354239120759,36.34573007354427,42.220411736855134,45.15038956765728,43.23467810977068,42.50850864197413,41.51573238052327,41.71791158052054,41.34954827040552,39.154974004278
1984-03-01,34.61364444406934,28.723034086423755,39.8630299650846,43.17398366087672,35.700609306814485,33.205646730114665,41.04120638994982,31.483439349597973,23.76600904745273,30.84541035794804,28.224965697489168,24.346223970090268,22.66392485560884,21.77262745358478,20.01917195476328,17.816413949134102,25.543102670268198,25.60454550270469,16.789432571382545,22.122794444851,27.2922966083819,29.69937661703189,27.850757091510022,22.72062583229048,30.405101016207368,33.767919074168695,32.302546848484646,37.66881635964503,25.912496675077342,24.03683303094863,31.765243213874427,30.785843347393207,35.24779755807006,50.49288536012428,46.95666665483815,47.66006334195078,46.38812095785194,52.77094598244437,47.623401282819096,39.92088019943093,52.68104742317004,42.89239874738469,49.56706548291233,40.61209362175935,24.449302555012757,34.31905915272068,28.761732900993067,21.3025935658092,42.557793116261735,39.10166267486412,21.185476536603257,14.353599119300217,14.73472861436412,40.28119981827118,35.48652407261968,31.98984576997586,27.083108193984557,33.78034656104641,22.927073798269312,28.380521644943,48.389853077156346,39.8605134398973,33.45828388905826,19.91349171301636,30.97514089414954,20.940010885378904,64.62482040642587,44.54961731373074,65.77763302913904,65.21166594288681,55.80893921076919,60.090125475222855,53.982024714494415,52.58149008377756,44.51741050359323,54.414177837725525,53.39053259511277,43.29031765870779,48.893197167067264,66.9863909219489,61.3801942628098,59.73148206550444,55.53936550956676,58.84611831384295,56.79394836307044,58.80142828342997,51.86183218136888,51.31398105095304,55.65242835584052,55.76979504847091,56.47893700532607,55.896982226317846,58.426773525402346,57.85270634691779,56.00237473338702,55.88841663126795,55.137420542423584,55.11178757141067,54.96615019287364,47.16986075045585,54.687568516151984,56.59423427411604,63.26091709747323,61.076641600663855,62.251413774295706,62.70749366750216,62.5019751820639,61.89714335338253,62.21127932621731
1984-04-01,43.55660898163886,35.32802762024517,49.09061195819255,51.56698703508566,42.55295854289562,37.775100147733326,40.6604753877096,34.805904420258486,25.849355343299692,31.319468698238506,29.5621252140149,27.93860008336936,29.30748981881957,25.50656668168425,28.09749301335528,28.1658580471559,13.959033866471676,29.480661558279973,13.486726034402004,22.67859933948785,61.06929194977173,38.11132882634811,49.54809428120672,20.000661525328344,65.20114103215938,36.11043967425493,71.45316991772603,57.84822987473076,62.84944304461161,63.63297659979315,72.00134568622933,71.40395424485017,40.30951046957982,69.21630876842495,76.85525227866702,76.70022533329578,76.89313276438985,115.6850103300689,100.08071504826802,82.5248136788451,96.39050413078516,84.65316108514602,84.23788594219873,78.9613153972903,76.29073589669603,78.14285068032251,77.24218132844254,68.5382827994437,81.26824126218433,76.93716881356546,72.28151927863823,51.983078861102726,53.72715877709835,80.19522296826057,72.22347449158032,65.31782865610757,64.39886847180915,74.18449263091802,28.96687028448889,33.9758680618069,123.49863628590865,88.6758807118022,76.08194247094357,56.80438685098647,68.41469962957511,57.85086018768124,80.38161164817438,78.78530971529713,96.1857845652319,93.10617665929524,81.39512647925906,101.9030805172262,128.72003333064748,148.08887257746636,143.56096109531725,99.47706856844832,164.08253722222773,133.97484184079002,152.50880662947955,183.88373366923008,124.41971429620074,146.70829982506373,166.94401022005374,156.4342629715511,170.59240389217163,160.8757183390984,101.78786409642856,101.69102927075316,100.94958599894431,102.003729579427,96.38419478390188,101.13252754661433,101.9610010820831,99.5110764505888,97.190280048609,96.34604846325344,89.81255494100309,89.273324632735,89.48779485852793,110.3835491181987,94.48219671845004,133.82289827185423,84.99948074762186,83.28586735559323,84.20026361303906,91.17326651014298,94.9573525499288,101.83172516450976,174.060055366152
1984-05-01,68.5938213025514,46.12820140061354,68.90534275497205,69.5818776521435,59.9221246218976,59.07718873669838,79.86831331753622,61.17203212875181,82.02179652877922,71.01381587441092,64.19784127799046,54.25147677406022,77.31985762670219,89.84475223180006,57.66935285427068,68.2449390626508,30.573984860583984,48.176179399338686,29.190448518720924,43.69678641773709,20.71555266063731,49.76990232449987,35.3468625309402,20.711420114142825,17.011161131419897,35.76633311998081,22.55534290346972,37.48479426030795,22.48651124958106,22.09358166434243,26.429476977101277,25.68329815060548,61.64841157056314,47.24699183175348,37.476753412150615,38.17560652671999,36.42820729978313,13.295849584980736,17.868369571053393,21.331483171441505,26.65591069050493,21.81486821007436,20.29268247542813,19.250099118824195,34.3158134041906,29.03961276636361,31.15380153877528,29.203129475451952,26.055798624922964,22.52345140453065,20.02892280652968,36.541303390712,35.251123052729795,25.46529821342286,22.2654760851279,19.11047610165965,17.935915320162035,26.152106560064528,18.401316375881443,25.335786779979973,12.293075892822706,21.01734164619648,64.74716386825074,63.27786759977192,57.51298125233335,62.7441886368798,45.9812854800456,48.84467243194654,66.88730528689487,64.2757377707406,52.56453190318935,58.24752080653348,55.31460538893218,67.83932737895371,51.06066603076748,54.91168085330729,110.44051962314742,49.27532507482152,84.56005679676066,111.15386675411403,68.79094886006007,84.4334670848183,100.3117306370941,94.2487322738968,115.36210902723168,98.9652663689596,18.74183380227612,19.767759286069666,22.124647396677997,19.828931534083186,13.729136011887745,18.94459503819994,15.413308997476715,18.67307359028209,22.85659689778888,24.339314387212447,29.76076275324317,33.235962002154324,36.82559252111002,78.84697805840675,42.42411649409306,75.16411287121387,52.13583435163619,52.34117795052084,54.71199413989226,62.145991325933366,62.93071131701827,64.66379056468998,89.15503578508023
1984-06-01,95.84448094907113,77.09899013990176,86.76905056628031,75.46581702750063,83.46024261995001,79.89044994313407,77.56223746593693,78.96978001875148,91.91619381401252,88.50981283618796,89.04696343238165,84.87091135234634,89.77304255209022,95.96040508817302,84.42802895188115,90.62706788728164,42.31249435903722,72.32226427235398,68.71557145418194,64.6360770374493,58.04976927920608,65.94422516867186,60.0539154372635,59.8979994287625,70.61016923428238,50.3317286469951,54.78973093011662,47.511632634240506,88.74703035760865,88.683323423383,144.70711271542316,137.35911982084207,61.46016225537924,192.75522819178568,172.2676294213707,172.14674625053846,170.8468852827969,86.2819681298826,90.02935884089348,98.7998286532784,97.96544967744832,100.71823243476928,111.9317768642566,116.30773738546402,217.44465715507303,178.8776279496867,197.45084590483327,215.6175979057037,133.042074896519,122.14907162174948,185.9288003359717,172.8869322197388,172.2542279156795,137.94635560590658,139.092990126578,146.79295150456505,131.7763309483108,144.87328291230622,65.33860780852402,56.59819432545792,80.04025782752126,64.31122426773378,167.59344621652212,168.93349273898235,179.54281276546558,169.66847483281637,205.7339820209664,197.6652505646421,209.9456880430642,210.5043613542008,200.6261472561628,186.1371508570276,170.54101486585367,186.61337924351463,193.0350184393192,193.83293555218563,174.70267840070952,214.7205643701343,200.3655410569972,159.8924002068176,191.6296629846122,192.67215801341,191.8994749017356,190.6726015156688,171.24948731804747,186.26435164663295,96.55177756888358,97.53825997674184,100.90463970790417,109.89713990440656,129.01154512726944,114.1116752240924,137.71050708226062,128.59555228628548,120.57822413860772,121.22600073878752,123.49868380566907,125.71651365472847,127.21685959914156,132.7845074888109,126.79845894117015,149.61781699374495,194.07837620608765,184.1579817193641,195.9192875687353,191.60335044056063,188.9773565579997,185.9216685047932,185.74347776302665
1984-07-01,25.362093654356887,28.871530111374973,21.326817919631075,24.711793585140825,22.78118542285685,30.01867580514778,42.55792099399207,38.05334089093312,60.05673015554691,53.40931336284404,48.31024599673641,40.96622568739486,59.54676630404989,60.8304757551379,46.2301213020439,46.35990034046971,23.70236655561041,35.95799439068629,49.83099810602987,39.89401275586814,38.65754783928602,31.56767676055038,35.35916734127824,21.92410051095172,21.98813935372771,37.22824968180568,31.033953528594537,40.549172012568825,46.947530523443135,49.61145137537434,47.58530913111264,48.31352411320197,15.921082578843516,59.32109504801202,54.625100869008335,55.60015056168456,53.299389537562256,22.6484491978654,29.61691787676076,36.627953027975565,32.07713259715051,35.89063403352388,32.96066813364882,24.44129784143071,30.000318089565216,37.169231279223695,32.522993768523584,30.43253248483837,39.38975203676749,34.05583855449299,31.713935414712413,65.87261250491431,63.79586248740519,37.95255312011375,45.84640332701907,52.31989407295398,60.27074678205213,43.67422539897581,21.57175328043458,32.30022822505052,11.657240142206328,31.206104488295765,53.60428091692096,63.16573526893049,45.4216606433547,62.73829556777508,35.398570036698786,48.20008994205489,51.57090197509967,60.33853667880977,53.882026768341774,63.325262674126094,68.52668270137751,60.91296138208147,62.18678244722777,57.49039697116199,85.06455286246383,85.14976649581277,73.37425199622176,122.75505514357604,61.964698821379386,60.45772295653813,60.57901787105101,62.29089182713931,87.72141257603424,68.57507135876297,35.77639307854119,35.241980903500966,27.577794064827163,33.263115404601415,40.74316464432628,34.79289265133746,41.53704834765104,38.74339733694613,35.05750499904586,34.358304589868574,38.53092395254475,37.958193397647904,39.67922708430147,63.17158311558891,42.11533443846479,58.12583392340915,31.580114086259996,28.33046159723837,29.890227628666707,34.59939460824773,35.29282381216228,38.468814107322586,64.66328549111286
1984-08-01,18.063550134066293,13.111247855200125,21.39748934272636,24.18624419798541,17.563724027926526,19.55438252614793,40.8715824484852,22.8423686969952,47.62979566920859,35.00754306410748,31.07310357843232,23.68342462207345,49.679135151547385,49.19321384077895,36.021166993831315,36.00706067413266,13.343248363199734,17.902147209643168,23.727258759844897,26.820113319549083,16.608066012521363,35.878736511841915,24.81151421457369,25.67228092124506,34.34426019958276,16.42166445937299,20.63877784608692,21.76788102623697,18.635358524960544,18.259039170299413,43.38356582478718,40.429899599754215,22.26787968516813,110.5201767977495,75.53565613719223,77.75638961030981,73.47473874279353,25.52238259997586,24.60017447710269,23.892284078264797,34.01823520451328,27.97128661826197,49.51876397980898,40.0688017793232,47.75144768833936,51.27749298768695,48.97499080882339,52.14490711661555,46.211056470872414,33.21890474989325,49.03878106007936,46.92326531722809,46.786828622105226,45.719898973728384,31.522690107014142,29.697082003599352,29.995605926533536,44.52002784394848,28.813055885576198,21.598740093125347,21.059542683293756,18.24423808661245,80.94794548826015,65.00531115542188,86.1742792884586,67.86207756229015,88.20743698311655,114.3432983105822,81.02896719294961,76.84110898897599,102.79733728652258,82.23920805617172,99.15291711875236,95.5167632631677,87.7183398855326,98.967112683848,67.00571072248032,85.97535937443327,77.94281786105944,38.56144575638547,69.44677586883682,67.83872237683522,80.1311019986135,67.97931747439358,58.27183012451084,64.73166597453135,30.77037178986633,30.419190299803155,32.27869024129453,37.23963832559885,60.41340090925951,40.943059681076704,53.532699834174096,50.04893416529325,44.66876057872549,44.83591187662624,47.59520090952597,49.68683822934639,50.07302772615393,45.748794438042914,48.59899944991092,38.28530189268014,68.47386116017545,61.74282580711564,66.44966132580295,74.41168776656444,72.16482322315878,67.37027776534278,50.478803360915016
1984-09-01,91.32425435594445,83.02918356148838,85.8798591679466,86.92215891015321,84.60932876522733,93.26003499557262,102.03486835598088,102.68257088548584,160.81441614949733,132.11164944592548,139.7052265202334,119.6999239636464,124.42129303597063,164.0219839781528,126.32905008458236,106.83229353421912,86.56503775520774,97.33102054026352,54.04874033526344,68.94451036602585,56.687637158139935,77.3687170281837,62.57685133710726,41.87039227861655,49.60373647885921,53.8347523860123,53.790075723708505,49.10366263878184,47.94982869711226,50.58253947786554,48.94241690715309,49.08471780049795,80.03191051198769,68.69285522771591,62.49873148098247,62.31130322252789,62.16255445225611,48.14471672932724,45.92111566393561,43.573701826854574,45.28830780003148,44.693092112224335,55.99728067259191,59.09385639866499,58.03451118064724,62.69843044775798,59.33492390082952,54.46880822732256,52.695369770871984,44.569015577853705,49.49072056283103,47.8801005548783,47.94445460971549,52.03390489763038,36.65436174731409,34.45330802904065,40.119481115477086,49.46829743781556,43.00917524813863,46.68674734036449,48.629309079455695,64.03017260632282,74.37702618190549,72.49972412101616,81.01044765647963,73.16531737830034,98.78173750234102,84.9864908028477,65.64617344290598,65.4828500945238,79.05004705775622,54.97088337215998,51.11652743891215,52.42722310907625,54.94069068616756,70.15026216969788,57.48128951680287,65.85391685427079,65.14987347640002,65.85414519749025,48.30045639337837,42.69687790384215,43.38515491110213,43.85331470167456,53.26522864736334,46.96372080850388,41.56431341112283,41.37499635812609,46.87203761260277,45.6120473719126,51.00801769216054,46.121002385289806,44.67173353528256,43.961937335598485,47.788355728292224,48.41902350224404,45.63860243540206,47.18469699734823,49.46818439007088,57.62349854161161,51.07795271203546,87.58756467944534,112.95469988121852,102.9199846864535,103.94493696859148,100.39855117981216,97.6545891130248,98.170315592397,42.46881405203594
1984-10-01,55.19509001089092,37.464600208493536,57.30547722040444,58.27329342087752,49.82262812029056,45.14890026449065,46.89102761559023,41.80287670338441,53.380149770533095,43.0038938102425,41.99023118990735,40.45349037280634,53.17926139850955,57.03301737830435,46.02129770505663,52.96080982226627,33.25285368924356,42.67309207146641,50.68413322710492,63.80711071517791,98.46470869066714,68.69478944682483,79.98853269278655,63.01003189299291,86.76643158268784,90.87870387121298,92.29494028571212,101.53343616493171,100.65103028604416,106.68694033953052,133.85102707090104,130.55002523270713,45.880372986274416,145.54305510996693,137.08409583790964,136.37801254774234,137.41633507078993,83.88505513875653,82.77721445485119,88.37887238201377,101.1413328620044,91.92074802994988,116.56781656341226,136.6197515203376,168.85656016493553,154.0912738550643,162.48758862097506,167.68601807170552,118.15092375399318,129.11326591633124,165.7555725394041,157.34190520090058,157.9050860212081,123.70724660866335,123.23711061488504,113.55318103345326,123.18180535677952,132.42805565478957,64.07385581894508,79.61596397310768,88.90724614892257,81.01538628993706,147.2579710200524,141.84806214873475,141.6957025583624,141.50103424961543,146.5078293935194,149.00488992242802,139.14494377595184,142.1931962594618,147.68023188990588,146.25462231168245,125.98125836781055,116.8261098778142,108.89817997130214,138.99447099081868,120.80946797319814,134.74916488750193,118.02831430170684,109.75915667599874,147.21411413652137,132.76939577020775,119.53011087189104,127.34710561392184,122.7197537462172,126.4632101118648,79.87349821585403,81.03237957702461,84.32552128115655,84.19678924947445,92.477174642183,84.3321068662208,69.23009851878841,69.60102854509813,82.7578291596746,83.35725264044636,79.14281449129375,80.83317887017505,82.88365673179393,95.42868289860009,87.72333438207224,143.2018694484079,123.04393483961324,113.22694945542376,118.38971125575208,125.46043906397074,127.48314879125589,130.36799388548786,139.39882747984905
1984-11-01,28.63094725694289,20.120771294130268,35.485685567750735,37.13072872629411,29.953360397336063,25.88785646996532,31.77082533267078,22.92708771487422,18.380987668413617,15.310114531779716,17.68846430328656,18.18487691605869,26.01603153713371,21.003968779163426,27.663779544148426,26.753528247406944,21.146936558815387,20.43527001670424,18.03683765042821,25.786735649429865,47.36217714960359,40.99264521810839,34.80033429694703,22.70897334855124,33.58008760073368,29.1222614171485,35.92060180096292,37.15902712661399,41.3616899221378,40.424723696742085,19.2486954526006,21.8806398494436,26.603277193479705,7.495695789012383,9.834704386655986,9.588171354478664,9.971898847828305,28.560840364778503,32.484613273668124,33.630272122051764,15.914257943683932,29.208409841620405,10.380445091568802,10.866408367515042,14.659516702879728,14.64014520375394,14.691668122290178,13.670487581518692,19.087619466698985,17.27395482394296,13.262356134622648,17.699017982362545,17.457878656439494,18.43185341426932,24.43672717435389,30.047819953730336,32.467943540495675,18.889344529886287,24.472906515320272,27.8582081897422,32.28244549111861,43.20517770423357,10.354528543454045,17.849097453949028,10.097003879935322,16.95926384911337,6.397647804787855,7.825376144311264,7.1573301153907645,6.380451866066871,6.405921930325787,13.042032878921274,30.721373670653147,43.689891324161145,47.1901042374547,16.6909021902712,61.72342586911466,63.49742818878991,63.79818122179622,66.87053727835111,21.073182874870533,35.787121414957895,57.38855749561543,45.15435746994626,60.75074252075591,48.455075718636486,27.999336829139107,27.33088391152405,21.630691235858773,18.820430505278797,9.00034315305355,16.986858868160354,9.6011619214876,9.25341786655176,13.504475398949513,13.186875964191556,12.355776913775715,11.971273846977294,11.801681498114595,17.480523209587776,12.366249154695511,12.895541048329603,7.893125596922268,8.905235734741447,8.145458461236176,7.220800610527518,7.334793001655237,8.138502133138015,40.99749284059968
1984-12-01,23.40757997447333,16.63189481072853,35.08927469974621,40.00263360913115,29.78405719175405,27.5372594074803,35.17042977377311,25.72206070957233,32.478774504261445,23.636454414625064,24.698574155546343,24.010669081226087,28.482253685664386,33.675117903261935,25.622602266659616,25.080416143879678,25.756791674101745,25.47503882336879,21.55194257444469,22.35688916499783,24.02628479206659,19.544976092767023,21.567432342519417,19.868640992234283,18.66147562036797,19.621852729699288,20.93383774926985,20.88486617826791,27.867457910135894,27.92156761640281,30.68662295225668,30.344394291434423,29.517337223132863,33.53436174495734,30.513778767965263,30.52348233309194,30.38646988090444,30.394252193796163,29.383565553678476,28.55796941335882,27.18648667871785,28.222493418683776,27.29351147353865,28.10341807085257,33.32765528695954,31.1952192665645,31.95892052488594,32.170433744400675,28.945271724829382,28.88176340833325,30.23160788137651,34.88382530586974,34.57869809276347,29.151068558526674,29.741273444740383,29.75580890932989,30.41656761450984,30.42015717478357,19.43577919518755,18.958800540047,28.10923274378992,23.43676763431028,49.15628540786161,50.24081293677521,59.29388569774856,51.704296235327085,33.29594775679264,53.778980604154256,52.7374980060549,53.76447832252598,48.08668899907161,54.12625969053848,54.28806198998769,55.32349951765361,55.70849262257644,51.04457111841048,51.08807432752527,55.886104892305525,54.69152793442024,48.02909810376802,52.73732154127686,53.59275074220377,53.493432276531934,52.72322116935739,48.171550398099605,51.70018758022253,30.06091962208464,29.84385937177256,28.83501523962113,28.011016434901364,27.16904641220968,27.733234005337263,24.543782841695503,23.60295353196237,26.20647040375416,26.131290204012,25.843165143832376,26.077299056134137,26.46058991877827,23.74514406244132,27.02440267680181,41.182492059666,30.46307456441285,29.63893310828607,31.24952383083148,37.86348292541828,40.22827395936683,41.88526110523919,58.29835715597624
1985-01-01,11.698314027024436,8.224501213650752,12.54315445054095,13.178262047960123,11.568403467886938,10.31825558199474,11.600007355490543,9.363841206157677,10.014870428098575,8.780367266250574,8.250921659736614,7.260704719168836,15.184872452302958,11.701939238250784,11.825980359259162,13.56470155590073,10.587471579759816,9.639744496403411,15.532451921764688,17.50954904163092,16.0237716633908,18.661225886501462,16.871741811040135,15.00370168877808,18.524362220059132,16.52945370224919,15.532109829456084,19.266959412794275,13.954327583005504,14.51741808117432,13.465829286782323,13.65129367712378,12.151903890224531,12.38662786417267,12.531885188537052,12.52556221890614,12.522179540467064,12.714392545832329,12.590066681764558,12.526133220519975,12.73320426757079,12.514148982696527,12.281860441732771,13.028144842705846,15.005531786303868,13.357762448770822,14.256912451631306,15.818979330145988,12.67149277670632,12.989789576705864,14.938992648975129,15.301967347010535,15.2420022985672,12.931134702918406,13.08756989809593,12.530283767569594,13.058643766014637,13.418516773889271,16.158443892061342,16.18566301889749,12.593470832121657,13.387835028112224,13.063502583207736,13.372927429954178,14.939534800534776,13.525915224444224,12.994792348715704,16.315272090939153,19.9699598858404,20.42003126757531,17.024181397456296,20.72498954213511,22.389271124409238,23.30827744626781,25.28046040560289,19.237062096692192,24.99206475370743,27.16808436628601,25.97093943916757,21.691407307591668,20.102910822395344,21.322717696200563,23.404617987259112,22.02260142545889,23.45717138864394,22.2156612181996,12.334323850631543,12.422396267162576,11.923421699591948,12.003931089656083,11.597981391720293,11.8911161560031,11.710775689170973,11.526238432502907,12.155518213036467,12.454598128866667,13.756221645201936,14.574026955587025,15.494847793105633,24.80355235966296,16.730707276311556,22.09602838226609,13.348302733519615,15.937911756500544,16.639711633069492,19.731004016480952,19.738719714768088,19.788047577739807,21.962452874866624
1985-02-01,23.91781759606514,20.502413290992124,27.980974266984816,31.00145066962256,24.7282483459927,25.12613463395284,32.360254424414606,26.001922489582565,22.5357538511023,25.64449082162154,24.293035830289803,24.569338615718788,23.23332540600896,21.348556032451302,17.229542745476227,20.170388053193506,18.8930849096781,23.067548659930157,19.420165642781765,18.252442846331324,20.2640307015997,16.738535449946202,17.519986673082716,17.330567542121884,14.513467378587622,17.1209968705214,16.453497843508075,17.245320846651857,16.71400396821895,18.246130797970064,19.324232983112925,19.478304970050985,22.417473562181257,16.942230048034958,17.262304402778902,17.124468215682324,17.308537700429007,14.142668889339536,15.329238254171283,15.632044746730568,13.312646208731552,15.086328427864654,14.561214816407276,16.242231965805118,21.346861021592307,18.31213241657929,19.90700900423945,22.62773848264281,16.31934748339316,16.27657749129783,21.463583064450933,25.270519163374946,25.00191352968322,16.808622973020025,17.53876625981679,17.1803911669746,18.065856255241787,18.66030751962519,16.389860476707085,17.026832731289833,14.7215323029847,16.878239999919316,14.176304438490645,18.74495956776139,13.00793432510836,18.15946070001149,12.745592046200532,11.743717497221414,7.237109193647393,8.181192915337501,11.509651852608606,10.418843629901458,17.039080433400578,19.61160356114613,23.450146991838928,13.780078674642546,31.617958126749848,27.45805558191528,28.684676393105555,52.55108574058483,10.433606483512833,16.424013555600897,25.68517477963978,21.649413144988067,34.941702251380924,25.319971379258877,14.371260107115551,14.391443105687443,13.07470243158334,12.681140416215364,11.347453706881096,12.327458684198884,9.4231473819998,9.237905097777997,11.588206002950349,11.520945673620425,10.368181243329657,9.996669619232218,9.5474801741512,4.671587224463884,8.8632230223799,4.917202114220838,12.174605752415925,10.316823302053663,9.732446556510624,7.925367192635208,7.6444589112431185,7.30060307240073,15.191381594763506
1985-03-01,33.280830557030384,20.395559888874583,38.249342198625854,37.97397318200028,31.847704714675604,26.20612194077647,25.420736678080964,21.69262988786716,7.197789901019899,13.395395531976815,12.10076766501297,12.886438086523707,9.696837199795784,7.248571974839316,10.764321800666718,12.999603332273615,32.65035430364716,21.938842761042384,32.02085689176704,26.61767825231235,16.056933799641275,19.607454547231463,24.74224841123136,29.586173408584425,31.51301850038956,25.048835165361474,28.75227925079715,21.80428875302933,39.29491104514327,39.31990110197695,47.08904234012044,44.85505426209809,31.774930110588556,68.36696745828566,64.65007149643243,64.93206579951509,64.4485693283015,43.07781816651896,38.65978875812982,38.34947293156537,45.85070684981121,41.19995263443931,58.596904214699705,57.98815636770384,55.05546647455735,57.579059040509776,55.902259897563255,52.28291169283607,52.02429486142968,51.217081757994784,47.00107106404152,44.43492068120428,44.34342379899095,51.60432643693164,47.16968415363274,44.33738381244662,41.75487603932396,48.77530278822764,30.28708243305929,27.13238649913782,40.09996770813389,32.74434330624367,59.56964164842734,59.84275992012633,70.75683927318188,61.31430003614957,80.07856794035123,69.93983983566511,97.12831033641484,95.41497412793788,80.25232581917764,100.63548479369972,114.21052345582024,109.563979551711,112.79499678843985,91.01160814400184,95.25834163778109,101.29411727291594,94.51289633937996,90.71642167459648,101.83111781989528,103.22933451092815,103.86286387868486,102.14458711513512,96.70656021869972,100.7603787493404,42.95595521888089,42.66185504074534,46.83252830074776,48.04846929225711,56.7839766971674,49.53086304071287,54.79902714383452,55.567397649267626,53.86449774273038,54.6806284636783,56.81418229451181,58.3198936184783,59.65577055003022,70.13108495116005,60.98754230628696,72.0372539325782,78.01156756151795,75.65289553898592,79.09824428054294,82.58377902770589,82.69072588075446,81.7098880410498,110.2944211125912
1985-04-01,74.62855529537772,62.2448767406311,58.47370031152097,48.76120976652552,61.30664956013163,68.61756782513092,89.0610292094867,74.80975110787179,67.93124582916681,77.06230298961758,71.92593110366602,65.47026523466715,64.26213742960384,67.76255673916168,65.87172710866454,65.75504328725276,52.27608192657506,61.4153561538611,55.37833539500093,48.86667627985801,29.87747995430009,37.44116587479812,39.62850757243476,46.31125056681819,33.78348356618754,31.83988141414912,35.35218986731652,30.924707174110296,22.133580087441896,22.691137295629723,41.96186400267048,39.779261404663046,41.97341442370834,60.30022841209628,50.00202714729164,49.725564892288055,49.76291627152592,30.569556542921365,26.64598453699096,29.63660507746305,29.45540538487771,29.104742811841188,22.03426867711474,20.454667926452174,69.25726816218881,56.75580604743735,62.79936976836393,64.59572697472721,36.92632731996826,34.82513751594171,46.80324768117583,60.43593312991871,59.04492758452039,38.112270460313695,46.71041241031946,46.88946667119572,40.401315051004985,42.2754854282005,42.74311117120698,36.02874508198008,36.38240654057329,31.628166980562614,64.404721297125,80.27620691179142,75.61922722557831,80.73489794985119,61.04793092088818,57.97782827280932,92.15554703697558,86.62251087460878,66.39857363420104,104.40304139776428,106.6257757813218,86.22227722435807,61.31648042981677,74.55812470143192,79.23089880025573,56.36127347682837,72.60688336339454,60.72485383791594,121.07953919585552,114.38457163025738,92.73739368278568,105.01329631347777,77.05588606470417,97.802449770684,24.3229728169986,25.380848873559,21.779991385651908,24.90950693691074,25.14577263577132,25.11464202277246,27.6916747829872,29.34485238143401,27.779152177086605,28.52890684278398,29.02339724756525,31.54348062042115,35.1706094914207,74.64760905204749,41.504126472196944,85.698777559612,54.63533681062616,54.41123361842805,59.63959667904937,69.32216863703258,72.26935800285588,75.56195723533546,118.05015710628618
1985-05-01,72.48221331868453,45.30381097539296,56.07834422910816,52.05477060759402,48.61559897760506,52.685667673104334,72.47955849692737,57.79738127467532,42.94108845374817,56.30931911225052,49.515199309013695,47.6345663597761,46.55619029243225,36.93871140224014,55.5214994562759,55.37937917944919,62.58710470997816,49.14702616940031,62.46318871250648,61.044519262147816,64.96983833889016,52.13116217942469,60.53358769857365,59.8933510359317,52.525737409286286,62.56211817579731,64.86533791035772,61.09044339683382,56.2460582663175,57.96025345742622,126.75522544500808,118.53304911174097,54.85473612754125,120.29992408227824,130.61186873801083,128.27766177258988,133.88717178718034,71.30298655802302,82.59314988728973,86.4557443974359,126.0653839834116,97.41141771756784,166.39826326700705,201.63490111898605,130.9576435014157,168.69696003619757,151.026979429204,135.80271934200758,128.20754931434467,146.9513025805974,150.43936318941988,124.77999679841946,126.5301922613637,131.4796376634142,109.57558777125422,91.84385926099849,82.36232903598358,129.2125444937908,57.22508943813153,58.056623386050354,70.38746574121842,84.5406103419514,130.49947288242348,108.26584727735371,125.30820383653108,109.52380381989364,106.26336811935626,134.19295760547834,103.25740967238823,111.07523856728696,126.32523843520951,107.84966904606404,109.31971172944598,109.1146719717444,99.26769107206108,120.01653187132656,82.42611958061791,90.31486038166236,99.48310228876146,73.87954471177686,96.45012089306864,95.45780888428642,95.14219491880412,91.32123339474072,71.74080680975555,86.35453418271719,87.17456111854247,89.95130646928949,105.3417303627965,108.35645010170522,137.8035574161781,113.0390288686718,111.53072816200655,111.40441827792486,114.411567690085,115.3339139980058,111.0425327244446,110.48768335651816,106.28532234090034,58.66546559461153,101.6374738705952,82.20745992981693,101.72561513336392,107.9336704096792,103.74623047819092,95.67285200585572,94.69404629572392,93.55298103744748,81.48544906185379
1985-06-01,54.88474197758098,30.596751308589017,53.91194255898558,46.72970231695615,44.57005657245164,47.13922049775824,90.46061720844756,52.79273231685231,63.74681399821208,71.55044665178917,54.66507860116703,43.14717718506023,78.11599322989639,67.56825646832168,48.17279758370847,59.12252598795055,10.876006921552207,35.58413787978834,28.418584041991007,63.31636966547856,97.70160070520258,117.92962358619369,80.63241198901258,41.80576935324997,68.5265428721739,58.63895005903301,76.86448047083735,71.55410546935774,63.559483760190304,77.44114914031462,94.11362597906358,93.13331896525756,39.782032798819415,81.43729986535534,80.95255454901432,80.21501817804484,81.3595968696825,66.0674093744004,78.78880013795059,78.98717116267309,87.8254198063782,81.57960429363487,96.62065584709316,108.07581922048278,86.4238689909416,86.53898006048014,86.02156014560548,86.07384267610632,84.6637344186563,102.81649301360264,100.98540406040046,106.4861284648426,106.63431415317898,86.96026331833963,89.47017351436035,78.02221891230631,72.23416135937718,91.27041802150762,45.97091171675508,52.93183899562857,74.59644578297049,106.30110089903395,97.85448842636012,103.81924172927336,103.5319446976741,103.9411490488166,82.2448990562541,89.55925684885906,100.86152589927416,94.0329525307334,88.05452127168871,95.1427238649404,95.90509233839364,98.43673752106832,94.76442702115098,91.5582236359116,105.134959406136,88.87842550707694,107.50141782811664,89.04706477468406,95.97749001527612,90.296238802351,94.55198389800051,91.74978426779204,94.31257622102216,92.1084014117107,77.2413410550343,78.19377914667902,77.52729080043177,79.85038751329607,82.24913406932464,80.22518674485121,92.99437314307092,85.7064412801355,77.28233794163718,76.0383657038624,71.38811014586986,71.15469357246305,72.37325863990765,82.9317731479433,74.5449965132262,85.14323546867766,79.82357477014396,76.79796820309369,80.64462130881107,83.43685083917751,85.0229582032048,85.83215622497505,67.64686042915847
1985-07-01,58.77655949956099,35.08770628911777,27.36565701701978,19.20181359526505,27.5000921447398,41.18093822162296,73.3462705914048,56.30810368356187,39.05891144903555,74.72934603207737,58.81476395994042,49.91103325582678,52.43881251522857,45.26080283162416,32.65757189181303,38.76806101936671,30.809033751279998,35.910230729916826,27.633634469044857,34.75461790612499,20.41262133325104,49.84372580898007,30.96449023251476,33.41093156656854,15.36073093600676,36.58117928573447,22.430783670184688,40.440446057804046,17.19178846215105,22.27254465279978,50.29861138138975,47.15296604911915,16.59245798579757,49.1259086545544,49.35060478447328,48.42835158862831,49.85024319930871,20.57583317704795,18.97918647898464,19.749060984404004,33.97555326884262,22.500971233611107,39.19045194421163,45.3938109174696,98.07972990314816,65.21615230043068,82.53261856100184,93.53033015266293,39.44970597103376,59.67282936023673,81.39967039276164,90.3384362281224,89.33836950415275,45.08103969699145,36.83654247932838,22.068626534478668,18.282692940406484,51.56071985196517,31.685534140289818,29.08827026768277,17.130509739809213,14.05286897791825,63.34087639191971,91.86169648882276,59.63074646465338,88.04426442730244,53.51228945367615,56.382927371324776,53.92440790935804,54.85926854045722,55.38241029849592,48.70771687109821,61.30031046175461,70.27815392458066,63.32873976047724,57.25148460684599,76.54673271060516,58.07049202565565,68.97959043590943,109.43772606196092,46.942891699872376,57.07943693636665,78.00430615726971,66.63768136229912,86.94401275177093,72.80323648820004,21.59811692190674,22.734023555194785,23.28386931733125,24.420365160959705,27.297322335455053,25.04340071286095,29.381676685172824,32.7990981473077,29.969610673215247,32.014422593761644,37.64686164009524,42.850738556693294,44.92572966556805,56.3789964175018,44.12618830555525,36.66365970811144,58.69320372617688,68.11965014968065,68.29533817803141,60.748527510956926,57.7480028288912,55.02556851283827,50.66657723887939
1985-08-01,116.49695972492984,81.42500291992734,80.75592241187871,67.71851319521599,76.11297748203125,82.20770174359068,124.48631921474043,91.71800713206925,99.48489971049403,121.36250929434206,109.14919344487066,93.2692511803864,95.86575856555608,104.1370712529291,100.97980112534854,85.5445871774477,97.54445968116562,75.76379324539728,94.62637659642292,85.04018311097515,154.27535698820938,116.1925880698233,117.95652354344284,149.44717331078795,156.141143480784,135.7886355556893,145.22757713090695,119.80133503135434,158.16342467932063,160.98752820754393,125.06962731273164,131.09720216866077,63.14938922960903,115.706782997211,105.4805114411845,107.46270649352338,103.36702383309223,145.60417146529528,144.97553590690933,150.6202850717437,118.1510530548149,142.23184292020596,94.1768316643659,77.03296823667691,81.3269803630878,80.70598353460488,79.97599265407229,82.72925740081376,114.64670759192715,121.61736598579796,86.83433905042376,136.1693518988287,133.48398839676253,112.2650185475026,157.67712111149046,166.50633246267486,178.2074239476699,121.54703604433377,153.37399938644157,146.40103664603737,143.32968366957405,145.41678675022786,110.25419413972668,111.97366816099932,109.91728491259398,111.74172826343548,148.94754553166703,125.2029294373862,123.232638366419,126.30471422126465,126.251238631061,167.43868736229348,205.52554470199613,203.9995444706348,187.10767403820043,149.79596620139822,200.37656575833583,165.3766968128656,206.22522139463413,105.20168199967868,184.3057713064692,171.32520689748006,173.76800881646972,161.08282464306387,157.83700836539978,156.383509523161,132.4745358277977,131.9872078712842,124.78024014017195,114.82981364863298,86.83644481245824,108.08313530172094,71.06299441475173,70.30326502991053,100.02327417798114,100.52084620533655,99.407810122895,99.48244513829368,102.39327812374394,114.52806490660772,108.25561369826468,161.2824789950067,151.69964912153003,117.75250922295292,113.51474342080672,103.2718168478286,101.71215566149498,106.25515835254312,172.38339924483907
1985-09-01,148.46271308558494,131.6095991276689,161.94071683812692,168.82366002747708,150.5093198217415,129.2120065720158,112.97435374431562,112.46649349894608,107.83649888988168,120.96506260652949,101.64679270841695,87.64058974229302,81.42736867146208,92.25095037361312,51.77795481940424,58.38658696580163,81.72996610716811,91.80285227924246,70.72045646070147,64.29524622616272,50.30885269949648,58.20413275996913,65.29391432472875,61.03043544919127,60.38447672973325,80.020726722662,62.98498522670258,84.75823589646784,43.00600434308322,44.71159051497297,66.84257693256701,63.60744764852246,161.66005970693715,96.74633176599484,75.05124868364541,77.25660912183912,73.2847750941225,42.91081031286785,46.62148500603296,47.20424201832741,54.37086515309349,50.14145207991213,70.09351277089738,67.8942862937446,64.29770984830951,52.24567996494275,58.33002273547765,82.57860476843263,60.218503649405534,52.30104126394477,92.16954550501325,109.65995814999904,108.05348201276789,61.48838195117408,52.30304690864168,48.73262300903889,46.28853470041066,68.5111855370758,60.67493923334779,65.4948981617029,44.707899252992426,53.51091790541193,124.06284699959872,102.11168057717184,178.8111736508662,110.6528781006355,104.56891625205034,169.96850497823,150.70129140332332,143.32018142481604,132.01486048916493,143.11270963282786,146.29801461098415,136.3910418606538,159.91886998736652,136.87618084868595,146.09544519300334,175.8155012752239,141.83438473916098,177.0156093643284,162.2054648936046,145.26877562554287,128.01568895340148,141.27577836628026,152.8659727835961,144.91722051729897,43.92396953325091,44.75398555602924,54.9851526527596,52.986343476003135,68.99439979543402,55.0163786698988,53.48899614365495,59.55647934789106,64.57780471140505,68.4614134729643,75.53104082297179,78.78890286492367,80.40801543683476,92.9966113849149,82.98800544814776,119.08841875594167,108.73494827252492,120.39219150263258,123.4902244804032,128.48862863421067,130.4636855454954,131.73313345232532,140.32017209196766
1985-10-01,49.87327426069032,38.445821494790295,60.50053741794885,66.26911084572868,51.78178091693445,48.17005688233692,75.91166017839357,47.18160711028257,25.47946831390186,39.26978293177849,29.56527301420349,24.28251100484645,41.38139400665951,24.496426092285173,22.74582704485811,27.812887868317453,32.34306382829011,31.050539165978478,27.225690739551407,20.67755618555732,32.397269559673255,19.06938566825461,26.410212288125617,38.5488213480205,41.79588843763724,24.008545999747135,34.97074490127704,24.618489016232683,64.85040076969956,68.0436374811445,56.3686199679343,56.77042167692964,50.38585928922456,41.55064323692071,40.7841712815184,41.03043684507933,40.75180091556636,55.48332598073407,64.19949556263602,69.72036197589102,82.39672056291715,69.95774706033447,54.72174412972887,48.76975476096925,41.46576223289859,37.38893646783698,39.44954892518974,42.68418619263291,55.14940881772034,72.7445789213685,46.068962904232414,47.9200696518821,48.001271730029686,55.19734783237824,84.86210854581428,84.10768597036841,77.65833401926919,55.70053857550932,41.1814282997618,30.804089393000613,50.23405676588497,45.89621522615892,43.64208703865823,51.31047463878972,45.38039583752433,50.711578267502254,39.245160333645615,53.81422018825868,41.3177125649825,43.59300576541766,47.73888443042451,45.08473871476648,53.72065527001603,56.08367444979683,71.38719383876418,51.29500685236194,77.23969518900165,80.88428048353951,70.59102321073809,88.34639584568905,38.47421295705214,47.55425326217704,62.43338248469728,56.88729893196449,83.51272053765729,63.125429914139495,67.98844886831202,70.31130606646629,75.06013134702789,71.6657097803271,53.09661047535055,67.83436548143374,55.13355927277362,50.404800788110784,56.52952888873967,54.64091431428784,48.94069030912473,47.332427312617725,46.155555080133055,34.78421302194489,43.93483149742236,29.886609130438043,34.00835918869646,33.85006972748371,34.676765202448976,36.05183346035211,36.22625395989888,35.56428595972357,40.68829973228319
1985-11-01,48.76625038825021,35.837687211177844,59.19309816755426,64.98452703944979,52.597467420536894,41.36282098536663,32.68822305003089,31.10931593047173,23.64124116950037,26.58933217249638,21.885585091938893,21.271004384238434,21.48238353377372,21.14094976089961,14.560761990351343,17.660935597905254,46.04393916374747,31.36897807654077,35.15268868734115,33.748529966863686,39.55183729373609,37.2063250927973,37.308269063919695,31.42774226918517,40.95773139098048,34.384117375505795,42.7842505519161,34.46710238314198,51.11175697041342,51.46348569464257,56.32694217670544,55.86178803427229,58.23592595657593,55.08727905537031,55.90830377215081,55.8720559246576,55.913421443010265,51.12922717137412,52.78669230772579,52.9892168125494,51.58730147008015,53.01680481179537,57.60676191047289,59.132396547605175,56.0687903880838,56.070239631041865,55.99322458313832,54.85169627125893,55.00778768558759,57.68065739700381,56.86713504853546,56.56160127884212,56.74702298236612,55.4070218953525,57.16979999921545,55.93070460106572,55.9384327553164,56.08336958168925,33.24218922462214,34.849524210370575,54.0564549795757,52.17407083085119,55.43400252613847,59.83679488267793,55.87224399737556,59.44551023263339,60.88149708099969,55.17037411954273,72.99429790686104,69.34235920486671,59.98126100400616,69.06258752457778,73.82568969999717,75.5193203142458,72.60665021636379,64.53826216134286,79.50411249200927,80.97968121073143,80.11473011770194,67.5300773322827,73.66791959854213,76.0500270634159,78.94091722223712,76.42269051361473,74.36371399993858,75.67494086504429,51.8885029057402,51.91569123879589,49.82151232845455,49.75084281367898,53.68054951283467,50.40442333378412,49.9864307754877,50.8679014029058,51.58248540761855,51.84594980443938,54.614191544580784,55.548851171952286,57.120542614396605,75.67981889023673,58.96435288376099,68.53501875875293,60.88543547260655,60.03340819533992,60.80962727778206,64.94727316738074,66.07716615361439,67.14044834356372,73.54918437680703
1985-12-01,12.484847052825485,11.082400140374627,14.162328893860812,16.281253723255126,13.117283630400394,12.2743362914822,13.15390909930186,11.575793961652938,22.79572784311776,17.279774454417016,17.3429949500459,14.807751868546156,28.155760917478304,26.36608452361774,29.89813381355576,27.740991763013167,33.242900993341784,17.91960119643602,30.640670697738702,22.668901617172725,19.075068559487924,23.61429794420618,20.141548373304733,22.249545972833307,18.24753507513774,17.148876828342015,16.269395444510327,18.48012581567255,17.45757937927658,18.656519342141863,22.82640962140713,22.436981926049928,14.061210401680617,25.495818597258975,25.43132021263133,25.412859179759383,25.368571744891504,19.34023459807335,15.587876338465264,15.046139403940389,16.574975667131504,15.712177014026183,20.58598289839649,20.80161645155898,29.149957718598674,26.599301067289243,27.952508739484077,30.302706612361664,20.63246459468957,18.953670140753992,28.170786858773667,29.135135910793306,29.011878781406057,21.26783138423373,17.960383778392455,17.64962559685192,18.24400577593825,22.70452288139558,21.45891653284808,18.045665657202004,18.10389551688276,13.329478897206362,23.51862319819086,30.66300138338969,24.89224851423636,30.170922168663104,21.312669120579,24.152497738194644,21.91330920924188,22.938039360352743,23.617739093215533,25.672162636296985,28.082068722766127,29.963765958338545,33.03774277196084,25.788262501397107,34.8704741328721,36.62652140567887,35.779795717839406,35.967073289373715,24.19297771678931,26.593748771193088,30.919110604855373,28.54830912299744,33.875570297264304,29.74841142704804,16.170242237349836,16.023085216263713,16.507706518025273,17.293617918386577,20.66366340617883,17.93694877336398,20.798339297178764,20.60995109736447,19.367663702294244,19.47893631231034,19.92555778286401,19.850840211165803,19.91150661329823,19.823332616176625,20.02500024926364,21.123576076432563,19.498307630488732,18.547597797645864,18.283075483456383,18.37597455146795,18.56326972551464,18.85875431341548,26.843303136474944
1986-01-01,16.902547820402148,7.866870869935544,28.971983237627292,31.01928050354197,21.74325291539634,16.87254518435836,25.643351677240943,13.302880872520198,9.711126561578808,9.413833382468413,9.013425136856457,7.652996170232923,18.144448294787715,9.642272347421716,10.072898187755932,17.462566137895298,15.075358590851158,12.521695130339673,16.86364984495435,22.682331144130263,15.816871278912352,23.540767089138185,20.465709647847486,14.633177212617069,15.426218999331276,21.700879495074105,17.891084747459804,21.66878215787953,17.184648800694973,16.758602329208852,21.55593941562384,20.872580799866064,20.14409400973163,23.95499487990012,23.636357972757303,23.665138795155634,23.697477199527167,22.135583746589507,19.76104524593601,19.08522849952858,21.42721676009728,19.766954408086555,24.3596405234798,25.950604106744525,25.81670272450074,25.049151258691072,25.61063678570124,23.98700661699496,22.248001784373827,22.19260666292552,22.55993102980422,21.092928310282414,21.14238333352093,22.343490957073435,20.9904976264069,20.029208542239484,19.213060698444703,21.8733273941698,14.48331504803202,17.652956910893423,19.12976184132951,17.042876788995123,22.91515684902618,24.812762265452672,23.463277096365445,24.63799545918688,27.065054902735053,22.800523750261533,27.536102950832834,26.98074904002974,24.856424362830385,25.504731191220127,24.1476721454524,22.452808042203653,23.228296377672933,24.30950840974552,15.69177381205925,24.435666973673147,19.920225641229457,10.359985448642222,25.46722064717532,21.52766697496828,17.428279552194077,18.73078839515717,12.516496270355317,17.092484412022266,21.826550517378504,21.639719996086107,21.847798517692237,21.35820863928765,21.55992908222884,21.3780461260323,21.61629259077071,21.805656672120097,21.7924498934013,21.81988360312603,22.227993085912026,22.44079324846737,22.863515611306507,23.218528779413745,22.613159993127837,21.414152477630022,26.03726864069464,24.39116639520542,24.855517282139257,25.31127568778231,25.14616685892095,24.769839284531965,19.85879784452601
1986-02-01,41.19149010288446,28.65398360929563,52.04011473880112,54.22719741847581,42.22634713778432,36.39304716603691,51.41590467986581,33.29261097567452,21.507842896117936,28.179130324249137,24.03959124705756,20.64451682574765,23.863642077072505,22.010982948175013,16.121571112446208,17.014652295022266,21.14934831801455,24.474349593083357,23.127471947192387,17.761737871581687,22.96128136281789,16.488254966823217,20.12159380919393,24.51317836635173,22.49612384573517,20.63253236808888,22.036340389585853,22.029928835353708,20.349926148590026,21.247266024098582,23.92971320978018,23.77260430241792,40.90481774673935,31.05618813880285,30.54180794118665,30.71938110495901,30.2376963636475,26.57354619091022,22.86384924602499,21.324677735833365,19.122907208626643,21.26013054337063,22.777355441553414,21.470499054714992,30.580821988688733,29.6786739162338,30.0106288981871,25.899966471405268,24.89569771878711,21.15117037986697,21.95574609362177,22.082374000306903,21.96272737210652,24.526432900697756,23.988707870557924,25.17939563718549,24.610238004566803,23.98211426663397,24.01154287690719,21.80583195110224,25.21002599722829,21.02990612578441,37.531903138566506,31.072937667718044,36.72472474548289,31.80024854514333,29.535112710079268,32.48177149037783,20.09367488732034,21.4602898659411,28.327485426735045,21.226901170465062,23.229813196503045,27.91177116121137,30.706065535342127,27.692985973935315,53.36943901089394,37.66817047915632,46.57431053498469,56.90440536523417,16.97455782113879,22.99096363107469,34.247212455892736,28.90171270416336,50.91763451175027,34.000553562628845,22.379815078429363,22.02270403610148,21.71702110270224,23.128512751108733,26.962914652515583,24.07132736997782,29.851051441066225,31.28200342853529,27.43758080088453,27.558263076495614,27.40990771519717,26.84297831009679,25.82908240207093,14.17601897975218,23.896060739340705,11.672092501451251,28.90357679113836,25.801752631981707,25.166779140682607,21.81441146515618,20.9690204539108,19.70414545415669,16.297438925869844
1986-03-01,20.04963071717606,12.06876066821405,25.775166957986897,28.279168052233164,23.29206448609547,21.928881980996195,30.80990460896008,20.62577832757088,34.1252595255879,20.76487514774307,24.75690941563274,23.148276600900907,36.27997417050913,38.07662038154316,32.62571715182715,33.94730909347146,32.511522081041115,25.70357900661434,32.38724871660666,32.50092771333133,27.584848624585213,36.8645408628064,27.334530515168133,13.547141881786056,16.529593291343964,21.65245691767042,16.834531036131377,24.142825235098524,15.443267021169444,17.45219605749154,14.059090984712569,14.684377190566105,25.486397066568987,24.36580937765168,22.2845216922095,22.549705355759404,21.873485197837677,12.174443781662484,10.755974615572557,10.698205766252874,9.235176089291254,10.725918776615142,12.309568947826923,11.30612690948618,15.998876732900024,17.381905225134922,16.175873927521376,14.048578623830458,14.747850623157143,9.04817279393466,11.362537435907113,13.860045886997357,13.614375774041482,14.154908325618836,9.668689299375176,11.08558426648064,13.168597174481691,13.689928671415098,14.281461605877055,16.20231231413793,12.470360258866735,11.962609936773108,29.57146685494046,26.09173799751742,37.480875921896406,27.708476832670776,36.741835126835646,35.88034247123797,63.628785841895066,61.62360620763822,41.69968696279384,66.97061869013848,65.38992402226621,66.5640404622556,67.4406198795748,51.28245121011454,60.83334706629306,55.156007565739486,60.61087038231084,58.92846402921775,66.1817673186002,69.90630393467535,71.3122146769034,71.32703058208718,64.53276252682326,70.01446092183366,9.38822653215993,9.512501323507124,9.245254870389529,10.892578421563648,16.71780170762335,12.296169117310727,18.89106374815673,20.276110097187928,16.420742249854392,16.954201920802348,20.47847269401472,21.78123713193164,24.20977394394589,55.693947309269454,28.795140126429285,54.36029974217626,32.72070974243079,31.03725743708299,34.03711596618312,41.09775881838883,43.19255468823132,44.94799703797472,67.05172768746213
1986-04-01,49.252148394785465,31.559822359260004,48.03767501992713,45.19036025041365,42.30694540148857,39.89077738552289,52.06400054987141,39.03440749500084,53.300622620256455,45.96369737126239,39.47333409355992,32.26968149251789,47.05610047847318,56.02670981907962,36.80740897752882,33.982141347461926,33.08620548183033,31.669286197857748,32.08042763985679,30.080038527436415,79.20333787419354,42.33313208247857,46.642244591309584,42.68148542852633,52.78611103240229,34.27372081097808,60.44017842171947,34.752476343891665,100.66759134309794,97.61021478753656,118.94078190874076,114.91060129416392,40.39447452504166,154.87914224842527,155.40666155506733,155.69947815360766,155.2672863811626,117.51385513307012,110.8293535585998,101.55316907995936,106.28247586784214,105.21160143302852,136.90186874960253,134.29578864446904,159.01691944275808,153.724249583776,156.6422663193776,149.94361721180022,130.5165100346222,102.50752213458756,130.8681991044271,126.4229840661898,125.57358162006908,129.04810699837253,87.52847225867734,88.98779097205885,93.96090286155808,123.02953369077072,44.269938774926125,40.32518088661232,110.7293805872064,96.75411320812928,167.98303779450845,144.54345333281546,187.2087190029462,149.5945704693046,151.30865220482517,174.76484844099247,161.2681681962729,164.2589786566048,159.71277983609625,187.57218166522227,169.89085930038286,158.580864719933,151.28738003848989,162.22132211557553,133.00421182863704,161.16460437468902,149.78053540411645,132.23743805496025,191.2322900221842,174.13326306583448,144.01407519953415,158.73847045112657,123.88557738192164,150.65629910571275,116.04649824887017,114.430154777271,122.4930783327832,122.55258638458812,148.69946389702477,128.02307503144138,145.6683933736287,149.7304623663191,140.8556284870089,142.3169396857077,149.19718923307016,151.69611382865568,153.9341793949032,160.1418188935346,154.60669615332372,154.8769621714984,156.61695530020856,152.97142398087126,151.57301046273486,150.88925312620503,151.37129892978385,152.43780364249156,185.12656759301285
1986-05-01,99.19034524222684,76.69554999367806,85.91635177313432,87.84231788965177,82.53042769070356,89.77760866496017,111.23409036635096,95.71981108247384,96.21295269893398,102.52407938134662,94.13475573928083,85.51095619657391,79.80285535801085,96.74566703012728,70.34956746661135,73.0162109293301,151.0147434496155,96.0340370406044,103.63308355156828,79.89902314526877,40.95596695167063,59.87804594193789,74.79193545691813,118.54549106243952,79.06219735488696,110.14812202653968,79.75363695138266,79.61121720308576,38.45086833436551,34.59350226288381,47.54315734522414,46.47954690405509,90.70294397116668,57.67846783035565,50.660901983305656,51.47156005136427,49.5241069399376,56.13795881141561,53.764044566893375,55.4761153608772,59.45348762997788,53.92150817508944,35.12798752876891,35.70414200520954,46.47121341565726,45.926083136774935,45.77123235141122,43.6818578026817,48.623103581488735,53.52890118550654,48.44330067643703,39.10723802592186,39.90002139796296,48.75250070728822,59.97345744924144,53.739166561010975,43.97851849355118,47.85042243617873,112.31061670562175,106.48836206543344,57.0773017302193,47.64510056464052,45.23556218553146,42.00447099972637,59.85112831433428,44.233839968395,98.02937301942995,63.04516641123691,94.7605690178633,92.15985660270836,79.43497143479885,83.62497657861967,98.81813559011016,114.38473931836172,126.62363433016192,90.01333519899464,161.24115045881462,133.36169411487174,164.25297956931857,144.54725711708335,83.27490936751273,94.56687798592216,116.8489635310661,104.88036904119087,144.10642579252004,112.662973270207,57.868413418943256,59.18805931577242,61.3158077298439,56.621515529377554,38.626057601623,54.54360322086688,62.99333863472787,69.28676631422299,61.87434950087001,62.16469224535399,65.88050227983085,66.39797307259892,67.24413085652304,67.07979139303744,71.30257914270243,103.54171343189265,100.90365947287589,82.12950035643365,82.65628582446011,85.07669166725609,87.70618687288506,90.62481342024208,83.1777232264958
1986-06-01,86.85320535635043,65.19701264171005,52.30506779836563,42.51637335667658,54.802100100380514,69.84394254840892,90.16802586048682,83.71396244582947,87.8485212794508,99.37708978272131,96.13424238867717,88.01318062622873,70.41482774250859,79.77040385148342,64.00075153469915,64.14113555506293,84.10240406595024,73.97383171473862,54.483585601608105,57.57198807963833,58.69215911385812,77.01366162592976,57.86177815628877,55.310007068989535,43.114088213164464,35.114544895755515,51.74893873433163,40.5174164852906,50.46332574501379,52.195402635948426,69.30154754324731,68.40847004170448,38.01370156391397,95.75081710433128,105.67795145291136,104.4256022952968,105.7722952146605,40.16214891916818,50.52185415834191,51.22179920156467,42.3858485646659,50.20448692238052,55.60550052177706,65.36734199223422,119.96670311388316,129.73224721745734,123.47461820275628,101.5596115158996,76.06757017959394,43.51688537578096,82.53845154971366,87.8291087697425,86.30477086408659,74.83208047369769,38.17027306725441,43.61219859633094,39.84196858936427,72.02608264574104,50.574758737617714,43.25445313612934,48.56627908852261,56.3340100748196,128.10675384193638,161.1776280888434,121.71622966315348,158.27342923334933,117.49911725163209,105.98370424893542,68.58593128225621,72.93481362666527,99.24134027185542,87.3656304112419,92.6611934119942,89.29021493733967,119.5794457833202,98.42719209642496,108.17942717950582,115.00805525030532,109.38685430571005,143.84830934256073,85.19442701511342,81.10510046827568,76.64795233985171,84.74973621173608,104.48523195894548,91.6095192624026,54.50338469654662,54.25538204642519,50.88856750935764,49.425093843425,64.2167209127919,53.0743564085768,64.31333659372288,65.54579203841976,63.71996499841481,65.39065431267059,67.8061675947894,68.87093329568806,69.02572769395137,82.02565087772372,70.32992452498878,83.30162708298334,115.15036918842029,92.73290354533768,90.8570234206732,74.91900097376761,73.7749259701125,77.69341844645284,101.26317859339956
1986-07-01,90.5984685846154,61.16011803667388,46.06426656499289,32.177093151179776,48.23429906089969,70.10808684534487,126.40454290302596,92.44320987349175,184.18673707416056,155.22913093920786,147.28573580104677,121.61115965355366,159.32190062185657,194.1380790131793,142.89033547116355,141.11880794041008,59.77810483793044,86.13677249746162,88.14885753990093,110.0273193683134,90.60809271310984,107.09757225842496,106.34671359888496,107.26596857152,116.02639289230255,137.76564019757978,107.04565213433918,138.8920376350423,108.0154228945672,113.51385108256508,115.69618471729504,115.20991806255826,28.07124899359042,144.9592292203586,127.22243491190386,128.72585481366517,127.33981932658573,90.81693583023906,99.295690112545,110.14177190265298,113.6286372471153,112.5008356005274,134.669593405333,137.92630071606789,123.63174104106322,118.88286532506648,123.36523958542482,121.2248555067168,121.08506808569992,133.25129270280314,135.9719798525354,106.8184876626614,108.46824907232028,122.61244526020508,121.13444093695364,126.10687953594883,122.50641183330684,117.7694610977655,108.45457588992372,120.36770429371532,71.76217240441474,99.17422431034116,126.70713380394994,129.20497769920945,120.66384258009889,127.75752887380224,151.32295467671693,143.53147516707116,144.97050687274998,142.19074941168776,141.3987114099178,125.15977804574284,106.97243260343136,106.99211782278589,107.5356157408156,131.1290097193553,117.43724729176589,123.3399718458636,131.02305511716233,155.57709058753656,126.30451138460138,125.31445885596466,121.93971670034112,127.94348271276868,119.90503009564618,128.2392054216889,124.2995452573333,123.43108700749202,130.19556539480146,123.9301198475093,125.47902184313816,123.101140674448,112.77833757841957,112.5828342833546,118.19986259700916,116.663536399141,110.13823497586638,108.47700553976642,107.25478978761969,75.5550478742128,101.27261662235212,79.42049168313346,146.7288458718256,133.06457060627454,132.0589507770163,125.33326830958354,124.8888724606773,122.49234153842356,144.4998070260204
1986-08-01,68.7327076560766,51.31215934293998,44.64686054593415,37.86058220954226,43.25831735591305,47.61339735659258,63.89806292370652,53.98726044860099,40.87454477205514,54.77349063773366,45.82235172553267,39.21317674949752,37.20541355076597,39.896227640478926,24.03587407098848,27.777994646192305,24.537083737157587,38.80934593190691,25.346453588398727,23.735132482287355,22.264583925192905,23.031232886752555,25.77002341223864,19.749619063379395,24.82934510416008,28.527150655583075,25.7553146057446,28.734871996181923,19.0490733741045,20.213779308572697,60.32079150833447,55.17722655659259,36.30257268610743,110.94969762339122,102.4652348166258,103.8605116071038,100.79541300141553,33.65740543705164,34.8133162182861,32.89759960617777,43.65487989792637,36.66800822635531,55.05321770583433,46.29431363496092,60.76669586992563,68.01944901782329,62.11904667395287,67.70793061605377,61.20619398560674,59.28834539756389,67.16980824672504,74.04171030915474,73.04366145873557,61.512755806168194,58.62726681069061,47.147231453057,35.26400527728191,61.7524365596102,19.320049799604146,23.01885605181117,30.092300417735984,26.237848693972897,120.41405218981724,96.51975946601914,104.45421198631924,98.39546954650191,126.79972412610196,94.3565217905439,86.25151816639402,87.92299915548998,100.6685947626855,90.57865388303836,81.06307161456994,85.27187605104118,92.62100640704726,96.97965858126592,90.11150491033888,105.29227460284112,101.59377617874,91.8063017156176,78.19475710627599,85.0542014334525,93.436532492776,89.94469105155576,97.43184343074132,92.0860059539602,39.54793428023557,39.258276583159386,52.387643547068535,50.61810180907064,70.08861043253499,55.96876721011745,79.80010704373873,92.44630230169044,79.47313573612207,83.60739039995335,93.69287447781834,96.63299716840194,95.14283079947712,85.02826541548943,92.90109741097984,95.82105773945445,134.0556947266716,137.37172389279428,132.2751885676413,120.23566380949838,116.89039203437096,115.45518359738324,94.70844498285412
1986-09-01,156.2073568479669,152.0702074272431,140.7471985824742,135.71108618793878,145.4024808853469,146.48789396804617,137.31404969887143,144.68164666112224,111.3742097050533,131.49609589413805,117.88578571248092,114.55579271613044,94.81960913181014,106.67150416937956,78.00169255982408,77.6974840839844,131.26782772557598,123.81971778361935,76.58980906162087,68.47377547349151,58.83465253824799,70.26913990449269,64.63484854826824,80.48224010106141,79.01792930154784,63.95672669118904,62.04315761801247,63.249163234952206,58.87194548458687,57.999797581132455,101.76835468396511,96.42303581182524,131.32000130306722,158.13738507988054,146.02910378132583,147.08443983725118,144.86923966843656,79.61540548699267,77.87911507426554,77.85606339352651,104.92190630630267,85.00899111388163,121.65084452851498,123.49597803935336,127.3073447545704,131.76589141554328,128.7252311560645,122.19807278530168,112.27634441157606,103.38715113821256,107.77138487406238,89.11496117120939,89.80938465944831,111.8058923309903,93.3707725914772,87.30916965420485,83.4174896974581,104.51362603348385,80.83579507220453,70.47351212156882,64.97673521626425,50.16113413285492,165.1909222170017,148.22634756796612,170.36008503250278,151.7457621751151,149.37943163494646,162.97233365122625,158.92110625505998,158.9181282901942,162.6859203939042,177.00369926211204,198.5636594570025,194.71318285102348,181.450960565346,172.6202801349586,239.56071188216825,217.33319830990317,224.2423528098871,182.88820034727672,191.4875842349514,191.74468928358883,206.6761184282239,195.2280201997712,211.9955890247805,197.0418753717837,89.20366509309643,90.05435891723806,99.58985058079696,108.70384795044173,129.7754138100815,113.94174569413404,146.59983119639492,155.73413720614084,132.45806991886707,133.33770070748508,133.8810522774835,136.65083767660235,140.05214226128862,168.39528493677872,145.4389291665435,187.7023321994997,150.2487415471392,146.79612864397436,146.66515042754273,156.9472255225389,159.94605995770513,165.10636306349804,186.80672690010007
1986-10-01,29.61926511584977,20.31504113989976,42.55856096658231,49.12802953478826,36.18217710219723,30.83493142204768,28.399886543920797,25.51500976825872,21.22306136937189,23.176056083165424,22.714137556891064,23.15674283474543,23.293625600414504,20.99898103177981,22.67780097532563,17.981028966547317,40.87509813003698,26.677954631577062,39.85777298529872,22.73461528356651,18.375237788610733,21.37233259658012,22.565273185566014,37.52204401474724,24.795008145053146,25.177623707234343,22.299268500366853,22.99246963155305,15.07444350844404,15.757772288390138,15.024897029209312,15.244072669952908,40.85214900329017,16.03200023218266,15.259771445507926,15.418988414911714,15.177546578851327,19.04075000409265,16.02552369316967,14.439916528004336,13.319701892265543,14.330397647991887,13.696995663500624,12.47747160883628,17.89869720134795,13.851453959948111,15.994894649860123,16.351677937602844,14.458993790931498,12.55526533142555,12.633983498338166,19.004422723165774,18.569158132281657,14.269870796525767,12.815591670488528,14.346432545379432,15.042885372355778,14.945557620140583,33.572544246130875,28.93469093127094,18.57743926099058,16.51801178652817,19.67154567978409,24.45944588489216,26.29478053288252,24.743467832489603,18.017053905903783,24.719809373138663,43.994925691823056,43.97230573610482,28.382651783976247,52.233580014578656,62.20656221419429,66.98422669443721,69.62425585813779,41.19183415331928,90.58299494169913,74.3027131892918,81.10840426405446,112.29910594872756,59.66698936211573,72.71424011921812,82.70770945114246,82.96979142708634,101.59194947644292,88.81979919598501,15.221058953604906,15.17135611427073,15.619855770022928,15.37145407059909,14.670864706299252,15.19920494456503,16.578277739963568,16.501828205585205,15.303871461638543,15.340101718891566,16.511301149080502,17.271217795792182,18.691450163055794,37.16637707413473,22.13950785482893,47.81133827413686,21.117189987900424,23.4442410356751,23.773034006096445,28.86369430494436,31.07767404269459,34.01323490005119,79.13593888150395
1986-11-01,38.97831111291988,27.318512265390936,61.94261195685916,73.98358663440162,50.1758565404839,40.27673893989032,49.90500196208386,32.81092377420387,19.83866931261278,21.77238569924209,20.393002524781988,18.054781762424955,32.76572664807685,21.50110026499349,27.69626563025591,29.012355837874168,24.91837527023182,26.34562179963336,18.488664815162284,19.388823414800687,42.501604494823766,22.01125777317261,28.429056734508208,28.84815749580477,38.76460382588333,24.45591717008605,37.457751802658414,26.416923370122998,56.21352135036288,58.13014623837783,60.59273365620021,60.22372885800393,57.32350640088039,37.40311915587984,44.62149553341545,44.00662162803873,45.57630629645514,64.79229431471308,62.5405438399516,60.21344456658129,65.24493877796826,61.09670538491529,67.3292953787757,70.86298434518227,49.21601083627348,52.4240248569945,51.3834294916909,49.26841924710052,56.70767183812446,72.33598786125462,58.65561682208645,56.892834263521294,57.44978514122808,57.80833548604222,74.69622879179082,72.0822051435121,71.00886643162679,59.91515649959951,31.91450730463504,28.446561336608504,61.08370264383683,46.88967809095271,38.58100326540984,49.549640361166645,36.30147539495108,48.02780731186552,41.230312215418365,32.53895128318837,23.621933797689604,23.26078750269532,31.99570706946984,24.598563553137797,28.957855755670053,31.75463743757154,33.06087741530703,31.140548134490345,34.98375841923326,33.4690477273927,33.658659232430324,41.6497472009817,25.16962723925382,28.8444106962078,34.47402987049505,31.242558041486483,36.18102955251089,32.44500793683323,66.3674964738728,66.20794709142989,67.50283644913695,65.13251185240154,57.79519127588991,63.38314897746886,56.31822034490797,52.28132012932926,55.69679647652387,54.19000547644339,48.649030702454326,46.410692248924775,44.73942540998945,28.93974373184064,43.32347150581564,37.41195702113729,41.16641340226467,38.12664853348056,36.795926243652936,34.113075697252675,33.42150834270916,33.68323714358917,27.58006546705837
1986-12-01,6.842798979748726,5.446271728566726,10.236135616657576,12.253707835546056,8.648348484921588,8.654134192240688,13.359212358738247,8.669048286783056,7.880023912240816,6.85451787747514,6.336820124860874,7.127125100292657,12.298111088392057,8.475147616785273,9.77697545424116,11.672033276072083,17.353772931227535,10.441812455455356,12.225395576074924,12.231700944309956,12.983622336093772,13.094912794143363,11.515154264781852,8.602016771660072,8.793111819378183,11.166246347721335,9.744723286335445,11.700354948212771,12.343613474652932,13.001481739766485,10.711308506548862,11.171447650675496,9.342478570936583,6.134692490946134,7.265623318295435,7.1616376201496905,7.3268359017177715,8.576361354189999,9.380464310482337,10.061682414626263,8.380004062378937,9.615383971452545,7.257752172293212,7.647025502501899,10.619340577403284,9.334340477885403,10.090959057545415,11.769238881573829,8.708186196056703,9.075781533292982,12.532374765960933,12.768396897500535,12.805375120337509,9.076027575433292,10.597824782583938,11.160660777937917,12.421635235296648,10.230793799464967,8.62186549331678,9.428112615787148,8.716503898198432,11.039136847850134,6.405828557068311,10.304880194604204,6.591374019897224,10.008477634420116,4.138964944141815,4.887049354459782,4.308063865801319,4.374336722193361,4.722181978870406,6.379379399449543,10.287681286240655,12.6479537385626,15.02434356572897,7.161843883639223,18.63317622889855,17.365323314594658,17.29685331627267,25.217098135727355,7.227818561419293,10.733221593124751,15.481758448983872,13.453538184274924,19.68444624813356,15.099836837409171,9.028246134943316,9.057879258521163,8.472435076230102,8.540814672261254,8.056827903097595,8.41327957342425,8.689622090662036,7.853280655395335,7.703987981104067,7.527436309521097,6.564664307737639,6.172694725847848,5.779334715714375,1.7518700463573351,5.340193852972553,3.783789921584462,4.869048282488486,5.070619441320596,4.705565686309776,4.038968368790263,4.008341952278227,4.0870679437228015,10.983312284805226
1987-01-01,9.642811888822552,7.243696152829194,13.202191379132897,14.01341257237964,12.087975557155907,12.499786257179355,20.317767160974046,12.676536779886382,8.635850270540477,9.474279405157928,8.30790090330751,8.262621535595308,15.441071961514286,10.334929112946249,10.685488392965814,13.201191038733096,15.017535809833465,10.854254706769936,10.868657396606372,12.18136202125745,7.819266131164384,12.39672186241318,11.032309377988584,9.429329763405216,10.270426727774728,11.671889166776996,10.344122442967878,12.688247662686736,9.070751040546837,9.37090087732918,16.077494516205796,15.35781091940171,10.061259940264476,16.7149530132889,16.13882451821314,16.179510058063574,16.069250395916672,13.869708755026842,12.47803846410194,11.517502540138103,15.202098420329191,12.263253429220516,14.03928807751368,13.96317983512309,19.8929673398125,16.935542740458846,18.51102165642212,21.132522459532908,14.244389467150553,14.185984018963303,20.030136723889584,21.053768510580323,20.92402922965508,14.7825167519732,13.66186581461782,12.649246283343825,12.591988544284662,15.938312493698591,9.640352531482211,10.3183875631902,11.91020192008747,9.28895311657311,17.373150774024225,17.442478453894218,14.452757989944272,17.02349837196866,17.849190738080146,15.170417461336651,17.101177865445816,17.29494188056378,16.372141603702993,16.29903385025429,15.765239368973678,17.017198239285765,17.639402406482816,16.413022322838067,17.990379258020603,18.39528461377498,18.395299636337445,14.284088145150031,16.62888279121642,17.38846100491547,18.122604508816156,17.4153381690565,17.43896437202097,17.280693447845614,14.785199222204682,14.876438274989024,17.51755248470695,16.52481819074502,15.213081930859468,16.335611996085156,15.66029766557351,14.14183253689999,15.528888658242398,15.524139337997912,14.07907461821454,13.967641509061249,13.675377651778046,9.136298999289556,13.076160445254194,9.790780594800465,17.644862823901974,17.217208805360784,17.052690109587914,15.306311939705958,14.99126130856291,14.375642980190388,16.512203143590853
1987-02-01,30.77651648775409,20.308980130841174,32.624271188613406,28.29940312533423,27.740733020411724,20.907528332057485,20.021083668499006,15.480287978047684,19.532379911572846,14.025413743681067,14.024125630429245,11.81771951023569,16.571843245015533,20.70618466804856,13.380329121592322,13.307444386866246,10.97790888256186,14.553502507069792,15.314273823700884,16.496943328121112,41.17082823660924,18.44223914665805,24.13348465277026,13.098058477541308,19.92102189418671,21.316358587408693,29.11346406250196,26.173052113634903,56.14324219954428,56.920633459965856,41.49638033123364,43.01632242809027,19.868085906176564,17.98089243241015,24.589039806593423,24.723771044415983,24.76727311252326,57.86595488975239,55.60785313242467,55.99204820000747,55.80100627451783,55.33759462923409,47.551582131619206,41.3789416181929,20.066595963693644,21.34384893316986,20.87332792588348,24.099772766913837,40.88397930859525,53.501326204772944,31.52075070388195,30.136221735289872,30.57134532848998,40.56709466045236,59.77584386819128,63.42001324935977,65.24326203045365,40.70473402335773,14.086593319615604,17.672257352000912,48.25348033252105,43.46072196567272,11.492829923100418,13.58743548849299,8.910306669677356,12.88762267269752,24.14821493584683,10.93131728712533,16.390852952769574,15.117530463787872,15.746101538407396,11.009798726434605,7.77509843930088,6.957352810437851,4.302056100074479,12.512196506811616,7.787932489287207,3.3236362530002843,5.157838823902652,19.58775080009229,11.54216440243551,11.072917098693456,8.955662541796666,11.082270501162231,11.28397273809053,11.623038321216342,60.74779804138281,60.414497604042495,59.91852247869409,57.26414893651691,49.35401253336287,55.87052638984537,51.448561362363385,51.12479758398376,51.51045188329831,50.40763872577775,49.8069673064917,48.1480125978729,46.91473093660524,45.02192615102209,45.06539495626158,22.96496564283173,29.222561098665224,29.94317299662012,28.715219626904798,25.86856263977945,24.71426435397223,23.81489321490891,11.227684690896162
1987-03-01,56.15408874926147,40.18993952794938,73.27127857971786,82.53376333576777,62.45617021692571,51.76999150556561,50.144377929016805,42.83691168562628,31.11047413223879,37.02677921523488,36.38610624610686,35.85711173554307,32.237600237686664,28.443581124585272,28.817319003764894,29.93037308330732,31.45985558957705,40.48598206556511,37.457810729037696,37.23305190586993,39.72328402782647,44.71461496538125,45.170147655162616,51.57091763482334,58.46117344348891,51.40685364185862,52.206793818717095,52.51517814480467,32.46756431852704,32.51666383400667,40.91708605258435,39.83604713725329,73.80147777280858,56.09031149309845,52.61198580381239,53.22307326627471,51.71549563792127,48.0045231102448,44.13655227325027,39.5373809550676,44.06235058453726,41.34273308035959,51.81726401925816,45.17950085364232,47.172197861543445,47.98463879442584,47.31287152193831,45.146935053518575,45.36298231656722,45.27717636303588,38.26197981827645,35.25119556812487,35.214247962192324,44.83583431587286,41.7015258841795,38.20987964736262,35.264682374499976,42.05352260161274,53.29169542974446,53.58819955174423,47.82863270829765,43.34987920527708,41.28147880495917,34.20053096052829,29.967190412301477,33.376685820279086,68.49376908111124,42.87688664173756,78.45527083234693,67.56940412432574,56.10228861560954,56.57143459428701,55.11966772525675,57.81233818719268,46.99985084567416,54.73245103512949,68.40134306044922,48.496257366491314,60.48406067583378,84.51031608855216,74.97192189118991,73.27313829159742,67.8211214428552,71.73165301912692,73.14946697242597,72.33240016957399,45.9751979633512,45.26705464603072,44.94846770684173,46.54488528184098,55.93689490150705,48.68064379251316,58.77437945263826,63.75115041080098,56.172700077385606,56.92844386057468,66.48105904832192,68.6795292114691,72.71276953575057,122.52739661299816,81.55336373309915,141.28156792146,66.1502481037569,67.9114167872539,72.25519795746877,85.77304789692829,88.67802143912449,94.74172930726616,82.16084247895164
1987-04-01,23.95539771389784,18.760631819455742,26.430840850362824,26.713654005133822,24.34178690639629,27.430424040273287,46.24354329946678,30.46431107742182,24.609555552072727,29.40496631687805,26.259164194096567,23.839785534064863,34.20767329813624,23.95465829773333,34.26551243407156,29.77847043646463,16.33637184660626,24.72347640684721,17.35817320389119,19.392388459128306,7.7751295709833474,29.07162354433136,16.20841715588262,11.912799244730907,10.889842738891453,13.513095144953551,10.5511915353949,14.6915054078344,6.249111239463471,7.018453528273348,8.445569179424552,8.265414725333901,20.518868053855822,14.24300894473894,14.093781902236609,14.244042127419307,14.058603372513735,9.954601590271768,7.634485093234755,6.447225845195834,5.075479392855669,6.370662919351633,7.360663924887849,6.967200009421816,10.996987465174318,12.125081893907211,11.458795999886174,11.260859009470389,9.52190963571068,4.795241785981318,8.481205376434861,9.298987249593422,9.06090829131156,9.153414520149513,6.359077810954685,6.951922925140283,5.054688492788838,8.53321232507504,11.699830720410938,11.551935523455567,11.58324664816903,8.259166548286885,9.690551414864112,12.368785614303324,11.962390987018964,12.400685509721006,17.472097587921983,14.670896795327138,27.282932643138544,26.014387845529125,18.092014335479707,24.25324211064757,25.64050812369656,33.417790815704194,35.69190417422787,22.6171651462848,67.49507437035098,52.89326579319631,59.6631678629166,72.28404738534351,24.98957153753221,31.150090286560275,44.5019511000689,38.15089553526608,63.93833460494436,44.0534159674177,6.759037664194598,6.4238007677493485,4.929066507537783,5.91449921140855,10.046924385242018,6.906785593042715,8.95951427808554,10.69405769902747,10.76744903293844,11.547725428938088,13.269906274434312,14.132303542410227,14.726791101977044,20.847407912133693,15.600773806156717,20.88084353269487,17.88289539795672,19.14140891610871,19.169304598135465,19.665694678895644,20.04373714650557,20.007174943903063,26.646910627387584
1987-05-01,39.42735066823507,28.198110004151903,58.04159638160961,68.51815467995394,47.96186896972519,40.569387856761615,53.887806739880936,36.05708583047421,61.63408816755241,42.251927330729366,39.31258474989168,31.245359566720172,55.0673167072087,71.65281481471263,46.021514043632365,44.25336456918826,24.65153202152084,32.35822972873736,59.1733708133221,49.307927454628825,33.78133547042995,42.41835807534232,42.382328852464205,60.450532702653845,40.59704622354016,46.02629048108903,41.23121906228203,38.11863916231282,52.45239163811213,52.49845318299958,91.95290440323828,85.3054746291437,63.9424168981357,97.38434033073484,100.6333459095091,99.29663543494598,101.59232445454968,59.80875220725325,58.538130294726905,60.40787901046346,91.12896547956193,67.93756527244872,102.92194171649028,99.02452019923916,118.63141411548897,118.117340161688,118.2167059876344,113.56824555415668,87.68750021503656,97.62556838757637,108.62116086972088,111.54749393778276,111.2342831152482,90.50634395738112,84.65257602661222,71.59127312728788,63.72531735487409,93.63873029696722,56.08498367006776,47.04585839003833,54.35977318702224,35.337409819129604,131.76357369553764,128.1718822213285,120.44260717144064,126.6741343354236,63.70807437877112,110.39863484605772,60.47081397060359,64.98358959013643,86.16424572572568,67.01954677984342,67.46060424896379,70.92079641641301,76.6591069762126,80.95320127582475,87.9203236638618,83.8900467727625,83.5624248958859,98.11532454334342,68.89583865555134,78.46098270371334,86.74168470305163,84.64474465278283,94.45449138577004,86.9625204908774,71.07805514730451,72.64532304808733,85.25478884211864,83.04354775765998,101.65919120168128,86.18114228504086,89.86563896699163,90.36862341181492,83.77652804215627,81.92203242442935,79.43464408662163,77.47006897478036,76.99090051596602,70.50133874588325,76.13047465010435,72.57330719035589,59.61804717674181,55.89037765971617,55.91875045808435,59.81069862833613,60.53236337006626,62.565449485384114,84.43646466234661
1987-06-01,69.3455707341891,58.36785364793612,48.28415920225739,42.84454145980168,46.77980527256131,52.58048341265764,88.07776982394432,60.8553003869888,60.10144631654662,67.25474512230738,57.00288718508439,46.440822942175416,60.41444000537826,60.170518220619954,44.8580132892816,53.32640011739711,36.50888170931789,45.25005461803605,47.955747328770016,52.89276755611039,37.17032277341094,61.44517009305,54.49957782175738,39.35402749052063,58.160079607411326,58.54263326579937,55.04567606280134,69.45384458652192,28.21082716227539,28.33682870995524,38.15774652683846,37.354769649288,49.15694512721152,36.09698361328452,39.80060217726889,40.51046329940759,39.14173183265388,51.49926280857398,55.9597707046774,45.27600891238155,55.2023084037859,46.952550864965104,45.7208673081754,36.58276972339786,32.144176820783976,32.13542421014265,32.203949934508415,28.31999298505748,41.85535473067554,42.64564244940042,28.41218932022212,32.171114080031124,32.131262140808616,40.58134038757756,39.57222970511167,33.166188633595034,29.512783409757738,38.32882192851991,42.081309663999605,50.81129472010189,48.22317098882117,54.07696115614532,42.9688478941239,36.37827863048983,44.97832855194276,37.37179720687384,36.66200446821814,40.643203938551146,39.00520930166787,38.12653967160296,40.08691808746741,48.78745490030208,70.04840703169158,69.56018404292611,76.74481380408902,50.23728945655618,78.12360836447593,71.85864886394764,77.44820752380295,80.14761464240031,43.41402811297954,53.43758122595362,72.08276611158703,62.31539133845013,74.44460279925138,65.20731315255382,53.85063261148532,54.52579291833139,51.02511576302436,53.26469652442434,53.19045665565771,52.66236087066928,44.46115399485776,39.67907275715961,46.27318899630047,44.81105785866008,39.85488323079219,38.10684974724872,36.7398600256981,46.69761193977094,36.5656538805272,35.477235151200695,34.42391870386394,30.770626930969687,31.698027310029552,33.61193081410391,35.14670974797854,36.72199574257401,51.771666717047786
1987-07-01,165.8853993793101,130.5782448427346,141.60793171374192,130.74131391280497,131.9199782964973,138.63406678245585,189.08883618164927,151.08321583707848,108.07107527458857,151.98878062204477,140.7257261675249,124.10743982142408,104.09022718726176,98.30264275729871,94.3720634113316,93.052269367377,76.4229392017903,107.2887055676991,87.3428726061973,82.3747797626303,138.78218163034052,101.30455548592552,93.66768894906484,89.41312374987126,82.14873691827015,82.11991006957453,99.33386859652713,87.69376679781422,94.25010715412672,106.73646800162066,95.16617926360097,99.67189246199924,116.6396912406306,79.01530833193108,77.02946558068608,77.12376146587539,77.05070934622593,122.5074552486634,108.07394244961084,93.44089468201098,60.35153130751787,87.96936939922041,76.46458112347321,78.11231538712836,92.3893975125664,83.50819474201191,88.01550131376565,97.34699433278456,82.85961523966725,77.37546614078396,101.11867707659896,123.63962427006784,122.04153086834036,83.83263140189578,95.50037697427474,96.27983934893808,94.13250812367583,92.10349840668856,85.80892517672555,85.26041526329351,132.13772570041513,99.9963159510704,110.8560621732382,122.79682637063254,136.0836938409908,124.93560039527384,112.3746918995094,101.50785350184948,102.11953446077104,94.88848240632872,100.86387065703715,106.74415569836228,140.56905887681253,147.63510718607174,155.64924998843622,114.82788953784495,132.4602352482201,152.73627257390174,137.95514755645345,101.66264558241365,111.06268001262532,116.7314396110237,140.2808045675892,120.01706007983564,119.14004814430388,117.88009927077483,110.84321646862296,106.68203998160229,92.72791327535798,88.72078036413117,77.65472187585084,86.54663097685321,80.94885249055517,80.08970794974911,84.6373906700705,86.44243486497533,85.76313287245178,88.67471651995014,88.90843077133583,61.12071377993844,85.62666654470345,72.69592495998619,123.8699084474474,126.34277236681012,128.25912230179998,117.72295258847237,114.33224563335256,108.69628213033631,111.39312334803512
1987-08-01,115.36749768510715,83.87718433414277,90.5746454137582,79.88688968189467,83.92922965920354,85.39809387747682,102.98836665984749,89.61174143323616,100.19946296640296,109.83887814176391,95.13276781776078,85.4973742380688,102.288317860397,95.04974543247803,75.28212415413368,86.04773835399183,52.103476962551554,80.81628079371079,45.368890080683,53.409207200258535,68.07200225121477,50.78749384270252,53.15394516559808,35.28436206235528,46.03134777815555,37.54157842640944,51.29303167346007,41.07766006596876,25.3149746249638,23.101378977128444,63.48962598250801,60.07180151834638,80.95716105159416,39.92591977521114,47.961200793211695,46.63895318367442,49.43460376630493,68.2174547770975,53.381918865097866,44.8119076622756,42.73555332905672,46.790421953332135,68.48841066833589,66.71544791649504,66.31451535212128,62.391659952958506,64.45786264128651,72.929629165339,52.96396058245664,61.962093924048936,88.46710325811192,105.3574009864934,104.37465920347914,56.0443400143505,55.54158045150557,45.09170594209544,37.29602256211636,64.7502103004128,38.79641715321657,35.93882971315241,74.89227815994539,60.98976269053997,45.10909096649554,67.66637781871121,47.8707766804961,65.2352734835476,81.32066561878415,56.40112506372146,96.71103955183249,89.63766999041125,75.97503240518297,69.11838012588467,59.37426116956792,61.15732853680612,51.537584179892086,70.6614307065438,133.43928167389,67.82576835142105,95.8660220707709,301.0074073053806,74.07933300394177,90.78588950900708,99.45347745746832,114.9216222011462,180.80242496618715,139.27368361083498,50.9695755044494,49.054896150733725,48.51183512525482,50.15115921513559,62.693735090799485,51.70306544848733,52.4755568085845,52.18214115083634,52.12644126894735,52.151160542322415,49.13723348209937,47.9778149171741,47.3620858910018,43.63957296288288,46.46081002404864,44.741904813616415,75.72805176278824,65.38241358719142,67.52681863870384,76.78299990595032,81.65774708351728,81.09264410813392,91.90419828183776
1987-09-01,27.82085551754377,21.97176709155817,26.15632629582025,21.87715242503261,24.800821700662294,26.73706135479882,35.65376826767794,29.560782594725893,22.235886280293247,28.956632519849904,32.68473262591215,30.471962555889217,33.88598645673594,24.595553846205185,37.2337552031374,29.039906479855603,20.43898716774624,23.510474161560104,19.957570490101336,21.7300734737104,62.96961364372231,24.555344462317574,30.46894041238407,36.23397327382593,50.81414907923843,33.65666729105811,35.01433304213053,34.89164266976974,45.36640508183476,51.14746406389182,45.60695832544418,45.49856708207879,17.414149449769425,73.68440706027955,53.812139973674725,55.60206080878344,52.54510930534092,23.678426345847488,31.801424876513348,34.79043805045966,30.470327565762226,33.44676350441535,25.78864657411267,25.30047859277341,65.15970382127097,41.16698579695076,53.92229746993628,75.03025657527414,40.27711701548928,31.519551875425805,58.03715417976528,59.35444556005124,58.81458956622206,41.64961848581338,40.21220525503321,39.907302349973406,42.16586971791645,45.37569261903369,41.78638337088423,39.64420480772398,26.70517814125428,29.813838727695742,84.70226274360364,89.99780951044787,76.3889927589457,88.37052466837983,95.93912738005056,86.53908474498195,84.09624200742118,80.50174623205176,84.42014698653196,64.05084969166333,49.57469268145236,55.260644813353146,58.03159614401181,74.08465603947062,60.53786771821272,51.90044837799577,54.58856378335523,67.53322819069123,56.26172281892031,60.508355142959815,63.820340104040085,62.38270167511022,66.40423793087494,63.414487611294405,29.98701946841875,30.65472545100834,26.88925694320845,29.508738755305167,29.317174430911223,29.563175652278588,28.438393353900203,30.05315711101462,34.980822010537246,37.0052788211643,37.949197408893525,40.25915033214243,41.23643475204098,44.44046600461044,42.06200470220709,58.5424941892014,89.27196328306508,77.26737451797086,77.77562913822754,70.98722090861827,70.06038874607893,69.31208253949585,74.0678539411631
1987-10-01,14.14679754856348,12.137514958761557,13.369814394429586,13.29030457060041,13.036693795361842,13.187238942100558,17.078970969192017,13.730616043468263,13.69099757953054,15.120049619669055,13.242499021514014,11.40598362376332,11.488090954338332,13.280902629914335,11.9045721551309,12.762456978583607,8.275474281098756,11.570501372555167,13.85052634823795,18.53106149777945,22.544262770060413,31.195195687164656,18.415742564094984,12.506807939650107,8.047891728599893,12.05005528951038,10.556866995369136,15.515405265608566,18.02318111899165,20.72482651362114,19.84641339327512,20.225279275916485,12.97789508800663,16.40892514821677,15.122569556139808,15.020767169180324,15.132337520400798,9.301262157581313,8.989605673433791,10.78720061939562,9.402529955353318,10.570894180458298,10.42613977890728,12.64007589545161,26.205267348656577,19.79550065866883,23.347111073247643,29.444339776512965,13.423056009921224,13.525817556218175,27.244693780315032,31.765317040641857,31.372541513008457,14.733736645043612,16.15843280448157,17.481561120947116,21.02671557880821,18.804947438631935,11.93501188812749,10.45399325195656,7.659482514567696,11.417814018598676,22.138378611670745,28.14488077147603,19.96333102245364,27.37316695276859,16.898714649244564,17.03454026512713,24.636853561606767,22.214862300913584,18.18841509914965,17.402411436533093,14.052644177718456,18.355222994625034,23.467684458338702,18.527318647707816,27.34817206895971,25.88508276340869,25.214048550046407,27.89691024727988,16.162512601237292,20.499967840083062,24.419943113012856,23.70681190714688,29.89006586405393,25.286343925079134,8.734203713160863,8.742900754154869,8.796048304395924,9.98961946943537,10.828318527150383,10.11233346676552,11.011348026500546,10.009091804739748,10.47656806580381,10.574116422896452,10.160536311041234,10.149394760256238,10.487078644212948,14.40905902556514,11.214775888966344,15.472752775650331,15.770588841348731,13.1211591175995,13.251755341577327,14.708769391000514,15.248889674962824,15.201565894543744,19.85244189806381
1987-11-01,14.825867014319853,11.108058962839998,15.769442160399842,17.003526740488415,13.263628159579458,14.125013903630318,23.22571101179941,15.858665187012996,15.320951469675617,18.660075154465662,16.297891637980378,13.547476148654235,16.41439984110537,13.170807586955547,12.761121287571012,12.866558510184882,5.112040328394959,10.96488682106158,5.902080353068376,7.582357481248078,10.188228106240787,9.202214200022349,7.321093578565383,3.340155140405137,3.0703785414048674,4.895245832893724,6.141181184160164,7.148722193330678,11.857825411961304,12.60575831589946,22.19856867368193,20.975838511273007,13.286706945199038,34.258543751573384,31.07526121833914,31.38843374931384,30.916356611607,8.245952934235945,9.85313991868176,11.307550075364556,14.64488177310827,12.693727780411097,22.071265107998524,23.87154018073901,26.88576993876115,27.11446534137316,27.035137368445795,27.202216626513028,21.292919971739032,20.427000160788943,26.832697493210997,27.104441194789693,27.015640923245225,21.774279864651795,18.01147325680181,16.3597686152368,15.728380087706167,22.333165403735045,3.446524946239254,3.9570533378071566,8.799576939279866,9.249267377312677,41.24532129109433,33.420997056696194,46.43727309673051,35.39311444883178,41.20073815830264,47.69021679096594,60.27213385726312,62.282072854765886,49.201764509259455,76.03283277380693,75.23020930437984,68.46266234101948,78.9449575243361,58.63592287515048,74.26859445229756,81.49964801754153,75.33250929406613,75.30122164697367,70.52652767177676,63.50617344268876,58.403701695401615,61.95119765975346,71.55111873368593,64.18281382562827,8.330304275378856,8.719272889801385,9.56199741066276,11.836839927894925,22.848814362373517,13.961698277569711,21.06469480023184,23.665738667545394,20.72540630462303,22.03507592150903,23.88766854888139,25.72108521513912,27.48488608945578,54.3462951497357,31.895732683981254,60.09456817831283,38.6234348619614,38.52931726958247,39.92208485979665,42.9921764299581,44.72047270109606,47.12171557120372,58.731034164334936
1987-12-01,21.520876166557773,14.125269124079557,29.54558197412363,31.80215795383612,23.905378002297784,21.401623062857624,31.648910174800783,19.984880261986092,18.86962400647884,15.628687729914285,16.241107621218447,15.925068186022376,18.886456244681067,21.30477320868331,21.178208695979794,18.90697096011288,14.5264788296474,17.30599376470403,9.414521462604128,14.031146271123852,16.676389829185105,20.680536379662648,13.48442029019282,6.527834297068599,7.246121453877115,8.811921073221429,9.487894461182044,10.464298972543933,19.00713708578575,18.420728577018966,17.62717638672448,17.807463807827183,22.090900065660776,18.11251703786585,17.44188119309692,17.618037821944608,17.23756275338263,12.896945895935874,14.07545618073532,16.020715744655277,13.941687809373253,15.53322603035894,13.496000947001454,13.35316737212256,19.96400354946034,16.288180176689615,18.184665297334675,21.23967956671802,15.93039769014714,14.460377200809235,18.096411289390836,21.94597790969321,21.606213267757514,16.09150388539072,15.387583256368234,16.31270674766376,17.27870807400045,17.23567609437692,6.522068861666983,7.235324565507711,11.801487694558658,16.009138230779975,24.676378196469003,27.12916363344937,28.40603038004102,27.41893604615048,18.92558415945723,25.54556631685765,47.39326037347077,44.76332279116137,27.895132187275085,43.698599934571845,42.62650312623934,46.292975092547096,52.99130535491414,34.848606396004804,63.14962520470659,63.15109241744169,60.87053219155489,63.35494832258191,44.0347821772439,44.94144238355016,49.61802010630016,47.21782244640138,61.37998481823809,50.31649879310721,14.11605434886627,14.16675459571687,15.170237541161937,14.819121955074689,14.953748544340748,14.941873204120665,15.842211701145784,15.235725441771416,15.4383462869337,15.626310151201192,15.5225481593187,16.21830557945066,17.24659678731458,28.002317746085367,18.91004661192498,31.888303013514367,19.687657155269424,20.472188141491824,21.3905858383198,27.220805186792383,28.988979992333714,30.20085077273994,42.52034476673848
1988-01-01,14.608024686061787,9.637758280392958,18.98292476270706,20.819056701939797,15.425891810221763,14.01520350086969,24.82434043286556,13.530824794042935,6.635738564255482,7.591859409046827,7.88981585722556,7.523278979890772,12.622858384767149,8.244453885793389,10.033277624532856,12.472804875738046,11.6083238753373,10.856447817934566,13.54466963362035,16.603423437011323,14.894323613100052,17.775261918118105,18.59179439600259,13.182816408944625,19.92792758907536,18.541241956040945,20.648583715848872,21.874417855288,23.885246766819314,22.852928869445883,31.24878852928171,29.794891315321603,13.889687810558032,33.876086582727,30.7827777253118,30.958016634917485,30.679158484891158,32.79704582599387,33.031669032703455,31.386265942965004,37.22726471307587,32.20620852242712,34.108554802082175,36.04654429229445,32.308862632181615,28.74676873584625,30.732843920278214,37.52882070524736,31.963776273353343,36.45567963471476,37.5211606549267,30.13066954747388,30.51017104695311,32.76670374149653,34.28495055769768,31.930011601704244,28.197174965820903,32.106322681309386,14.92406763551673,16.340910630171837,30.277976413452087,22.61058843067013,30.860273621930737,32.78240779584698,31.105899190188588,32.64531139623416,35.53891461184772,31.015367818471724,31.01678352054604,31.51548736126468,32.69142372644277,34.5324514187796,38.2632245105693,38.83082133515214,39.88855928597489,34.515245183014244,33.55714070515052,41.78345618328756,38.87581180656568,23.42557532519638,33.833517902860564,32.71849991994993,33.509073085470995,31.76597123065654,28.515843299028088,30.708107442405893,36.10947245451554,36.56199998671698,36.39501679397419,34.174387436421455,28.61510085486112,32.73827258715124,23.738119580254622,21.66544208733953,28.114540004796638,27.63075775349929,24.19792975909497,24.00547338533937,24.556004442772814,37.54908440502816,25.783414204567297,26.1547357915489,31.24222514569361,28.43285487381546,29.634350603465915,29.165446262269235,28.72689687639089,28.080523580448556,29.84529785356887
1988-02-01,10.753650714462587,9.237157874358225,20.031764325423445,24.536407149917917,17.367390565977907,16.791415044926683,26.30914423084216,16.476721167030437,16.753889578605595,16.053025708119055,13.960851941016736,12.147491689007143,24.86803840178402,19.434042830109696,17.162074048973807,20.895713471679265,16.896960525979864,14.62081843002933,16.228508597239436,17.155004377594018,12.135384433773426,19.86563217577431,15.065404018960336,13.36906550742141,12.744116671494584,12.627195580802796,11.560162723722136,12.55685296948917,10.623320471790516,10.550096731463178,10.76723524496114,10.835549885906376,18.20975183977717,12.93364363700431,12.477958107005806,12.627420512282288,12.317075742021714,12.331561584156756,11.695571828305663,10.762634506475674,11.026094610362396,10.807550808833904,10.264080697686982,8.914015877744864,9.806890557735557,10.345708768243629,9.984430730956204,9.945261660161458,10.96661691203405,8.594710896441823,9.61448870990165,12.204718891349422,12.034535468825124,10.665698102983146,8.26320881329978,8.404287108270237,8.499187549712058,10.698238674637174,13.275207389988047,12.477842199357482,11.573928289356395,11.335649493117227,10.051533287613264,9.339774924560274,9.917016500633547,9.359168353991898,14.51222622006148,11.52209047517335,14.845050779898983,14.521424015910936,13.175788090395226,13.518053970922049,12.53814195573096,13.022670789695688,13.343673594941682,13.130985595209175,15.511509044912886,13.904268139350917,15.241707645894998,21.219259468042637,13.529308395327714,13.686594625611692,13.80063781530421,14.043165394387623,15.945786740701276,14.649902334415478,12.162725794494612,12.101441193623842,12.3548314084923,12.153672557149504,12.078755769814451,12.22007026136186,13.283594737085258,13.241043915088788,12.910627014000966,13.044781898065912,13.242791027797333,13.333550274775096,13.467832851753649,14.981700117740314,13.736631731448051,16.073951064946275,15.058151188371752,15.018272005369033,15.082170173496788,15.20529217350103,15.20936079335706,15.336591987473218,14.218134812865976
1988-03-01,46.69603106002389,30.6905015827164,53.941903803803896,55.77789116269503,44.42187156524691,46.28227095130907,75.82243728566482,50.11971723459533,30.303029090928156,55.34380522368474,51.19769801659199,40.276897488336886,41.90058519214988,26.898917582187234,39.823303526252126,40.76355416092071,18.826837736955696,36.30133085420295,19.94593354784739,37.017803398636815,36.626459491176334,56.97975243055457,38.37183402304503,22.260679842882336,23.570034348876543,32.67652073000056,30.04527291889964,44.0097204284573,40.340170380462105,41.43676743867064,47.50636429592367,46.31688341572286,39.95785418798242,42.39421547618909,41.28677058655124,41.26545142494405,41.25291071288434,46.97942879258669,44.28667656714192,42.001906283107154,39.40886774810458,41.00161507643146,37.08773775036973,38.80545890877816,49.31046711968968,42.15489127462504,45.8423696238827,57.14260870697353,40.97562390915715,46.12706428576904,52.91101220139962,66.65878580853908,65.60932041360738,42.356344212887386,51.30274069119967,51.10210406595873,48.94314463442248,47.45531170448272,21.97773101812469,26.49872807851216,42.00335719991615,27.92294292682547,60.31261331733076,71.20503348122726,57.6169796541984,70.1157512460727,36.68642397867425,45.76702596370028,33.60010722134608,37.415964023682776,41.76937904809629,37.57542241524538,31.944178886728988,31.30551900142277,36.09139768359817,39.054163953988144,33.73018358462716,36.00292375497424,32.91690262649018,33.777922345895995,30.939173896720558,28.86252735167558,26.86466316209649,28.74821107864814,32.74462433988148,29.68447533388095,46.96197998337423,46.41065903341887,43.59992929964309,39.27094855971798,34.15402997137401,38.13856168235112,29.702465086509577,28.680053605215758,35.174985514974296,35.13255835513925,34.20061361166695,33.95302850088444,33.77649645771483,28.82550380169388,32.61470815896517,23.919340245986746,33.359153718519934,31.832559143722637,32.538224186350284,32.30511434694348,31.61298594521005,30.22374646418715,23.838415060373144
1988-04-01,29.712707733069085,10.214260059606858,32.0032015056369,33.03017903811862,23.240772977381315,22.493154312059623,48.86420670439519,23.760195978678865,19.222091993348613,24.41126954509196,17.788946952982347,12.492066145019187,23.84675100386247,16.852396632648908,8.465219106996026,14.11527596244005,9.20555050638425,13.240856229495996,12.257263429441585,13.747967763001792,11.375423952153756,29.570780599485914,14.213785672145509,15.130662490543886,6.876360719131334,17.9218809965296,8.608295249050574,17.11794863238758,3.67409817499966,4.459779037442747,6.146997119572423,5.897181990818879,24.281684922535483,27.781935800379344,19.930885762743063,20.429865708817584,19.103661196775768,2.22343827096798,2.1100111832418817,2.305154248112165,1.7268160707144584,2.256518855259633,2.4727632006542346,2.181122975203405,12.58712840543408,15.063789341169995,13.326723780245528,9.437637288577378,7.982194503240898,1.611525425692412,4.4973426737907,6.3717628954407015,6.100022187527029,7.377949294573963,1.584701884895486,2.337101343088998,2.9513809877832773,6.4659799761099706,13.001919404963308,13.868108914958976,1.315603450622395,2.2700527815082387,30.15136463697194,16.44187231853216,29.44865598236653,17.818129468221546,37.02445603139304,36.991281295408,66.95087014029322,62.74720289475108,43.54188844004268,75.34307996932992,86.06956397673062,94.17536370261833,87.86913403411027,59.21715940924117,90.29361611104964,84.23580278002983,96.33127816452333,69.54551251135959,84.40406975875227,89.83940570009291,96.39013362104922,89.79425875583719,82.93441621365562,87.68044693795886,2.2444709566359267,2.1844062148551404,2.106749109922077,2.3112098112236823,3.772620369017509,2.8032360677659747,6.224012846142941,8.720077839075003,8.027382524767924,9.555561039922653,14.016757134971314,17.12922052865567,20.9792848386362,64.03100233614157,28.42971425858151,75.85331590663165,35.8243319088563,38.18179075757648,41.220649738216,52.43140995996928,54.844888034626,57.95397623014994,102.56202658258596
1988-05-01,40.15220184820764,22.486170940071123,39.9626529667818,38.79207232536398,32.53169364078442,30.12399783352818,42.204435890773006,29.654904112824138,19.112851935058053,28.34968765642753,21.115720033355807,19.64276556349215,31.63711705855364,21.30214856670897,18.349780765347717,24.10410038684477,32.468780120253726,22.291938007748524,42.73572037592757,48.02927451440755,113.63607301725035,92.9303963802101,68.91249628077274,62.01797904841498,66.24594968310329,76.6012187607212,70.36399010839028,87.14190965292441,49.18872293078206,52.65219167270408,57.92411579134916,58.13583378565931,28.609174125481147,63.80908745837704,72.5423282804819,72.9094261436591,72.08547340045318,63.70678634241123,59.86291526665291,48.81937095219486,56.53531389612938,51.60842822687588,72.6758074085797,71.41132192118326,56.07017777430477,64.86388039158764,59.726034908202,49.44517498520257,61.245404174039,63.0781315285889,50.09033025152486,45.24792185694682,45.65596165026045,60.53455578119919,58.4147122538532,55.88228128863108,65.07109109249745,58.14527207184491,63.68061431979472,68.2550796788203,58.56404954094579,64.98150927357936,62.98903953744099,60.87931967801583,55.56770640625676,60.95631792239956,64.45356305623494,56.53453022376817,54.16023931410518,61.06100316715021,61.06619793938699,59.348532172432,38.75520621227839,32.022359323272454,33.047437691201324,53.62053891600478,42.5847822862441,34.59361232876361,44.127227238616136,55.644440116833245,48.37305495820948,45.8848424717478,34.344744639849914,43.46534938869831,41.554134134015385,43.699742696716,63.69145550270658,62.06211310684264,58.430806075792304,59.32104668334183,69.49569588491799,61.7369708187626,70.9036632464815,74.52009643006313,71.63222987262954,74.02971650673236,86.6525618627114,89.8935224397417,92.39322181238268,121.60370734128637,94.63539680880864,95.4461819362873,71.35768031192734,77.81320777222992,71.80718610727351,68.10791065083632,67.1233883500791,68.45310645298305,52.40834082933991
1988-06-01,95.41310410570482,75.66345577264683,70.35806791718815,55.77158037301755,65.14892281174394,73.57204002438688,110.09989518836832,86.41725063333455,93.829882512827,106.23975590864023,108.9463639507384,95.68434708401212,121.31473171822095,97.90679770332984,95.2326749829712,92.98856842706373,74.83049277496738,71.17544915205312,39.16385531880894,33.75255476763745,43.84648535272515,37.11342816533359,39.63893339378545,44.49907199678786,51.90502688648113,47.031952138831294,46.21575136588649,43.51590631097316,28.18115132348573,27.220031206346345,36.42596786657846,35.383335629830604,33.30619221091161,16.477710163116818,21.881821647818956,21.47076540844961,22.640058380033302,54.12506277914989,37.12262613836024,31.24945245447305,34.31321212045175,32.8068592565681,42.37728709553058,35.84968953747437,48.36916671342321,31.641414422209703,41.27163337060025,45.17344712460471,31.545396697659005,28.28290084876333,45.61568113995446,55.14142729202177,54.53337706002824,32.47073800142121,30.451676599960507,30.2102204769642,24.28118489360587,36.1170580909635,45.93166109578932,46.47223149641279,50.42065097670511,38.274077447717474,21.56543992696765,42.3378244818251,20.856342318650235,40.09390153660621,19.591898353570677,21.73181063787564,33.3043272542052,31.87219954215502,23.69809050353039,23.371094490214983,27.1321632362791,29.312791019379816,29.38322757915398,24.91490447312903,26.374092181035216,36.01725751052049,30.05936675358445,16.175508029179795,26.569578076255134,26.362064298473197,29.15350150727025,26.47864094952582,23.039856390315204,25.493228714426508,43.1310567262411,41.86620245710512,51.19978367319889,44.21081989180365,42.14867551306191,42.58395719874513,37.84291748073042,34.122250704330824,35.051304755644026,33.87161335809452,34.62047042819068,33.87304562092154,33.7389416691665,32.34005427525979,34.06005896826622,39.799619942683805,20.47990767733189,21.45804166166356,24.52525922665536,32.231542981672504,32.750256156156816,33.1480396660381,26.411377148787988
1988-07-01,28.49565254763411,22.592047013114723,27.75371179136706,28.822885908681105,25.70843005378947,33.25244339770865,63.85275672602847,41.40025295944926,132.7332913340588,92.28930352234204,83.91514758970364,64.01938191317556,89.49643541331847,128.3720795300911,74.83599410531858,69.96946922108066,20.5976382371802,42.21308123086944,29.927934538363843,40.09630020837625,39.62457071197187,59.62909399296946,43.172330611268336,29.544846825960665,39.41116976642559,33.54166538984194,37.494090207324405,43.90141267902747,25.809837204032068,30.1911958971387,38.21347542081612,38.12172185523307,27.549063635963044,41.19330795652019,48.69902509777319,47.84399029607288,49.011215801735126,24.682870535725808,30.83952725012876,30.32863560082967,40.26832293867388,32.355597516620506,37.3626180566678,32.824927018029285,48.79405906011618,58.15473127374759,52.39258164438981,40.9176289611632,39.46758625338597,33.49567568664013,33.71965141341793,36.29903516451611,36.24277238109315,38.8477772693316,29.38282858394629,24.570783223971585,21.8399607738694,37.40764790702646,30.702323766863064,31.246700945017015,28.657520341712424,32.83571870995735,49.7072097294727,50.31955714850684,42.14526972480111,50.58287126680952,32.3592898972446,37.72525700842528,52.0416875446505,49.79533337004258,42.93834912021117,56.16903853279286,48.21043098848551,51.216760768460574,53.41447185485223,46.33568666027002,38.46339531724715,53.18339727275031,50.084432980099606,72.85129782197006,66.09926164800584,59.72603493614087,48.954911974348015,54.0507676680838,38.084625139101405,51.77678164545704,32.66659529969933,33.22348045645818,36.42707396600528,33.5114048680449,39.84410791973824,34.60288114194759,25.605188369574524,28.695425558700983,37.12351731229546,38.48992567714679,38.75949748001054,39.53481246254239,39.67440618154254,67.89523484908558,42.668778186741314,49.09492760888197,37.46411123870876,44.26019155845096,42.0168020777565,40.66446090227679,41.18090033524497,42.31582872833961,57.73792371735949
1988-08-01,112.24692797587466,99.47400052298092,49.64994556514164,30.37965752163266,55.04593042754467,84.35264339586786,131.84211726079894,117.57379227130814,91.79305107054032,128.84878369226897,112.81216786271072,102.89277235203323,107.04677929268902,81.79121936430104,92.13166276919053,109.36688442617086,17.639746646523562,81.14819920307815,72.41126962561917,88.31122386890681,19.98855830543081,119.57261015140752,64.98441489350053,29.778446872009376,14.300781884353796,69.05323300579573,30.45427312170783,60.561989211575664,19.129842344705896,17.456391951122406,57.42245161874827,52.70779281912196,26.319067875107013,88.31426441420476,82.87963436756966,83.70444998191424,81.72771996773153,19.021484008577275,17.954861512576475,22.728014725756964,33.64201321111544,26.68358333871958,50.22028212354015,45.68403512900656,84.42883400940846,67.08149767323056,75.27082931824694,76.96841119941432,51.1278814863237,42.14441230007339,70.82748329068453,93.54798781214149,91.6930333702312,52.31091703096331,30.799306344501566,27.293235538716623,23.913368551910292,57.23378225023483,23.665826452917827,40.62152892830266,12.972837291863486,13.65954825855515,127.737379137842,155.273297190275,117.65835228311776,152.21877255423604,71.16182934325826,82.41584576103445,77.82216301789278,85.89380360377525,81.53539645854401,107.04220748375104,113.0085798374234,110.1440396048832,102.64937621467276,91.46495021159444,85.76775219025428,100.7323349064868,93.08156036631584,107.53885408047272,88.75872684838802,91.3606713727781,98.6542078116092,89.86030759893333,92.55821824400208,89.64935067406721,25.65704203025169,26.20903573821147,28.661287559260494,32.87512392443027,47.75218992936663,35.07539225766245,43.46958362587135,37.44026285233284,38.664921274065605,39.3957075299783,38.87811001383365,41.33130883303537,44.60033236475054,64.08973928517472,48.28008386309886,72.78494724677934,73.15560094077135,72.18598929935574,74.68345550450785,82.19227116019457,81.10818964162695,80.06151569368636,86.46077938406482
1988-09-01,53.510288599528174,45.412077018749024,52.53230502383983,59.280301720934304,48.04435297052399,57.52348600748363,88.63438332230974,68.57364730885539,73.74944217394777,96.24046843047566,84.55391430078066,72.9984207474963,63.750758554439145,67.41542345176653,57.10211457709027,52.79632529194239,41.87109285374404,56.05062028727456,22.43775640317356,27.549993753944367,34.65984644669922,30.64731484430936,35.53213558566805,32.41441918288816,39.52414051458347,28.81217499931126,44.26154245734831,33.24167129002034,81.58398534740591,74.32686183839363,96.18810458807457,91.60359830873496,57.99017902148583,104.48706610393252,92.15492082333635,92.4648260572581,91.86313091648957,73.8596200315416,68.44397467764313,71.07750400032626,50.18163159812067,68.06627092738046,68.34718453051745,78.95090949987951,106.68667699894088,94.24150877504874,101.39791800194212,112.64752384578316,79.57717789507267,77.41460376490643,119.53703955043515,133.49322217760266,133.0140861901047,82.94506307802318,65.12819821147673,72.42011000329506,97.54638861459628,94.50327505698236,35.36644749409005,31.15930790692866,91.81453695248692,67.10629529585218,120.76348952529258,121.0222471146454,129.10946397255088,122.23517650923984,100.14141010260046,123.09935130594975,129.12629601833962,118.61212442480108,117.76259999025518,101.53702384897802,109.88199503381072,119.1287432466102,122.91948938735608,116.50412281912725,106.93455802842048,118.03016862539776,121.05617304341408,111.17263921638737,105.18939354174366,115.79115130405006,126.36003454637842,120.32481602410635,111.21686601516971,118.42281419992284,48.050216564489965,46.8384890354999,36.4870611431953,45.94411253850773,53.42742587140556,47.46823401078054,46.08886108332517,47.85814293197275,55.37369521661216,57.88603962442959,57.92851145392865,60.91505486707256,63.81871841685249,89.04787826319388,69.98480391468424,136.58042996342104,86.70351343761132,85.05959347351278,89.97697791315152,106.6126819995438,111.4541562090872,117.02157538138394,116.68139081889224
1988-10-01,17.865606224556327,12.68123464609874,25.748141224108164,30.92216425381855,21.06859976205536,19.63555876575541,29.34915138097085,19.437283521084307,9.84757395464994,22.583887750925484,18.051830040682567,15.768823904353738,13.93246661672366,6.743755117115152,10.011357904599178,12.893656960066524,13.584717580517946,15.904069892794151,11.69140035280826,14.477513134086331,25.17046658715199,17.640250239688037,14.320298468651158,9.678156730315878,9.42340848691221,12.912038578107948,11.29951971646988,13.7784050739481,14.759492667539808,16.806589235267477,17.914025201687558,18.3856163551404,24.51502830376808,10.926092019965342,11.95031252832187,11.73844223573775,12.13186004058296,10.484945468182474,10.317587296235343,10.431133592211808,11.102053739946976,10.680390678978483,11.644623352069353,12.22417342734606,20.96566198406854,15.213600122661925,18.26566597834263,25.21450931147865,12.007016076591064,11.560163023001918,21.983817357102904,33.399111873420594,32.47542529741909,12.906865051400027,11.707408492336665,12.108582972753805,14.727680068856872,16.695482043130056,10.188437635191692,10.048202886218151,9.625874842937652,11.30935985640997,16.468275998754635,30.134015660528966,17.628428244664633,28.90350845313348,9.946920700739032,14.646124304992368,14.873445245174208,14.637034015860536,13.517409152353382,15.033617193149713,14.72468814174884,16.254517284074197,19.178531884006237,14.754336756993805,21.28323546005473,24.61083527479627,21.361242435221488,15.296682393687524,14.838263345718302,15.704394107480006,17.243335431199494,15.904425316149762,19.227476872963816,16.298059922723944,10.891473653140247,10.868085912606254,11.366269795287655,9.732757922801287,9.303946797325844,9.481730652499104,7.458227359928995,7.268289179725843,8.781305536332493,8.67593972951332,8.370525821690574,8.247911986156442,8.34902649010096,11.33371389972804,8.605038010403874,10.936288668213296,9.274529339040932,7.917191076279063,7.876379027043513,9.102044387494448,9.568055653743414,9.893645642948607,13.427464950440536
1988-11-01,19.582836704665063,11.942079079812592,30.866460770180492,34.89375253676224,24.556621883799693,21.66637107542805,30.25546612994694,19.724286654805955,15.613785753935822,12.931716820694405,13.300322352175876,13.504906959329873,18.38893923638726,16.612790691618663,16.515399910399523,18.16159556919601,16.85521174535986,16.549911703045105,20.82759050898797,22.28079190807715,24.90726071757042,26.35660703157364,27.24121899775276,25.02844640804834,32.25819177022727,25.92315831595896,31.61055908361909,32.87196192279612,29.39703442111676,29.83694994808743,40.36303552335119,38.896475938533655,23.113376207804453,56.47690331366391,49.848492617301886,50.19450086526923,49.34950137233662,35.72979907862576,36.32575520862923,35.049250158698776,33.19161482742285,35.03547026826302,38.82684161712832,38.60551402296183,53.33835147569167,46.86052102710149,50.07920549856642,52.778809561308336,41.11959818227953,33.34347648766942,44.95216090437513,50.39415674951413,49.66213040476978,41.06948469557632,28.23634859362657,27.17284974643064,28.40140132383564,41.05096274809562,26.14328972559351,27.04316350889084,30.143965600274583,35.10776378178318,65.90816327324778,73.16841659635418,79.46485890519969,74.59646695809143,56.5269560791671,67.36422009641603,66.33391675623812,67.85379207468218,63.85238238211179,75.55347908560823,79.27817896604368,83.49393462983542,91.08651591516129,70.99917877677514,94.06001972304816,97.51454917926762,95.089231604412,74.2682765428813,75.17276227952868,78.43381505980284,83.67373671985544,80.95895029963697,90.9545953357212,83.47456173561721,37.36448616750387,37.042871182603946,33.06613259687052,33.13871879729016,35.704270970414875,33.447625891317536,31.262258844806983,31.3650814037632,34.2370158437306,34.4490386745104,32.38518133743927,32.27461101699917,31.983082465185248,27.23565490077607,32.08237547598387,39.4975681684731,52.4528835621444,46.605257229519054,47.377373425705386,45.13375247090439,45.6545864066579,45.55160722113727,76.57605278448403
1988-12-01,20.15586337953632,16.323584070479974,31.57211589849072,38.449538637514834,26.83692798584707,24.534421240580365,28.27715534852828,23.01472850566288,28.34793749606262,26.879205352713143,27.47096513248609,28.010599538908117,21.89956553615778,22.16842779159913,16.214039227461647,18.48823221254322,28.097304016805467,26.315552386267964,27.905382893500253,18.862124118906088,23.304162653644475,17.45399379163491,22.62577922701025,30.506977377928692,34.76355660801184,18.88220725002647,28.323638877438064,17.627930228134574,30.01788299610527,29.49824978469688,35.671019026329695,34.90699873472362,32.8496227946142,22.49301856020943,24.429225329589457,24.30045662066088,24.60988283341892,31.5311894882658,35.44417359891617,36.91102890532947,32.64573507438311,35.540411842560765,28.943356360883804,31.42473671012363,36.98228256103803,29.44529598195728,33.71134249432499,42.028627728947626,31.271069152741703,40.15422986417468,42.848055806870505,42.077289697090514,42.1258682783254,32.86188494599621,44.47069475825878,42.6158961962824,38.0595497356298,35.528061223913,30.748711016603405,27.004042313930693,33.90082988181369,31.48444332184017,27.645480219768707,38.1052045161709,24.18679784740123,36.468909075927954,21.11290635681503,23.23342053234179,12.640606871661523,14.323768950042746,20.89561292053429,14.33125166045228,15.837723256653952,23.05025345475316,30.409700503877197,21.20482212378486,38.531425766393234,40.98717173278186,40.19452380222479,23.821618720989694,12.470089825709463,20.537383380075767,31.525875924732937,25.77049720106932,34.210410695153115,27.30999179708078,32.27260689681713,32.43715624156737,30.448792588009468,30.334003190973263,25.5615847822914,29.35855928298212,25.970330516962377,25.22535460968178,26.819998638658998,26.2648630319581,24.57087658985798,23.70812092561433,22.822296402749853,12.830718322652157,21.261773998073373,11.605899054867828,19.79640247790707,18.919062625713515,18.469491725977083,16.75638796111826,16.084026645295026,15.394382361743114,19.854821868353387
1989-01-01,46.92653378655793,33.17159717996221,47.51475486153236,46.8304678162316,42.52012126797539,40.139051881853945,55.37913899889679,38.69231718711902,40.51592197410558,39.13345971786284,34.63204284288833,28.65448515379056,44.587708145743456,47.518284972911474,33.39474111946,30.665738553715663,37.32673964918631,30.697863290469247,28.21446152579668,24.370530774038524,38.61300325273894,23.20927831189069,32.14201750416322,38.7719686586235,42.99910453431348,35.38636174622162,41.64250086155423,36.32387603133012,39.59920514526839,40.8245119614567,40.51297882979214,40.82707185567111,33.40810568791038,21.992679702469097,28.82685456936164,28.34390927937896,29.41304808164483,39.36442186426724,40.926564526852495,41.475413778767184,42.5392425298875,41.8018280485068,43.76905415970965,43.17122085040717,35.34482884947302,34.72804109873796,35.34564450275126,37.25581155163234,37.83644845362209,45.00695001520725,40.75578128791657,41.95314470193978,41.98956428490701,38.50656056166223,44.30317160986528,42.69332083730816,43.491172784068766,39.96132708109029,39.33439088859976,38.999909580735824,41.00477431304337,43.58488882382109,24.598414947389088,34.09540936271593,22.27279541933394,32.84097032420808,14.886863149468578,19.398755927104627,10.729931745893367,11.455540670233765,16.647633581936212,11.04490469979201,11.447832462310076,12.76439395929051,13.842625218646017,15.077215283204374,23.536087421373622,18.104996637844778,19.80590988941408,32.38660204745458,9.597521424213538,13.455586892478712,17.697713984741306,17.038121624311106,26.367851158400907,19.56993573295006,40.73949107221873,40.90740453203762,40.650291306726274,40.65774785760629,41.58006665543643,40.43678537682676,35.41980514185445,33.05705598193899,35.1830004832953,33.912085479885576,29.154292813373555,27.127740614672284,25.309927891689235,8.345357905260956,22.77600720428506,6.6521526626252925,14.453487364127314,13.999773713123853,13.197728352348712,11.237714258037457,10.961428196889266,10.4596570718229,11.81242613591575
1989-02-01,34.25991757669656,25.81247381424342,38.591060888440765,41.29760421612845,33.93863126102027,30.44273822958569,29.943925477077187,27.91311490667815,25.68263994083237,28.573279131687396,27.46382117342712,25.662499572764023,18.974858360431533,23.37222885861097,15.8823470800504,14.491702038279628,22.37697944387523,24.78637393092265,11.544503448434948,10.49388109491952,6.623135091228861,10.21674286392065,9.73839547899543,11.935258622515166,12.70776287272658,9.620001912518813,9.552034993144764,9.319162247124298,6.835116903434814,6.744799268809291,12.132834006568366,11.48568306650404,35.00640325632944,27.72429995234461,23.631767713083143,24.044473774259465,23.11155161540397,13.836244343495002,11.074862972752236,8.699278403449537,10.77517541792869,9.367406488211529,12.166256717770857,10.95613870599841,15.6669173950045,17.930081905751496,16.398024027835866,13.587396773130507,14.443448316898472,8.665642587038663,11.335045268330518,10.259458980569589,10.268598323135915,13.853117292072994,7.216211160317944,6.541842518595741,6.525444386204169,12.500285397689169,12.655251060417427,10.657364030743356,12.13926207594072,8.366965104774467,24.242481853371338,15.903158615437974,23.629175822227182,16.66822735840292,30.362890823675844,27.36520204321005,22.660247110666283,22.87535875618859,26.54724421404686,20.865299607744333,18.38388791981803,18.30644608017568,18.63405123597015,23.75140044875556,19.5581627025582,18.870311815503705,19.11100362806475,23.01039089106979,20.22952796708404,20.027679362383846,18.95379517558964,19.994886121649326,20.166749347628752,20.178058420830205,12.497850088868486,12.241578726303963,13.654228722922092,13.790263118461766,16.329994355635332,14.60107366039275,20.024997817037924,21.67060922422262,19.384969680668394,20.412956074464294,22.910124771240987,23.92090877248895,24.230257661673917,25.52765097320168,24.138958892144835,22.063641689135093,31.378534251829496,31.916921881992792,30.81288757180102,28.09403820112109,27.376095149809373,26.58043390439007,20.57493594151307
1989-03-01,38.54377284229053,34.58667346159672,47.33363349336209,54.80000964631053,42.72141031488188,34.93510158192756,34.914897685317804,29.28440183930452,11.559789481534166,17.83495296046457,13.579301934373664,13.151996958112228,16.59703322939062,11.84733066783856,10.56835057174428,13.866835852838973,12.714255530619848,20.938580780160137,18.535278465358594,17.06227635270734,21.848666153209045,16.66429226668296,17.554634983072628,18.48114085694105,18.32938942769421,16.586536608994873,18.909391430498093,15.575088189597238,27.006752986491264,27.446955454637607,36.64856662247177,36.06103989630232,44.80099465967573,49.063017942183,45.37199410493435,46.22096377017362,44.5781539018473,19.442206113965785,22.18010472981826,25.308387806058796,25.64697633920778,25.879323255079782,28.28207712761746,25.848424082261925,37.71634170501618,35.72962194474672,36.6477920986806,35.75632238098431,32.76655183631634,27.220546948738917,34.34236629702065,42.05103607166288,41.65038422557394,32.56572940587524,33.87050509005431,35.77281048901132,37.011509120862414,35.21554910922534,18.44056700028952,17.975303708793746,19.011708650148517,23.494884930977506,52.68427577865028,47.964491632882925,50.78420941431906,48.166271077804254,60.93792931809303,51.88997076349506,65.56004442919327,66.30074846550671,57.81178075270075,66.6526548461915,70.50095112018454,68.96748079894816,73.79676194058189,62.17355707316763,50.45670126168238,72.872413181034,60.99934070353018,44.04211716224349,61.704340056516266,59.5220778055092,58.4032058615973,56.871616246806894,47.955332148327,54.45759111623549,24.283623064860468,24.765664413792894,24.893996951072303,27.680497108756224,39.02495285438605,30.179812547835528,42.30093023316692,45.13965490819802,38.7771219111269,40.13667180367698,47.182376467546646,49.24165086979426,50.33934213063226,52.562898143298085,50.19882555586641,47.63345936073063,60.92965655733046,61.740841985344346,62.78228398075546,63.45090281762867,62.461063310377305,60.64250592432905,53.38810134243026
1989-04-01,74.52845137398947,45.17579033712066,68.7915101972273,68.10165464501685,58.73834681252232,51.60830358808996,66.23407877112318,47.11393407047651,42.97256619366205,51.9290401237381,40.95139224859256,31.5776829859314,34.224018022649744,39.26655608305903,23.19190495298937,22.47396247480975,44.97194010480591,35.81004295012984,22.612619000016032,10.609971946824714,15.527079996161238,9.885246881580388,16.28208684919829,38.00445678358168,37.23423338593432,12.512517712559813,25.805323102349487,10.543630299548642,18.37907932698553,18.1433238149733,33.24048719358943,31.41749984273316,59.68529893049519,69.20641130683792,59.76535896908017,60.9338987534596,58.38526940080476,31.21373564399083,29.58505019181481,26.379299142651995,29.84683825334565,27.66004563864851,33.99254132456689,29.29775664131929,39.84657057507718,41.52610780816791,39.58941085069962,38.59241721198731,38.5711893720138,27.654038778157616,32.29559333726935,33.184970482383925,32.860388089811856,37.36950299672217,24.27576640476721,22.350111590236548,20.52259861199179,34.605342029842284,40.67413434454562,26.97171496574757,27.30918762807296,32.962268354990485,67.2304547778477,49.425971076076216,78.80919031164828,53.05779333047881,76.67164988555281,73.85686255992435,44.38952470529785,44.77717774658076,64.7973540015634,39.76748358134877,42.92226455043171,53.57947449599366,72.66382037084534,60.84718121915445,87.63157256898081,76.52686352488618,85.61643144111497,52.761066574879926,38.752186374068,47.16560581295603,59.87873332327177,52.6350093878067,73.91692653573391,56.03349977757159,31.27532391130327,31.23040244876568,30.71427502486761,35.1880611177192,46.67524890408703,38.03621224285474,54.55613117860106,57.23146061749958,50.39521304989125,53.41015566962534,60.52034264044147,63.6851101180162,65.04702479440387,69.73919567910912,64.2895372171306,57.69829061780487,80.63860496714324,84.74643592035756,80.93335437417082,69.50314457217749,66.7854129216484,65.7263249672546,59.65355030830849
1989-05-01,66.48458035863543,44.26854920880988,76.69387719910877,84.27421782109687,65.19989565464498,58.94865112707644,64.09149327847649,54.08817163747882,80.2060863967495,66.74695776851112,68.39919034708717,59.86095900705884,65.45786216177278,85.4097809010213,47.986781093834594,65.01374725173675,103.30429772848304,64.73179035021792,52.81012424057344,41.86319763213245,39.377219397905336,41.02827274402746,42.163592313164905,39.371118808208,35.01308934647528,27.80327639777312,39.79571789154019,36.01354691104126,52.22022392373492,48.09823142697858,67.05861952591762,64.23025750679578,79.4081048529697,43.28505213193805,52.64901924563386,50.90049980185819,54.40476943250944,73.57800608374055,72.83196603450428,68.60325012082717,59.80570019419913,67.2023232238003,62.18957314192057,60.57581200343541,85.9090972665422,87.60279986720707,88.55576704807648,80.18499268152542,64.91953795875996,61.10031266150928,73.12203272304313,78.47650830826288,77.86764288509943,65.5047019800263,74.03208870563287,71.36686861377264,66.4464363877826,68.12644908231093,37.214197483406814,31.95193914888559,56.7641790790449,55.99217201902485,61.35982119511024,76.28962637057467,63.37333673532787,75.39496932395818,48.063145211020704,57.09529669069458,53.16483496471196,57.80443578784542,56.74632845909825,57.08739662690368,43.480952444183934,37.89185996501617,48.38539447019842,53.07069312539433,49.29606863831985,43.35420855573959,40.8921530689898,98.658851626939,51.34575684835214,47.561001567793824,39.337159325593255,48.16045662150944,60.626195529115975,52.67130453504424,82.20959148044501,80.58635244043178,70.67862901883603,69.58319048558505,59.94303428430011,67.33224455199327,56.48091773306441,53.44510133670604,58.292440397514255,56.41791194090648,53.06700213673699,50.88187957952955,49.52630485767221,41.39218709605407,48.93746895533833,52.303851373043386,45.38829454894052,37.9713027065768,40.95804942326582,45.0770469484962,45.988357508844224,47.625113432769616,45.334989852806
1989-06-01,75.9641292468629,53.62476866653609,64.81383836868751,67.8470944565341,63.05809468611989,69.49466041391649,90.65033291184828,75.19541211930512,84.31956092319419,81.04206184630456,79.42348610094695,70.34563556294184,82.54423046664446,85.40591469189135,72.20981528210942,74.98426892981408,84.30701603078252,71.36126270176544,82.93066034244137,102.214114120871,112.66595616753015,156.94852501731063,93.08281099227516,48.36802914085436,55.56048439854756,71.10413412148854,61.79192761500704,89.5243673280088,61.60128288458958,67.9869589048535,81.29998616961137,81.8888694813337,69.8750999944939,77.33180684381699,75.87153185409636,75.06714177024438,75.23477146781205,58.535192338973445,57.605243527354254,54.01973951779831,42.79351420067634,51.49473061805788,47.219238376485016,56.887726785128834,89.4441253112046,72.47696865959793,79.73933858298595,93.09305819780457,60.3915736085968,57.466838297496444,78.81759789013805,123.26316247924618,120.04793644069852,62.21269370092172,66.48546372306058,64.74712982187211,71.7791248421265,75.2938863967164,49.43361071514619,56.86182476166225,55.98661365863832,57.445765024269264,94.1193736572378,97.11971250754334,95.25709129237376,96.4281130769315,87.34405191242725,78.20928814446305,91.5322988980191,98.86530411648349,85.60498698343171,84.7695804500824,81.71285389399507,78.29570752867103,79.5146207034682,84.92380559893196,64.553336470291,72.68225598363117,66.0771066529686,81.8983743902105,67.56656792730448,70.37559391720984,70.44556578926941,69.40992321032238,64.5456907762425,68.74694994331591,56.68552354538707,55.26648902995129,53.4737529861548,48.07947102846804,45.085797316375015,47.08646959048996,34.64520349924432,35.21633078528438,43.948404932368,43.47032012460687,40.226786606749535,40.14555442380178,40.15751224105144,31.12703620677352,40.38827280885901,59.93028085124965,71.35598374808852,58.21060488377264,57.381400274742944,55.75339837895715,57.08598633783025,58.53370095749926,75.63058528644648
1989-07-01,54.05059890540221,42.22732952158621,53.08954044628963,56.0760315860041,45.88150396711082,42.40490499224093,58.237490270877096,41.449119934810746,87.89213106836291,60.98173008052288,58.14061908373864,48.24173079559931,104.3898998844575,95.96542264093053,74.83781605724924,77.31428577955523,22.99196429596068,40.58749601743164,32.339522012050935,40.43093188993208,19.12441555084659,64.6052890608559,40.68512612394693,41.30907497728716,38.43166355921183,44.98960359679078,36.217770013718166,34.35008066110554,16.367752297339404,18.303771131234047,44.54112991768023,41.14961083300671,51.33679229440626,95.10720997504784,76.62380190863931,77.69187222430443,74.50017425209514,33.266084527777195,38.20916395627749,29.85172736045777,39.606450519578935,32.182965269942315,36.49917350924812,24.02913091925325,36.65408203074627,42.78533564554184,37.71922680031648,38.49751796190233,44.87381037519937,30.292168178906355,41.17051232643501,64.1287117896928,62.88652535592318,43.29097979517948,28.27718777483365,25.197565108325463,23.27287783111764,45.445049008247125,40.54313536453074,42.084986881477846,39.01325367010865,31.696325932037087,65.33074667594859,42.53210442658999,57.694807080502336,43.42002011893642,56.459419630927215,81.43793938613543,54.366423192900335,56.31451006262657,69.21353958382215,60.573796029038974,56.289796339300736,60.11256095853366,74.94498792180276,67.38574664159734,72.88373628003679,95.0280884853994,82.685049663479,91.81222206439784,67.23553792395941,62.63185214142994,59.60009593886176,63.053434624494784,70.27429899870486,65.92985911111516,40.19504972108507,40.56336992678321,59.6782361082233,48.85425138307944,42.62083418125622,48.59892062438713,53.18998280330702,45.33065365164954,45.621612950534185,44.662995444232784,39.69677755111466,38.47453996243319,37.66012519099805,39.93105514001515,38.29425779874788,43.84220944570849,44.65188360665707,42.04674885416697,43.37440267344223,44.17533698995578,44.08650216193566,44.627488927062686,60.9239924300848
1989-08-01,82.76853304505842,50.57225696237719,75.74965181309817,87.35407463953723,69.62319431289166,75.31345074153445,101.27958832079548,78.52433027677235,112.34979791937204,98.87347312721896,89.10054468542153,80.84380775753128,128.10146873266748,123.38502325947395,91.16592637576302,90.01219195161585,103.24740392262196,80.28529431608567,53.29466743307658,49.76029542205064,26.050800438400373,58.5252504700535,48.58923668987005,48.1066097081932,52.80642876866735,40.10536807298723,46.8977850338356,44.74090185007175,53.87232121124294,55.2761144023472,76.38948886630709,74.19068171841917,95.8831900669757,72.25627530023499,66.11130082465738,66.0575559122958,66.14973934972228,77.15517561480615,74.76581571340618,75.31618522685588,103.20756933885164,79.31625088163337,76.0911809324319,63.13073965639366,90.6110332440642,83.24886163522312,87.07627364142948,67.38074750312026,73.200093725998,79.14278371984105,69.56426572613601,76.14825520331908,76.22588684884877,72.98558361259025,99.79224702356107,98.39883483438192,91.53906163870978,75.81674875960132,48.509637311138135,45.861653016411495,59.65642810596739,57.71229261952016,131.81445363075875,83.68481898765079,97.1986821513564,83.62282007527905,55.03900687991987,83.59723653851178,66.83731975602542,59.36741191639125,70.88558622543567,69.36174980784668,107.90024570461183,107.81423376578714,110.4316538799916,80.01889446894482,106.112097907464,108.85271550009296,109.23989670051984,123.69190233510643,86.4220297601376,95.35332186947298,101.3398094238234,100.37610275158391,105.87688727092396,103.10405983207448,102.00129540846518,101.64746464267236,124.12988657186936,100.56380984610722,55.65919650951663,91.3081398414635,65.08436302974746,65.6591506039911,76.68332740840196,74.47322522513889,69.15556623220806,66.24736300657628,65.43486615803405,68.43933558345167,66.9515260283302,80.19994134902916,55.90826798480016,49.59564421089184,51.41878825406031,61.62539187697669,62.79687829356568,65.3435228326851,105.83401794249164
1989-09-01,48.21621846498079,40.69950279514536,51.339021510502455,54.9778031102871,47.4424546031987,48.22554871153695,55.13034140498755,50.29540721163479,42.08691950040462,51.94751443526878,50.34010211272569,47.26727808761754,53.32622177187908,42.70149736496405,54.17342443325493,53.13879947308685,33.60959971157798,44.22275148094116,49.52612479846066,51.40829373508157,17.092848860937856,44.07153683064358,39.17495752444676,26.5618154978637,22.81792981525503,29.348176023088648,30.79496275158997,29.9522432518806,43.734491032751926,43.73145662718644,49.920042498952455,49.15128016101046,46.67289808239597,112.53113888474007,106.71104876272534,109.1567604694464,103.535745980875,49.5761362906552,41.16839351705276,36.698904490138005,27.088769907391903,36.59178708779773,42.734332611178594,35.80038925323288,63.67463764346293,65.7996472509939,63.41799633765957,58.8747711924398,59.890967658771984,23.854278677438117,48.35842969167044,58.44805292382375,57.193426741195154,56.58129018696709,18.105785759463185,24.383111394094,26.999015635012984,52.12002419142874,25.5009417287806,26.16520468009166,50.125189216389344,44.804337980230656,105.39670530264044,79.75562957148838,74.69184091043691,79.16786818943599,93.51549494613488,91.30049981285744,49.81498795842623,54.13473864012629,86.13191880286091,51.1319288244392,59.68827617135586,70.8335628413854,76.0367599112952,78.59380868787656,91.71462481162123,70.2322926349251,87.4576832717339,141.4696951459955,46.64657992584389,59.86375069002859,84.0140958537308,74.42609849998117,107.18926910039986,84.31352984302177,36.4823574458564,34.62754252489492,39.12815908756912,45.2266844105914,67.49972568471026,51.96528963415666,83.78870319884892,81.92899588268025,69.20979667739854,70.69852979710616,74.41899677858612,73.80217151616132,72.4006186078633,59.41117732119649,70.25759646937485,60.72452663501149,98.39308198844309,89.36404516520048,84.77244188863932,72.12978546716793,69.90598623380251,68.80823094910764,56.07938144978786
1989-10-01,27.30011384838843,14.412543578347956,31.27303001608634,34.74423835795263,24.644956929637345,24.118167271644065,42.3530884829238,25.45250348795755,45.72831854062519,32.45946469583911,29.791589493006164,22.75493907063268,32.73169101727193,45.88705744791289,24.777751864169275,24.56524206856181,14.598168101703344,20.0321809237493,32.73112014618154,39.298380374473616,36.05893179565559,52.22864919253156,40.50185052599552,48.46224233850296,56.6086965953214,57.22769663708812,37.585094548324,51.22287975034129,18.467574456758904,19.705469168948195,21.811019520855595,21.527068728557012,27.992510066439426,24.08684168370123,26.146366771029125,25.97641994446311,25.99110428116341,9.785871168261796,12.838607767257615,15.267965369426449,13.447184321129756,15.373317092104672,19.369837105506363,20.093118226602368,30.985135834732933,28.08068785558787,29.34747115182777,33.907797607682504,20.37523837394108,16.79447993695723,29.238529890242337,31.24371179549101,30.90730381456198,20.978027063456988,16.56152205361785,15.346733642467832,14.42489739654382,22.143090864622685,52.62498528598648,54.162021539980486,13.760323363512695,20.456070907279845,21.69889138369549,31.571694954916342,17.895590234368164,30.022652493463745,19.73330209504116,18.640285459735107,16.871744307019128,15.573620730021574,18.422114658416625,13.511477106489943,17.767237185101706,22.851859437635465,28.796296714908937,19.41475003171245,56.0794524703538,46.405148554455785,48.474215492948375,93.70777476830568,12.34692620394423,19.32454522484913,31.372807331219672,27.38464357988344,58.34017804375224,35.51342667847663,8.970546606806145,9.314358845871231,9.616420336209252,11.99911086357348,19.17627778197586,13.431357261668689,20.947417115074963,21.535365283485504,17.296192690501666,17.758581773771123,20.19799014977519,20.396018302250425,20.90780016832588,32.67229617762469,21.41539659246729,18.49535591605304,22.59125940434657,22.24913074759413,22.368041463052226,22.30748243081423,21.520790278193672,20.81131985247716,15.245105260251178
1989-11-01,37.176026895313264,27.412694209078403,60.46607252325573,74.88018754154837,50.69861718281507,45.40760417653699,64.99208178047107,41.54276505535971,34.396876816830144,37.29317706099964,33.299629397362864,29.337744519965398,35.24646339776635,37.16086015133303,27.773050311175226,29.850685874176524,33.63894761979568,35.54771677291816,26.47841862823674,33.19553611395044,32.94821774350557,36.65129658897448,32.609044209100745,22.984074231812357,26.100494910683032,31.76556168809896,29.30413014559459,34.8845134511444,33.03537483396699,33.565311880942566,33.226434141465845,33.19400690823956,57.94244164855513,37.20847518217776,38.06658982114158,38.0759915016554,37.96377313299127,26.17884436858409,28.31734836894936,30.630116991429187,30.437485321986145,31.125097241462885,35.47364604872034,34.96408948218403,38.59092246991773,37.57886149896467,37.86585086214276,37.78188435449202,34.41244191171417,32.40436938447197,34.83440189518675,30.9359122735411,31.109774369975508,34.442479773104935,33.5036910830256,35.140899724178766,34.965811762208624,33.67477105627736,23.875562410192423,26.55817656431816,26.12757000527056,32.55678607467792,37.93327882211921,37.55333780156912,38.549615923605685,37.85495418912386,42.73177826232343,36.326133435351096,43.11217526057294,45.716971267922425,41.364644383726,42.09633662507486,38.735397517179294,34.30459517704909,38.08319649687752,40.175235628506215,25.03584604875733,35.744639331909674,28.42257722199369,12.197057104355746,33.101433821105935,27.571395086233185,23.8339199341314,24.832186383350688,20.58871458074201,23.462312678931823,27.35482798283704,27.62355153579072,28.82598732882397,31.77439213638181,38.112779691689965,33.06782814234857,40.78461691620091,40.640356753773766,35.56652479214473,35.57110183684288,35.90924558931326,36.07154494056076,36.23194970127774,28.33793121210885,34.72240099076749,25.223803450874357,41.071744772124255,39.98402170122938,41.9740153047997,42.61708785971255,41.21780887491098,38.97080235231788,19.80519116866216
1989-12-01,38.372446060735285,36.70824872984394,45.74363278537833,54.8960088361678,44.7565606044935,40.75732259155389,32.957156799684206,35.81729195477409,21.15243225925452,27.640175542174116,25.35067496473808,26.70301522302355,31.74296201507801,20.738667916064628,26.753965809113875,27.694896665845118,25.533727194487767,30.879656746486305,12.537857714625517,17.960460534149206,23.380691379581183,21.173024311773997,16.383926330390956,10.625037232331447,9.009362123605948,12.022109190520863,10.944982620218324,15.674063901063832,15.426237836838206,17.80735847733215,12.451751968800371,13.325585090796029,54.16914295916682,7.205252738533063,7.687443800958241,7.604497884436471,7.748437786983021,8.688029026078063,8.77081882443756,10.397526760995556,7.629147851879232,9.691993412798736,6.973116324147505,8.512445223308447,13.02876951082567,9.981134886044682,11.67970860242075,15.133752338188977,9.020558187432895,10.854418248946184,14.211776703888258,18.166229045125363,17.851830247253826,9.615264430137763,12.785516471625495,13.581520143304646,16.00524736228109,11.7700121529544,10.425053824197072,10.08772793545569,8.449530177308715,11.550534607990516,8.697143462804329,14.790107886210889,8.941747313171335,14.209671809711809,6.558972588047187,7.154304346005699,9.105007316432786,8.04516734131084,7.06770292811891,8.476374464016866,9.843460597736492,10.954469250094691,10.72386539306857,8.16579437728905,13.429927293680606,12.086466763233718,12.5562628969477,13.279734680824363,9.971869888005568,10.574804451000198,11.874519382585776,11.118037279928316,12.97607604525686,11.517734476522518,8.16374386569523,8.191294299409938,7.744386337327772,7.396943175036948,5.902373080294721,7.124211445461317,6.868441895718755,7.200993807455565,7.39705377712359,7.509248964068388,8.64926682294501,8.812311859321461,9.143591424150502,19.08854458631488,10.059775496448784,11.809016858289995,7.47234025466877,8.599743189502625,8.43803477755125,9.146905652254402,9.130982123819678,9.267149399644284,9.7134325592503
1990-01-01,26.689702089099217,19.24399557414344,50.4373228952612,63.86895275039837,40.21374223741849,33.45403540801581,47.68015655506674,28.792367371208968,22.07158972253676,23.88595396994705,22.374632382492635,20.97024300629739,27.43701006945258,22.5130543592846,19.249014792723884,22.968153490953856,17.565562939714308,24.992390165463267,19.46419493281127,26.630426575786647,23.276707330128588,35.438939920972444,24.260573677188862,12.452837005432466,11.80000011844858,20.62858724190449,15.996770695616306,22.58705673171469,24.973480301180555,26.78964982053025,17.850555583678386,19.070256628484906,43.65322230700716,10.659632407081988,11.003343930265766,10.841123623945698,11.1484628093325,10.268622819127655,12.295493088970533,15.413768306963195,8.983912004938391,14.371332515276928,12.867786242474187,12.858901591120766,18.79926387422698,14.428189064175012,16.884582793590674,20.194307418765916,13.40529181126534,11.700997044008876,18.4335579324278,25.71631511155002,25.16323680476359,13.750372731551472,14.599786552073802,18.277029039064065,22.889320620773702,16.425937645462454,11.89560441039129,15.41924171799178,12.554914297313466,19.214531969135944,12.608855736008064,19.268265427980783,9.934678614587153,18.106734046210725,8.283121514955464,8.543102797378369,5.263126107515146,5.086418253526718,7.6241489036248735,5.252598047669901,7.002318189942567,12.26020590957796,13.085436657681004,8.441303441914235,20.416996805171863,18.46628977129496,20.773218893615827,26.76125424908081,7.46245896456016,12.407353030231375,18.20004166157893,14.667065168696183,18.701376423182808,15.50369614297296,9.343884803452996,9.357355715292377,8.22676795648142,10.408489644613676,12.679100338328633,10.657989090787328,11.546104303511225,10.549892797977432,9.733819820771693,9.462553546178569,8.581370552207447,8.22159154347395,7.913800828224998,5.044115941361481,7.622411452510725,6.178395443750728,8.31949616900504,7.345279359839335,7.25019860693717,6.24544968824916,6.020533888512583,6.011974153428801,15.6128592447947
1990-02-01,31.52227644829197,22.26256303136381,38.43127986464072,38.73959140671469,32.17937254727212,29.585826248548063,49.60948268197938,29.107771784246243,22.60567492973638,22.771243551071283,19.969400265824397,16.64884650433404,24.136781590035124,22.378372068512554,18.096987369429044,18.38396947956661,9.084112593813176,18.48194797109505,11.423118802331906,14.502720147974673,16.332700255425515,15.457559268449794,14.146136886635167,8.301852777687436,10.858489389470956,15.282476390563186,12.94164068606627,16.737494294053345,15.15759581427334,15.12693988433605,17.7540757288394,17.445242266490183,24.52577827419119,16.77874886453262,17.498899885707566,17.478088658292158,17.50335043543389,14.269246455522737,14.35848363173394,14.985692398585703,16.557866561269787,15.360839414824929,16.91402100375709,16.933130996055837,19.17342740872032,17.490481685962155,18.35155835010712,20.7548393895734,16.56280494971324,17.603653809308184,20.33625741802075,21.050906699951422,20.982901926630426,16.964012156643744,16.990967778182807,16.528443813833988,15.999939775437726,17.774465851419468,8.865366163513274,11.694984588730104,12.837711899865283,14.265717581449502,16.30665740236955,21.492815456771066,16.392654224833432,20.970900256824443,16.290343593358436,16.511515977944995,16.216606111759774,15.9067260302696,16.03786598345785,16.88197655196427,18.367692476588186,19.75297314352624,22.524237562461185,17.307050130084104,23.064427214453705,24.57158911667808,22.78771186428046,26.947160455885054,16.960705552500897,18.470156413168706,20.7788718581386,19.77552577852726,22.86019270046281,20.601485868846936,14.965132661456083,15.0754173263123,16.609304566821038,16.593416111850328,17.00615290403574,16.676040398032853,18.150285976769865,18.19749686199661,17.156971942462306,17.178022062738325,18.0504261232018,18.02317303727349,17.865189533708698,17.24330727723598,17.571900719106964,14.169918358497094,16.342148883263867,16.012915207944133,15.578284581891678,14.771216328160016,14.730365846359176,14.706504137740383,17.82018123227969
1990-03-01,29.75540589044853,24.137831255691232,35.56732790573074,42.9938651113087,33.36499890304872,31.304928396437663,31.76280272049152,29.28585063880124,28.06389094115862,29.851598068820067,29.63722571843287,28.7737589067758,21.70746746458853,24.87905348967505,22.93501974416837,18.72970672878597,34.73021961521528,28.906765769824187,45.91420117777694,42.01637180843384,60.18612096566984,54.208636428543365,46.05197968556689,35.78333385320989,32.059139009511775,48.546071587980606,42.92736458367021,51.97466418054341,52.32335149758664,52.43063327470006,56.11632880159809,56.074735005616695,39.68467446792707,48.19123800094327,55.97372694523768,54.46933254528867,57.21494143803383,31.63365526893321,40.71663718963158,47.55536854318851,47.78516860555133,48.39013264904042,58.69552428454645,62.36820062066148,66.35808446970181,71.98322438649737,69.17829605973566,62.23707480478026,55.454325999313454,53.964983813051525,66.40042158353715,59.48411235722478,59.98035091552971,56.3333210077172,50.1762325095276,48.69766695080856,51.61639238462001,56.72300278221984,33.21970971273253,40.030770769027775,32.93279856753538,50.826079423543305,57.41200110694589,63.43377157949643,61.08696374134883,63.65788989236425,35.045628476898635,52.37311859616138,47.96813174363791,49.99553678712957,48.586841382794205,63.08654822993801,75.61639640993857,96.70713991501248,110.18094930187289,63.6579887584174,136.1359074582559,113.0152076510968,137.68917230775057,143.29396543526036,66.79496361605436,85.33001233862036,117.66594063206688,100.73026557345791,132.74986649439143,107.80825402507804,38.048141898566605,39.00160187799626,38.3898150228447,39.94839604940598,54.19704373636248,42.17206554714516,41.96137559047634,43.06793660649802,42.978254316364975,42.90191542355585,43.4881840154962,43.36500036485559,43.65257183521787,51.311013897867646,44.89294081258028,52.56369323232071,33.44196725733659,33.80145766784408,35.49551688765966,40.0017715225946,40.785999246292526,42.80107745703409,73.5053602168935
1990-04-01,78.00500678808794,54.24509242395478,74.39990191520361,69.46809356706913,63.962817142011644,60.37278603232183,79.69136155108944,60.68042155886072,42.74683015030996,61.566624758604654,50.10153519499035,40.605147196009504,44.70074371595582,41.44367339111531,29.92288418747089,39.13579558760885,31.744126008409307,41.99871119492408,20.85328429805836,29.05925303171916,42.69690459297211,28.6713016015467,33.03439344985047,16.642100441668074,39.83779976480157,30.170612797414705,34.44665726979905,33.46923655220918,55.32995070407522,55.45928156293557,57.92911019455119,56.59848428793411,64.82209676663932,52.73386270232031,60.90352599234965,59.756860586537925,61.83955632277927,35.207506887586646,42.7154284802636,52.22025970769592,55.53961224186981,53.46106450550663,58.55172915824311,56.08661695892592,67.7410627314288,72.15074746671642,69.73221299188017,65.77582647342204,58.788071013224055,56.572329756942565,62.77677942904231,50.17968523198535,50.91383436007106,59.115051530978725,66.36184763930227,76.38342096851102,73.44563107086239,58.2201938567957,21.974084659536164,27.422682043527825,35.37504304594343,38.75433443345749,58.324979328104725,59.68410412354125,62.318026966097726,59.87394985383096,49.59853385956289,69.20885482999927,63.27126311819493,65.12146572586039,62.55593927468902,71.16286309778395,65.26827612890554,62.91069203727309,66.41868150334136,64.65875060500636,65.04673733198263,74.71486771720905,68.76869415109823,69.05935550302529,70.56030619943758,67.01451721688966,64.282940656241,66.13810651968893,66.48463275642735,66.257857975152,41.61786589055687,42.4855050747232,43.22853250438783,50.36908980802788,66.07699342590936,53.399424260490605,68.19143906203297,66.98060137997159,57.57317701609233,57.13608761311999,57.01151729892245,55.55988203915591,54.83352425193052,55.31856568588414,54.842319777124985,60.64847569328863,52.692523915002894,50.94302106296624,50.1268465962504,52.2446527316889,53.927252468021,56.134082141715645,68.99167238378998
1990-05-01,146.30731313775013,109.874352546103,117.84890089162454,107.8055847271678,108.6804405311367,112.51419547813629,145.39430294307368,119.98273540694468,89.49402372576228,123.98255910947356,96.91885554014756,83.36495940672043,66.655605735163,74.84260914189063,44.096233913412,49.14422332590919,66.78881203677018,82.10368953320541,75.66151626665533,56.31520316167481,54.89284625728894,43.260827886141,53.35242307067536,66.84530393742284,53.74147513508903,51.1476706040867,50.06805965802748,62.82615788347572,32.90712269745064,36.78185594990381,37.631398541699376,37.79972117215962,99.81380298679636,66.06706903737876,58.50110620493546,58.61696675519392,57.658959383423166,57.90351350674449,46.537134040886365,36.40862500378394,48.40974555776672,38.25878899328866,35.49881137776107,32.88378102080362,53.96327925014642,57.029392923411535,54.3671069485692,42.04768931611158,44.05951711180652,29.376366494767684,30.46316804741725,37.64730479210526,36.8930479382953,42.1461785293114,18.94496801662874,19.02531487734789,21.513858731648764,38.507342594269225,65.89462957615471,52.766557925789584,50.99507407431938,39.07723153520516,79.70635529162918,63.55574606518959,86.04186357134114,66.4478033447368,70.18943978413746,78.35276465702566,122.83522612047452,116.14335750630023,87.93490211068728,105.90004224068676,107.83153922390606,116.68528041171956,121.725956901614,97.1181828408694,138.14210547267453,124.90036499957566,129.70889424600355,166.3665002800973,107.30302725552008,117.63785686660052,131.41770963953022,126.78875840458856,151.0608787805568,133.21723021739436,56.59429248710588,55.41687521138118,65.5650773825609,55.97006732609038,39.30998022090195,53.20689939410594,46.94869434430659,51.55520636200066,54.55519795883839,55.03798214274032,56.75509418473687,58.81455902611327,62.0783601510629,109.8097279027342,69.86207987778613,123.6643407634276,70.56423989768894,72.13408263491787,79.06707201236954,98.6777910843599,102.77293042304062,107.08107000780356,108.135440844592
1990-06-01,72.54623892880018,46.78341562901083,60.61438073004295,57.29481890424339,51.714777522737606,66.00567574829209,130.93162071398888,82.80394388436302,163.72888090861457,154.83233260983496,143.15806052441377,107.50521065846516,108.2174713263797,157.71605751411684,105.39245283534991,87.97172753071372,50.15483004289547,69.66318348542241,64.99788850970879,70.01386077742625,115.5719623378044,101.46866736451835,90.07834235657938,82.23839896708756,105.89395212682734,107.06060063186598,108.83677761924405,98.97895277781258,128.35366599382905,127.08846020294702,128.99249307099828,130.06189573787742,45.81997037935357,116.71580228077012,124.42469816901654,124.3430667957666,123.4521010728866,154.99818167648988,123.37826463900667,122.95957284152227,99.1239862565891,119.29217701362415,106.10274966491768,89.19673347667215,140.24652392477847,122.49385826921082,130.59015541130242,135.67813252875175,117.54397530321371,91.79074636149448,121.75082970313092,168.1563485095078,164.61651779323466,116.0424089878194,136.44766704304644,157.18749161689925,150.16550339987137,126.87418202100238,83.97606424294067,98.48931681728747,153.16895864434883,106.78011856776936,144.11364602831816,183.4427307284472,163.89667255261304,181.623419958452,103.66945043284908,149.48974769124607,113.58790646659604,116.12100507558304,122.39875831267656,150.50103959972142,187.25428481470215,186.155383230353,160.79455478043124,140.55511374394308,222.63454234388144,160.3634874000497,190.83504001688408,272.17352362710574,152.65480540546986,178.90708766964917,204.2508386836593,194.7172326971754,231.43560070012225,204.98973822780732,116.742355150865,115.40771871795005,100.26010290859908,107.5282600666783,117.11217209402068,107.82326989128546,98.77451272348245,96.62412862572172,105.10942976818995,105.65080867940164,101.73648140166128,102.16311510314848,102.30775153541332,134.64580158507337,106.65166944090568,140.4517622060265,126.20841845771804,118.49338110511948,111.63038280674424,106.61590057784488,109.1463954179786,118.0619916422702,173.723809343566
1990-07-01,114.71236250623409,86.24027540889503,69.07894476765146,52.001928701485554,67.81596913266901,82.12736179139323,127.50451278135895,98.85437954114008,128.28103340483992,131.20690042623022,111.75909052580366,89.15485557916928,135.10931561149673,129.18539950289474,89.19495766645106,111.89637249584284,68.83075105343862,79.7350244429526,101.8794881879764,103.86946726853697,105.89589185401576,97.1366209783745,87.86161404925076,64.25284535773501,47.046241747615,79.28948825934307,61.24022512169449,81.91996671020598,50.72349616011289,61.29418454692383,54.163529272870335,55.22213345401746,42.86208254961638,89.39239445688241,87.11213833442356,86.88700802353074,86.11198708976168,40.92799494705487,47.003894019323496,46.32913951440455,68.76172200305396,53.53760304127633,77.8069074159888,54.81904556756046,67.74739881298021,83.21725495979909,73.82936544366137,47.34339026142623,66.26528137810868,50.60848215376798,45.22393114372965,45.06534748549213,45.17111190256349,63.289980527491736,44.44463452943168,37.67576519537228,37.09158565436083,56.44288516905786,58.815023969829625,66.30494764635087,36.6418079648655,38.38462729212632,107.256365021281,65.75962455854464,132.8196509132682,72.82935602126099,108.89472436244355,129.8147974493343,83.94599176754738,103.9952788177226,113.95143071354234,123.98198206032929,132.78828317582796,118.4814622339571,115.37462111387325,118.69412604572508,112.70814897612648,117.02253355883356,109.26746666943988,147.50521934655066,90.00792970320718,99.07312667545452,108.78856979878542,106.04590751480023,114.06767429142468,109.24405923810082,49.06982879389287,50.21128369648143,75.7871660224721,76.94864873669408,94.67340390529546,78.0897682260261,51.46476810570949,48.809582711264966,71.03509110949548,70.98295877968025,61.56475754884451,62.13849546040149,62.2010212628801,47.50099465402566,62.91665821082865,85.61563674753906,116.35709556886592,102.0260588324031,104.18890880130084,100.6765491634261,98.13983705145569,96.11437358729512,99.66644131401736
1990-08-01,69.84619706181302,40.84199067176026,57.52720729362069,55.90299430090093,48.52636648708416,50.39475433786692,73.56566736347001,54.22580081976773,55.82333878824207,70.52663322347816,66.2282964191569,52.451685301886585,77.5488972911794,61.64934175076473,63.51196262054564,59.099363773290406,40.36931171343824,42.65676177492024,34.45402728956974,43.49101814089037,35.18013382518227,57.207444403110166,47.21597342098097,47.28635398049503,56.63769089486125,53.39467253508516,49.97649056234732,38.93828670734268,32.21868344858955,30.10280842843798,46.79352214381899,44.137358505928,53.42148513200747,76.99343857119742,75.14517076713804,73.13812407864802,75.57654432418217,38.2069920567059,43.19430786651863,40.65833974556048,33.78277331431083,39.93710118513805,45.85900025584496,48.39732776396459,79.19226168003772,98.18074302796042,86.96365399025082,66.63149686622647,55.72275636244051,41.64284980653977,42.6923974566225,36.38889559321758,35.9561402106818,54.35416196887379,45.08447600871815,40.8104561673326,36.16835288313693,49.08465535320921,53.39953995800512,56.65851960739264,45.155311095882034,48.04724940237694,87.0315544082273,71.29108189872446,119.21745678296806,77.04899965093821,53.68255196202703,109.46395825979532,130.55937496846715,121.28635178632057,90.115790028462,148.25512466414966,164.24124247842352,160.02413247563615,146.08758108256097,113.67350657854914,167.440926780405,134.85869323217037,164.09745620566548,148.93904795364273,134.37653892157834,146.69786869215162,165.1302982949408,153.98725879998037,165.41479198631194,156.47539627073365,32.751352596447795,32.091423905021706,32.799093540979605,34.15791849245469,39.74092546819157,35.523742027418486,42.956825227899934,44.22277284510543,40.83864321238951,42.08500279048508,44.96491616440997,49.57212479632558,53.315816761602086,109.13208996333115,57.20493466057023,87.04098977054788,50.43552147423993,62.1203538318769,63.04713471414503,85.97117192283412,90.36732787396528,91.50000797188522,119.28991034684286
1990-09-01,12.954404110786536,7.069045679223944,8.722299940790412,6.693641405076947,7.89110250541346,9.822494166837211,16.810286671165255,12.155396932794732,8.256027523833643,13.558484685224448,10.89558198787334,9.98464308918159,19.943921391704848,8.584933151412399,10.50112135607415,14.026594851496805,6.104589847265757,8.537570780366424,11.97015303989309,14.145957543932898,37.98579866569279,18.79914252939266,23.83078660639619,16.30943887011633,40.515092788832575,24.50494425737869,29.913078725727537,30.305834816284047,43.62572621276484,49.13543603368835,40.18628353789435,40.87842555738276,4.818005479856552,57.095893976752,52.33792674275121,53.02569516654002,51.23857957302042,34.67591149235255,35.40567884391848,40.00106132781706,48.01531303970999,42.24665042464061,47.36556479730371,33.691404329785804,42.271759581077234,39.45710411760647,40.13328728158498,33.63095977810767,43.81669875983733,43.18353357654306,26.518626224588576,33.24376719215938,32.80426494479846,42.44194457835029,44.0195390953637,37.97790777893281,34.78489753359623,39.98319957341253,20.60894863318521,24.666406552123004,31.64589381145457,32.21437243643267,51.66243677135033,79.0569046227042,53.396441290435405,75.81204749534763,36.48078713799849,63.811732613432696,38.42874723877343,41.7633126423826,51.92601806165546,45.06424217083799,43.83539158322769,42.99817388135607,44.97239793749381,48.76841936262427,34.569315692402604,37.720106618442514,37.73687950197812,42.63247319901557,44.49279249077341,45.59145274939938,44.2455200577616,44.29644644220919,38.4029613623461,43.10630450303729,38.36884430454089,39.49065151537885,43.9660915248288,41.99840880430932,45.78227625526272,41.68322105461714,35.444723546983624,33.9935713625672,37.19860734602933,36.40450185234023,34.85775616344357,33.64107499558841,32.868585322814084,26.84382439357177,31.65214131982176,19.553816223843462,30.148382241046665,29.053293165192144,29.1973603368416,26.45399558956817,25.538885041771284,23.79037452277637,26.86968110408544
1990-10-01,46.53096768994067,34.594140196763874,51.54389322036768,45.732681474754216,44.69752423232748,45.036112487937686,76.51689714455782,47.12718104182381,38.92738948318705,40.42207516071483,35.141564677375946,27.395293403905143,34.00058429911576,36.34847286459704,24.57764478130436,26.59457565875099,19.984937992617503,29.12793955746653,10.38861398980072,14.933455523556422,9.83817778705479,20.885190847016784,12.75334015551894,9.143399586379251,6.438049892044092,9.740094989964648,8.87469404937435,9.922833990047128,9.148421157818108,9.237920705577732,22.70726480784848,20.97140318236675,29.781533858681737,55.71210514306314,43.96045822431493,44.40130117977965,43.576599337345925,20.539157482192508,13.7474331683699,10.08273088581034,13.764928805371405,11.43919414772346,19.67364969737226,21.192836135385537,46.61810956269317,42.47874577453652,44.49720417617325,41.4241688316631,25.73863720598852,10.82566630467278,29.18748336881304,30.03276299725975,29.51382398285604,25.43512107704713,7.730545702514924,7.731873694389623,8.827060724974816,24.075985937668097,8.825520952257396,8.170278404535836,18.31127102992322,7.113376020819429,86.72459228710073,80.6490818010259,107.67112200449908,83.72074128845776,50.60820682107389,95.29516814175436,92.60763640426164,89.14966856306158,76.93734487801098,87.45814909483906,56.12349065134625,52.512168323311,55.3090723105757,71.87839800071451,52.20779907874897,57.06873206718321,52.56322959926987,63.102694270656464,82.04397740361907,67.25074867750533,49.63743899459104,59.2947407784586,52.60744203334149,57.8694886669347,16.52420678506666,15.923129165895835,18.536497444966745,18.38019088041133,21.905898381276227,19.204915021255943,23.71641099548852,22.80575749351789,23.398440761251344,24.62369490504216,23.8720300032059,24.795121971053284,26.378426239550578,49.84923397266206,32.00064553653485,82.35974445272763,46.81073412298044,40.57440780177636,41.37974037369587,50.07226760233449,55.77475620069677,61.57798731549285,52.41638451012196
1990-11-01,65.26449852618592,42.06816663180884,81.61149256325979,84.30069670275398,67.66791157013131,61.29159605694736,95.3851961123346,57.83131786330189,34.190230556042515,47.34537277592721,38.74451458353659,34.66402205996305,47.139405614613125,34.7927095871173,28.873770125227928,35.06130233353555,38.451402694432375,41.2747675043551,13.626947846121594,16.089122319903776,22.48764026353499,21.91966142516233,17.510026823421114,16.27040266824238,17.373828963099214,14.745048011651503,14.459196797355665,18.24490089786336,8.197021545115659,9.222129891353925,9.542482290934707,9.77998556005729,62.36482260512101,13.459694199089537,10.719490602412796,10.89427818112697,10.46445575623398,5.9835212283963415,5.563141224136107,6.459293234803833,6.764284386470522,6.463040056050681,5.646096150326631,6.06660742897912,12.213563768474923,8.956735290837953,10.511957969412151,11.803528087637243,7.832360263052199,8.904869063365107,10.104253012350815,13.57037422991884,13.280633489478388,8.169230614501727,9.48274336611566,6.839261001953118,7.434338055829086,9.285503410856466,15.963821418938933,15.143149749630084,6.0175431284154834,8.867302194997961,20.15116475157078,20.764744102254,23.22236573171889,21.23341151255735,13.22885259763484,20.599265798236644,28.89856722794339,27.294463558118498,19.931818914153936,27.25509991125057,26.8156905244137,27.39136860100403,24.785031977283115,22.51154625209004,28.323405464981736,26.2967708775385,29.161675585050304,36.27223890165742,31.00152702444239,32.21816821129934,31.706618475218125,32.083304804135466,28.996440412282983,31.42325398749417,5.197594262599955,5.255155031817565,4.974879757094193,5.219307297062818,5.758856520440618,5.296406226982114,5.228885147594172,6.240465737412324,6.411647793501276,6.612946524363672,8.135322501140068,8.56942228012538,9.578038016006133,28.354633082130125,12.689613693341386,32.48190497621605,12.051039060089206,11.405742356295892,12.27409380550442,16.65329273345754,18.645042675273828,20.881739417406948,34.53496015091408
1990-12-01,42.11786089573492,32.11390989085116,52.55828473752739,52.541878773703225,45.589338692938384,40.236695208198256,45.21251250272918,36.03028799774718,32.11440647885287,33.72269906732864,30.204940873065567,28.71742458621649,29.861372461254533,29.861355174141373,20.75172190941685,23.93136864357305,33.09337305743934,32.67756015431331,25.376311978215035,22.495992178585187,26.89456920160393,20.59816427224844,24.33407558613725,27.046667949989523,25.83052380798061,25.570491233832204,26.72465287353297,25.35331413038708,29.19429578176576,29.643944078602505,26.506011046623723,26.81328448304317,39.97942862646967,23.060168082921287,23.35392773978497,23.50842997517361,23.282368008637263,28.5774022581424,28.09289230904407,27.79671627524153,25.96165786750083,27.1693226866664,23.931858138693137,24.55393520156888,24.67161161423616,22.35540908069562,23.67871499740553,25.64416291878041,25.206674261795527,27.06267069744993,26.267188622317622,28.340215120175085,28.227386264701643,25.42344571180645,28.03185928076345,28.095010851800573,28.487193687568222,26.22461911134945,26.493610971511597,26.42192052636761,28.28620464049494,27.99446340083135,22.5079105017076,23.791571095630463,23.23694406868308,23.646994310628635,26.439059620750182,23.997692148104363,36.47922620272795,35.47410016333111,27.648658976681062,39.839440560982,49.53852075297687,53.81417924346295,54.89569751750655,35.87170003370001,62.65562819408309,60.548408076998655,63.013847639176056,56.13824872180972,41.26602826908457,47.436496332095054,57.28596413321974,51.38606344122267,58.98321554887434,52.8708884696059,28.535713304289057,28.38023573486581,27.17659842864433,26.27051837439789,23.17570684058908,25.83017430171547,25.27646044327832,26.08389038407585,26.33386873254601,26.41566318810769,26.98972288123288,27.117992192937614,27.51887657246556,30.18147519005282,27.9732736214734,31.52488894142319,27.06211408275645,28.209352703230188,28.523988805882254,31.165958269682065,31.550897736883908,31.58084832504616,44.3124340167793
1991-01-01,14.22732699872677,9.560953618390675,26.126328184655417,35.40331615883824,20.798404198154294,15.961831559800896,17.176683811038007,11.768167422212944,12.002840640736633,11.458323238645113,10.44521647713497,9.369997206869858,13.332008823287651,11.52250690447925,11.772228090584006,11.782610719744532,22.80019364445263,14.110397500330082,15.149252004269092,14.269333925682584,17.314263032985718,13.706496690629598,14.327028939791193,14.299197413591603,14.414173676589566,14.95895196016359,14.230338092302798,15.62478736964266,17.82415093683956,18.397767891359518,20.05328449162808,19.88257896390014,27.199884171967312,12.18150153932826,13.991848939937372,13.573989925715445,14.318446165293643,12.761627976453717,15.211584225462175,17.293672319182598,16.23540346751261,16.87650765659175,15.590821748590663,17.87803999962593,22.316750586790413,20.57142138326721,21.54488081802602,24.213342647890634,16.57282503229845,19.534309031667267,24.08856223701527,26.943455691336787,26.736642044336243,17.42050917131555,20.815273904351788,20.66234819890376,20.181478982129956,19.609213999856717,14.43707849621106,14.131518010804866,13.04358127250708,17.147703778279134,14.89496769264752,20.62701242708745,14.116049034957571,19.92454051795049,9.784345218591648,12.263774289004912,11.789918763917024,11.864910283303388,11.60490848321766,13.38865597320129,15.972526922009374,18.530216669102877,18.74000021710617,13.53020178730952,25.81720930571716,21.51963118755829,24.166957836692923,33.493026505008096,14.699617875141737,17.814141038283683,22.30336220717436,20.5233159927582,27.42924699977052,22.381618853358425,14.933619823767996,15.273055194658134,14.626481835646024,13.95859852013149,11.803776551904429,13.299201812388045,8.847273907780544,8.213773229806659,11.14447431666575,10.949667033050323,10.214409808707655,10.027088559515958,10.034358459315564,11.260317332782884,10.311261303939826,12.568553372256977,9.719823920715069,9.58577961178747,9.491463505496432,9.839061389849403,10.159445877669436,10.580001919544715,18.02245088195879
1991-02-01,28.441200481898363,23.17271320583573,30.09238400107597,31.224964329768483,28.05929446755721,28.35964330491272,39.56900480900549,29.077503913397543,25.53714617937748,27.805738020420957,25.35254406199753,22.74983268753586,31.510389999838026,24.793046383300396,25.22732051674549,27.175396251577848,24.434117830707585,24.58825736491878,23.398002273726203,21.72574698105112,16.49039642907984,21.782500310453344,20.842938770053586,21.835555713516484,23.554577705373152,20.072933256688565,20.79706067268405,18.51899203486704,22.000528485202945,21.50528350440069,28.497599037743704,27.25524214489654,24.301578303102044,34.802543594828464,37.042093502464205,36.74759018678191,37.23579849654553,25.5425864885328,24.11758741698382,22.446842780369284,26.21361842737537,23.93104820862206,34.38653658034672,34.90644001103587,37.614675464182376,39.49158575202988,38.47215343333695,35.18720549337585,31.120384104895653,26.5435256964258,32.77815298893428,28.55120822117563,28.65414742017632,31.050493019756505,22.310596917660163,21.4241181211828,21.05247434774413,29.439192522353096,21.500158864695837,21.44759869824084,24.06546773816928,20.00406404918856,33.548231183639594,32.02979699306965,32.331449618231744,32.10355058375102,33.21541131151573,29.23523203158029,20.52277513841005,21.481732654080187,28.70221596339596,17.826283820257878,15.781150093304984,16.15971387984981,18.910351040920304,24.428866645429903,15.686081861550605,21.11903156008975,17.841639358050504,9.439692579912636,15.202993657371223,14.980644446643051,15.122308894217984,14.895459106014828,14.31880457110968,14.729566465152793,25.2473536712748,25.1879749779986,26.5240795986938,27.252990678902396,33.12129116733608,28.1252614369506,28.49967243426035,28.0040605013927,29.39858459822429,29.74566878374242,30.74269230477457,31.11005463623116,31.27269958651336,30.00346489227782,30.344597557023157,19.81445199755634,35.21164174983828,34.02205775071868,33.69179333709148,30.590174014064832,28.782306364347534,26.97533873089024,13.41663867075385
1991-03-01,38.07210119812604,27.29903965404461,46.87391305061762,52.91276552253821,41.35680694969474,36.55563076942401,40.98318490196933,32.02803954429898,18.30372767655421,22.258113539317225,19.92061930790375,20.622934193387795,21.06810930343221,18.72126231260692,16.73494193424168,16.375826507302655,38.01797481561332,27.766198826756533,21.420335941473223,16.772331814112995,25.937488987352666,17.553535198832947,19.18653904142789,28.5520110559938,17.808722136285766,25.19409350199677,19.850249831596408,27.69980302478485,15.376655035467772,16.325608148396444,23.726182961592656,22.880007883590075,42.796819330813065,61.59217479911953,50.99153745452079,51.54574897082728,50.15764445918819,15.199546534213315,12.83475283819247,12.718050638388004,14.220787245425898,13.581254093056716,21.21501412642112,22.74949144735677,37.43810244657849,43.1728372728521,39.65829496746255,30.756158235325472,28.406115715968983,15.515251914490005,23.74154646061497,22.86640738151152,22.692700417473883,27.330000812064583,13.37300696597868,13.125195351085374,14.028727343102062,24.769543256471664,25.835339661550524,24.827477416726005,11.85356389914655,11.62333007412534,57.683201536038986,45.07430338032803,64.89924351559749,47.43349624481744,64.51989019238172,67.81510675914367,97.88913701714628,95.67880472229666,75.12945235641878,99.14102936400177,106.97765683677628,111.70114027985836,103.6577723817751,86.23272223367849,124.07099697765452,99.60112847673128,115.29339433375468,139.1369613905621,108.95450984467776,118.003351027338,128.07433810789524,123.56077047559693,130.89984262363174,126.16690088528438,12.743886976798628,12.631857912110048,12.821470807169822,14.787703071965126,23.199209995154717,16.64751642912784,23.593423138495936,24.66243814862,23.240684143068677,24.42823059623035,25.2256920969261,27.22907737035917,29.28678393988333,46.85368330124051,33.5312981136304,70.11589876255738,53.81163995828047,49.67357101200688,53.50569124813583,62.39029762533822,65.26670756181326,66.55813072249163,104.07033392146376
1991-04-01,51.227935398504506,31.186210418655595,58.66258073458132,65.71735641060948,49.244144867952585,47.30012457550533,64.49870722168785,45.2928771755975,24.756420931384422,35.321021151988454,30.57784139583756,33.81440783037139,53.354115540295744,28.48402053034364,54.454329340361504,61.84489812170328,74.91388584576755,50.6027907604156,69.97103170487996,64.17528173592817,61.28341248950272,52.49764466176325,65.88038742700755,88.23943084616361,71.81852021802567,62.86161949483685,72.11509487245578,70.88565826649452,66.31392128713422,68.64363383039867,83.26356169132902,81.26823482053084,62.07106014774174,109.89207763103444,113.40098554830752,113.05529647629793,113.59194695293392,58.80160517175933,51.50782276400566,57.02790100029495,68.9825234819774,62.50646453861968,103.70167622036293,108.64557732522984,88.06428650266798,113.25760135810744,99.69907822731074,81.71514873865658,88.759770584634,89.4587411536224,86.2007568407675,75.8171800376829,76.57410497231807,88.77654377251443,83.48080500024932,78.56893285829797,74.18068450441596,84.97521494720063,84.5747330571449,73.18517510179613,62.94703204244856,68.2015689807934,109.920312212873,91.24308339506555,121.24990433042048,94.30858182222684,117.93480449884282,120.30829131842614,99.60372348821032,99.77335929845128,111.6404271054088,116.93859943144676,142.86184621379482,151.57259428595898,123.62643400583096,120.3045768889283,145.05650221006272,102.79211964072832,131.83387143147436,129.71395408251985,128.1153217104011,158.31262750553984,183.65630672897555,171.81632044574633,159.66609966734217,169.53430197274614,51.21986788433211,51.94814076653335,53.30133025406455,61.00147147014377,106.35455409991742,69.94811249154797,90.53478514179224,94.43786983475216,89.00236349534312,93.19627007502072,97.67111448575788,104.18158607868682,108.6128050628009,141.48404371686703,114.06497791106274,145.95354868356443,128.9197367574026,135.2442725161491,131.87431879460607,130.1512884201185,128.18185893561284,130.32259299887218,165.63454658841297
1991-05-01,103.24686421557097,75.86481148613166,65.01181153829101,52.952387861577066,64.0252779758501,78.88488396179983,99.6954571357508,94.98855594190418,92.43220111570176,92.60271624048988,93.28510264107123,90.70284094560716,78.00640268628328,96.51944397451192,77.77636659690533,71.07279374093947,65.17081752652021,76.7447282746992,85.85698987938878,81.30020632066832,65.90151464245595,73.86686681747273,83.84011738654041,108.47972884598352,88.36373045028732,93.9341176693094,95.58576720073484,83.78431263087532,70.2334577786746,69.0489092579972,91.43482300016277,89.27476845383418,48.71284001302087,115.09287354510668,104.686756359908,105.57844412886593,103.61220348210094,72.99441086560792,78.04373275049664,81.81237546304233,98.23358008680631,83.7465034795917,84.24603730588497,79.09679770504849,86.26116844692241,93.62662850544297,89.33825662705051,87.33107309954428,89.6730022841515,92.43178673149148,94.20308084420324,91.7853364991732,92.71111086918938,90.1251730868149,85.70443200381345,73.94097773680598,73.26989062437046,91.08560654263589,101.38817933719646,96.66895442185772,87.54640358250101,91.85583867510088,102.8550418462988,88.31252255888145,118.46355868177815,92.01955472041928,124.3571932733358,119.46310919830412,112.33652059872492,119.44073911107348,118.2056240999196,157.10280870748483,195.1715784366256,202.8475828538648,205.74741391928424,145.45952452632443,169.93948319527112,202.34318263042596,194.7285105490017,192.43626917205123,158.32838838669832,179.06575224374183,200.06971017240505,188.12408739767932,173.52347798198105,186.1674733395112,80.59672876440888,82.59853922791851,91.60358387450404,86.10711508909681,86.57231974716801,86.12727506404691,85.26695378892855,84.95398971513717,89.20582756512373,91.06267457962048,97.58151118163715,99.3387559273972,101.07222186552264,135.6463086066768,105.7138576833424,117.52264330654498,127.070196102832,124.99770670110853,123.18285637212624,110.69057175140684,108.48114926679848,107.79015617851682,180.970924411476
1991-06-01,141.98572139557422,105.65761010078091,121.4622511751786,113.86574260643948,111.67278322161832,111.90529537876915,129.3554764382983,114.43495776957164,148.0477881480038,136.11413116291766,124.86224719925494,110.94673998200604,128.07798282936466,139.46020046041818,105.39452378566835,119.6003139671559,130.7883053342751,112.88779455207604,117.8519247695189,91.56190821578647,75.07532477339265,75.80542539865624,94.32295411166928,119.72683681277069,144.55508485382504,80.16038121320096,110.34243325267768,66.738104015594,128.51085828598144,122.67836504254784,143.66319110217327,137.58609193660612,106.90576235065971,197.67001512400023,199.26936786705065,197.50514283621465,198.4923642751452,135.2082691696682,123.70031684349212,118.7947186627976,126.3620203178316,123.17691167635344,142.3605135845928,132.20837557080608,142.4523130483401,194.31172327215256,163.8587822685978,114.72495556059587,152.50184290080833,118.37894053220676,125.90121676035932,133.5340613726609,133.99168627190537,147.49694245993092,126.08991477941798,134.78426960982873,141.8654164986628,143.87486132672257,129.76007192755884,102.49879222839566,137.5119115894342,114.25940956311378,200.39243966100932,160.467938886332,195.1857710130565,162.81304553514732,148.38312271159634,188.57031624213425,134.10744279746888,128.14478821203716,163.43617045141784,102.07316231610434,81.48640681927728,75.43300531478792,68.42699098183846,132.2940240322669,76.73721266542744,93.04987764459185,70.17708726233917,106.21245981544342,95.34229363716544,96.8509755011671,90.31985665731622,99.29875868167598,92.83105989669572,99.3765426283308,128.59112301849285,126.91438236157664,126.4176620234366,139.22173426413275,174.5426743218823,147.14129938352974,181.0501590771028,173.7326994539454,153.88489946747526,152.2809668198895,146.8603044018417,142.65457350352182,137.8956080305381,107.45498671285772,132.25941160660955,98.33403162702676,157.92836495083634,147.24373151960395,143.1163636072117,118.25550787114068,116.39703342789444,113.9189383859974,93.81507973599209
1991-07-01,62.279578636584965,42.68572588579957,28.461034821419467,16.079698268520563,30.698145022269017,43.15575194253573,70.24551765703922,56.02906706652311,80.44359099484647,82.78862328321009,76.8409783876811,64.64518124720999,61.92700163791408,71.04517501009062,40.10125953273431,55.17651571566335,46.79731158867951,53.450483189930246,77.52091098612713,84.6988333672059,175.14851292616368,66.39796858183293,83.87016150714503,60.69983614784877,71.89214761734927,89.95938733194937,78.13073236584114,76.92162178058356,92.33026876789437,95.04934566598816,81.76579038865017,85.68699424695436,10.32881187105337,71.53678340570607,69.1671905505129,68.74376505117215,69.21702172843439,46.978683586018,65.85362152329681,75.53335828717276,65.97875736613594,72.50559891349523,73.53376830728149,77.01377675250609,73.94291210512631,71.04502020726213,72.13518054652144,79.31759464855067,70.09391937539877,85.5058262405596,78.02146316035952,107.34918455783212,105.78795221531254,71.42537898186735,82.3955295693602,89.00353991380325,96.77382678664657,80.40204791103928,61.61812275290289,74.29860545480689,52.11129167569766,96.1790278458224,99.79056322502676,101.81055456378874,121.54826568963875,104.98564040474888,61.25827448087148,98.0507754761708,55.72561393923571,58.82811782530707,75.72915521438476,85.34189462849534,105.3068349504843,102.36985984170178,130.4004281610516,87.67976816388156,98.5094401148002,135.83861827178256,115.84714026372733,51.83571966999655,64.28030076408906,68.69057092154017,84.29781668856833,72.16522937922602,84.51871087988228,73.20196219376389,61.85950164519264,62.91980869422647,52.60606310908821,52.1445518750172,44.28039580928177,50.668434071295046,46.2683565614408,46.25602364499682,48.668207309406654,48.59042992259681,47.79452026542553,48.710592530751015,49.218758016765534,34.71420676204401,47.14830998635215,41.1653296528977,57.22428277829507,57.39235653516041,59.592714087851206,61.12536366666694,58.79790856138101,55.735092191290015,52.35786373449717
1991-08-01,85.12659133449378,65.80665797027456,51.36504061261866,40.46456925497594,48.94922305423149,61.56790431796738,92.88298789333948,74.73424602595581,88.5930671485546,97.40101341840118,95.88962951915342,87.51311365958888,58.02103520248337,85.24286397177144,54.38633856862141,48.77065319084527,57.47760757750186,63.83197717351915,53.98693838724459,41.26251941911461,39.87556071518362,41.01016178107836,49.61971584272217,56.97579760766998,76.77455728785061,57.05033330988051,60.8032523131968,54.336336772341554,39.0637938521557,40.43089629015856,40.06954918783591,40.77802945194814,42.67245655103461,41.61012188883264,37.72701098617039,38.23327623406294,36.92390308823942,40.202011640440105,38.92444695796379,36.4074688468324,34.72379280461672,35.63242614951511,29.960125433159924,24.748257013025587,56.31748215370965,32.73060163454532,44.92106841972892,66.52506840165081,35.33053439410874,28.780076273280585,60.35582873564044,55.01670584060564,55.09297496380759,37.15193615624559,22.96972853751256,20.857294192269077,29.77785697808658,39.23566434267715,60.00533973774326,62.27291993235927,43.82557120767679,46.95975103719475,42.53563125743349,61.698528941511455,58.34553425068909,60.989208918561495,83.76193059387595,72.95199726761834,84.91087230082333,74.00532577399464,73.85663882573756,71.69870226840916,85.91743037497784,77.22506011303601,74.33740701819806,74.84182959444485,70.13888662075385,61.78705116067349,73.15249311909562,84.51125411856583,87.32794556610493,79.19606965498537,70.56784015387282,74.50555382410793,67.09007141131283,73.13799149907062,32.233347838423775,32.55222153539915,28.38712186824496,27.65571470183874,25.699916528864904,27.69563137381409,32.65739713734247,37.62463621479871,36.58328783985253,39.77598205442977,44.85068865986575,51.78867113101707,57.31343052160447,87.78200406039039,60.1832909080743,71.13994386927409,101.21995748333448,116.24619799495964,116.61875458805468,105.2021383961275,101.17478215452785,96.86199339310244,70.9356078600775
1991-09-01,38.71831356418088,24.495943751334373,35.27426886558507,32.978037881219976,29.24740076914581,29.928684397864565,50.48230170834489,32.695473063180515,38.45236738133034,49.84595752093039,40.52845545715656,29.54571150448792,40.43985320103933,31.720308497812407,14.422731192509902,24.129905438989383,33.21966590335496,25.21706611675761,33.1075185684969,41.96219674433252,61.576936884879,56.26063336614778,56.1658069069573,76.23679428250286,79.82745723733497,63.75750131304175,69.94934078821272,65.60655724898103,88.28199108857798,88.07935489863165,113.2383214763618,109.6903834396442,23.99812797197936,139.24306819181032,124.9554124355874,125.06896963618726,124.36517850307622,98.18114790639468,100.6681987265018,91.5454760314536,84.0177863150806,90.07590510321072,86.57852296292941,94.30950353993828,122.2812893622452,118.56612390049372,120.013787089154,126.38896389437367,103.54773221392858,100.47648452322689,119.4075926709617,151.02002718631223,148.87007768054167,104.72602613991424,89.90033574413519,83.39063779274304,89.66618468813988,111.07171555143644,81.27230635084054,70.61000906553194,116.21343317135798,66.58282846966715,133.98965353033276,137.7298031863615,111.34529087703844,134.85808636181918,64.54686912271613,121.62496086046512,82.65205836433277,85.44391153570498,98.30794320908387,88.60743742926243,87.42732618285523,97.1855896485248,101.66354403156564,96.99572989530986,119.474908618739,109.15485335158267,112.23029713129992,115.32307118629794,78.96074759341984,92.11970115044323,112.8995667493821,100.156333998733,123.34634719794252,104.61834167707076,96.1937293741551,95.72401738552152,90.03435599544864,87.33498803394434,92.5722460801546,87.18940716432313,66.05111693850088,63.505900160470425,79.78366454619905,79.56516917436123,83.16653478847405,84.02743311653842,84.73078582597846,90.6865281117555,84.71111318239953,80.5668907136351,56.4571439580603,62.11961905151741,62.17443225973557,73.14841429207839,75.84412347397854,77.56557912473866,83.74060500051739
1991-10-01,42.12704112720064,34.24103598744506,38.26643827542844,35.27606255598619,36.25026524713215,37.97331046141545,47.84408424241172,40.72900975533182,60.97185804326568,55.33562987349988,52.67135609447101,47.24283134805521,55.2038043708332,60.98501620808014,51.321564648625376,55.25818959459483,27.372699449738096,39.33024111482709,19.404957470544737,42.72756947018632,69.26229197631525,62.392609848536736,50.82056756164739,22.052120126551397,42.0348629240045,37.80227249779127,49.75735096807078,47.70580155676184,64.96496373032346,65.15035000080371,43.63850204384581,46.89420840645493,28.804467471223788,27.071775309472063,26.26309939528557,26.1335638960911,26.33493765882475,79.18785260441578,67.56221943242176,63.06891880899731,46.85516052547932,58.78002551339871,36.914177244435145,37.79021204311337,25.222514615317863,25.55029171530252,25.279449556397523,24.96380681596576,42.37016006464329,45.761867530757456,33.09205738006216,34.83267598826861,35.11498036657904,41.64015998578876,52.926469754278486,59.898448978627705,61.96884430983078,42.17525985052791,26.91003332405453,32.25322417421146,82.04893688638624,69.29422356856757,26.208257584293083,30.926263998302883,29.030499042480876,30.91892160306028,24.27010654362608,25.89865861605212,30.04569757463549,29.31916405453163,26.14367215917552,31.7455991342164,36.61574694768919,39.93037780838613,42.535335696001496,30.507491152543533,59.09710441404316,58.10122237068692,53.553273579687726,76.41661283592101,32.32952084046221,39.578073014660674,48.35458337023371,46.11641246310975,64.09669028915201,50.80050795434122,65.72007910726204,64.52923152142326,65.033254746493,53.86870644367207,36.61361483702528,50.64798006916477,43.46480472138523,43.25047294429381,43.03073073190816,41.08419198129199,40.53184259014123,38.2754745184629,37.45924260905104,45.56284256450852,38.08485480176223,38.17240360685347,21.15398100181365,18.897927856480194,19.89885307229672,23.65059268554502,24.73777367194766,26.652895068115072,36.66975570165048
1991-11-01,27.127281223688662,25.15556843325011,39.59278633158911,47.36083874692477,35.51071966008679,30.75354651302248,36.66952230809678,27.113511399561844,23.54133499706605,23.324457951505345,21.32564703872964,18.63361249535985,24.369989626765367,20.59266709426947,11.67208893019576,17.586011789159592,21.19669200071736,22.078627903898024,15.265451369032595,16.505059312895867,29.02602717114622,22.36281094622522,19.27197361593432,15.511830921573017,16.93480966885934,15.321016868609028,18.91813031700271,16.280950409256956,26.394921661639074,28.121255481883573,32.09926086490497,31.82977159249954,38.12254727103736,41.188906407019,34.41886828835272,34.8984460259555,33.81941454915536,21.686412739752225,22.89561645567945,23.531249089678223,26.24955590953376,23.86220760921503,23.381979343561728,24.27160873375544,39.66174030095857,31.25571390085091,35.39664901764329,41.0881762957513,27.622613443132927,25.93224090408841,36.39032214367095,48.937178996355,47.93766679298911,28.39192300168548,25.30958488304674,24.718427723256436,25.58534967469757,31.831844918242115,16.00787454138878,15.660382241400283,22.33528317748009,22.785265774336523,63.76959548964369,79.6292523616596,83.6525900755836,81.28920830254418,44.46877612920031,72.24968674846178,92.047305904823,93.38367515081704,70.07876828763499,104.28397425418322,113.54888234189036,121.29694173104572,137.9807481994832,89.10576879640985,144.43452608243416,153.38583919432523,141.92699492444018,142.64423681210965,101.9786519823231,109.11498904192142,127.04758896173529,117.27345368697392,140.65605302638738,122.4002532073504,24.263192247556734,24.358536133617907,26.6032308345824,24.71288175576965,21.46951041618176,24.066488503910563,20.43828325432724,20.170648280753024,23.86834704124392,24.231251315025364,24.32364978553773,24.91934332963021,26.615375668300743,50.898429405012045,31.405775320875968,71.90982441866443,38.20727921361291,37.012989016673096,41.30347291975608,53.45376402231399,57.676593232147,61.11219091026385,103.8082706865705
1991-12-01,5.36143620748079,3.673986377169528,17.129933986853068,24.029010403176,12.795583652650691,11.629623516002791,19.63268815925641,10.920657097702255,14.920696529392083,11.169343304155513,11.03691320897839,10.445730084772052,20.85993751414911,15.60446465909646,14.813814217217388,17.69835792093347,12.578558835068254,12.383603351091685,24.84992616898504,26.42009219810624,31.424145688015408,25.265477143650045,26.89986509735091,21.07583038781917,23.10339946205823,30.56499685212361,26.021322405006558,31.819132847938384,31.99363809506847,33.139630448593905,24.083530030237963,25.38295171938069,13.711829903293111,18.74876224683869,18.299448460969867,18.231873864393343,18.302222500245566,18.563886230556065,20.940958368282374,24.778395332853503,18.248882105571347,23.264971138805738,17.712650285517416,17.9414316134756,23.240939478862146,19.93312305289872,21.65620821478394,24.66980958152472,20.71031595702993,21.19790616859312,22.87197570234347,28.42996205196935,28.017478638312785,20.927236153305277,25.00488718069751,27.73485700666539,30.540704195437883,22.954000204243982,20.89767985733512,25.698770387419128,18.32534972012235,28.71087692313145,20.669274645175687,23.13895131511219,21.655337283192296,23.001136691865646,14.3800785611921,20.278672729088605,17.443554595485846,18.72297098645193,18.288730255608066,23.505975796038225,27.48941140889,29.120667459201456,35.51400816129359,22.45320337982556,34.20881816205127,38.35359643649079,34.511637631343746,38.73501206036924,20.861589474848262,23.87062990161184,29.494107674985315,27.060253281887544,34.97958485889227,29.102177093211957,19.77565218086725,19.753101849279165,17.56662570974808,16.978077293564272,15.32275821593199,16.418625478664833,11.64622069513997,10.636300793954852,13.77034485946728,13.36503830732569,11.331032742298586,10.848905336084409,10.51126302945071,7.059731264260258,10.421847207874473,13.260211085944178,12.873958950714409,11.06068643172864,11.080170819819172,11.283837077528752,11.937648483317496,12.538459002921236,22.761756457384852
1992-01-01,18.21501848033227,10.934439054321697,25.91024009148352,27.830963692006545,20.336710014041497,20.93454155419265,42.10073843457155,22.656997597330545,25.837071025973625,22.46926145289448,21.662996487963223,18.775857953261397,27.383619780262038,23.898651094910043,22.333189670866386,25.113635920094048,17.413499365233783,20.01116927076603,21.36367897902486,20.21884901221473,16.61184803055016,17.529032823095317,17.92025329759202,16.39710680350548,15.731642241139705,17.039572461886916,16.444531488453585,18.29735864486054,15.601723378058187,16.007288047546016,18.90521175384377,18.49453582587636,19.170656925064744,23.985263570586387,22.740894988650123,22.853644371908757,22.587534917833025,17.949283846271314,17.51882228226295,16.13531267871667,19.317356001967184,17.16521642837121,22.971854264376184,22.156339389278,18.77057857774918,20.350392990807084,19.3503210778788,19.359587300493157,19.710367028323567,19.048094687677548,19.07064394574055,19.60417442417263,19.526188112746517,19.60490146055284,16.557697666944136,15.538757580575606,15.306879103166285,19.19933325169119,16.212723905654528,15.81603468339192,17.490680814656614,16.27850870628886,22.23192764105696,20.20997225306581,24.397161183601987,20.696966853693297,26.3592237360699,24.93893197414122,29.14406723534651,28.04366539172404,25.643897215933197,26.162700790854284,24.50408004636411,28.60547668419727,28.72641191326636,26.35696306183377,36.263629199537526,35.47373233345812,35.95171826266927,36.6012850389472,26.046121504677615,30.179223038248654,35.537416334590006,33.1386899082018,37.62760127605613,34.24724689101022,19.439739504630367,19.320646870442904,22.59467332729819,22.154756625448588,23.58789837612129,22.486862108463203,26.15027037386319,25.684685596555973,23.274769034690213,23.2650653853084,24.058276528137327,24.26317222659564,24.562554711067623,27.043711530764487,25.110279184489976,30.526197099623143,26.95333408658511,25.7234859264204,25.619491848721538,25.164883903235136,25.61652128429752,26.577240397316004,29.79282882372904
1992-02-01,8.300622110358228,6.042798592806507,13.010286373689306,13.346912880136976,10.810009593023766,10.04355938743228,13.09967166458066,9.550332283277312,16.228954463640836,10.5670847578102,12.61783825393223,12.44255863280986,15.88564008013181,17.52591262369135,19.379319618734115,17.46587532230711,7.364171293158759,11.205407338239644,11.90132355089003,15.455400489635773,14.465971576809268,15.753476025490889,13.353653776364675,8.3111126317396,7.297512817713841,10.919013475533678,9.855521537824943,13.24321589757909,17.512780303111985,18.41866575778209,18.9204776468415,18.81262075479264,9.456209904982002,19.77649140235841,17.869855484744544,18.04358026178355,17.654256453587585,15.665260861100196,15.11642032205699,15.587947289819018,16.00814969499701,15.388326115422128,14.562625080239252,17.068951751445287,20.350223448523845,15.746739670182588,18.120095840766357,23.371700945697132,16.26076941928729,16.41297990110371,21.204413799473446,25.247047776557967,24.85587499485001,16.722462567606918,18.23738447193227,19.14775597692272,20.07859228871421,18.502736153074338,7.65805492387601,9.112890254615202,11.504032770664374,11.282400704156188,19.594501844279563,22.182798937148284,17.005924492308264,21.53528127384308,20.83421604911343,16.815754420917767,26.764942070114657,24.15301698850505,19.79257300523102,25.45068751695187,31.307395402394143,34.070123635219225,32.72971092711457,23.793192557970244,41.27899068577592,34.24143011025886,40.2018147790392,45.74831288269847,30.61200573793704,33.79300522238688,38.72198860755024,36.62424033723288,42.92199488374656,38.2283666372582,17.0088905086144,16.9642036730383,16.094467618094942,15.239131978080252,12.634240673235036,14.7812919599675,12.96434421696728,13.477008184235826,15.261340431879876,15.592010944094472,18.617294807412797,19.436483239285103,20.72204923906871,34.541635307778265,22.64922560231802,31.783101258208674,20.68214833058672,20.43311766191308,21.04938076931244,23.652926702221077,24.401770619613306,25.371002265607803,33.076764697054905
1992-03-01,22.748338387084903,12.819930520926391,26.20108144161936,25.653967010437132,21.080740081066526,17.51372120544645,21.828690720874107,15.255979343201863,8.551099801759069,14.807023210731046,13.86220103429519,12.757710329477977,11.233704361931958,7.520118532194627,12.047704885435564,10.432366002349328,14.349232447780787,14.020757171178692,12.875954833917357,9.795509633087455,21.554634873394377,9.225593860336256,13.737633612724732,17.98937091834196,16.600994808454715,14.741599597095268,16.709884760271887,15.121730430224842,17.207703095579546,16.870355928655357,24.34730899892453,23.462069662920072,23.372456825760903,35.929259872357406,33.08687086644402,33.24656623600725,33.00195015859531,21.728781225351103,18.744660383640277,17.863171353804077,17.010668365644907,18.042429551940977,22.223779680156763,24.55448419171494,30.54404385417691,29.011637629668098,29.721092961854406,30.682218870551992,24.868076066894098,20.994768100654998,29.16265655978337,25.1463360381751,25.360527621967613,25.07770185386532,19.82028433539925,17.61658209471884,16.572587218948275,24.716531071338,18.68002595262677,15.641998385019434,21.29652483591004,15.79581654053381,37.90746907342064,28.99789371893566,44.13821608827529,30.467153645287237,39.54208946211588,43.32333761962655,60.51030543076252,58.38410944047979,45.946731791676726,64.86025638802454,72.31620086055204,70.32185249488296,67.52211227500801,54.33827680763447,64.59123960892838,64.39778671311014,63.6881268686225,62.53128435696848,71.66863946015837,71.50950623040546,68.99417569092749,70.38777487315105,63.71293232995855,69.05364381070798,18.65723669102374,18.455721252656303,17.8922409772076,20.022066500362943,26.79006076296415,21.85784624837116,31.068406330376007,31.66497825483869,26.46030128779088,26.637904080808006,25.989266289613447,26.42666433021133,27.17302721884694,37.11788313366304,29.0718609510293,42.10374630550883,33.38824196877252,29.285625649806384,31.7842885174878,35.8281368212139,37.56809576473249,38.78574630934571,75.50047154913723
1992-04-01,39.21035306628683,29.95039070063115,36.50263364668832,41.36517923608873,35.02470926729018,37.966349144450106,54.88306155159872,41.21172707745404,25.687054458754112,44.481455530157575,36.114462388243695,33.3862700733834,41.808185217524965,23.614363856413046,40.01027990362712,35.120292453786845,24.608365630481966,30.72657923116184,43.52207920727144,35.77923597303874,59.693156502581225,33.1638180257316,42.70290457419639,61.004549376308745,64.32043346923415,47.92354488333409,48.55667186625035,52.60497912952147,34.88505557071251,38.06336469176752,48.04455023448892,47.67092116172261,39.13117942155567,59.991338712292205,54.55271453072309,54.89066197946004,54.08060981597677,32.32286782573199,34.50223873993819,33.71846040252854,36.216686681287456,34.43327535985303,38.67847270075367,40.57246715502734,53.83705931078432,51.48159015737363,52.35765846250858,56.134631743010615,42.99416527637906,38.81085130484182,54.69528151615484,60.523787978131615,60.004272973430645,43.800527870543405,39.31270430629962,37.21401215419166,39.87880463711544,47.18392088654255,62.54731267316626,55.18900560787088,36.877515782843,30.25649681015515,65.46886246877072,61.03335757990013,62.67976286883239,61.55502616045864,64.52735645334187,71.88688838301864,85.67424060455805,83.74390280743074,71.51688959730284,79.11124317323102,84.63480772083945,93.7350936982671,81.79561474841677,76.39098044713465,112.48486471813963,88.97585442403926,121.59876890687372,91.95757098359594,83.21367326593234,89.61744340037282,99.9595170110848,94.96865321033636,103.80078623811708,96.36571304369,32.70669913886114,33.32780026687251,34.47720008457958,35.37318724239309,38.64875810240935,36.013088762879995,35.7279233551584,35.06088056426891,37.43287138093491,38.08842513405959,34.77068588075879,36.7564424935918,39.59253115312958,70.7473204515066,46.932980000118974,99.05195489036969,61.16968738807133,60.06217722231735,63.42243824182908,72.60944253024692,75.14103292261063,78.7748972520871,75.69651558784352
1992-05-01,68.47641499897745,44.93679354811683,57.5807479716353,48.17076619671952,49.54494636389314,56.7055132224305,86.91799206552176,66.01140727367242,102.29073741311724,109.77947473629372,102.38209085611491,85.99991192737424,83.48508758547776,90.1547630165645,79.74430743572786,73.99708441830425,40.89669924166693,62.46033097172288,46.5768155183844,60.63226833962629,48.05136766342166,63.64409008264513,60.8183834738831,52.30477621641008,50.63106015660049,63.74143226681222,57.449365875053005,75.7439280419663,47.45666675317207,46.93693403942712,57.51663277242281,55.89520100226781,41.74785050388675,68.13441233112039,57.66521728082321,58.09974333524904,57.18034946625571,70.18005896546154,60.586427381438014,56.185745819386895,58.40820705195473,56.29613173808886,57.399149128196925,63.10020529515648,64.08421790096268,54.13974599468013,59.55491351730731,65.43845224157468,57.031787753020026,57.072966129296,71.12207381208748,60.56721852878654,61.47706443109093,58.13491958152829,57.31845524245493,52.03062730857775,47.460825837663215,58.3405078187196,49.93803698364641,54.64910773629165,53.03995964863369,50.70673847418432,102.44559477306204,66.14374130363915,107.06785693349632,69.83494231573012,51.77516002545535,125.54941453468906,61.699004171953895,66.1135104942538,88.41399894316022,60.78054825520717,70.57533512866416,71.05473334180212,65.28454762625545,80.43816983288455,96.71226089151553,70.69873928797682,79.03035544863457,57.254843772484186,61.074027076935,69.25923219882144,85.17640573320836,76.481739912282,93.37378332965012,78.85883121208354,67.77464882057622,66.64578366058493,69.27638148092919,61.86054469623394,44.77931614599555,58.49156776153343,44.88079415387395,48.27381718799269,54.19133044342168,53.48729020632072,47.74254419335813,46.20033101741766,44.374924945799,20.216407505950126,42.816101213889326,50.08335952762791,48.54893660486592,45.11492167371511,46.61021013191724,48.302681048271786,49.50677210751188,51.06817171365363,66.48582067883106
1992-06-01,243.5927197682127,197.1356460826382,176.69505965833554,131.0170339914995,174.9718534205336,166.9323032883599,157.2401217809142,164.85032496774755,60.43186782574318,123.2820005519043,102.28729364760368,99.7685612571994,60.9939279965893,49.31451104299957,47.57661868956935,49.67132723546361,102.9333236194101,109.02365965196223,38.97054214349291,41.927023901821,53.70581373724611,56.67361352942655,50.4954681052524,60.77579122202258,61.88560371669016,46.732477366788665,54.82373533282456,43.958496183672615,54.9385499632851,60.61282649647541,99.97663147558184,95.66538286249556,108.49861764207915,118.5166302065376,119.7744329783016,120.0835026414307,118.97904782007996,61.32396569205108,57.95023095256327,60.16308702530158,88.68846368767791,69.6031838766644,113.88583515507672,105.7177088538006,114.20690659853952,115.66455251740592,114.60576787588668,115.44970868047837,94.84253579727516,96.87217102435343,115.87810370173256,112.69813101660158,112.3903573717496,96.89931400055588,85.27609466587694,71.13184045653763,75.02577070692539,99.27792969196167,63.19754320639888,52.43757045263349,55.82709440101017,61.63006929381904,127.28864511999542,112.50146751092804,127.7775493478662,114.2544282903614,91.20469285979048,120.44022303655892,138.64669136180615,129.26192720302504,118.11610141947646,121.52467989520363,72.75483326449563,64.2256603874585,83.33009325122535,107.16325258762014,88.6752346947801,85.39928297746438,82.85077301944035,49.3813930607861,116.93159025451264,98.47145871575702,65.52523511254589,86.74404103457603,94.47378438507332,88.08332496886439,61.16167310801744,62.45890449735319,79.74728388043201,90.16351308472376,136.39154280182308,97.55137758635472,103.4177379403705,107.34494206412704,107.55607565119908,110.85112355592932,119.83888655553253,122.0736112299344,123.0536811128312,139.83514641538264,122.57944237039042,129.09711440577047,103.07287664376268,113.4093896894382,110.05244865911332,119.9984931431184,122.43045849778116,124.96468500402402,100.3789895652744
1992-07-01,161.65124190037858,132.10567550538903,134.1262661527596,120.3259538757966,126.6649564653498,122.34790096349356,129.21204216659075,121.7309514673772,86.63610402116379,102.64544133783184,92.18899095282396,91.68021127284165,85.60888256545229,76.89003673630857,63.11975666333361,78.46943825206043,97.93512374895404,100.82040183402412,97.0880042854544,94.63363331583052,83.60452553635388,92.6732637149955,83.0060479247187,77.29301913008089,63.8584810854282,97.11111523957878,70.46436543252992,101.7160464228477,45.64402828608219,47.04078685305423,68.92784351495318,67.95421330824036,112.29510050296416,73.94532711338215,72.22219289233377,72.57533437061507,72.09708023382177,61.4772957473751,49.67681133348074,48.42621143840344,64.26104188476494,53.19914625673137,73.99482953793593,64.42983783394321,83.91471351195223,68.79356510122976,76.95145994971259,87.2514910108058,63.81646390622508,71.34328148183509,72.2462536611905,92.9932283876406,90.8901668777554,65.42804327528842,61.49881623647563,52.672699986116825,43.55083578922113,67.7948077078001,72.3949499846186,77.85270525120121,61.00679904566682,57.63792044281265,101.04875900107288,115.40481938300368,143.28243994602298,119.37577366555288,83.45910547676945,138.1931804172254,164.49510691092925,160.97087103686448,126.0489390616434,135.59602959591746,132.74893272806358,133.1223815612711,126.87587635252213,127.51759782332157,162.22916603135374,107.54878892666184,134.41099956699537,245.4270305784081,135.3097125199158,144.62793041953057,151.5989692841601,155.64550211761596,192.61585843656724,166.78264927941672,56.35004674898557,56.26900642546104,67.42996552113624,69.1839067520895,73.47044685018608,69.23792557346475,77.60386155277672,80.76446451172735,74.64377598918044,76.17471488173825,89.75815238334353,93.30403777944304,97.81753802533768,198.2009436715604,109.666878404652,158.1963278102022,88.8561945029565,96.31267894452508,99.32754909389092,122.65053095191932,128.00249764912724,133.64661013397568,144.58176219963832
1992-08-01,102.53601252510396,75.7172497111214,81.27976656854112,81.36754782135108,79.82361341229138,73.37632901431593,57.026218293893606,67.8257190291119,61.008820168957946,61.89988050647192,64.68784376626962,68.44802304310075,41.31346068095612,46.14026425549553,33.707373489349905,32.21009774427232,82.98135865715767,66.53296226121965,73.68794097425766,65.07744338828455,64.2570739919211,59.35526662947956,60.973005425698695,76.29242857666266,45.01183569319546,66.81250574242799,54.76966549156492,77.75240519474525,69.19808860357655,70.80789039432742,101.64446531770024,97.7849132344239,78.6576840388681,77.10663472746778,77.03231618939702,77.24524440970305,77.26958630918308,52.60178889116232,53.45854518215167,60.92329005043154,60.06938281096718,63.42501546076604,80.51313685363999,75.36498714017408,80.32997987653026,73.28149646572645,77.36045753305432,89.43436902633916,73.512278015971,87.64181829952565,119.05926482163336,141.06081342354992,141.25092214226152,78.80412792174708,98.88287082050265,92.16530603530924,98.24693733282228,97.25032353934806,65.03102636308225,64.41871324248888,46.4058645503553,36.21702216193543,98.27511862235792,100.9386157991548,125.25867474744116,104.32986332643868,84.61622603359713,117.30969025096108,146.9728097845707,124.8788532115639,110.389414899944,90.13239277816125,81.34148777675628,75.73495460898944,64.5178072922965,97.69276509398487,63.1751703351635,55.5487054271144,60.84491595520203,74.24635751968441,109.97887936454936,97.4033270644996,75.37481218870232,87.76051059063569,67.43213996791977,83.25497425025367,58.36134449529024,58.36060970708372,74.94019303065176,80.47336533380818,97.73666350870984,82.66893429538027,86.50180264260229,85.46240826874379,83.72441442181056,85.22455732834271,88.40558191059496,91.80996159314836,92.63999583793748,108.47433564228533,96.05416881487685,123.72937740241588,87.91000850250961,123.59683934097352,136.85073863085955,152.1975533452614,148.93252141699998,144.30377749941897,97.84585309659332
1992-09-01,85.28409367450656,61.32604779070948,58.40357061113131,46.29689441381406,56.80414792893015,63.92725110222537,88.77992580037186,72.59686204235368,77.27025478221742,76.27486774391751,71.764058091067,65.82947939519644,64.16751604227485,74.38048715185302,59.67164334300607,60.38956115545594,28.76617321667551,56.87080050314119,34.98709744068956,50.07220463010749,61.39380957229236,69.82770989932108,49.82687868656902,19.874479658311,25.76601426786329,41.43816594777184,35.71697299641903,50.28828584050797,58.85060577689025,61.71139158541203,70.00242136437338,68.7764979264374,38.52463516430735,58.1189180440529,56.3874714513924,54.993216357751336,57.296050438251605,44.46439028596728,43.88516259445654,48.67718126335865,69.9275724223933,54.98712282163992,91.98860658845636,87.24197192958373,73.44298065488961,62.39051778135634,67.1400026283937,72.26664709464032,60.25022908565941,64.06095627803147,67.44102152379111,95.6555170809416,93.14760868570798,60.82438334548662,50.83562193163854,57.45168029672828,70.74739704028572,66.78444830956282,19.6552168478882,29.724178061891468,33.84399496074392,45.288270091267535,62.21411550594366,97.38953175268364,54.521133489173096,92.8392887494618,42.804753968721016,56.5105263264169,61.07968582365141,53.02590418471388,53.3542677189396,54.17018571707406,69.42116661307487,98.33982515259342,122.33527161906794,66.5858513996582,149.88392513204062,147.87959947561137,165.96431528841575,192.85758080844573,64.89380876011437,86.1743344603106,120.55984530872352,102.86943185216867,150.16580951582145,115.18939824870448,51.25143352934435,51.84396911745575,53.65774041624014,56.497838060643474,62.449495925705214,56.1986046390528,42.365638077004974,45.29523281151078,50.36529378220361,49.313407132910456,49.22051875376063,48.48681054154167,48.480291846151744,43.758787008084006,48.851731054979695,63.74568000197006,42.96763370011816,45.66011320481979,47.30860297042239,49.87170023755089,52.91545697113009,56.68263848796887,96.40737577173168
1992-10-01,46.06108504294787,30.955911972600493,46.74992016927028,48.44102201761848,40.51728376583762,37.77370299789814,46.6732020854241,36.12009113421395,19.31152768093564,29.606730175473057,23.23691853676712,21.338629485925185,22.51403254005001,15.47059551054918,14.655952355788916,18.284310005257968,34.49668732090352,28.80760067196827,27.603178705043906,23.23357413223452,15.574644379397158,28.098484733735475,21.774078119005598,28.313394443197875,23.215719882861613,20.450290209102924,19.11815877473269,18.47340848177101,10.639738189287588,10.825972455079969,11.66062442609632,11.569281233320774,42.32030748091839,23.58291403925514,21.25767126220141,21.835873482900347,20.92352239043556,15.62069347757494,12.603502203552097,10.24014241711461,10.366732177292242,10.87779532520322,15.791991539032631,13.217377462986928,12.809460465948405,15.150954849903083,13.923528500053951,10.050987947310531,14.675256473352997,8.25411480996301,7.466640231389713,9.171597407175152,8.969688889004406,13.653932016574243,7.188088510288349,8.08564815843025,8.743015002054618,12.027911919590776,27.42953870729418,23.390208412054587,13.578905295893312,13.864297957308713,24.525178254685656,20.658708278972508,38.955745646193535,23.280458550448564,26.085765767965185,34.65089500032546,59.99903469408918,62.84539195868972,39.24272012595985,80.44607956435829,89.8343309021062,84.09827497030764,76.14105686320305,55.23617615369251,44.16006515834086,59.53649418806099,53.74938995004015,24.162627545413343,82.20627040936941,82.04779208117951,79.10261328395946,79.17694515532978,50.43123350350928,72.05833336918867,13.136526385996458,12.84534878058652,15.497729375118634,16.67362540204154,24.254554807920552,18.39016058703217,26.922579521352368,25.72593517112757,20.530543922610843,20.250631572249045,18.974626011698412,18.74543612171323,19.27402715091018,27.751287323084544,23.094679013565173,59.89267097155331,23.938854601956056,21.201021528267,23.592293040148096,32.32599286193658,35.96878539124435,39.79871950945261,93.30999688537447
1992-11-01,53.096572068016805,44.611139304400055,48.97320325531899,47.29333432702761,47.47040559028019,45.16459213817367,49.03569860351319,43.29815209252551,25.95156029089383,38.7616419985412,32.198429765162444,31.378151823216477,31.257027495370597,26.86103145330031,26.01225782282806,29.22397024654483,31.37952923685722,35.783002277851665,18.82471665400244,17.297637336886332,34.8886191735298,17.90147191244859,23.42178362961656,20.845025830900735,30.11638223488468,17.682194704443145,30.183988827391985,21.218106783560597,41.35502571676782,43.28523854360645,50.87673096603381,49.89012325807391,41.054534156954006,70.43742710431493,69.32889734107256,69.6153825571418,68.87809243834941,53.28412761007575,50.27387842253581,45.23179680118097,50.78427961586527,47.00766196726265,56.03548697716689,51.98775471492205,57.14820269744691,61.762232480906384,58.91989784619116,54.42444846546421,55.82240107423723,44.95625453435602,47.86812283159196,49.85997399790216,49.47117602370186,54.51932884059151,42.94154986702301,42.092438992804006,42.47009809282327,51.921165369932815,22.694094194208308,20.79627755250689,50.43838490141396,40.27887380935518,57.76830407677816,56.90110322156602,60.723630237658256,57.44626852954602,75.94172600045653,57.75319773208679,65.63434393543861,64.43427206922632,63.13275935944121,66.60742600423832,74.06073156790396,81.35125500154825,95.99258079549682,69.53597463875516,91.82418728820406,91.95322240651552,92.8295286792885,109.5495147589297,61.85790948770271,68.30735756394729,85.43025236230449,75.70951731640136,94.49099085854616,80.18035395510915,55.25802683175678,54.7610718626006,59.90143408266483,59.924799517780855,62.24218401472668,60.76832625237186,70.1314048776961,69.23958796453323,63.78744646253872,63.66129812778632,61.036647066650254,60.33161456165273,59.592730265495256,45.02227681288405,58.23586811331516,55.25431191073652,73.98127219631222,67.73536667982381,67.7868737544618,64.79382377563604,63.78321551698029,62.63709976453524,60.74202117846599
1992-12-01,27.458956736141943,20.773603992136987,42.7490647619623,51.968168004853695,35.78754114304478,29.760472179174773,31.5377121832244,24.84375269420157,27.460091811751745,24.120893169842464,24.903429680102647,23.478004174594385,26.57750027576091,27.19570462509371,24.22399555829392,24.26553410875865,27.79880886238201,26.806328729949996,26.01864921441791,25.096530844472447,31.610560780942333,23.51604269118656,25.06412619983608,21.55140453558267,19.423831531401422,25.369704011044227,25.022628027663718,25.43653777969384,39.25591317891628,40.1920252612501,32.806454447115186,33.60998539022788,40.65711247529995,23.468614969928204,23.25239275225653,23.215401189807388,23.39958842473704,31.31378391731711,32.602090448530475,33.62006969283119,26.70524078287903,31.79299148216782,24.859753902751823,27.4546738635015,30.329897782182208,25.725248921542764,28.3953229228821,33.810964267445904,28.21489895427353,30.62453354631373,35.589329944251475,40.91656045940957,40.56687071111162,28.929713439496677,33.86659781239172,36.17449132269081,39.28244922919958,31.907826651849057,20.362937698297447,22.786954026976037,31.454585830537287,33.035790517738896,26.13883764118881,34.95271509729314,29.81366185310269,34.53653887766287,26.28832762453604,26.798869371516663,31.7148310707146,31.308454509087348,27.55644337866011,32.815447671614194,33.973303693047505,38.42991983475029,44.238163067087065,31.405177012119623,50.13410707156277,45.98628119981158,50.02797863031196,49.138237928834975,32.45934209978825,35.25721314025709,42.437348652114565,38.83364044913071,48.4347080184908,41.06846162393217,30.86492613670524,30.72111292758152,27.89385705926972,26.543805052141355,21.197082129965192,25.4767739895199,21.36234187659238,20.561911957673065,23.473545305805168,23.38994115771048,21.922935427923814,22.00390602683376,22.18066344453635,22.34808087724454,22.517974478280728,27.27966313925216,26.639994245673865,27.132431672337948,27.583141855552277,29.129643716784933,29.249327132763845,29.22722384636064,33.217576959074584
1993-01-01,13.290765225156129,9.613743008649848,20.50492728567451,24.838934281367177,16.489424893558596,13.893061524833897,17.854472063199886,12.04553313927115,5.865588905831704,9.41099820290031,7.241535134038468,6.465707431421157,8.795582950715977,5.492172795170036,3.595322835476531,6.074803886483612,7.869250442454733,8.882409727844982,7.413197726725868,6.155591246898053,13.715510742448672,6.8510905713145664,9.767706281552163,13.181522064421744,14.05228497563919,9.499822885048562,13.89557362244616,9.293600409804007,15.341509821384104,15.331220134679644,23.41509587117277,22.346172767965214,20.654759113831453,34.613364623108986,33.039786487215004,33.17289659648614,32.95473728255894,21.723062249456135,20.91718137632561,18.61654285399458,20.46047513411684,19.61143072776866,26.7212661982121,25.77184778804021,30.436387131496534,31.174569236514003,30.71374651752197,27.65358601453806,25.820354392355043,19.450414716212148,23.69695278148438,22.63200937588515,22.57514172182138,25.338591752009904,17.715129191062058,17.05858233750156,17.30239630385086,23.9684858381556,13.4329175201998,11.861422502552164,21.75083321992029,16.62804280010715,35.80366792727823,33.370579300386474,39.37338283828957,33.964562347433684,35.604125305933515,37.89598984135918,29.606461411505705,32.13901640012136,35.334171310640585,34.561846918347015,38.18124741504969,38.72150318724889,41.34924817619651,36.51144302907356,37.20557041982489,41.07183316179026,38.46012824773914,43.529171636211125,30.480733938752167,33.1456430679941,37.5031788632548,34.91910516894514,37.85626836623687,35.73121864583599,21.00378223098209,20.81634816811959,21.22498968587041,23.21627993012868,29.595360843622785,24.479740418975183,29.727911700925887,29.546267325613226,26.683726501630694,26.74980004719703,25.803722702735914,25.459264187079658,24.99521743054889,20.68046447675413,24.739803739222523,23.4782467341269,33.05721006314377,29.95253846092413,29.915537584398816,27.17590355761641,26.70053733008757,26.18652553471567,31.978981014490145
1993-02-01,21.23618403873133,16.237089897319745,25.846737392752267,27.853691742677967,22.34074256068955,18.47436280135392,15.71632857030848,15.321687623223465,11.001458150348508,15.234646621651008,13.044476177599009,12.129639135468915,10.03920345575108,10.143783384783529,7.735530591459272,7.599048889820889,10.68894413446744,13.270787435956064,7.069156579358663,5.608330004017101,3.7300479025339537,3.8914566478332513,5.739247455673015,7.884911955140302,8.448283598023345,5.547486957522028,7.2233922831639985,4.725612352299385,5.025562672481423,4.685158532536587,8.327308076218246,7.754409142128467,24.53744556969411,16.20150685474878,14.166189720740464,14.549355321251516,13.89002064956122,14.357406842045856,11.656053096817178,8.82634912269506,11.732859542757742,9.55030172311241,11.81734963955356,10.315810299794167,8.79585846959149,9.854120189289484,9.250756621077183,7.571002849904806,11.007247525921418,8.821061930732,7.010849039180224,4.794682437605208,4.905506346402578,10.512294566834614,7.393716041615509,6.71950834564891,5.42674061622355,8.916350734389422,8.118229096465537,6.91825661774812,12.387357719415345,6.847333471884443,12.571218912697365,8.56924935015798,15.27175731359091,9.290588938042813,25.683969738637995,18.47979814668446,35.30805788564899,33.25357745909685,23.84277179812415,32.35769055899791,32.98887215278326,35.2684911222534,28.52435133081052,26.936751403903955,41.68260858812581,27.44922751237587,37.48129859438736,49.92119932481815,36.97710301052,40.35399843448121,43.00054175393775,42.41098412879624,45.15184662378175,43.29985114296935,13.681656374102165,13.41839539090671,14.68159585686783,14.645936667215084,14.854996940303698,14.905445616075967,18.53948075834425,19.47964171671135,17.332411821484694,17.776872742301148,19.89171486730749,20.95359253064814,22.370463975797133,39.93497303153592,24.97059645510995,38.86204801376594,25.22943003703961,25.577020137333733,26.50632529965928,29.847277025375995,30.562188288924144,31.65783382568992,42.68257970228085
1993-03-01,43.94186649132588,28.18240702104322,51.69060379695491,53.47740546753754,43.30772494604183,39.46744625669989,51.53580175383053,37.33135188425286,35.17789781470804,42.83150675497014,38.981807046079695,35.34955824771478,27.857273344598514,31.26952753262749,29.697683949555863,26.714737115560084,37.48540187777442,37.937464400933074,48.17680063613591,39.2411992145355,23.529309617306552,25.60724708799912,35.16070546290326,53.25388339464147,43.09436709652627,39.584641850340745,36.114871100120666,38.7529549295227,17.548307727404193,17.722282979383664,22.2712243952577,21.704114821644627,42.64800754697273,34.0399034204319,31.69355312542961,31.528223508078376,31.63094344806149,27.1237508311643,24.34189266388032,22.17935609037617,19.97731585774314,21.875846317945225,22.75391682355,24.302550772586503,29.12645993750548,31.30264761216636,29.741163219533654,28.264233076933056,25.78708609307716,22.47195313475037,23.340821797799716,18.72143947298413,18.824397416330346,25.50214700815042,22.307150900788127,21.528825575288177,18.75718118446858,23.35354556112753,50.4786921689164,45.41444276599416,26.80345140319644,23.954363815099743,36.90453892684311,29.94158628461621,36.69111821030555,30.64472339572937,40.50900443373709,35.68660415671425,55.06883481607636,53.75098303459041,41.279224420011616,59.497191348641735,70.55575540900072,74.98384312207975,74.50595512639993,51.62875432624116,93.2317841104192,66.86378660360172,80.80247402270241,106.5146170433992,61.95909973890358,69.63141202775594,83.54088507473884,77.73336146896145,99.61037027675896,83.3966650808039,23.95835630950144,23.50105451170698,23.15112668544758,22.846321559313925,20.75838345404014,22.41388838597442,19.74611391850105,20.19733482500764,23.503697015669477,24.22287401011907,25.99457330359955,27.609027934233257,29.477761079421644,48.810040876184495,32.30683351322143,51.87102875889058,40.86894744537585,39.53619323778954,41.4836939364992,46.9514337369733,47.831171932089696,48.87482720258266,62.49449895610013
1993-04-01,64.40298234799769,40.17307112167926,61.30245247520867,54.722319402434,54.60777849233658,50.33698029205976,55.20014739886417,46.70131176788366,42.91647819334534,42.578534834986094,41.2495750405862,42.231503580791696,58.94971799658332,49.251865424290855,69.18000460130799,57.99546881209186,34.01795619765395,43.09769778330256,18.50859635187924,25.11195220716527,26.143250050153583,44.23532224722754,27.25225602374102,19.07323301900736,25.812773500011808,23.8962107708458,23.495900677223684,31.666057832036763,18.620468440170978,19.436402976903725,30.46286789177802,28.910647413467863,43.99775139031952,65.4121424988334,57.38195930799209,58.05178660532864,56.43379916760353,30.45585856501068,24.860490840598697,19.440924302055883,19.65979550234301,19.91864776671338,24.953544253058755,25.06072381049508,39.05314663156575,46.35146972260178,41.57414337875211,34.95358945356338,33.67667671573375,20.795441367762496,29.901843930113326,36.01187130588922,35.375914975416464,32.586177714889175,18.1430097652104,15.788490304367466,16.51320088968845,31.306341753611,21.514907168446246,22.794792069953026,29.153758740318303,17.09717445754833,57.40659846242692,51.056515305908285,56.00466557374392,51.34037403389053,73.29729324208466,64.61937299867566,87.03813206210847,81.65606575097108,71.22102187431909,85.04645313427588,103.23568040164666,108.22421942166824,115.98500767747444,82.79306650312255,120.4924355469756,124.9357168768241,119.104101295369,99.45011984833526,91.68597668360164,99.913170169348,112.27767922123152,104.3279933487779,112.67345600895796,105.67131297769596,26.418882092657768,25.71997616138646,27.37166600436734,24.82373452608815,32.92227764168741,27.244370851502783,38.67785723078482,41.84211583112742,36.95150806286153,38.69523498707292,45.620303776955474,48.59463450119962,51.53396752050398,93.2316461266822,57.27860554578032,89.96087685046176,70.38699451405103,66.43459006289326,68.57980127765782,72.13297131214291,73.96436370654956,75.93188267345182,99.04612797983155
1993-05-01,90.1358746062303,72.85968141454697,76.8306268727905,71.60296379261841,71.76680436131201,70.93571936144403,95.73299638619388,73.43940447590445,59.19018563480967,71.19245703265821,65.00181978218193,54.14994293875334,53.54484575115348,62.3613709175094,45.91452959070616,42.26408935223165,27.442470891155885,48.01932704343472,34.52494227198164,33.81796402859966,33.25250419821144,39.34703347598324,35.481525801955215,31.874899166490486,36.68706437939149,29.43464780587756,37.58780051007174,28.826329306007484,76.72324901467067,80.53454789266,83.14107613231427,81.01664535760874,71.59386760884837,116.6620806720736,106.79129220758384,106.49317016747568,106.265986544973,58.518631231413394,59.03723067973394,64.38924206993599,83.76446803712818,69.87206561589711,91.15701134291967,87.12018783616749,103.54180962977586,111.72834777395356,106.68877406104032,95.41898874945036,87.2896557243828,84.49903050882452,91.37747931514828,79.94134470863695,80.16034754462528,87.43858362446328,85.13552427540016,86.48476970195102,86.48333138029284,84.74038478275284,33.33891278711406,30.21092323346896,55.38430108665783,48.5008870835134,132.08075184992867,96.05364479824355,139.67644646517618,101.0873395231086,100.39188004325489,122.13365922633616,106.2803715415461,102.53702491269384,109.37967499257704,125.04773605324276,157.6719065654406,161.60830593160586,163.02937561012888,125.41887499561884,163.6036162194113,148.04640463547508,164.72363342985676,166.7604967081671,125.69765269305933,146.67466756440058,170.4021427023347,160.0738528856145,174.50085144035992,164.58408440131836,66.23875603541568,67.2589672321488,75.393067664628,80.81758336459171,95.93697680806014,82.77258756772824,88.4798750204571,86.90185814664413,84.74869103419859,85.78631296996528,84.12595566470193,86.801289596293,88.45857819666786,106.03677278186146,92.7469283911876,141.33156147101374,106.19219253603804,108.94030714855892,106.8149560738944,110.24498270622364,112.119316502963,116.38466306114124,145.46936561523944
1993-06-01,161.67581253200376,130.68355726425705,142.71100332500177,136.0458655063963,135.97429257603068,138.0670887207867,178.6677442290392,142.22897920115958,116.10403840929584,155.59831480260746,127.58070390683936,118.67915385748486,116.72453803649331,118.11604662889262,109.13199316842652,112.06938516573489,144.93800624220407,123.95023889166852,83.57455826055985,94.72597386979233,99.62649105433474,99.70734987619,102.42727342823284,88.68265857642258,105.1612530124628,100.15708423752724,105.55719854286744,94.19573853301718,131.4689795321484,128.08947295377897,138.21266215202178,134.017318041119,130.94111366514335,128.24113026051788,132.17534974741432,131.7974791716563,132.25117614614723,164.64556226662162,151.5476032790107,137.31558171937837,148.3955300439971,140.2843540078726,140.7193191830995,124.30901976926104,121.91310176817436,129.2910105759524,124.815444678373,126.44208997073969,135.96207946907177,134.85231118370277,140.3332345619747,153.82676478150296,153.14106996626603,135.40656603313298,135.84592834579811,132.4765350533736,136.13736339191317,138.24703442673663,92.0757507088872,100.8648434071937,134.84701113036976,114.06572031852096,141.10923554551349,129.57375284164436,177.11632094064117,135.42622274211433,140.1322509171783,183.36785235031465,231.20744788041557,234.122319777962,182.5395578570561,269.43693317768816,238.0156771190822,228.3792386789498,195.5470056572111,202.818924616426,204.09492566659745,190.64522317205245,193.90507964079143,197.799804671371,271.63189340299243,263.2881823954991,241.77442065949597,251.46241528675603,221.3471788283161,244.7091334489274,169.13034932815685,165.69810787367612,190.46784453305804,185.01033781037813,174.06248243844925,182.7349830445792,183.1752919569071,172.98695845135572,168.8437780284357,167.2434966369932,163.59008904252278,169.3481852950564,173.358131325014,150.40295284500706,175.01992071346322,247.6527997925915,143.84142489290662,164.20925959179343,173.87387296744484,217.5519819582365,223.62095805760777,235.12675818115332,331.853192485966
1993-07-01,175.45117473771214,121.93599242081652,172.2993555777386,178.0747078448067,152.06582566715207,134.665991649415,153.52741387447674,120.6030201614871,82.57092103671908,103.98208619404936,93.26824702284048,86.95303930696399,104.0644843947402,83.22576567098203,90.48388267153295,101.56618688481517,134.46249530941935,114.65074952506647,162.8884277929626,148.52492667895652,152.19426555293936,129.69611286561022,147.0608087542345,173.03161371532815,136.76965391347565,126.18456255463836,161.55665411178717,122.7790208643922,213.92601286701677,202.1943595046077,183.30223877143763,183.83200758472705,160.41602762857764,150.03426310753696,155.03700374779126,154.45098354415887,155.11265944865158,216.8129844649596,226.80348746049907,241.8768733264131,243.98733793364724,237.3441711056936,185.30235445108207,164.6727932227841,150.57842315433996,153.72886056885932,151.41349843140648,134.78410597705573,193.26411127256137,213.23741406539875,142.10752336203956,152.75653786448206,152.9127425512592,189.28403005753825,236.18725755323817,254.2685657041238,231.6779848825297,183.9566595442343,167.59508694667596,143.91791437603217,232.442615953065,216.11657093120957,178.21205041816745,145.87834828667076,167.130646297574,148.2230240469537,128.90726284522347,132.0881324140978,120.76918122515148,127.28482206994993,131.29134932488677,144.98516807092474,165.44612955437174,168.39623665773863,177.835420296765,142.78092710325956,252.21478287894865,193.3678338288486,206.04545380225025,321.9555574059006,129.54786309407396,152.18584675657343,183.84106957930928,175.70185430001894,276.26256185723577,200.3148004524224,242.02225004204797,244.65904934418936,262.73975826931195,247.06130695174053,181.41826736955272,235.1312746402589,206.51704726475992,187.91454983387905,200.9114083664873,194.1134294257764,175.07371973854242,168.89723254812057,164.2392488491077,108.3034577739762,160.48008443340925,167.30317438009567,133.03915099779348,131.62017851051033,135.01999572581008,132.49536287066047,133.08439569131738,138.0660729535423,175.02102435777536
1993-08-01,94.83781384581826,78.0859206968128,85.10439753160625,90.06556302901477,80.8716372871672,87.17153136431716,104.4779849843048,92.14461408484811,83.90851077920362,100.93750221111615,91.03664945434048,85.63921901897297,77.94993398678434,80.17062253875277,61.20754245958355,67.51632997227716,96.88379016334903,85.4280767446634,92.29293872304862,94.37343924771666,117.52908366123512,100.82877242461062,83.7074392042709,64.29932096721006,37.867226378891175,77.28688314947729,62.67568988658588,76.81924132609376,80.14351514134928,76.88313874359694,100.15245036228796,98.52141661319064,79.58724183392512,87.13057731092384,74.20637165603337,76.42259150274758,72.98286637008383,113.09119481100498,115.33361185193093,115.8513884619466,116.055999525413,114.12235598276928,102.18418416968252,98.0708999677066,59.298160488011135,55.11993577723656,57.474031132128005,65.78721352368628,92.95107281083604,124.75994540302148,81.1551613914267,92.8438619404034,92.55379043044732,93.51386885168236,138.3014977311806,142.73303249684903,122.1152888957681,97.18696930774544,54.69428686741169,61.73965117228311,87.273184814733,86.76969203089737,76.99515952111646,74.68749438644448,90.66842815968228,77.12985624955161,128.99066000975807,100.90847939486233,101.85752129785917,100.73445584729816,112.8001099947884,115.97144057705113,142.10660498720085,156.67332934214537,191.7963649676413,128.89562969084488,149.84566310961168,170.55120924815154,171.01622370254495,176.41950584744777,111.74243522384916,131.58689243766432,154.36839017324112,142.98482293612915,147.3822681616716,145.96606398236426,140.49943027536594,141.3576144209289,141.60849340973027,120.49386577599851,93.33536394047988,117.01199727713708,112.6377344658066,114.35318471867444,115.50015199879104,115.33378710316944,105.45460216124596,106.8283164822255,106.57720650955392,98.17434395916771,106.68528501268568,128.1206352974192,118.61887999682658,117.76911581330492,118.86756940915734,121.72632267452322,125.21188610581991,128.1915302408928,171.94101004057563
1993-09-01,81.0911379395574,65.93395073038604,90.60946486416336,95.28710881711103,82.69646136761882,70.57794580822606,61.82670054895812,60.03629417218224,42.184624943233146,56.61376068363767,44.99880653161886,38.69465283042499,44.14117976247482,38.08530631942661,28.10863402663307,39.88611719736349,48.94070504888349,54.296985195549965,63.97973193197464,69.63825731491174,37.62615432646108,89.28040863113114,54.6104437543903,33.05593147957104,23.797561093935904,50.366856114263925,29.57502359784665,57.70926437847481,20.019580694262743,25.024339457671285,30.55233426026797,30.616464734743307,79.12868888277897,50.88982003350828,46.57993818029475,46.56958461673968,46.35979977495055,9.924047613102603,9.878992440387082,12.506678150729208,9.16087805072426,12.346262212375755,19.37777597936796,24.95329509858392,57.29200356808464,47.20857277136526,52.19960420154384,55.89256613838024,28.180851484540312,12.91839170666327,38.22298330641835,51.69853719596053,50.12398390607343,28.47957318910385,11.716988636677506,12.553888693317386,16.043405789479948,30.676706992963965,28.97737899748633,36.40324117002209,9.353411859224778,16.91952046842419,47.44595139680168,59.9020193893429,59.98764721078579,59.97977751285814,53.250253523134006,57.82689692417012,59.53299327613721,56.50543149347848,53.906522198500525,64.14306381355574,68.71741724751566,76.1218992211477,75.82192565309046,60.14283329339174,81.06310758115714,82.91423713796377,82.68048072697434,129.59964665620566,74.48352570804573,85.20881394002502,93.29293602339908,91.82072511781485,93.82567467592943,93.6131687466683,10.15962199753006,10.19791953692322,9.209810782573522,11.192443272728225,18.315153558009715,13.297898187382152,22.68077813700397,25.56661300610522,22.09153312701623,23.34367335903928,27.68220972943193,29.723346022118925,31.41367413235544,59.71130743206863,35.70804097806008,69.18584482021286,51.82193179821221,47.1001300412694,48.0972691840222,54.09164512894994,56.082539779930414,59.4371526652336,85.62176772747027
1993-10-01,35.80164546114457,27.012300619786306,28.877752870314318,26.65183051519122,26.851678293418956,29.068261553153807,42.281489183568176,32.397224160169486,19.430005822527477,29.52011199631985,26.56794912006492,24.336190161913287,23.74793085954609,18.11402674493128,19.73948106513063,17.778886914013327,19.41543308125042,23.01415178368916,14.724518345572529,10.662734441145863,13.649852137915715,10.81679444783687,11.988118901149212,16.186633622232318,15.41920278678085,13.306453995771324,12.664692368103005,16.47606334508618,18.188137618619,21.118403248543764,19.24877313303239,19.431173545784716,23.05386236900921,24.24845867333724,21.901722811868414,21.969339462619956,21.7106671655086,10.496105002886974,11.46415472181345,11.448482942164503,13.38015225906219,12.04088186356637,15.16724140839098,15.658841446409854,24.517782666892792,22.656186968208985,23.48596134112424,25.879407539093123,16.336352697203765,14.77799540555326,24.739709290458336,28.330790819425754,27.879800241501663,16.928316381849953,11.788668259815342,12.510190575229164,15.369455903778071,18.68066390667041,16.097058462730015,14.119196892746317,11.430683515161812,10.026197418345738,23.44363381078723,29.88544675304257,22.323349622501112,29.08856201541587,19.6295176040519,19.285372780713164,31.686808445895963,31.43979103041779,22.684947897334556,29.427620357467987,30.04378267659856,34.91345566967687,29.62786653029114,25.91982122923588,38.58827220943694,32.69126487313104,38.195342335308496,57.73525244276021,38.566854847509454,39.69561832317679,39.50486748536827,40.60346642107001,44.787038727558574,42.63131999531516,11.372633882491508,11.483247896662371,14.071750220936146,13.47120884859099,13.989587141688098,13.70976890436818,14.895307431955375,13.233993866732549,14.917686483229812,15.476819496136532,15.484115081157476,15.607977302764022,16.08976308357797,21.40052261053953,17.46047524195747,28.95463149429802,19.92283018388093,17.531270465661787,16.201043821140722,18.12205818541785,19.289280740468648,20.67080207333584,52.43723432583493
1993-11-01,30.78594577485074,21.9927627868667,37.60973867481125,36.90727816270596,32.47221702136197,31.77431732112424,45.04933073365792,32.1101028287198,36.811233496049184,34.72341552239263,33.0135189575387,31.20458752809889,37.33425297611831,36.43518226041976,31.012934850606776,32.47188519306719,40.96083546653937,31.927795398496507,36.19211423467752,32.55043219721388,12.856042242581491,24.07949466612881,29.23620243943132,36.65262478170597,37.28718967241306,30.16324842019055,32.179496802867,28.72362171379861,30.376452543479797,29.98256868629062,40.45554464184955,38.394196880333645,28.47324814558356,83.86071802276061,73.7071822224101,74.55819864389416,72.3101078592626,54.51725559098472,45.522991084184206,36.91537639124667,40.78956102938036,38.29616632750757,44.46992235800007,40.87935336650052,49.168162667549446,56.8391087845678,51.56127920118736,40.89162347450901,50.06769047497377,36.860439649941135,35.57816337378768,30.416941826750534,30.57607491367922,48.03268694550461,34.52065749692973,33.0786185001171,32.079400971646905,42.63144876569399,36.717442381844265,32.57187964029042,49.27154029467166,29.6568789873066,77.70447241085972,67.50993430504961,74.41194923780068,68.57600208957875,85.89166980742348,67.82638100517488,62.21060438845411,63.10575398169417,71.25170322009822,62.09585410436247,62.04625052796122,55.82391095807566,51.53149378376215,65.92307524941792,46.87542304084885,47.66714073333177,48.082660101184885,39.93707174151744,63.98374135583231,56.84113416413726,48.780190815894365,52.23187172295106,44.48351797616233,50.20424092789008,50.95212131984979,49.68395016021836,53.06233155316293,51.00195128595128,50.40118174255743,51.094674121033165,50.44468228953006,50.54919546432263,55.4705196443705,56.9830680718986,57.52273217236039,59.1469357875353,59.73383314457958,55.51129381560949,59.10900680046948,55.7540038600169,79.68727836012211,74.78470768560408,73.59769332825199,68.34662984552322,67.02512007221063,65.95405628129703,57.127795661569365
1993-12-01,12.580488813187678,8.917442062073183,22.4238937550583,26.636655111578065,18.61923954811469,18.80602313545665,30.24995098320001,19.069051544126648,11.907072457407914,15.259836052852144,13.24900520009392,14.581579969591804,20.226544525530148,11.67387064809801,12.083700377373116,16.808387648941128,22.39557512049896,18.91578285890776,21.032268208085178,21.69183439731119,13.22424977678061,19.78010682566665,21.175003651594604,19.768358845618952,22.938780246807028,23.314527903808905,23.36275655534666,22.95942308232196,20.384562628512533,19.73852868836945,30.865022858995356,29.37096122731746,21.029300082909327,34.310160541842066,34.17132494189812,34.10739035019554,34.14597799737679,39.25021639709166,37.41179447827354,32.669046460791044,34.95122099604906,32.99378956688844,33.22075046325925,31.67221536840334,32.46359665037281,35.520036490215546,33.89939010923796,31.97108104214226,33.36300456742152,34.749888630557805,32.63621766572432,25.43538643750267,25.924006306104594,33.37684389812631,35.30584108750086,31.45906370340262,25.817785851012264,31.649141243038063,20.23128371155425,21.03912364613974,34.42815668901586,24.501900006889606,30.093196017843876,30.15978684621889,29.82098062591161,30.156787364519047,28.810930798895576,30.1355907801895,28.1426221904209,30.099790120447025,30.339259035712388,34.44831379130115,37.37159141653491,37.86368317265868,38.75033211188913,32.882204484069554,32.58027117759227,31.16772053454252,35.02438972184096,24.72114645928797,30.336897666611847,31.814343582918823,35.14895866694343,32.391806496839344,30.43796994313147,31.63772817048313,41.43866723618642,41.24423542082031,40.26816739108194,38.23448046344238,35.445750681640845,37.57799269016965,33.41422037882349,30.806708032625888,34.209071286523766,33.783291892389585,31.017059382012807,30.243291619237223,29.244367176160484,15.55316949518152,27.40380934018925,17.511808598774948,27.54589499333204,26.95988321630395,26.52542399885292,24.85000085913396,24.359979398562004,23.428801214885663,25.31009581083417
1994-01-01,22.978987772371177,21.565113075596976,30.788916279511685,35.16336501289335,28.81180874820084,32.70892075146865,46.761700811969206,36.109658721771865,60.74502963875823,46.07311156643137,49.55164142249836,46.36480562132435,52.51813707576642,61.74752382611848,49.4357843209892,43.80297610853429,37.54045781325285,39.00384405426661,44.24059724850184,31.38990886985551,16.742812989753908,17.397377162270836,29.047264680988263,42.830057689229776,38.987462408316624,35.04250664825668,34.285820237417845,29.981653745197207,20.54818280190984,19.337598173572115,23.15856809490721,22.466693829245894,28.13025651770638,29.690097308001786,27.603006700831607,27.94299734474391,27.390527366344863,34.46829519823701,32.59004882516515,28.1893982525958,30.80317278101172,28.65557226540166,28.419674975819163,26.000324914849145,22.23158582108072,23.677290831755386,22.91834856383379,20.78047368548583,27.380040717278412,25.45845054454554,20.501195108813604,17.239717388240937,17.432849985799365,26.611364001715355,23.8895433428528,22.6722331107052,20.20359522867874,24.14938274842573,41.483028724209305,39.11556136684806,34.28683568261854,28.47714954621881,28.748827490202384,24.03866178117644,29.154591011344458,24.631557903187545,34.32818685387271,30.676462737306352,38.08452594174045,39.05545620544479,33.82180311510887,41.54485433486466,43.23588055769956,44.20560127457371,42.1894313826428,37.21095897761081,46.97078027098419,41.58357795871352,46.2908698677681,41.289474826850615,41.51250196148815,43.03331757051341,45.60297241650348,43.87761405954311,45.23580141288771,44.01851303014974,34.05293912882616,33.73818638496289,34.65264925396953,33.89464433782903,30.51636386454284,33.32795111934556,32.456379991327594,31.66861232270542,32.26296689050505,32.13994062636297,30.6462497317134,30.646824527599264,30.58985117308852,28.74044484775721,30.462710124446915,30.294843554452825,33.7614595460546,32.50130740482333,32.683403157861584,32.21665490319061,32.343652003511366,32.39163610559858,42.84696952532999
1994-02-01,20.90137288121116,17.000888998108564,30.646378056582755,37.45912973190655,26.155518377795637,25.729400939562435,38.54791739725136,25.88761549916904,17.251528879028726,20.56814748543051,18.347663144710417,17.329935352093045,24.746793794063542,17.388854398754905,19.12221113756421,21.45024768736898,19.200129555142396,20.867598292500844,21.07804597312809,19.518048254674067,21.731551449416607,19.396627368318345,22.429818240278173,31.14560161540812,27.394918951705534,26.437812402893204,26.265574920033632,25.587626748490504,21.00201048679562,20.25723091389099,22.063443298374143,21.67035375118961,31.87978111588548,25.896236491165336,24.724605536801715,24.83307741402807,24.65248099523135,25.040901913339376,23.63404153287066,23.61951342962314,23.045470231173454,23.520864549304537,23.618407783675103,23.60837404988412,22.720868612239187,23.618397338243383,23.1320613219676,21.18135868759841,23.828246768256868,24.486702942923817,20.86694869542344,19.025626508125097,19.1458856958927,23.64313963757476,25.1722900537011,25.06835712211156,23.07028860092116,22.71036498357717,31.088166757960835,28.69625112558879,25.215006079732262,24.208471869262254,26.950729353573635,24.17296151253753,26.82701469208796,24.431697899465025,25.654690001647847,28.67799210365177,26.460997086575134,26.2139049685106,27.161935302583636,26.735879522496774,31.85451360428403,31.27434013759653,29.48330395553664,28.09768593905588,33.045602620293394,30.305761015869216,32.87425415828347,38.57705175482239,28.16383379921509,28.91692411831386,30.42155194077657,29.847989952619457,32.95468844007656,30.728156127956623,23.150578618133693,23.14510358583107,22.980229696673334,23.496229605537163,23.74180237699629,23.55786698330246,24.39700212589311,23.80558787167952,23.610249071496387,23.60254311138873,23.433642375858582,23.486302934094965,23.834528108816272,29.083607074279172,24.909643514377606,32.83448328086821,24.990255152817284,24.56152187256518,24.611734647643868,26.168823144242264,26.766129544323498,27.458181297495948,34.20185880751759
1994-03-01,15.630087389971942,10.472605992717554,17.311458191929677,18.381514202041163,14.189229242420229,18.276460809381856,41.320298821029496,23.25136552947085,13.486695543524188,22.00444100154985,17.20816973537336,14.579081406104722,17.849172246579116,10.625812943571628,9.313795230128576,12.906661958179738,10.285246795803326,13.378828893579486,8.432985539801008,9.26459710295887,20.384514790273972,15.171446519679163,11.394884598726431,8.107815923592204,9.51296910101304,8.489153352828428,10.76883339229274,10.13828660072897,18.89285515313098,20.359436902570643,21.715965376462133,21.54915607332881,11.03662554988737,30.16542168035575,29.89363549144016,29.7546216072398,29.870292706636167,18.01726383824481,14.4672538009113,14.069711062619898,17.175626552869712,15.265374056112003,21.84120107640948,21.21188484553808,31.840785926164564,30.806666408232235,31.18251768245239,30.81728114499394,22.15353134410399,14.00625049971788,24.474691951570623,26.084496661554272,25.685141233729507,21.992066892496755,12.430089952169896,13.590533728355746,16.748984034195143,21.767723731119304,8.708088032571197,7.681869658639542,14.676912586680698,17.140647602907315,31.152609646239743,34.79532935347499,31.44934284578025,34.60301244761397,27.139035686885208,25.32113206768806,19.72275030850936,20.61704175575445,25.58763234994758,19.21111623287957,15.139642422195656,10.950019603280804,14.77036145045053,21.81880911227364,6.572773209894322,19.895176936312637,8.942246514211107,8.624513418187735,12.064509475352695,8.989322806941749,5.766948960596878,7.432156156817186,6.224104936308603,7.164089367809324,16.25467583877578,15.966426380348045,18.47105242927137,19.465764359570706,23.468169866058933,20.24620226521445,23.91439722452976,24.231659336719453,22.76696201076084,23.170751679280254,22.369752167593763,22.224947671224907,21.660806890530285,13.590610922345432,20.252439465079856,10.8975662569913,26.93962506273364,26.072672296870014,25.955311357197637,23.629075529269933,22.513874076577338,20.88557017493668,5.202691571126681
1994-04-01,60.13702784006981,30.62207458111921,62.81311246412493,69.78360241383137,50.7549874076871,42.400083753782255,51.01319657543631,37.16233700248086,16.1704545055113,30.949155460756742,22.565171269963518,18.836467029078204,17.660828525610654,13.78478745963616,11.732143870558737,15.202195856716996,23.798234740963025,25.624444529457406,14.077631400195644,14.996742318092634,22.928794142108718,15.646234679740052,21.08507918943712,25.82277398717472,36.26369552698476,21.48627210605843,25.452981953548512,31.725120392596537,16.6818128484972,16.319525973345208,48.181152663903546,43.89082215392968,69.80389032979457,83.08179135087236,72.65666794452427,73.0229430085441,71.92185602614394,53.1550494922308,40.89372486859831,32.39003411272145,58.49027339524537,37.8436289655539,55.58612588659215,54.19029145393538,68.8659486480161,67.50666298098149,67.82871414340283,60.58986497137239,53.03128259961407,53.44988188084409,56.19106353119915,50.6212616618912,50.936633040585534,53.55255707817604,43.01040989942891,32.31355073494594,22.95847139382572,50.9865516176141,29.313790170853977,24.898547546534243,32.35211750539252,18.12798681469919,84.07010731472835,82.37429046517447,96.11398549560612,84.45811755723207,82.7109071788265,93.11380301784016,119.20795718851248,114.47379734386922,97.85477374397924,122.14459599009474,119.8915417476582,107.66747147899714,123.45976704473952,106.68056221932754,77.53483929604883,121.86659365453885,104.49795871700688,108.97958441780156,104.03339302635322,97.2224942284335,86.38610830911045,95.92996498914522,91.96209079505422,96.61251547276062,58.07652863057392,57.37483613072078,65.4241670253375,60.26404964565013,55.52644921354582,59.62033470853116,58.81711619351513,58.70138205971652,60.59229996084298,61.16712820953149,63.25769904603608,64.62346617181758,67.02724473870161,89.92442241852439,70.49881986751615,105.17714254516386,69.17014598842596,62.6668706348547,64.59765411357043,76.2645648838443,83.73097803223305,88.90944313257482,100.75123052931612
1994-05-01,81.09131654107671,76.51711652565128,60.21811709913291,55.70818849776563,60.68914509475992,67.82447948325948,67.06730866795384,76.1995359371225,77.78754079589623,79.4926034056756,76.77152331137151,76.02486963155229,63.93008552831064,76.88655356217117,61.20881764960465,69.3239505048001,76.34730803042196,69.4437413985029,56.75149863509829,55.06852273635254,95.23284123724966,60.55925134320727,65.16795875393291,49.62726489046049,69.75911038318547,44.126445523534045,76.92146191556466,54.21495810515333,67.30651254898135,68.32370374088664,53.73328089876624,60.18822199278993,53.03029855560052,41.93099065267965,40.99946388578482,41.12829428799,40.85373423380187,67.43063983684983,56.85659284861813,58.6569031462608,38.660447539585405,54.39456408983121,38.1576306964233,37.04448137996624,61.93569740050072,46.06130125809708,54.562612604802,65.24067828337384,47.47454195247603,45.535956525360106,57.89342871514567,67.62211051899793,66.75886959914872,48.510706315835954,55.048914397002605,55.75669895519895,58.904829661878935,53.27657584787337,51.12162785490874,50.83251670152515,59.68141182922341,119.16299482417315,45.94336758883324,57.70348548468404,50.19130822717747,57.25481895293155,43.81734784626703,47.15014503190672,49.57008489394466,45.867942221470976,44.60549606018085,47.640238761062,46.84089791183969,48.88194172692054,44.0775505923221,45.24835682980918,63.23754421591512,54.88986821151158,58.61653252543937,55.40802592241927,48.29560659371364,48.038745827831285,55.3517661424828,50.87747803628706,64.94354592958537,53.60304898610237,58.73917189526114,56.65293352184829,55.46563159041656,48.87884716383599,36.140056402447286,46.400730671544345,41.70905938977864,38.52583863073516,43.93238204369528,44.349339677187885,41.56441242306904,42.456601411039465,42.61589404376879,38.134677705571725,41.67192037093219,34.37827685755413,45.456764565011945,47.26605119859943,46.52549643298799,46.76656013707508,46.76065024603033,45.64157273100795,44.87975503099943
1994-06-01,104.5302093691375,87.05415094671541,72.30056081787986,61.234153059556185,75.05766256223963,84.36207963249709,103.32016187411708,93.10534985875088,140.85403524202607,121.46855372522045,114.5305350866582,101.4686713484418,133.08134899049458,148.95286852220633,117.61381922356836,114.62481664581918,130.61082577357928,94.733753936826,110.4552306075448,113.31140699076784,114.3247024777802,133.45519991861605,126.2255093131744,126.73436815870306,117.89859276783844,125.42086883499394,135.4180390313441,136.9777608052411,125.39626188789444,126.37581267765044,140.99931893628886,137.80568495432283,57.57964148328745,142.7927590445146,118.26180764356732,118.36215346841512,118.33870707142532,149.69160075547094,134.387268290395,133.20606643620474,126.04736030996186,132.49243837064492,126.01671378379936,122.35546756720368,134.4217744607664,135.79637800882534,135.84949031046813,139.83134643815083,126.62083870939716,130.84356916806706,163.63738331231497,176.45020702616145,176.22819941003686,129.00284946468554,141.5283838918905,141.22194231856565,136.84295325877363,140.58054810938935,123.58877985500624,120.62904994813618,152.9311812774558,151.50397077253143,140.59704151090858,142.84382262538128,155.00864377303316,143.10266024028093,154.52915716471486,175.93417791491888,198.89339322640117,182.546417042861,167.90334129268695,154.78487510439555,141.37154568547442,161.47915651103023,160.6049607251406,162.91536092651648,199.07198495884816,177.79071300156684,203.59305336312136,141.1754752173848,173.3993562763794,179.43213673871307,199.6243495666947,186.1422006735046,193.9410974957749,184.96755601408688,136.6635877344422,137.4110411008343,130.07366119115068,128.1731430468893,103.7120181216363,120.69287837697482,90.3622017468822,80.66330469915005,103.8955631150284,103.30618247667732,101.8805473808702,104.30163266430284,109.43559667674988,158.5826092723479,117.2625223751395,173.06246787748003,156.66041864732858,152.7251951604766,158.07501031318947,175.45255603036773,178.56729665032717,178.33045246796758,161.23302315631545
1994-07-01,60.649692279302776,27.17684173004962,36.72442592256504,28.470079246338383,31.43339312747164,35.48139353357641,62.542522731528,41.858626545921055,74.88936216023578,62.72198287781479,59.850353272134704,46.79221886225415,85.33522489264683,80.6458829303497,65.97913362833704,75.54454408632338,22.33378678206573,35.80399089618396,38.50789080813475,68.70429149175469,69.53106748237266,81.67582377092246,67.94281512415334,36.90203922388774,52.623063031863474,68.04272580793672,61.46833839063788,72.62560305281221,74.5187443785951,76.38746600494237,138.3969048605083,130.35625571501558,25.683917657890724,129.2225134890206,144.7370090522494,144.23125113997853,146.79084713088065,64.24329231241069,88.24874703954737,110.2931207361746,156.4920622627761,121.81427294560262,175.15186306809855,173.11942989363172,115.64615323820152,134.46404672925846,126.0848587871828,119.60737678825257,140.54771433855026,174.8268466762172,142.93643848790714,130.98087205369723,132.62014403743237,142.53315129632716,156.95321810241796,130.8067071448267,104.54710295833355,139.6053623407724,40.27867620671224,49.86198778057049,72.04271440678777,75.93071140911708,81.55331756637295,86.95197779678962,84.30985556510811,86.7050360009266,137.83444455315146,94.74286099140834,99.31905339524492,109.18917900618834,116.80056025120923,107.20454844273188,96.5774019349492,118.57488760891104,156.59928737994852,119.43340639176188,137.06489466783938,173.27062853571272,167.4260877923072,112.06626770925216,92.5147954187976,106.4259021220124,130.89694531616465,115.47617332237144,137.7295365989767,119.42884757685653,83.38636764252949,89.83177542279697,102.93264752903458,120.42252179303716,178.0833758003786,131.6266271612884,166.86296009778658,164.4053558997322,141.1465873263382,140.46093622155527,137.1667937980555,136.18600842736873,134.01467680114888,106.60672547609892,130.44562626788172,105.28990227528838,141.76022137564763,136.78137252616037,138.0257749116758,127.8344348564858,122.07381799119696,120.46025926016424,107.16799281446924
1994-08-01,107.8999856344322,74.71512918668408,54.66440409012913,27.59219152637674,54.97047630900416,76.74093033718339,123.3990293254119,102.58826768600072,104.3397352052346,129.22087157845792,113.40098903202,100.44778737599523,91.95141001024818,112.40131464840152,93.6574184738368,76.66455002915471,46.34050394493293,73.42354948949254,73.29364809183164,76.92576736159783,62.353591195295,80.33364174941966,68.89824293486956,45.96770875494672,39.970527155504,51.14940582919935,56.31004145924836,50.675697907475744,62.03941723134234,62.78593368450498,71.28075772142283,70.91655198305244,22.956208135352977,75.61186456151746,66.6519113166527,67.98433519543762,66.15807035088639,38.31676880138884,57.49136002557228,58.62857016236255,60.312174699018016,59.29169516023294,67.20010406139755,78.73766329170034,89.03836041926185,74.3819684479347,84.46734360827617,77.30053791066328,65.35572347769535,75.04259515101246,65.68619004267345,89.97453322086668,87.99155801408698,66.4246304511573,60.66798089689648,54.98877373262461,61.74194613975377,69.09423772655549,41.73792532418924,48.73325873307183,48.65794013386255,72.386181938356,64.57833893462451,98.15717097073754,101.3995932054885,98.49357633407467,105.32750215930974,119.73617898751873,134.30771922743315,158.0592181795986,130.93715419139133,175.314774806567,171.32207466344144,139.27069729343398,161.71100068812245,144.5660836455291,98.58283152087574,135.47438121733347,118.2232699665134,70.28504903563639,127.5897055813838,116.75388779940084,103.6579325611362,110.16749851201148,92.8877477795294,105.84511031948595,48.09263966978328,49.72339776497774,51.84351583085942,52.68827363510661,56.99572582427015,53.58415481554404,65.8746712791181,65.69369992189263,59.33219719407344,60.70721537217173,63.55639226948209,65.82737648108095,67.38602230375248,55.09393886086247,68.51246441766946,96.64255617428871,104.01196243406892,101.69786807037822,104.83488708799996,114.16730375598652,114.5119941968904,113.05767629428072,89.30477528607452
1994-09-01,10.466231875152364,7.081371252378037,7.972999264555352,9.469619295939156,7.914250445833148,12.049566481538848,19.145069377087623,15.730868803265292,59.10599887331127,39.95406589966374,43.71499136600251,35.453235390080295,41.93747331158955,59.68427113476349,49.28856531301121,32.64657840245095,11.01965835716456,18.446853602065943,20.44597221205093,20.8742679090845,38.84698512266963,26.861695579047247,29.57318901001768,31.673263054245275,23.6271460392558,27.28031650630959,37.9064717940585,27.76531335597312,65.59356541000757,63.045852921544224,86.28457836611794,82.7141901363854,9.785961734315949,74.77959870013487,71.51440594530175,73.0041614920485,71.14728238854683,63.54838634617358,76.77984850737423,74.79067952100215,92.55488169093864,78.517030778264,86.97094205956982,89.37100124818119,98.98150450217564,74.33881310750287,89.41727998884362,117.02981381962296,79.12479751563622,82.6418010352768,123.2816264298326,115.0851181273931,114.80564151247177,82.40830290606367,74.74997510121575,83.06793334913812,78.08672627555144,87.40572182743229,28.922042012236503,27.816153538612447,59.69828283464558,53.74970333274484,74.80308768659226,84.89308823064147,98.31561342564444,86.83684322939693,92.87726705272809,101.94372900147118,94.90622327746036,99.92930982984277,95.72726551954176,109.72082685761546,117.14859378628252,111.64479510886534,112.89706379743596,102.41203883798585,103.7564871985671,112.88439859193494,105.51579136565294,85.08468478654444,97.68970540123075,99.57988036577052,106.13278481203724,100.6631724793381,97.3983738399363,99.28518055167376,86.2269312069325,87.00614039016573,98.17955828960396,102.2114149868588,111.16864661151594,105.18243822767889,136.97871255488147,122.52988234016162,104.36521648873664,102.14082090676187,89.51029719374614,85.32928267573278,81.98288825347419,43.14921624991429,79.23897642371732,86.20166069039989,95.60227944195528,87.86615377407165,87.03774103687144,80.28138901301838,81.73825567423619,84.06596841304572,92.8741430273226
1994-10-01,50.00214568905578,40.48765214181946,77.47500773119779,107.24047652866632,67.89340403357643,61.04771436474538,62.60445823216253,53.836149326218425,25.184646555933583,38.03179930269938,35.843694388567826,40.48239777472025,37.23136997563719,25.579341017936823,38.44997855926523,37.50606869114875,65.0924495895426,51.83812440401866,35.876704324940874,31.745741332812173,78.5724642073251,30.319790690268544,49.99822113938241,37.45471782985668,68.51334881171536,36.76218542737499,76.62098304033502,35.037786545939646,136.98296773365163,139.10858740040874,98.53277232439524,102.8674854080302,99.9083123153766,67.55216744632531,78.83082431743372,78.32828870598014,79.54127945170815,147.59899654264922,139.83275796276405,127.99215949765352,100.92021372227552,121.4829839223054,94.62539529902544,95.03988386623172,90.10155097577687,89.38036904003057,90.4749394626469,88.21116598703979,102.27723163469696,93.2126039209372,96.36421252861322,81.5690103306644,83.15981332324172,100.94309891562322,98.70041882800558,103.54069331739966,105.10198855154935,98.3507981314692,43.85162264478904,43.7774852208423,166.85004684165426,132.70259858792556,85.70219903679299,77.65188233975965,81.89092594579998,78.71388533640942,59.23139255931419,78.90366322041007,58.96811789471912,57.35924616832135,67.90106751131155,56.03410408849189,52.988002380441046,54.48797697422315,58.880988863369865,63.61019138029122,65.978716692282,58.99052156026749,64.83908885982714,58.21941287648677,57.831886508008,55.58531616639032,55.72409328780034,56.22370601167556,62.04190284097032,57.555843529507285,141.02205852151164,138.69694546547737,125.52697076583398,116.49368191816905,96.70121798060752,112.75302730774511,94.54333182129017,94.34250372552091,104.18678994036284,103.09992807330003,99.19202730358676,97.38179028975348,95.00176630606629,68.05909121078615,90.39735894225116,56.927679166849714,65.57181641104567,67.98960782865504,65.70560310844628,63.69634566897978,63.28624829254907,62.52497194349451,51.02277929081491
1994-11-01,28.79821649397502,20.11110581608822,34.83642341424812,34.99163742469576,29.847980377061987,26.391892450317894,32.84435724460162,24.07021328497978,16.539754786355022,18.0639637757561,16.131385401150858,16.13997089301988,26.43354093153833,17.399913115507992,18.041189079350573,21.05764097481188,16.363841941185107,19.06880948739907,13.571060554840267,14.731564863320491,38.016467910451794,22.185739805997382,23.76488690214021,15.989912411702615,26.20455002891304,19.48051103718424,31.614020996997244,23.87806830980947,61.95508788180363,61.958097079146974,55.24758884725373,56.004590521361855,23.750966083004062,35.945258698749186,37.35924039959847,36.85622920774337,37.69785418523296,55.72237878332941,60.74150646745508,63.55237010187117,66.13407560194831,62.59545164465313,47.03874113563858,43.90924163157713,43.18603282686489,44.37007335368505,43.88373664244935,45.72055606411927,50.39063897141385,58.06195978580968,48.36365074811917,54.185838454683214,54.00029747791277,50.661510419299056,65.54837029842963,67.19944552875364,68.1858077551664,53.43814541834517,18.061924267623848,19.642420856675248,52.140544418776194,54.15981964287463,37.52325212165962,40.31241918171781,40.5034718689195,40.56350292429767,32.14962046414252,34.247468090216465,35.97164563606928,35.52440581705618,33.56241451961099,40.68549470295315,47.67249665005536,50.02902111672776,53.37929632550419,39.00001488005157,53.63206961069719,53.07645539400899,52.22149556861811,59.08871517240083,43.23295664312225,47.70038064826991,52.86110586332418,50.38562334568436,55.03328643711507,51.56881275798928,62.71683927648154,63.374742407365176,66.28526964717165,63.64902076692311,42.80287194577566,59.24811484719656,45.879369393987055,40.09247446782901,47.67517151437425,45.87004442676962,41.09841059950116,39.06731158293368,37.79714657308134,29.5616522180462,36.455201393894384,28.376473293906862,33.541846809238606,30.80440405738027,30.738444631125297,29.55987308055842,30.18781116593084,30.8716934390559,50.41811378199933
1994-12-01,17.545270652867202,10.249479880020182,29.12072698515805,33.00202793856161,22.20633288659873,19.55979975754556,37.118609427216725,18.56786980957573,16.92417095456372,15.73366631362378,13.970082445393595,10.775113584024972,24.22288678644736,18.97509036533961,15.523565339649114,18.37056741563725,10.312077738530917,13.252446980195762,13.66547664846073,19.50216645218391,15.651949506025373,28.36643945824528,19.898147836018484,18.83561745515545,17.898213905389866,19.30487865558098,17.196798909871735,21.50332075269165,13.835828610749072,13.645942549751704,11.623278847238472,11.95061076449491,21.975148863637585,12.141893980335798,12.065295862368954,12.14384189986858,11.92880480598455,11.407571101102793,12.257813754309712,12.256097638402698,7.879352268636287,11.319946884459954,7.877636520004118,7.764241584148853,11.946238361343829,11.400044302864844,11.589247614860382,11.18299438021288,10.992946708565064,8.370932606462976,10.011393140265405,12.848847479580614,12.6597246663098,10.767283669322008,9.243366983309851,11.068901032620298,12.714820369306924,11.162273707166108,19.076626778165306,18.75642310332631,14.34468927745426,15.274283265431189,11.460260405217843,12.548187822406671,11.285446932090569,12.402206669697676,11.357737505195589,11.34618356447176,13.334805155837666,12.536533049330671,11.55955827914672,13.827738625406337,15.788827055256968,17.685108949996867,17.128623350031315,13.291907818283526,24.96381168917018,17.359602966803713,21.3073904946645,34.22093965357743,16.36468383715586,19.36675887886096,22.356513201205228,21.75030854801052,27.2961500745508,23.349091139395465,10.18266455284818,9.995921048962757,8.867805896593826,8.857367801064816,9.02969802343832,9.038354497464944,10.71334615050176,12.084481059288496,11.109642323061308,11.447991189737904,13.502231004700494,13.655749983403034,13.874317555126336,18.91828042513508,14.492211052678444,17.874299356171047,12.610935202558393,13.273677611488756,12.581581244068085,12.438421801478086,12.699472017959096,13.345161117273957,21.42403959149563
1995-01-01,4.986092974063929,3.3931262901935204,9.937786278183886,11.428673946695303,7.901531119528648,7.500552200732057,13.169291156336264,7.32141519030529,14.296286554594545,8.31242280499616,9.350292684101088,8.486463623981702,10.17566637441728,13.850072691561635,11.544080513494478,11.375755796564588,7.218997694211984,8.354319978362687,18.13603580552008,19.868109484288677,26.47367188978288,22.402016708223485,22.41862915535218,24.293144758069428,23.357731060092004,21.85218934895686,23.75548891163669,23.16693684798497,22.085269347500827,22.36328262967001,28.814851003712604,28.25895018191985,7.226793143227418,27.292127775623648,31.85746670777371,31.435937959495355,32.27346113650647,23.155153100039588,25.357170478400786,24.700117468846432,26.88936218487099,25.62815830110739,33.17396792668016,32.152348061312395,33.60288293979608,34.31968887680396,34.02120167148488,36.24873824546182,29.85600310079519,27.69226038164585,31.81794042647713,30.550788624540004,30.31665462443169,29.967277622063847,24.8497978318392,23.087014468926235,22.649830116296613,29.27106520500808,24.167318862814746,23.100897987280742,22.493076870028016,22.75855710710249,25.44346785846245,28.106904963729733,23.2212012543548,27.50696190956965,21.77155236846324,21.428980492827275,9.019016888213656,9.343629476624756,18.654023327132464,8.300020113777512,7.779418250730515,10.002777670686758,11.879760978108692,15.320478928201108,21.981290853964595,14.881197736787056,17.75641283678387,27.953156231862533,7.8723629835575535,11.586012530092894,16.107413576160216,14.815194789061248,23.95866608090343,17.151730786658874,26.147214383428004,26.20875262980143,26.64002391026106,26.54278435310984,30.732225026956836,26.976813584683256,22.491310185395704,21.68197915417125,25.89106371749204,25.932992102185302,25.161314055785947,24.846183294955743,24.30336332091684,18.404493182702318,23.62268054129525,17.701361870294864,22.47201091785394,22.104360573151176,20.828949071697124,17.962531498944763,16.99660548992886,16.50259932588884,10.480964031042388
1995-02-01,22.62751021006086,8.983095791656103,25.76482445129686,23.974167431952058,19.06574112183033,19.073352901185874,42.04817899405887,20.73577459620241,13.78350713504478,19.015319144468904,13.068745893952718,9.399924832776852,23.450282232551487,16.665700643749833,12.551068154707265,17.669485296100234,9.298858165730094,12.30774919264389,13.22356130124108,22.30209910642887,36.33310123477441,33.23761600521155,25.616456322750544,15.378707599268957,17.243803044733163,23.390656289402237,22.26487212223787,31.537095865109837,38.037488282415325,39.97468194143569,27.81529986999965,28.918359531874675,13.780217232939483,20.8266010197928,21.639640812174356,21.678763521403056,21.640958124003586,21.439013740117545,19.014675175243056,23.487907815750525,18.000940284643953,22.356238121015103,19.27731926792043,22.24312704294344,30.72575443929196,24.34911636351116,27.97615371381965,34.14470386681083,22.4208584895984,25.338391611923072,33.72575638646694,35.28037637487996,35.204598595105665,23.663694265937245,30.648292441345315,33.75630109141022,38.62453424847505,27.233073937631424,14.832688338802877,17.921404631166457,18.91740936868161,26.86939406723321,21.265917928489948,28.808859016848533,20.42381653827495,27.783111494184844,23.39846084334824,19.0992290453498,15.692062422026371,15.013966305792744,18.53699853047924,12.356040305248964,9.667807752991314,9.030813354269757,8.076717557462423,15.180321560502286,7.822889512505919,7.4075900331863425,6.886131909450485,10.79113851704263,12.632698494336326,11.54982932263058,9.612836931070149,10.799013904026124,9.49069951894816,10.594092937142156,20.22995252021145,19.903296067089983,19.951588954881267,19.56182885893921,18.11235933569464,19.51959492858704,22.47183654643972,23.174190290954304,21.903623489623897,22.39599356641709,22.38800703302084,22.40368622354993,21.653494379298287,12.877580813911267,20.262758386326105,12.146081842459871,26.47123412529992,26.77382538245618,25.119817376875,20.957438527208453,20.146474719107704,19.10724067452247,11.215431302322308
1995-03-01,16.025620371304832,12.470235300537972,17.760846144529765,18.645687962599972,16.97998132862299,18.76053942784017,28.78096814930468,19.871785519214374,16.031643534181427,17.693772249426402,16.228922801791896,16.824853947792782,23.357009347102704,16.411791738632758,21.70721133382265,24.9855009321035,43.857055431931045,23.48337063718211,47.695817718958565,51.97034171627002,62.08474390593115,71.9493268615687,59.41758656414191,60.30506109551374,58.19061835390614,57.36116591819475,59.784390590455374,68.77925668976171,50.20605967924567,49.72457849276277,56.77023583730637,55.64862169967659,16.109596375747333,89.47462523295977,86.36992390932862,86.29713517050966,86.29271811237044,59.31869611564757,56.36229866157661,54.97615400616439,62.17024215967289,57.11486851287295,71.08549926451134,73.04237026164716,60.06230650971765,81.23986871252889,69.56934343803141,49.54326155293947,69.57955838834603,66.57561871904315,51.159086019847415,32.88411653046028,34.20015304766651,67.7701978330177,60.438921211371806,56.19066261513198,50.83139787611485,59.57136425495765,57.42690456443814,56.57504312776052,61.870060721339534,52.612827947403765,78.43628598782294,46.357234858797234,84.66901285943703,50.776755867782114,87.17671540055137,83.07168850473136,88.48540394323649,88.14441440407802,84.61939317005242,93.391930632742,89.12699967164558,90.85509911011494,80.95837108150373,86.29034077245166,93.1686919239083,79.60043591915571,89.65981113731009,86.69959418562175,94.96644632495358,95.35444924599751,95.0546880148657,95.53467240728163,94.63221584362113,95.3967754700731,56.70551681196406,56.925436163107584,59.73567292352713,61.32874676640425,69.05605157330696,63.06082918994282,67.29704951956161,67.41012645732067,68.09490265376866,69.0594017750939,70.18033477926367,71.38830893157352,73.07247123359276,97.66776312978202,77.19097103439694,102.21643488986255,86.39834570066934,81.47864671588276,79.92489284013668,79.0875230740612,80.27643943940143,82.63865524122724,96.3400069825506
1995-04-01,95.03950049630066,72.84943557122642,84.74760040481952,78.86243858593534,77.7508570428131,69.14009167875452,77.32265831435778,63.83775507361192,47.02405517850616,58.80462986703117,50.13439799663338,43.24936777835875,44.96698106213432,47.86160625246442,31.53634675775478,37.86173807272718,44.476910740125376,50.992118585382165,33.35416234825149,42.312650716968605,32.133553195354935,43.94186353369935,39.88345398053228,38.6776501709557,43.26291200950968,43.13047629644191,36.89146650698165,40.22050916443165,24.648516720288104,25.229242186361702,37.68016368053632,35.83970867473205,77.3330719876825,82.38000291933699,67.98214429295425,69.80234669652887,66.3698372945945,32.18763646968302,30.128407551003992,28.27207291275491,32.13886871315937,30.10648571653185,40.9929061522602,36.80381052061848,38.27080141523834,44.82032723085688,40.97434638518346,34.64560943841382,43.28094770660933,30.638236671040183,33.78221369095395,34.14487808844641,34.09238444137729,41.60974951691245,28.074260071359166,26.868378221152543,26.30928319896084,38.78995984083525,40.27401610532437,40.65715252657076,28.40568531071781,34.19708148825608,79.43252057240065,53.10184458141026,89.44881342747351,57.39579085729727,117.62625958690693,105.14305219983208,129.1775380808158,131.13215759329867,114.6070932968904,128.86727026470228,119.66956882907476,123.4212758461455,119.79825924708736,117.6423180931126,133.01056013448496,136.8034589524563,133.07250794422575,155.6328521278426,127.46322582516638,132.37757265997843,135.12719668178084,136.0715726190668,137.01304810265611,137.62474000902102,32.120910977564066,31.68041238571329,34.63485435905062,38.78348259102723,50.906435626129806,42.13788328223142,64.72788013999497,70.32779121880233,59.89231626121381,63.46254480269098,78.56504826190815,83.50416046831164,88.81852921569431,154.7878746673949,97.00912551303956,137.04139715421155,113.25661170345894,113.80349940320934,117.57205469157616,122.26246214009402,123.12708994967696,124.68427641072076,132.54379968551402
1995-05-01,144.27352490693562,105.57683236840478,132.70736160601297,133.53238477711608,119.16340818938856,107.56259492687478,111.53061152919028,101.57021760711532,58.289599337076254,103.12071138575824,87.86316391422123,83.07628676350203,56.29597402221083,54.31135041710419,46.32589414449987,44.87733567175233,39.86513067047773,78.4706903756143,74.7694894959579,63.14455228833892,86.57520099362891,48.807431800243904,70.62030944232558,79.15184520939381,68.77228332916863,85.05902681166165,80.09699296195191,90.84350229327418,81.83157194139012,81.32879221456736,65.07081840771319,66.79309537207729,129.37564939392493,68.41213609209731,65.19504180019099,65.20774292676025,65.64289962385209,76.3750671659052,66.2258395550306,70.83098633677014,69.77797634972282,70.41119661985995,68.36572534056674,68.39341792721979,58.94554973571872,63.07286128398432,61.13494020192085,63.982759871529765,68.75527895509444,77.75250756542734,73.69946513414169,61.669563292619706,62.56822527665995,69.51995848840122,80.28000057090071,75.78176367808867,71.67173637871943,67.22368516745327,76.29753057236093,78.66106734168298,76.87599791937446,86.06219844808228,69.11320722803282,67.36056445481603,75.42205235995166,68.79584555139019,84.34614725276732,78.5723422889753,104.05711414235188,104.42280291508987,87.26361471103566,110.88178441237568,139.15204680822606,149.32603723804726,154.55743631558093,106.19284677336996,177.91766973620253,172.12024543224257,171.52800114622372,171.38734142472194,122.84278528395012,139.9738962256054,157.9492794062009,146.8354373249004,164.3435119247958,150.0595858193565,72.59177751760284,72.0995992811775,75.82746349947432,72.29464820820017,72.83083439708128,72.77121102471813,82.44289072781118,83.58561700960055,76.16765985069691,76.54481866192228,86.62028807816608,89.71141113737731,93.76849950932888,155.22597089213676,101.04974042069644,135.0342798670367,80.60781682504769,80.4659455669741,81.63832911091248,93.41594302319118,95.77544896712004,100.50606475696864,152.13353592560915
1995-06-01,169.40530668494583,110.47053768690785,181.65219569683475,201.03756953665587,154.03172453887103,129.62796506196895,131.62839027444446,109.47535048897863,95.26643126612828,119.65184760439314,101.92350691889747,84.8795561066817,96.2928797514334,84.38337936372446,71.31669064962286,80.41644642373242,81.44567053465781,97.46405692052129,56.61708803656319,74.20081280559694,100.24644746913756,65.78857289996196,77.57419622890248,60.41744989072424,113.71851080604353,79.11650523727954,89.45776777784768,99.54417633306524,66.06441319098181,67.66649220654442,63.61673458310764,65.51450579393384,204.37117161442967,65.5429183585592,54.30641569048211,54.87663516065522,53.8421192586018,99.16608957457986,100.7645552594399,82.81119648700893,72.0962719023027,80.53336317006233,65.98926127967003,61.70839774591509,58.84629953438723,51.23172223992505,55.36493610677874,53.704906064319374,66.24410427958533,68.16101530176012,55.16515191915704,65.49815091979556,65.29602662863945,65.51874783777998,59.347306223963926,53.92129910048201,53.00684926645828,64.20937574123346,73.03575534390815,72.40756982818293,119.35154210952166,104.17248859053562,70.06026103801003,62.4959516726194,82.01425125085896,65.27364638844846,61.69797663662264,89.54061056728806,97.89234810979946,101.35630701054616,85.02881999599113,120.98374001835046,120.73517578904654,117.85814557877173,114.66486338464988,97.99479967125502,108.93312409159913,109.42560133895444,110.00907447932993,110.89385347108458,116.37526394108548,118.89385331635184,115.0676073833183,119.52110552161125,109.60777153519044,118.7123417973121,82.24226838119593,80.34712091021234,66.26609091733285,73.39279768614882,66.02797292157246,72.0681724128565,72.47247003190631,74.63493971670052,67.62250880151139,65.80269039754752,70.00504855734948,67.38154350852894,65.12537931616166,38.62761267234349,62.200360967000265,63.18594047357114,54.49581285758979,46.06142717292382,47.36890401538679,52.83715906472928,56.10144282623185,58.4249586804825,114.02054245515076
1995-07-01,135.3576952556185,87.24245152097362,81.92305150173445,65.32931456264623,81.5486053356771,95.05278741646283,141.56088087661695,111.46153754757466,102.08414160617497,142.12255788759285,112.58854647929832,93.52602222739144,107.72154710007808,106.10527742367076,60.28584517860202,76.903279407477,58.10106797444808,77.45241429923296,74.92988942386009,63.11447682886901,62.40497149538928,58.64078913152052,72.99064984238784,81.34046538562487,80.35446559869403,70.35616837864873,86.26769618269164,68.7378324329466,86.7278315794226,86.97224645353577,140.18608081877227,134.63789670839083,61.55951308072687,134.98588142598936,131.04109183035035,128.8183570857001,132.27148628533888,103.5275027814242,111.16290577513556,118.14980207973252,110.50593525065844,117.67207821391128,119.2287585956166,125.9819085426758,185.439159911523,173.72354446419533,180.71434349561665,175.27821920068203,129.05619437300652,125.40317460451352,159.54495512511085,180.09889258451963,178.30373699792025,132.68006501598646,111.18478952926093,93.52487648014434,91.08597472700544,139.9306828982804,79.72398891152824,74.89135668650701,119.39314636610082,109.75420418660786,135.41756781540732,161.6188205887056,126.7040395769148,156.8052033765171,136.29620276035888,136.0241697763512,112.62014492656864,112.16589176974294,135.40275642318466,103.47220029256988,94.5984484376647,91.63267941587245,95.10143508056792,120.0896430189992,87.72672879861618,99.27244414073684,89.93353680001991,73.84046250562764,100.8281809727934,92.77476840874527,80.17100668140839,85.05670329036928,69.12677060247,80.90449577571174,111.80299095864974,112.9113162611078,111.10190605001192,110.99493454192006,111.77991954581498,110.15006557469998,102.7572486375454,97.20981856577798,101.88608890969104,100.61711148511624,86.74299644516928,84.15623261845339,81.69631149306511,49.29694332303992,79.51722240353834,92.363712354505,107.06473481496468,96.95012493783484,98.16371150038071,94.40788924200145,94.65631275187012,95.55619107489434,105.5939209307652
1995-08-01,63.212190881879735,55.2987834080612,40.79961963164256,32.16192796952955,41.6724465429656,54.76394467929802,89.35422775305803,67.96817141719214,110.50924974418992,100.0606410778466,98.81207240211091,79.18015363943611,130.24305767258497,113.07209010817856,98.5322749007078,114.06942173852468,84.7076923609546,75.75473899736872,122.436870096649,147.63378577636223,118.35442610700454,172.37238407622365,120.4326369262639,95.08825788308212,47.20083538672984,82.48084324566945,78.51335089556184,78.73327844915154,94.69271104057098,102.35180664192204,112.89711485238702,114.41457322195288,26.501186695920797,132.5064716214262,118.63093112018018,120.17189435996843,116.60878803336108,99.89067996275249,96.66862197653067,97.96073559859823,121.16545865595488,101.58886250690944,104.2345965452619,97.5288671018436,140.36484363033907,112.87684135763382,128.15221821691995,127.70902148567986,107.77186599770866,101.73284020245777,113.65582675629632,100.8139578129629,101.32932681270736,108.64415565863996,94.22381199733104,94.62884333364632,96.18379530531064,107.42791518018304,79.64459986646457,77.15458705676775,93.27074755874251,93.22576712518584,168.2952442715676,121.34113269172494,174.8961701383938,127.12287462065764,93.66755725430788,144.46493317470112,94.35697897531293,96.13811789097012,120.07259098397732,97.05089975696272,77.9471871264779,70.40771094644587,83.81566951701365,106.77404254360864,108.73567374531018,108.19711179197462,100.20875514806193,99.69651016985678,85.97950605322525,75.90325310947249,68.0043047782865,77.50607570362934,107.92437916486207,85.25145255779856,100.594714193943,102.97940425049146,120.46930855598468,113.51068008146464,111.60641384412573,111.58016244414208,87.09577011490903,77.91775053775491,93.98835776162908,91.94398770526878,79.97473428272464,78.6556686793996,76.3635178208955,52.59621831677147,73.59500531441799,76.98402630213253,84.2736974802176,74.72968841684519,72.7398877043856,73.2518580466266,77.57484763339976,81.42159892254864,70.04327428474295
1995-09-01,52.40803437888885,44.47687003168199,45.14121284721814,41.04050813169527,43.88502701607501,48.40040530048545,67.68278726311821,52.5730781646996,11.269065379581932,42.02625384887676,30.12444773743371,28.986445112224683,18.501467465795574,9.330951206067937,8.470483998791218,11.729938697663592,33.05504139268612,32.69112424505146,47.364843120074326,24.66241364031244,40.69364051233083,10.174464666582624,35.90223721555911,50.43921514161922,50.534994962834624,52.7597560018019,55.98061979827421,45.14776165676064,41.00763072543474,45.14040682297211,66.83176645917705,65.29688444095962,36.90219964080719,76.09545838446728,65.99157032222027,66.53683389730692,66.32898226639551,38.10081721520847,44.36334592949412,43.88305050581518,56.06549611786652,47.07706876639956,66.42554274605389,74.65706681076091,94.20018009474714,75.47611748061861,86.72396747026792,114.48376091121251,60.47894895818766,58.507944555816536,90.50216275193807,95.5770402752788,94.45282269702714,63.61263782798111,45.8677506419321,40.80857562521649,41.52654155477016,67.09631765841695,49.02373748109104,52.872625567339895,44.30794856310776,52.678448532796885,84.49255047916036,94.62770840672144,91.40845193790486,93.94589648712672,116.77055814129253,120.34144923763034,105.18888389274412,101.6846540849662,111.61121169494704,94.78332797914751,84.68275552468032,89.86281840165258,83.05110114403232,102.73224346391822,114.29233266951856,105.9547708274567,110.97524707139408,97.34925638867028,87.31821188477696,101.41993367644204,117.83714528007944,111.89807902912317,120.71390651357224,113.73423623543732,47.3187059903825,48.26826565487301,47.68228815565634,51.31258823595938,56.22672197931574,51.95598755343589,53.64474706796267,50.13008144366636,54.44526327244991,55.89957937861494,54.67695770070941,56.73244994894519,61.21299769701611,111.04724532409264,69.65768879019046,110.83500530697404,106.46968364266502,103.31102482197473,112.53066173567758,112.93406868110766,111.34820541242944,108.87375728256237,111.255821555069
1995-10-01,44.99823099716943,38.289615707396734,59.807211291462,69.80761013563843,53.79413199608678,49.19453461567169,61.62433429241634,45.36205372606451,31.182518231630574,36.25388297433389,31.0037020329818,26.768085567427928,33.72900468858657,31.73086475438419,20.840155206567054,30.97680940226699,48.41208009429834,39.25092948921494,50.413098202428095,54.3894182564799,48.14251705042632,62.42556481674468,52.36024970956376,40.52994858905878,50.56452118542212,54.83382974817506,50.28237685485392,50.55226407053802,53.88221769135632,53.53167714322096,59.5021644940466,58.058641853555166,55.87767555591952,66.12839926139794,64.20395490972383,64.28682450593037,63.83151721106821,56.10770700740875,55.16216358019698,56.14998871961467,66.45128489779302,58.37051250669093,61.7215932459592,58.6516643496586,68.12760960491238,62.14322026524961,64.59893255944239,64.05945941086371,60.68928778499951,58.083642715594095,63.95794762513847,64.0764628197524,64.1493670560788,61.06566255426584,53.49649840834164,54.85678821871278,52.5944676747372,61.04550217674376,41.76286195936215,48.07170268602944,50.26112089496178,52.94089815666511,88.88290275661012,88.4405192709332,84.62362416875399,88.32827786641664,65.45478471436064,88.21323121445886,111.871929577822,108.50270740443348,87.08996469298339,108.64456759075944,105.01989391749414,97.82993298274964,94.736991109173,92.14947483912938,74.27237203768858,87.33303169908628,81.16338220937159,65.17556672464747,99.73196927974,95.99028042594269,90.51218962293696,92.03049765187995,74.3852939845835,87.89991953962073,60.96186916492391,61.17915330246665,68.72587561917913,70.50525824787267,71.36966028167991,71.12910502110067,90.06231536332923,87.02320718974417,73.281571173917,72.76150776037332,75.20208759112525,74.33955385962823,73.82636796183344,84.59402357563393,76.24320113574467,93.51805841045832,64.79459219826943,67.1896954254703,67.81089670498093,75.25209337922242,78.74614371077584,81.40899294508645,78.60585045160246
1995-11-01,40.13146061212972,26.213413239172464,56.48730170088369,60.64549184252057,45.98413566012307,44.83652054699989,73.5128466849399,45.67409603673816,53.429378994164935,45.61907957902108,45.83908047947466,42.775913739013205,51.32398546559082,56.004012608386944,43.55992376216263,43.544494531126325,32.88565385993964,41.8377530379835,47.33192096852612,43.84978039925055,57.27760983116513,36.10125275326998,45.6429488628368,37.33687092264993,44.21570140584741,49.95629791392424,47.19366706746519,54.28145697056373,59.431414330983415,63.90154883030786,46.01541734580162,48.68675972624629,41.89727345698735,20.323237753364012,22.54699994753748,22.109395833333146,23.054366728179488,32.7614003707872,41.22292587224519,47.81036654267522,37.13242453861008,44.67399678637676,31.26300096880874,35.917547245896934,39.87514475694768,32.186263122235275,36.77013975147412,46.628984051302666,35.78384657195792,44.37233304311622,49.25791908982044,57.14244786242432,56.677972009334624,37.45816781199432,49.89545194612971,54.52037019906079,61.770746678953046,43.378614688601175,38.13092643947291,43.90943843150416,35.95117894552696,51.78034816342182,26.483859867334,38.41255226494495,25.840538267743543,37.01391504359497,18.495710363044548,22.08538091214783,35.485770959882736,34.853822632081496,24.326332028722657,38.61769862792308,37.881693593720094,33.77912622217524,35.261058677737815,28.989847831642304,24.9716114382467,30.596740547728807,26.661046984752225,35.774282763781976,33.67868531765741,29.73971109867864,26.52116313660909,27.66580034504668,25.31340230269368,27.37487903467214,37.50232808621947,38.03532633081903,32.80678027331646,30.905096380955104,21.49848500589361,28.74885013737913,17.312400935009006,16.44416813375547,23.286960967488703,22.71490289976819,20.99217298538475,20.330796469500637,19.980587806261887,20.02637970294836,20.206475061713856,23.5972974400208,18.805672216023,17.766304951450113,17.912196646395387,19.502174821157944,20.464889676235163,20.998510418988765,29.285626806683872
1995-12-01,24.16714741597391,24.07608616984258,33.18605238224721,35.606065780462,30.418807022839868,31.62235194850908,41.31625416397734,33.10007305873762,23.419007822668256,26.913394390617647,27.3937965226026,27.670931494322108,24.58476142336021,23.67674863008883,21.8649731516586,21.71686800289682,28.444024242278008,28.18111881237116,23.33052353666148,25.27342876698888,22.965906662357227,29.59691173469505,23.80718106416436,17.43100508649938,16.239353274716628,23.20839276741356,20.3806022583658,26.349035964562383,24.501956926879977,25.004804708344903,29.20175111198901,28.53566601250672,23.552306866498142,22.116247491447208,23.1253811655718,22.919419690318247,23.32555168808249,19.998947832858207,22.0236550146135,23.280941956867636,24.10508869959109,23.61702305231553,26.12447867121942,29.12391094003884,32.11015914530705,27.178376410022693,29.986131501749377,34.98738718603433,24.70714436971781,27.240958055925407,34.13965340247324,38.7479799915169,38.37127628395663,25.75611989169892,27.59577596307824,28.85982004512137,31.17339799527196,28.612933180961647,16.75179146213701,19.23990364858056,22.03078598336165,19.85591135724863,28.61749866100365,37.22217186977029,31.73521224482453,36.69849380465898,21.05423959648844,27.417507621955647,23.221122725554714,26.001312127793543,25.678866693180964,29.891722109616477,31.064964966076708,27.73636604307008,28.62525184166532,27.114380395703236,18.74800895805423,25.578914241351058,22.003270285976377,15.928330787391795,24.391381986758034,22.844690944173745,21.435100472352868,21.780567567103283,18.092708642269773,20.86976763208173,22.2175860809547,22.359320782597703,23.844674073679,23.98969241457901,23.02621386379075,23.674571626453773,22.73617872532508,20.9388265725669,21.215139152402188,20.56559158951941,17.719142554699605,16.983637429784835,16.622442166224175,11.290287090090764,15.828400708193186,11.035037297345266,18.70807842589423,16.12909822470607,16.656141654914578,16.604682822958683,16.592462195952702,15.973560594274796,18.910524433562653
1996-01-01,32.43120562392202,29.463128656280027,45.41246918710358,50.189967067406,40.36294074266023,38.93729551175967,49.01504367982603,37.9945366001834,35.06132773301702,37.99649900351605,33.45874448146632,29.894993867471648,29.33280517412861,33.012732988253205,22.40461554490035,21.294111401592044,28.304126431887013,30.177822255324568,17.084561051751933,15.529913049972926,18.6743347118015,18.11626625448342,18.979037606335,21.321268162829536,24.207084216460952,16.980730553338496,23.071473578073324,17.32724399433956,25.62478997239077,25.085757895994924,37.21926183134178,35.433353820217924,38.954641959491376,48.195691677194944,43.91934302291805,44.212884560410885,43.56693815814188,39.96536945299771,36.735229036919534,33.08063094358811,36.17890011107672,33.65217090629123,35.86070776090493,36.699673806518845,40.349582855523984,40.56806558983469,40.29355151645864,39.79478190666198,37.54421781517424,34.957342350689366,37.3184967491521,42.02611831185476,41.640321665104864,37.410357891544336,34.737413122141376,33.34065561848931,30.562389676191493,37.78260537775584,22.179955032359043,20.208057569070306,37.58805204682424,24.465399582797914,48.47004220527338,49.589755328408685,48.72153255630062,49.44877733506543,47.72329651810425,49.05766002671546,45.87336781761248,47.49033477896464,48.24714203209762,49.62116192088499,54.72828020590426,57.35789323276886,59.372846445376446,50.80570961340971,61.72233578529739,63.35672109802932,62.355119741057976,60.83817273512224,47.727038259518885,50.09862288561794,55.7305875969544,51.69880352200391,57.941764715692216,52.972845640457,38.336018169677246,38.118214022909456,37.37149228834797,36.26845728791805,33.79549234707653,35.835882446366035,33.26544385967115,32.72137448192014,35.47331096615022,35.623330810000645,35.07177645006011,35.53366670177426,35.94118585901079,38.77950251177309,36.15303629345577,35.77662834523383,44.74526871111639,41.66108412418527,41.67706397513008,40.26437895434134,40.20309243066319,39.74912416317716,45.07617783192537
1996-02-01,17.90606770938327,8.344621956777686,37.65426248486951,43.48849500081308,27.15042932708066,20.36771597955296,29.90337491834257,15.623864696367836,8.1478542806011,13.897765361073125,10.496748086345992,8.028512820424432,17.959092392089808,9.987324567607322,10.935282223118024,13.708789576033194,10.698786814908646,12.657433933138126,21.73073314163616,20.97938215315629,36.66017222611082,11.27517427306433,22.71334852064885,20.870360934035585,25.87982578057876,26.74897248110376,25.400545354546093,26.350785530016942,29.86412403146392,29.586886426385583,32.2621549396089,31.954061190261548,28.75047645173767,30.036629835028435,31.06675987744446,31.001577238545806,31.032104601027804,34.541308976676994,32.82210765031099,30.819824871365523,35.574668169523555,31.56490294195944,31.44800253068271,29.62237639348019,33.21432408248072,32.04472147072401,32.69621509130807,33.25266667790471,31.310986926278943,29.538641419005188,33.1549023053818,37.577666421674415,37.19717092740565,31.31482201970212,29.56683403205674,29.461935255957425,29.72456547078644,32.17933182971571,21.615862987325844,24.10791516393105,32.46183961036083,26.19170681121157,28.374895932809864,34.58289210302674,25.1161196161364,33.53286747147968,25.38003597110658,22.9041892833974,16.636597636885387,16.63000512191604,22.31334893928272,14.78377487089386,13.834433262888377,13.229385711314825,15.849676887418376,19.343484843641857,11.087290541381597,16.627829137496196,12.773782953707007,11.4407258835666,12.711217415327138,11.898451937308756,11.228373988654235,11.563111637417371,10.49082383795359,11.329160450653102,36.97725172240912,36.85893148387824,38.99673062540645,37.21299852017693,33.63634289448115,36.402851403172185,33.018545811137315,31.5817722529145,33.163399616143074,32.53598603940348,29.86579539961493,28.771690365596843,27.562435819804847,14.757208237242152,25.67118158369068,13.125436990379786,25.383709474585658,24.787639011237967,23.886923189953688,20.81885355840198,19.818860332790884,18.722475600236788,10.246452043513026
1996-03-01,55.80205469978399,37.1186650540492,52.65688100869773,51.77626934104198,45.88527235120823,39.4972206988334,43.948542235533374,35.014860215535016,20.59509403359054,29.07571984402062,25.285180658116865,22.260754218613943,20.9251080877868,22.10733120881861,18.74049955636726,16.31918708357591,29.742329530697,26.822420823760755,13.552492258726511,15.228038990177904,28.08591118961444,17.107004780705875,20.967922842845525,20.88521185319657,28.04574977014789,18.73230141583706,27.64998964259909,18.709806593751605,33.27083583782461,33.97012106191134,29.917283755448207,30.339540995491596,46.65388556990908,30.170689423058263,31.40742051842076,31.564898210136903,31.361090549481915,44.61719891059973,41.98111915067863,37.16570787267966,38.88570001675748,37.35606062241479,36.76505393354057,33.83186588709269,27.92012734164628,29.77156180784019,28.869518221141547,26.63392170078246,34.30186776684433,32.41657651243458,26.006539475097654,20.704918441482658,21.05460174243052,33.442840910473706,30.493997678319083,30.527208620236216,31.033695468664032,30.53362135917007,22.856103220241987,21.247609124463832,43.87090019254722,36.32618209756948,28.602349369838755,25.38338653964555,28.18757827885813,25.57782129138638,32.57014433893455,27.07599774903366,35.634008369585246,35.66333586555406,30.65482334596859,42.00969886272943,60.37525643599618,67.7856433640418,74.9708118582802,41.86104230407822,67.69366716243589,84.30512002412489,77.60673143549172,50.87210054506932,45.84223268596859,56.98215372546078,70.4653054177093,61.68444815473098,63.29273416966622,61.68986192291462,44.141235710023366,43.80031469849353,43.896472442111246,41.05563536871989,36.05784496351562,40.0183210581103,36.1786032667083,35.6932070453944,37.85755408628616,37.38397630240448,35.85476714437684,34.975451124708016,34.30641037704163,28.44089128350506,33.58633297990409,29.061936377010817,33.706673486285034,31.62487547763477,31.182754700850296,30.251170492576577,30.268486164558,30.247513733318726,65.16591988915368
1996-04-01,49.8804705350324,29.575956812748917,53.50998485644933,54.301108957500986,45.647143465656825,41.09471291105667,50.9506799393845,37.68501007381313,34.13981950213562,31.60282221292648,35.95365790566174,35.65918571780179,45.37031724832407,41.96946363048039,44.22095529663916,45.85418642074401,45.97304616293391,39.46015388767707,44.62982868086243,56.00033841754816,68.19702394151658,59.740441826381485,55.09290962795919,44.893248981687336,52.91934176248355,58.72567914159508,51.47640378181143,59.317918452741246,56.85840683360381,57.80120290483162,36.95630071895316,40.21513448071283,47.68334355402929,31.605856290933332,31.19242473443431,31.222794008313265,30.83240754363468,38.26086744448861,37.185856619392965,42.081680971488986,24.499286692694927,38.144373782603054,22.821358018333477,24.25462570735549,33.52192734678797,32.61903213937263,32.73869595835189,33.484630024643906,33.11086909367363,27.590175712054386,33.31136632829552,39.56610940925787,39.18940576536028,32.777375278313066,36.52588179519707,43.71823203552063,49.569633633745696,35.01317213192118,45.98250475312416,52.46012154930373,41.15793624987259,54.789340552145205,39.56052611211021,40.33013001392772,42.17294229740098,40.602193036766025,28.568111435360265,37.67139003634093,42.59094644293605,40.86213807706637,34.61768398120294,36.29883733781008,23.721582924414605,22.83893314504184,24.92207289262985,32.07085051346078,37.58150314855144,31.64556671416009,32.895958961923895,51.50447822900354,29.63229436651319,26.960482529679663,25.07041168303492,27.50625722888518,37.4534053405008,29.85201282439626,31.957886977164748,31.51088569233937,27.709836047440547,28.07104905298673,22.68349443510188,27.43228085081027,29.015081660357904,31.55046979693653,28.964226737335583,28.72280402019953,27.23534734329131,26.83522014154875,26.52842191304739,29.18924885576168,26.8381301600885,28.69733447615988,27.593974881207277,25.89993167258456,26.020876733773537,28.31957563539662,29.11429281577642,29.153010866163186,23.150413815047408
1996-05-01,136.74863582031986,91.5231387896848,130.8593908675961,132.11869749567376,111.23726112181018,101.23609373992556,114.83688825182284,96.31005843306306,77.18635287827358,109.72754996969384,95.3471116579159,87.19736318161975,89.86356222449504,72.91691353843294,79.60670933201494,74.856693612732,58.69730784050484,84.57868295222188,69.22017643996669,57.8696758026228,69.71513865750727,56.45668719972152,54.61334625199616,43.6079575350445,51.44641634865914,39.5073009626266,54.04384875208439,44.13054693805068,98.37356312573613,98.5821289185179,90.5543888424866,91.38121008616004,125.80593446265335,90.91330952983492,96.64935878145172,95.31312121973916,96.73380417503904,118.72414006043782,98.84956037074193,95.4669146753518,82.01049376437066,92.58297479655208,82.34475848949819,80.23947497159412,87.45247318753242,105.59204537725032,94.6187374008763,77.64522129081993,91.66099635382918,87.0572236268683,70.7074505453304,92.3333417080312,90.87557647701774,89.54553643168964,106.79710222311644,105.15649290024476,99.1493791640745,90.4467202655872,44.89131226076325,40.69761300335245,103.01061696178807,85.86704404112382,71.41169266124777,71.05361691293044,83.93032921586413,72.37275486170752,117.60181102538974,93.0319039408943,113.67839405752098,109.376735549148,103.88082579568548,110.6100210107398,112.73074757364505,113.909875392471,100.50262068278938,106.05072738574688,127.46895886500194,97.32896011502412,113.70724476225378,200.67519321497304,116.48647796997967,127.192529699286,132.05955523800523,135.01503569680224,142.58762373038465,139.05160352597278,101.54003267633752,100.25581380813576,84.03071100040762,83.33283623105049,81.62673868539125,83.33842970642385,91.1220947555595,96.82351112022847,93.90145181474723,96.79374355697963,104.68492351020686,109.02334407887578,112.87041072268607,151.36311380901975,118.11709992756298,133.70499981990426,127.51831365254466,137.84403729195833,137.86280937545425,134.03285287838494,132.4407456213804,132.35780031865897,126.54638257506474
1996-06-01,72.2523630382555,50.2832977898112,65.9312655326844,72.68185782685798,60.69286530316533,59.85915614328583,72.05386230784721,60.00085989669795,113.88573926715004,80.68400167302245,92.78288298869889,83.24115034829792,109.98424826024645,130.2297615152769,125.1142977006524,106.36357125578648,66.03923342465694,74.82640364388793,80.96718716279986,84.69625660915088,87.467966557174,80.64806981327575,86.52361949023027,91.77732033125864,89.98022696455067,85.41464306036247,93.94105475676014,102.08476108618562,82.21996009091231,86.9896842378144,88.28628628869278,89.7200507667938,75.46170316361683,112.8328394242289,113.47422478018406,111.17972633666284,114.23805850930552,124.41352568108611,107.93515662090198,88.88626971008034,110.92158740675652,90.55055506270446,93.61189067293073,89.19155907883864,108.73454200824388,118.87629752630404,112.37188462935164,86.47386546028086,99.8293781267107,79.85920180409781,75.14538616940924,68.1889722982387,68.38791160558105,96.33232019942903,63.606444123753015,66.23872617416986,83.77817976487277,87.8093781740261,89.9478794811304,90.81200314667656,127.60522766731684,81.95249507272334,141.0068887365282,87.03761461223384,148.17149717707355,93.13092999114114,94.17338763124704,148.61852800274292,140.5570094968564,133.88146284154314,126.66625495819538,124.2436087784202,132.22290065293214,130.26669519537893,159.23067847545886,130.796342618386,142.13649659904354,167.1578514008487,143.50040811221098,157.98791297674387,137.77176623745422,130.05392320787433,118.32797523891396,127.03247246553198,133.93089617194084,129.00482274081094,121.02570966221792,121.77507304820016,109.43816811440048,100.39258775068592,77.07323378013663,96.28317969990886,84.12931074576673,85.66960071125423,91.6856166814758,91.451088366059,84.53660491718804,85.77149193101113,84.93310291470254,72.37647563669059,85.71435568739106,123.49106790217706,91.94180267180668,98.27551137318709,98.88233910133742,104.18575229161264,111.76542036589724,120.05621525932304,140.86609422275498
1996-07-01,45.14330067709967,32.12529949804697,23.45434876627777,17.83487143170533,24.86798458331632,37.82551327119928,65.88451422840922,50.90354843151388,66.77323463236412,72.62466708323865,60.69549020459177,50.93695818007249,84.90193776379327,62.53789027692852,54.5875007802535,76.7467119061895,42.79451356135368,45.01379777854997,74.45037939255488,86.64835730889739,100.87170576577084,113.15692105527845,90.18310656432858,93.78323657927962,61.39816128363017,73.75653875145022,78.76250171430668,108.23079365024246,98.9558289636379,97.34564733113716,105.41371481798298,102.89034419627188,15.784006144367488,83.71561160716205,88.15989659316632,85.6558449030039,89.27934062070963,86.1768889715384,107.50223689830185,106.89998704915412,111.55107026086728,106.57468660112934,102.68508946073332,107.70531905750026,128.1554243721816,125.03103603201536,125.76530357557368,110.37859435319082,100.96248532078228,133.0299850566093,104.69783786368332,112.4512834857034,111.74938641351166,103.36251657687627,123.86649317489854,109.39524903260605,101.99292883512156,105.38633697706474,82.58634934783704,67.8673595178972,81.94423019630162,96.5587695646226,164.84707295867565,123.04454380052984,119.73492187210564,121.913847639841,54.88488173884277,97.13323545810722,75.41431239401585,67.2491686842402,80.58981023487836,83.23325343014957,82.23367849610536,79.5889380211295,73.1731867541379,80.67444371531599,70.90411769587942,68.9752087429419,77.20857626019294,57.39108325364349,93.94156101752569,92.42502187011482,89.16351551155526,90.90336837821366,82.9489969380948,88.54581395470619,98.75075142443356,100.48221953278112,93.9007776041628,86.27344581052417,74.53338417734247,82.8628826099009,65.82941244553615,67.6408336349199,75.84551534811793,74.79571660625919,71.31084382274895,71.2763358815897,70.91963253388724,60.064908569254825,72.05220487520192,89.68806866653387,58.668195841253386,56.580458259875705,56.185356609467,58.87654310207639,61.21227458980151,63.3600790881815,98.53277972929126
1996-08-01,29.832509081382486,29.841358263257774,14.983736865939443,10.294785551294597,16.683102096923285,24.77039242866608,36.06742092440709,33.85475213901698,61.88239392844732,46.42882137819026,50.1132240758083,41.95238998885791,67.68586735753456,62.466654253244336,35.46448145197907,43.38173288571888,38.70839374648192,27.5880620703794,26.73154378917747,38.03400465013765,62.11602228436461,78.09062198763091,46.09444449339241,18.947463003981955,20.227369266756572,28.47021725059442,32.17605240391033,52.76888789251591,30.124318231814392,27.39634669812124,65.4318792272986,62.81696764460187,6.259459064529141,80.52109169763806,75.81961390643802,73.4421727036984,75.47170609256668,12.323771733660283,38.454158906404096,55.08838594521542,59.92346188141355,53.8559744186033,43.232490905880994,47.739094653589625,56.99067267873578,72.28145729684582,60.62823988315834,64.76796193522148,59.20872976552121,66.8999992919339,63.93449405591517,65.46062107153932,65.13028402286066,59.68798535872968,67.96731773200783,40.57537308925562,36.33925791072438,62.59865854125303,19.88229923328525,21.72475015761202,22.48529053331788,46.96335216193175,67.61722111144805,64.54725433508679,72.59922071143754,65.44173946658914,45.05227131758608,72.06886231475625,75.1431103147318,82.44728427912762,79.0580741408291,79.77699804861453,90.71491533643666,91.98212363610452,81.25107584170435,81.57555305506614,57.24951512438746,71.10687115344382,59.21832049010249,63.383533716142885,105.8771475021765,103.70665412908724,87.40229461983274,92.32280907529707,56.85899081610825,83.99307247445059,21.67578635009269,26.12351385713714,24.02696106017528,33.06550139417719,26.76572839240311,31.760106351205028,26.95815855782905,24.646151966563423,29.563207111002654,29.49721092047904,28.77956703669845,29.328744891379024,29.556689269498765,36.49536260906963,32.39495035255472,77.18611587532553,38.71223525729026,38.367972760710586,40.35531732599459,50.11447602342685,52.26111999030852,56.92186299746249,133.43226593241792
1996-09-01,71.73829580038968,71.20123467559915,68.39565098783419,68.99738330044012,69.40010149906955,73.82523962694734,76.06436864376855,78.43922799911007,75.01979434869523,80.5622486166128,73.78352142255721,76.87210088345668,76.40970504863469,73.39880502815429,70.46372166817149,74.45001096596084,105.16260621730576,77.38077275483134,68.28339986966809,52.66879575539748,43.75011436721923,56.83912448062217,52.41785987386907,70.7862411718917,42.28076403198663,53.15673834329838,51.16607686182058,54.420121000997774,50.01689110827357,50.98400504712805,73.46277643272857,71.8213369004908,67.34569974599842,78.37726687734997,81.76696150960578,81.97963150834889,81.36157998871964,99.54850878297358,74.93024509147413,63.02175311408217,70.58730660013117,64.65467701375267,67.30793092602404,66.52949884572105,81.75149981080342,78.96872726255327,79.98971186992412,72.65441048708789,71.68035176667456,59.34722314928917,73.5870370206177,75.79224137665281,75.81953679414161,71.26862205693965,51.06991516224399,48.33714657970902,52.42084510360336,71.01103822964019,65.3529600290983,56.62442992227847,93.62453834278962,50.80512584880972,79.62759364669897,83.10075300413303,65.75592888833079,80.75955324702598,68.85852931422147,69.91044633271174,77.1621937058062,71.91952709364969,71.2054099622122,81.56746527031476,83.75388720093727,62.93327522959484,65.73677336729516,70.99807320596534,48.23182436539268,63.682209467468525,48.04552879874119,62.24867392124972,99.17862733403572,74.59585449786559,42.284823115416536,61.50698628131335,48.63162552532541,59.30960244872508,82.98372358450656,81.95078330393292,89.5325665813357,89.8141951136002,87.34965294912276,90.35906204415772,118.46608471562352,122.52153194045192,100.53635651542764,101.02691306071246,115.52773687100664,116.24278207254282,118.1489818116552,195.94632122304117,123.82937918524934,124.15576204654444,73.52820181533205,79.17778203349602,75.29078224972085,78.41902941379246,80.22212105522766,85.05354083008454,73.77882767914326
1996-10-01,28.32947241658842,26.616470470028137,33.741954328917835,35.08308106783361,30.534178443440855,33.122819544556904,45.491243318532426,36.53715907710822,29.635361743931405,35.446940851586234,30.941442880556178,29.80972223313421,29.57605146810448,26.829291295271315,19.33651606919142,22.726651120325847,33.08748205286998,28.44167558566836,33.38041426487605,34.299430582392176,70.07414011673332,40.79353467160581,41.20305608543978,32.708477715959134,37.836802764901485,44.95894652886488,41.29291784010323,57.00640872154526,34.793787799354774,34.59251994817282,59.11587057379917,56.07732034910976,27.43138700371504,91.10780018439786,81.30760629185129,81.47591411812569,80.56334020401715,42.54290412055104,41.55429050587794,40.71030371969564,41.43154220229412,40.89152736590947,45.10019897798875,47.06831531610906,96.68335099598936,85.14365206065052,90.55763768723352,85.26184729577626,58.14905960359835,45.4021896452276,62.87875566970086,75.906613097263,74.56582188278746,58.499144232185685,47.54491625929523,44.623116924594754,42.58169988922709,59.90691169256901,34.27314341918168,39.44174566965129,39.26834738334444,35.43932770477113,122.42198732496078,116.02655718172797,113.06299870748371,115.38779738999337,79.47104872629109,116.22099097517471,69.59425978760521,70.34014140923136,94.4497774527746,65.81013575907629,74.15277271857548,80.89288028916916,94.1901927866928,88.55311813185719,89.68916688151147,106.65098246815946,104.26151616436186,68.72769878730223,64.67746292225854,67.79898599287584,79.84667268796974,72.62740686665883,82.21359059819076,74.40042624267903,43.21337960613874,43.49354719380017,42.81683250948368,42.47784314095378,46.67741838833437,43.83444813488224,50.75376940315717,52.31918964107466,50.33570646619658,51.83187297278935,54.14677249672837,56.2851457541063,57.78745574179532,71.7430724986396,59.85689310219722,70.1370347520932,78.26974475835021,78.23703672334146,78.78043150704092,77.16471459461478,75.37327107908787,73.85800380865484,62.9499274158984
1996-11-01,46.7087522124512,39.86053733306999,60.12923745144487,63.0025736759775,52.795354916589176,53.68944711555166,71.05866794246344,55.9162544625878,64.52137017546102,69.51271781521739,65.91769209847935,58.97110929248804,57.463855266214765,61.93453220951466,51.30665014921139,45.64567048273097,44.98359019190213,50.38817168320751,46.93343088140514,33.57618240349574,32.07009324962682,26.648513218624423,33.4166829822038,50.48483791935704,44.52388381259424,35.43656805861101,38.53146623843118,29.40700531077349,47.31952614059213,48.546197834437926,60.73728721343183,59.51071749039977,47.81653481514847,74.02370329239719,69.03904850900615,69.04868893269487,68.64503325496364,43.68112115792727,42.63333741457196,44.69370858034048,49.31541110334983,46.10185400771864,53.80071445169497,53.44470953672356,71.01371703216816,69.97081345918247,70.15450372969408,70.38705924875705,56.3579579099742,49.75995581084385,64.97005364943593,72.30117646467428,71.56447512640398,56.78267302459791,50.195261303222686,50.37163888129071,52.11523368903295,59.31656422472679,48.78913465326524,42.412625526094914,42.454330611846245,38.60764990880962,89.1469732249085,86.14051328291305,102.26483371419512,88.3718835268222,76.84492276173262,97.14212592971128,114.14147810322189,115.21942045891902,95.76528386210248,121.46624373336942,118.04606746086768,105.69489650673717,97.89770621209558,101.39815592750956,89.9810964874545,93.1200242873549,94.39719962548077,88.43009163466127,133.19647789391576,115.49652311499932,93.70501624536612,105.17641231542969,87.82018506052773,101.22066269728752,43.68999082073137,44.04726993543827,46.40913789230632,48.40159195862519,57.57315376391859,50.17794634930294,55.98626059078129,56.05023945764521,53.410935965180926,53.68533408320607,53.12249162902725,53.32062338506287,53.85005529169118,51.37287987975784,55.75667987885532,89.81925787089791,73.07955314003534,69.43473648886062,72.32554129579512,79.63716767040994,84.03590260342143,87.7368131824274,136.72817929467743
1996-12-01,34.23826438733322,27.326522916501304,58.05887479674684,68.70945661981297,48.32545143735017,40.473253438268586,44.58970491060539,34.09307765496149,25.593047251801377,26.774750927768046,26.0041617530782,26.587596802697952,30.184343303654245,26.171262237541008,27.853279584971773,28.725129137740616,33.21832745456301,33.36724153047279,28.99716882951487,31.2019149444886,39.06550483487094,38.301514932018456,33.594738166113814,30.30406151363764,34.23661646034741,32.20612833541685,33.02820804794577,36.26186826322743,35.31286162181066,37.44110015585618,36.24954501340633,36.75784161040799,52.19927060384671,27.353892404624464,28.351669991500085,28.000389641052745,28.68087612690069,26.49004900801311,28.37543213866647,31.310096367094275,30.41214431912045,30.96126581465678,30.091300172041088,33.8470735885122,38.71337851937605,35.42895567348508,37.48878973458213,39.90474412656057,31.1243682814125,36.4592145875918,40.14288423908059,41.86779803025016,41.78940785031229,32.34284297226614,38.407804155994405,38.29130258477608,40.54126129657368,35.29864360668805,30.42239843052147,32.08666368033771,28.42233952042632,30.997475332845788,28.881538226227654,37.367255685392834,33.264027547322044,37.04621548005618,26.08110975289707,30.76979017257633,40.09469150685677,42.433547389906856,32.69481118405905,49.09082634615391,47.68208609475169,46.41067395483798,46.56411992016391,38.431610777916895,42.10087258198358,42.550846178798494,44.06540888576978,35.27094195135413,42.07819378014944,41.66720958166962,42.62490161884168,41.37729590549992,40.20743319063978,40.84275946241495,26.945010583649275,27.2992518735054,26.664157827966527,26.20300848954173,23.70470590239343,25.46024007639441,21.029545117032555,21.612810997922868,24.917329910882707,25.222765719432772,27.747544821474904,28.11336561936428,28.66490510381804,36.15165214830376,29.6972925152008,36.28220861586082,26.54828163114268,27.144427128679855,26.992290858959176,29.152208636571576,30.079960103273407,30.930945959018946,38.96656108519173
1997-01-01,31.267274943359613,23.29159111454006,40.2380166424322,41.72537531806727,32.92778904868347,30.67477327532337,51.1759813128363,30.351976829274115,23.9817814360914,30.62881293728992,23.827017967658524,18.84205391445801,29.89093298963301,23.58854855413232,19.235733509881904,23.184165536306416,15.447242581892151,21.79323360388112,24.62790058696684,26.743682108811573,30.750225655944966,32.78987290981994,27.959527285229164,22.342870748538022,27.44027146561728,24.703863128237877,26.348954446916004,27.92872434753696,27.706814491952787,29.020340124674284,33.67413965024451,33.0234259016993,28.52786538737675,62.98308201209285,57.38529054021145,58.06806167865301,56.48355731527048,28.374633034790115,26.683353308699537,25.91919395136208,24.899397013936312,26.38092342058004,31.55027191365186,29.721442977480496,46.62263933448895,48.87131185230207,47.15744269099022,40.28110981811778,38.089940591955234,25.78550028285824,32.07171229572159,29.290150667358617,29.238686735980487,36.99531006484187,26.7489703461582,26.832535377112787,28.05861171200276,34.4235489769424,22.146871694479373,24.39054429376917,27.73878950231678,24.153099165075226,60.32312104504732,52.984729041305485,61.30384255297885,53.95010427835658,64.9594569281243,58.57216755648247,41.07048249467786,44.193417358206666,56.76149432346098,39.31387420899101,39.03572202165598,39.35952302694885,45.07505074042911,50.57680748366697,40.12984393860279,49.10308696510237,41.713727405012776,37.86117042152718,33.34676299186627,34.32206782906021,37.12567127755735,35.30664894627227,38.30676446402156,35.87327073039624,26.625906620205217,26.34475450133517,26.970013297627634,28.889725866042347,37.97211403573687,31.104258068041812,40.928211106429984,43.53143815940897,39.55996007214065,40.78270391944141,43.45701416672944,44.263655655773015,44.07780578100581,32.354089530250064,42.08634053899173,28.47775150749011,62.41581425211302,56.63004015872668,56.08666097849849,49.10026808081831,46.73494083788552,43.90254961137356,28.54777493485875
1997-02-01,25.03853238477269,18.26137190457478,32.48096757618864,38.31188926517449,27.375526836441963,23.681612327124625,26.914081397864244,21.07734553808111,16.43547956063255,17.919015204711993,15.282138883581665,13.697845931209214,15.41779190203482,15.451242548356785,9.832456814801471,11.930843716085604,10.310947803600548,16.124924907454425,9.696265681091448,10.771181205904234,12.701836081193816,10.684154524584397,12.609345796796848,10.093777150980552,14.89390022091499,11.3704916978027,15.168113870333944,11.679751571203552,14.524074875538505,14.579123264143972,15.975051342796604,15.88091781746233,31.08957365110768,19.407149987695963,20.98000593475341,21.104055135066925,20.98706037238472,19.782437332528467,17.418813992889284,15.94946682436577,18.19664618018141,16.985665418066667,22.833680623794944,20.393063300134884,16.707513029593827,19.305752426481853,17.95792141188715,15.460993613495198,19.030873450466903,15.996482178059464,14.595985604643516,11.979748823766304,12.093052554666626,18.452755624044684,14.085271497663609,13.415631612493623,12.838717140362093,16.597028887846207,11.18337286228171,11.507052246796258,19.2799190891782,18.97864161291096,14.191852555895307,12.70823067405304,13.20918546198476,12.655670847322275,22.36101719570712,15.393098258641531,24.2397236049176,22.915788923804133,19.049337277188947,23.91975524963669,24.25599292227927,24.897864238450595,22.444392759396017,20.845223086314935,34.353117432691455,26.03029228268224,32.442690946656384,38.642246397441504,24.231279296204548,25.39263345073072,28.277880668489765,27.20432678041278,34.29677003340521,28.940921913755396,18.59273746125428,18.34440853039889,20.25803219565444,21.749949350416173,27.61632820448085,23.06985597508188,30.081884909553192,30.328643951266358,25.566970209789293,25.6255801400324,27.16748716802433,27.21084387564599,27.495740277317505,31.775016422746607,28.237090733834137,32.35139148039452,23.149293355010563,23.45880841769095,23.041981469772487,23.536551661031066,23.69219814743286,24.549295555403862,26.225526230569866
1997-03-01,42.8556402980279,37.47548007521777,49.18859771793198,51.571123255205606,44.95945483494359,44.12189982062091,55.10301434455343,44.641424279676336,30.2655548625226,34.09189786484262,32.08765471174281,33.993730711666984,29.979972703013416,30.09457554167957,21.64940157490299,25.089052134533567,36.337115923150165,37.78069891497124,40.242826393417246,34.63239874014579,32.5007621419159,26.8555001099863,35.28056820917294,39.70116446964616,48.95867975919015,43.01565661367875,38.98235646906676,43.95072579805617,30.72501801429789,30.98985645486047,38.07898082042599,37.03092466662416,38.71246094137234,39.28171612192912,38.101077482926826,38.11899400401025,38.18088381047384,34.30885798213002,31.90303673035025,32.5750662906385,37.32389459129366,33.88338791090515,41.62642457682772,43.25601532654712,42.57440906726639,39.76591152708118,41.518239663820985,43.903499669584285,37.28776356231214,40.431502747398,43.27515450210806,41.26508860298867,41.300360764938006,38.07031686965989,39.0821470261381,37.02616720674509,35.73253652031985,38.62066773046261,42.489043525522334,42.03662758906246,30.767011733513257,31.3830693290922,42.588058952541445,49.60068323157255,46.33755797851919,49.17888545451083,39.3900415762232,42.81127932327736,40.8249391450413,43.081704350688895,42.35468742869788,45.13613909565871,50.31129696343467,51.69429153545615,56.05904961736313,45.5873091567136,64.74589574414587,61.03471324240341,63.075315351516224,43.581634326259945,38.21303023526352,44.57176296713499,54.619814081166105,49.05290299816269,59.22478212600356,50.62337536497619,34.51715467342994,34.58350029413195,39.14916721305856,37.23051433465832,38.11632504798889,37.00697733308388,32.40388540392894,31.51793964289062,34.866252641335194,34.56619983014989,32.123641108365604,31.61532523299846,31.12800610699009,22.00282185131657,30.396584847945142,31.040419855608484,37.87578333535315,35.16543112665941,36.46082356204519,36.80958289045282,36.32521235138736,35.53709215217294,37.91201365672721
1997-04-01,40.209767919103335,25.83311254199596,39.48116016816036,44.79840888146603,33.97976162132489,31.053595931117023,33.57014762302234,29.254489213207737,31.301690252049877,29.669066537737365,29.740260148734688,29.71859238370044,40.82622412803029,33.32091955574829,46.727071937115056,42.468054304507206,47.70209154102712,34.60163884185935,46.543819801846965,36.74761559750378,59.54737789495789,32.257768853152875,41.66153335891679,45.86609032290559,47.565284649745735,31.07340569389185,51.64472291303098,25.828093404574343,71.24525997434988,70.26518241008112,70.92572466400856,71.05187354118394,39.33215836959758,77.66318559184936,77.05051851584543,76.25077706962327,77.77101990337003,96.4793398534324,88.65805754034572,79.02789769261454,76.77187916890904,77.95764557729274,70.84052107262117,72.30766775789866,63.809671263789554,84.62156626322341,73.936594602489,62.29831111512206,77.43724491936692,68.23800826822959,70.47124526338101,58.435323617066345,59.27694174682389,75.98915406638689,68.84360280696538,70.82001089595236,75.60494218898235,71.99793098054397,47.82519396590546,37.350149996256775,95.6912179223905,73.9153205359363,63.129325648777886,43.11831108792517,58.50639435006375,44.1697836333234,75.39855943751063,68.47365758837692,77.69555756453677,74.66294064964694,71.06126354737479,67.36540110733839,56.95656528073487,60.4545006495301,56.12730489402925,67.16822204791885,99.44267260471244,58.5239297045875,79.7599471903943,120.63492343927436,71.30870666893739,77.33116097784215,79.9599546703385,82.75957780662524,103.1520831666616,88.09185606551843,91.58777301036568,90.8048605752994,87.64663937746614,85.53300053502032,75.8112507910685,83.94311108197604,82.29892794436806,83.07233700386246,83.11206464262155,83.25317100168162,82.12169474426567,82.34369794700613,81.38451401166917,76.9786567455881,81.3165656194468,89.29640444141657,80.27854628986468,84.04678306029491,82.63936250525235,84.60114538356396,84.91220056019199,86.47127478154049,80.39924036955422
1997-05-01,146.98577940847633,129.25486122774143,121.29362151823156,118.57191998487232,115.07215298985354,104.47109026206346,89.54457255292782,97.90841232987214,70.32014146352412,94.4278946002232,84.40519822410894,77.05977634754822,63.2334273730585,63.32608611224356,49.96686773522373,51.46357763811019,71.80423583217002,77.30215030973129,40.60291058569727,40.79535891927704,38.51670165583921,48.91592584696068,41.28127338609144,26.575944342061184,28.48265336230383,38.18740781273306,37.67776027494665,42.56241029282206,48.05253284910544,51.176744773157,61.64595149373635,59.91509043318397,116.40221830727565,61.52951220948387,63.70347687726161,63.92110390584396,64.12701610846592,37.333766581489954,39.185932609304736,41.433456920470825,39.84469049559193,43.7527280664362,67.92097127622343,71.26268397983053,85.40517395893657,69.05694519849645,78.99472979117486,95.13779233484443,58.046329110045065,52.55878249655184,85.20508380900742,72.89641350529536,72.93273509019201,60.54812395985425,49.4206297930877,48.57586380760781,56.14736062969466,62.10355343775052,25.862863782037717,30.97813577147448,43.18179451330188,40.13502890496059,48.06690807902669,73.73897260443906,40.23066243197351,69.82884312654616,59.02725340433837,52.16902786294278,84.45595927270764,78.0290458389779,61.83493900483021,81.15134884216576,87.63701608566663,80.03498005008726,80.416196524413,68.6717768123037,69.79205685417554,94.2067020989957,75.12802911199607,93.16757053301905,105.02094999645556,95.56595017891745,75.9077120283444,89.56062848467303,75.80541897279575,87.63786096176725,35.34553544765133,35.425311527605366,35.02861409647735,42.65609125709897,76.47383851598786,48.660168677926805,75.81161523500381,73.28468091067174,57.22849715102707,57.8288545976557,63.23613012623741,65.42497265966433,67.76129560810811,100.22800971538612,72.11027414298631,88.026045536958,59.95462740989711,61.3926393763585,61.98635997056021,69.87292704388634,73.27281233379911,76.83476536733265,113.44283136533166
1997-06-01,114.8511566844292,92.57567002627674,93.4592979148361,101.842785774003,93.69573574706284,97.08651839453198,116.05568653725555,102.83235307531592,124.34587978017127,122.30270763751592,113.8224596655114,102.70039873172836,143.49941268834485,134.96699149980282,119.53204267070043,122.50494018078687,78.42559415976633,94.33183705358454,111.58596149158876,129.3448079753755,78.21184770704777,143.90943547804252,101.31166285325396,74.67160404591235,61.21801115064876,76.81372870199777,64.00577767009132,76.63281574422652,41.13469588926963,43.687237098029065,89.38665048817715,84.2836157644818,102.33540668738894,80.05148404555814,84.22572761849905,84.71652240219757,84.67605185083049,83.38969894722113,70.65039928283494,61.18196814721661,95.52169444351247,72.43072126238513,126.0139445836436,117.28300860051004,100.2501207929924,77.8628658193239,91.3000648942748,100.39655777956784,86.12669609983138,113.8030321780672,105.77965694168064,105.00453704940642,104.87936394463554,89.91379632746143,80.37489605472129,64.15687093322659,63.1970879736643,90.62032500772987,69.79000083691963,72.28514356202461,75.91882833134565,58.022705080221215,81.51655962104532,98.96808124036312,73.69948649412365,96.87244724722422,67.4245886347698,63.23363966223326,70.85033382171589,78.68367379429743,65.19973004330198,82.59428837982843,77.00722904816065,85.88938909875755,94.93508023140572,73.79010776203707,86.08890028501729,96.9145456978532,90.15823839202967,112.71645635150703,80.01671162947449,89.65009917773185,97.91077675681116,92.63760891947604,93.99088397091452,94.1055758149797,73.22907815633613,72.93323708278153,96.31319048038591,109.77782684369194,139.21784288801757,112.39172898842484,111.80870311166206,102.71486014869863,104.80946052691029,102.8914179873228,103.19365216089092,100.42515802010703,100.93876421231188,92.93524122222226,98.78230191105054,92.6792386325666,74.78875569167131,67.12401381741323,63.51648184787396,68.34245481426576,71.7768381068265,76.45541349938173,106.32914797387248
1997-07-01,40.84857947919768,18.5368052610384,27.174691805297005,26.55924828717212,22.81683169411625,29.739713839657917,68.02124181504612,37.982780234364014,56.62191412760462,60.18789890993492,47.32730628703025,37.43093740527403,68.282952879038,50.78583832178442,36.76218033657256,47.4704591327165,30.89154210769033,34.29838555225901,66.94405577937576,65.3054735666153,90.25795123472842,87.01824534425661,95.25099765989408,103.43342606826477,109.77793512647077,121.72834363249126,124.34903245425063,116.9720000988764,133.19259607482724,125.76252910000834,131.13743024130798,129.92128709493107,30.853175780166243,167.59719257042266,142.42907746381317,144.68766171634226,139.5811173170381,181.03587103214744,167.42475964631862,161.82515591922507,142.07834373439488,153.85490846665817,102.99434394891512,102.21016491250828,123.81611019070397,128.5293045264229,124.98685474202574,120.54536230080684,136.9636112763948,144.61166456346473,117.7599226744858,112.99747919275362,113.3282663974624,135.41229163833373,162.26951069432798,160.74708993500926,148.0535748270711,132.22963077962515,101.1864703696161,112.57638169861096,196.28387795599355,140.01283760182233,194.3675996126129,137.36135999232962,183.90261865235505,143.53398639745595,178.83988321069089,171.89366160743853,142.77224372586883,142.38403708595905,165.3838319130447,124.87861562652644,142.93161480058265,144.9620592890305,177.76859265904287,159.1697904180157,127.72385834032784,165.04598447736964,164.3364037212121,106.53252113867096,148.2893629213687,142.15010610101447,131.11179179087014,132.44839170241482,106.29154632719376,126.69217325806385,148.01574233577676,148.23629315517655,140.52038178248958,137.0846502932182,98.46107458105864,132.69546080967203,144.8766653268904,149.32535849868606,142.21431168155934,143.97381014674968,133.7040562303806,137.0516725062382,135.89154138218277,96.84310963488124,129.73710750166006,99.01381961197116,183.25227038988572,182.6080116057801,191.09075923619903,192.3453432456988,186.17877690891413,176.63473794399596,130.45564212034603
1997-08-01,73.69442934848223,54.67295109858889,62.83456196403357,64.3607077251582,58.304616572679066,56.82061232334972,71.4816055094156,57.640615269961536,58.56576207145192,80.22951201984145,59.57245826419621,48.53769620540683,66.21544102855205,56.5401257232203,47.1425841561742,61.2651362200934,31.374933701969063,47.73111640742392,60.644281452661545,58.20127056911007,114.36327708319232,61.62340565853551,62.77740977494444,49.55093911008042,57.32660709856037,83.19723722469003,58.46535612796546,87.82062677754428,56.65554459870123,57.08605125572825,57.28984457592119,58.581906771462,58.41959838363567,86.82771466167158,77.58915608734092,78.73971310047581,76.21943667902559,32.64855815132613,39.50028805804768,46.668536233653626,36.71858638298123,44.58722813938261,44.67815524653577,43.378167047003735,66.17635924294571,56.87932581295826,61.23732251533687,57.53668912488286,55.78175503904879,47.91505492937236,47.85170736893649,60.3544661131998,59.17702528298124,55.03011925999873,50.22556091969723,54.02205163439994,55.7104984336006,55.25816846030189,51.08445202864894,65.44785477276162,32.18489765203164,45.87828739195022,72.63469768723654,69.18052736421974,89.56021422973323,71.79750553750196,87.6160516090538,91.7666812774312,76.30049725106728,87.50803634790165,90.65841200940706,79.08202786165452,65.8490749385498,69.40150859646357,84.5332920214222,85.36682889976093,76.87397646409856,93.60189919364822,83.56865217093933,80.12232237849071,64.1261033418062,64.27819242431578,71.05189454044803,69.23932665327621,79.53097406340099,72.07265971873936,31.263090914616964,31.48090337852653,32.69297773325923,34.113854607553975,44.07222868830304,37.50516807435725,68.05548896032813,73.45679914460275,54.383610097984494,55.485214581335846,64.14611315072926,65.39306914472047,65.85106517273641,57.41640919943235,64.25914335815217,56.75110427700649,75.56696905646152,67.91295863001383,70.60755756292744,70.92246323506424,69.53394060401244,67.90087248903379,58.31464345543116
1997-09-01,19.002222379236247,17.969469782314174,16.617071181301906,14.852518528796232,14.502519181695664,24.53194677298559,63.37664090191387,35.74334320280635,58.134199812253954,68.5682546202779,61.524700440876266,47.31518029286251,79.12051773195539,61.39106150976345,66.17284574028092,66.2369051828373,11.550526183025868,28.5309975978643,22.496521237453717,31.92671366566674,53.65979442433511,46.65728689713865,32.50070034935396,18.801780698388924,14.26356577028441,22.45712153826105,24.8160332915265,21.20752221950264,56.73543554922335,56.75043490043037,65.48644687552401,62.21344389349406,12.19225524152549,35.369682994411214,43.19289671656392,43.327291948325694,42.92692988947536,20.284039486585367,31.21494309440751,51.41562195399326,50.46615323723467,51.14676537837495,50.45599209866064,44.39764891473517,79.17150128712457,43.07776150745275,61.73989621526199,87.9040471105371,49.32990536970159,72.55507768706441,104.33586715597728,88.00551799764096,90.11006196621156,55.326046482423855,84.82266494474437,94.74969741874392,86.7922848418722,65.54413612495507,17.396239558037934,18.70750892123781,21.935079146489013,32.46919113791776,69.97771146398111,95.28667455650816,64.25933385611665,93.05358944886902,39.94506618641605,40.60480919114028,56.0088574616488,54.85157989907935,47.22558492344727,57.91513012118288,76.10778406970726,102.27743715618097,94.675628163603,61.44735814917826,166.10941587606226,101.92007778033066,155.45903092477565,90.80932720548395,68.47176227351473,95.07936320859316,138.05408125407004,111.0620228858538,137.98052602778995,115.24855515991352,33.83186401811781,35.20544382949842,37.60015886637024,34.426970288627615,52.56747837118432,37.6634476007405,42.4514907058048,48.2955076258022,42.07344851047924,42.14903691195927,50.94563079072284,52.72147095251124,58.1159700502274,103.05979874945106,65.416979256953,111.22147182395469,42.60015600159975,53.35650676711063,57.321992831535866,72.13256067094505,73.83231474921328,79.55255381460297,100.4848971357894
1997-10-01,20.45437390318537,13.17373062201624,34.653212109832445,37.48442425642285,27.12817675913428,22.918861187010517,35.29247676791917,20.22092307665048,38.33731474603124,24.562966375358247,26.000543811951296,21.34151447573632,41.62788511182781,43.44034628887058,36.59018761051922,36.5190582495213,24.482155929089483,23.40197402233929,44.62438910295562,41.35147652328191,70.42991461758898,47.97925962009323,48.939270395877486,38.70981531462413,42.75142048124573,45.44150236296421,50.1322003106386,49.48683477571311,98.5896994489318,98.7124814332972,81.95682624081289,83.6164364304334,24.397848529989005,50.303735415708566,52.11953579212014,51.75801800392286,51.873260368330186,67.04599692377559,75.08932842847834,90.63280416172164,93.47619797451024,90.64399774765616,81.38677169494223,80.67720241682282,70.86499833226942,56.60984679001377,64.00615349530727,77.36987107764381,72.92467792571865,87.75990963135521,88.58387975509703,91.59029250436252,91.60317148651632,74.56822057779183,101.78955192868624,111.0475137361898,113.62467786431546,80.29434804685705,38.59219104382912,42.14409285335287,61.80418424492512,64.93202371886434,43.27471451528188,54.29113735610504,41.49256968181461,53.15024769113642,37.83198351560952,43.01124223842402,52.03146393432712,50.00449137573872,45.46569446611723,38.44799887447053,32.155528382750745,31.82670674885691,32.8087517825815,41.458368810348624,45.29033762526629,49.11873647754817,44.21927537012772,65.37840208822749,36.46032298620992,35.66148647521784,35.28258859634818,35.78097825243634,43.18499617095648,37.78541838667872,78.14500060576798,80.31539180351793,90.10442829210118,89.91135562892792,75.90454888368177,86.06176185588336,91.43423049813194,79.89961231037597,71.83385779421894,68.36470981281877,62.861533655652345,59.61695685403083,57.75568293825008,33.96656976965762,55.313609537088425,42.792446182254366,33.78590282516524,33.00025529445759,35.30087240119325,41.85052176815118,42.19210223929085,41.59373719098161,36.15862953693008
1997-11-01,4.599755249605704,3.819541655916207,15.88167477156192,24.815141026876603,12.404728284643651,9.86094716487774,16.763764386498462,7.995943443683894,9.441871193119429,11.36303112920242,9.103458609531042,6.492932113183205,11.818178661699095,8.615627122456935,6.456669814609248,8.025600262535132,8.261516108544921,6.969277580969969,6.750581360378453,3.911830160142306,11.90714839229558,2.3056068876581595,5.491967966782847,10.886640302445462,7.708642650075985,4.641474925979707,7.425518366960388,4.645003251934398,23.245906625600323,26.722982639836403,29.85605488798398,28.97627377928865,20.370168710547617,30.77032102354929,31.977897492819643,32.097699199256226,31.943295078250426,18.658299636023735,17.682672786791485,19.914837596909667,30.4065954862728,22.36691832694521,33.4040483941,33.27525923286228,42.19551262371091,34.34819334994797,38.75100231526906,42.63313202138888,28.317149020725623,33.014391117125484,35.952889923302536,35.77372009468826,35.486406217372085,29.49819376482358,31.860233934265366,30.02206488737047,28.744131901114173,30.345167903154834,10.16776928167053,7.053293210628692,14.410288593467854,9.622989491178092,35.37082630688327,40.267033919356734,35.14199378562616,39.712567342144695,32.7707184475351,33.516841032730824,32.8036418569564,34.77457002202006,33.58332017364376,38.26121466873596,39.54594455633032,36.080504939582895,33.586786082639485,34.6414245272042,28.377970283049034,26.97529605856865,26.97160965318531,33.50354152465813,34.700169975803526,34.35065127092051,33.21942771121512,33.63518255468977,30.54312353458082,33.12705971257663,22.78365198604568,23.352283854308737,27.41460105197795,27.015979216732177,30.648040881701437,27.412489357950196,26.89621078223448,25.225068849345917,26.710697112244944,26.4098650901263,23.33578604787492,22.333338361878752,21.34280892522372,10.92801386030165,20.019144946045326,14.895815135842174,31.89870423458814,26.8543538399982,26.687868518806955,24.19169822113749,24.02642235724084,23.300975909163487,29.364386999006907
1997-12-01,6.715991955970144,4.50834737451689,12.332934933558247,15.35599120655283,9.839016895603066,9.948469688317022,18.85256963109333,10.337113701013706,5.013796026120693,8.106894354466553,7.243160456953833,6.874712069838235,7.7664543882855535,4.040959781093555,3.5311688725715764,5.885082150788488,5.370784192188381,7.26673898382084,3.329024369014823,7.653989113800884,15.767924636242975,13.682154405905829,9.412831782099271,3.249918404274336,6.125910418877615,6.792684870368099,8.47381941273161,9.834785182260427,14.581275682185462,15.290804813775026,12.861942466531666,13.036413237053385,10.241528480480502,13.72362819339402,13.981390228244196,14.14416470475873,13.8791886504343,12.259471965751624,13.379680776333275,14.15135359777662,14.877611798272492,14.282914961335416,14.844891233359704,14.02084316780346,10.63293934549531,11.911227600107043,11.23951449524766,10.888654694165728,13.902899561444633,14.83830063717797,11.520783565737752,10.613250791857045,10.68291121310273,13.73596809255289,15.71778665953513,14.988003590901489,14.835019500252011,13.103671935399351,3.912765062698899,5.209237445533139,11.49033789864989,13.614616919266258,9.393753871498708,9.029901559604896,9.354388983024986,9.024828999966616,17.328378392914296,11.744696111718158,22.537573949318794,21.07873476045598,15.950484617981813,19.82547988535473,16.83052350871739,16.90384812444413,15.4687119431441,16.31546927326718,20.218347081972176,15.023720917911898,17.740441355147453,26.59327822377612,21.732397348673352,20.81741392408087,19.108871354407796,20.864904897534355,22.18012272419436,21.41982904987724,14.054132413333155,14.27999545043318,14.411424918701949,14.159633370321515,13.908950508232964,13.992269567356477,11.821758446528834,10.978386273529408,13.305807018145902,13.328034641903129,11.996818722678626,12.017490194311128,12.059691285656015,11.413026322757778,11.991487456592992,13.268583706445254,16.18819059403736,14.731844270124396,15.108501670075803,15.90922853243079,16.191156356197865,16.1260931409102,19.86866735110439
1998-01-01,29.186943813425195,20.090843838623226,35.81342980398291,35.88337049861783,29.750595656937183,28.764961889995035,46.033635124908656,29.26184230451793,18.8948364299937,25.00616778602661,21.469905772122925,20.060038125665947,27.181576881690223,19.10266602255592,24.68893892670952,27.472848260428663,16.415272436566813,23.17021463347229,27.784127132875263,34.380733163160286,34.466867232133815,41.37095472753148,31.640302615648427,24.42336960219577,21.62701391570181,30.139254783531065,24.808931286554,34.32068172739995,26.699552097280385,28.47281493401346,24.139932490234028,24.951606167437152,24.26737423734273,29.849569967359887,28.347101077346448,28.51864710773748,28.431223147166843,15.039826275073034,16.468398959094625,19.69113169037644,19.93504073799723,20.009106313127106,24.09396307810969,26.905714674372614,21.20381267911306,23.70012856485852,22.40849195615797,19.867393283712904,23.93516022611371,22.77663147395564,21.72986996489656,21.74675467808228,21.87393195072794,23.73707394515239,22.767041839305023,23.830067864295188,26.529200060489227,23.725425543205745,23.247634348018156,26.09799576928246,14.181576860274864,21.051541257016684,27.817877292050444,24.88635488166493,33.13706064387062,25.74698175885924,37.05683662027438,33.89562000303685,30.23001665795729,31.68837511073892,33.37737846913964,33.77420231042958,37.18151666388507,34.51615472442084,34.018763760222065,33.85711201173446,33.69251878123601,36.02142894095447,33.99215916698682,31.312008403150617,31.483755690911032,31.499352188799044,31.90810561179799,31.764702151144032,32.83405865141309,32.07075066345478,16.842568806606394,17.14232546696198,17.371154807952006,18.57483470914013,22.144363660558785,19.151554318465084,19.960578053886294,20.64901464465542,21.207264560989668,21.658613725672865,22.053543550329906,22.747656739370655,23.28248599838492,23.76538009684868,23.188854517610928,22.168791480954187,35.79536733927215,32.6940334709348,33.27062168378938,31.07273477385648,30.296189857000087,29.19457214709131,30.620818122704915
1998-02-01,5.176845117010503,2.556467636996846,8.174056550758024,9.162590471346403,6.553943123482799,5.6867223351100815,8.654345946875928,5.195198840590561,2.5355845866964803,2.8782663783182105,2.8109855406298707,3.8974152492305008,5.052697026227024,2.7394025439719627,6.371144517239032,7.548183701371704,7.436407897062789,6.494177239115288,26.550816531139272,27.649977472246324,86.47765894952234,32.903662042572506,48.96118368343471,43.037828585665125,69.50792602329837,46.059291240566814,68.8809758568379,58.12057587793549,61.78266534645455,62.05913219885451,47.90008201908474,50.33269419171696,6.118054903655231,45.74594739831736,46.00516980681229,46.47675206533153,45.74154724154438,80.67412651608754,76.74876495948608,67.3805765747479,58.22429978674987,65.59544133435051,56.1121757957342,46.82203435721374,33.760433250394016,36.85661269483286,35.387884089399805,34.01736291486522,54.61765694714023,51.80427256545888,38.37202257142943,34.98241607520939,35.410052189771555,52.80590112885494,53.99046683528778,51.46940765099609,53.8961365449354,49.126618733418425,48.57779253299732,49.06191763646882,95.1348469006493,79.79729032915739,41.26894041623975,38.44295758408764,40.17521383739987,38.64484118424523,49.37653119836346,43.10530226526799,46.69430378551873,48.40058831830399,46.50570498976066,47.536957266422434,44.85611275608984,45.6488733878293,42.76336162792187,45.89710655017162,55.59219726490068,56.64805926344749,52.0896882605148,65.04727513869452,45.51079455738412,47.26464629851609,52.48056466049875,50.90698497391093,62.02188009945743,53.8979742018699,68.78349038858009,67.65532152091524,62.89646717904748,62.26575485335839,60.18986145072744,61.33745477658714,52.28244161107691,49.57272000751669,54.73147230588977,53.40187817737532,48.63702151835483,46.62811373538745,44.73798546095877,19.4856586009623,41.58823022368762,26.128501786072075,44.4914896517328,39.64305960963071,39.90013443242,37.742025690331815,37.52115687955967,36.401633566706266,41.89735062141843
1998-03-01,72.19022286882341,63.56503278603144,66.97777795876493,59.30350056752488,65.28495666785071,64.58297257202062,64.2020253129812,64.6709368173492,19.56872087817196,43.20331631886971,32.746796474681275,36.606776645329454,25.239582312083986,19.126811463529812,13.32533140443778,18.891104254729058,34.85297149673114,45.21879125995952,26.34318346245874,17.180132587046828,13.913391541514272,12.914886880436208,15.81203454595168,20.90322478509633,13.351189615555064,14.841338412749993,15.485387346224798,16.252852637757403,11.401792181495908,11.854014525771738,20.52144053220265,19.566671921177424,46.4184793188516,40.23351523871216,38.16258464919595,38.70424235839179,37.67239128480024,19.0624690613768,18.10200611944057,15.561157079579903,17.340875173741974,16.472116902516706,21.633676184320063,17.2667779756194,29.44417315987268,31.16409744199272,29.824113107843605,25.66398472250533,24.74288923732422,14.861840033133928,18.099633766036696,18.2710368747718,17.924181289614207,23.663648946455503,15.716564596014544,12.984737210242962,12.9833376073078,21.376934013143543,18.58324624881645,15.834950213783692,18.210105219685275,14.985057085695267,36.80764744590965,33.95256219245852,49.40767405974599,35.6149319221525,58.98294969157215,53.36920624553981,88.49420810533556,87.6887051061925,63.65818936133336,119.01942019429386,135.17667936319444,131.02033305236515,134.18691686608528,88.54734613302585,98.24911229056308,120.98530840599491,112.42815813377784,98.62121260906812,125.57704283774964,124.18867087030932,118.62002980696742,118.24122308776838,93.12755936843266,112.02047232486343,19.04781433258136,18.962025688357613,20.1608362281581,20.36793489887871,29.56372965820649,22.666197123616385,31.4240085234357,35.0764311197699,31.062002530994164,32.25065527686899,35.79176387842266,37.3400434834742,39.26901820459384,67.38603705490279,43.825828973931486,73.72338313188699,54.01630395508771,50.80973517330992,53.89610181549845,59.859464518219255,62.18445210508251,64.57433706028108,134.7659903006564
1998-04-01,54.000584377541074,47.97368096177389,47.539085706316406,49.04258483723621,44.33060605881336,43.721767160359576,43.65386258518861,44.73727728657819,55.92991166339162,51.45814165040564,54.23684764469204,50.66157990231954,36.148403188944606,56.38418099662908,41.87489200144536,32.75973481820421,58.34302507506618,42.80303838543582,25.23849041778777,26.607452393551103,30.89015602670377,13.955517843619566,27.4595711702467,22.51665948292344,27.245408080709,27.57404996120822,34.27072858698631,23.25169361215835,55.53439184253362,61.20409511672752,40.61568906870406,42.01486961025366,45.98283681901088,46.93958360009878,41.87114490939222,42.45257163804673,41.11746192798051,59.12431495371396,48.77522519279927,44.18974488824853,32.93408754498578,41.40288173146601,26.43580411275952,26.78016212941542,40.06749387455226,39.532408346824376,39.61648471473736,39.46560784360605,38.67511460083246,39.866708351414445,41.1784990389634,38.40717285807211,38.82297326921635,38.91006513380159,49.71871318189213,53.66860879751997,58.84173481884807,40.455539521809925,21.967210911094465,25.61573164877105,53.79700615800128,37.76956247069679,49.34876742032232,39.59642847444211,44.75515284961001,40.70692611297163,58.46020958894837,36.10770413650784,54.95114687979952,48.01904524945148,44.40405372730461,43.8678518389859,60.93998600132196,79.54157480857266,77.34213338751272,52.24596165035636,92.85868160948353,66.0554903424218,88.50549974123506,84.99189270754107,57.942624944479526,78.21613811348796,99.719857314807,87.92967694983827,90.56460631147957,88.36546433689443,51.141699605065526,48.887565426462665,47.2167430052297,46.17141727147181,35.53901779176863,45.510323051890666,58.05427326381813,60.99778725443333,52.91737613594651,54.79086986899348,55.17801380378095,58.58115806567911,60.89587750065371,84.80348299667156,65.31254872016305,99.18110814189107,61.99646574739768,75.15880767372236,72.01013574477514,71.89053209135785,70.87936973860762,73.7886021412097,84.46312140123175
1998-05-01,145.07141481719776,122.8653956330692,122.6142078617092,106.18648503398757,113.67785310409928,107.72421852973356,132.83885448923309,107.5497666442798,58.86906280029096,97.38548862024844,69.06601218834868,58.648042793917554,47.91677926752626,46.80883342085689,19.354990054103634,29.771016334856828,41.92525178351998,71.85323936831281,36.59659973329118,45.681596770358105,86.49774477904168,55.74881722736305,54.5586847790223,37.62349733151876,51.85267699160599,47.23314014137471,52.68946588508898,62.39624392953738,94.575319980862,93.78890449728078,138.77492963457465,131.79529618673897,86.40115448581395,223.60934822684573,216.63260991112008,217.7561712659156,217.0908979791757,57.39011979351569,57.08119171277815,66.1034351077043,85.42180667332936,80.42509155749474,187.91691063481304,192.5037164925181,202.43533492870964,218.09059450168024,214.82418763077845,166.6898336873828,152.2649528858218,100.95987155464572,155.02592703728655,145.07825506432565,145.4852972775865,149.9014432589398,70.23424372832612,74.83057465186256,75.6454074997013,141.56456165017852,40.2490074793957,41.93250987683536,50.81112313140532,64.21138881400287,199.20408347173745,139.3738613655892,152.22419521972802,138.90607373017673,153.3189388779641,186.16360094400576,96.98881497337048,96.06161859358016,152.74837116304042,100.34923849182596,117.63196618865264,118.17764688283754,141.73816494848634,140.11796970237884,121.7505587493382,145.94440624888762,148.58580759196036,89.62571819127592,81.46663880834294,82.03011604562478,97.82915267472622,85.15781557249508,99.0807970005214,87.84247968844139,61.95943994416919,61.73002422202968,76.96944113221336,100.57636110088762,192.9765444307304,114.81798431819612,118.92624449987764,124.0423661233532,131.04252988908507,133.79746531323042,119.12343864170494,116.7546794379542,113.03760141919344,96.174038170812,108.50712607732376,64.47165352763712,161.29593769398457,137.26414720013742,125.98192703354708,99.98418665240744,97.94715737288314,93.93394907156984,70.87972495495615
1998-06-01,213.9596482444651,170.82172586676342,187.0004352446559,175.7583691244394,181.61946419261707,183.3627271330085,214.44357939863085,187.9237787090121,137.00405613604727,187.75619175108392,159.83676502408844,147.1938298961566,138.95073018669387,135.840215052361,107.68416902287709,122.1001677927936,146.2931440111239,153.67354903801117,108.95775300336778,116.2071647126529,132.14447950449886,139.22872946984887,136.05663224179773,122.3019266891434,155.1098854761904,160.23289826673584,147.9773852406283,176.0937664264001,136.51019655530524,138.40000918091036,133.5749634746469,134.70511163838697,142.92983352467974,163.12977410977754,143.52710465744298,146.14711274876902,141.28735486984368,158.7336044054153,134.48430051156947,129.006357515037,129.3454305467646,129.76808501303702,133.1405109145436,130.5126422722584,150.42079591675306,106.91095166694168,128.33677706837014,162.2170557721808,132.9262383367946,134.99877686867637,151.60442313213082,142.85893191175828,142.54819213266447,134.63891487555122,119.3088581932698,119.505607121947,123.7406625642591,133.17322230332155,131.85418814559398,141.46087693543075,158.08556645208165,132.76900666471116,164.20572433609084,183.29627570129645,154.53321727826057,180.10296683498387,162.88716897395673,159.2182805415312,116.46105233418484,109.94941406409974,142.30789193244985,134.1328522100505,184.03481013606012,184.0160280712985,198.87775149856796,153.81608325353835,185.19459353729425,203.07383559625404,177.22617573856837,202.6976259042117,143.88512712700026,165.1835774869179,184.6879683542286,176.02479901700912,193.82746617529844,180.57891039234715,124.26200885779927,124.9814891455102,130.5613849677247,147.30090827667138,143.64031715501778,147.02381462420405,179.28070609023564,169.5630811917109,151.74438238973093,150.88161815187243,148.56089809858508,144.22340619988157,140.2604043402102,124.04958269729372,138.94980979044686,125.02363447600946,162.54413014018002,144.4855889630247,134.43435492242438,108.34520070784414,108.54763962563447,110.35175231247028,178.2773079258794
1998-07-01,59.9357984062078,40.797189180475,50.64684928492056,51.26530557592398,45.12560649348477,53.27511022649745,75.12575717734394,63.36411208623034,102.04879688196928,94.97460157207284,88.86776417098085,75.34838767756113,73.13688555755678,100.56530809495572,80.15847795028232,71.52357132664527,48.07107796628379,56.13101765245872,50.685129176953936,57.84695374154906,48.51633560429317,95.3671160996731,66.78233420283527,36.09105439159892,34.892639410599664,53.65861282663491,51.645884699484455,78.16020803791211,40.16958648363086,41.64600491002511,65.64626970877858,62.81390883239001,47.24778244583328,69.02815235784387,70.32164049408736,68.85443080120245,72.1322365434174,48.88361633583145,52.66528394871589,50.60835787525246,62.55424098153991,53.428796700166274,76.67856737347971,87.6328191725375,116.26627510580704,90.4593149174186,104.63809535050518,128.66021021688104,68.4296042355809,55.50791601792042,85.8983423930765,74.1339563248825,72.92024897548937,70.34063617278268,45.269070647358205,40.57569286066663,36.95483975147171,66.71517592428694,33.92852310039358,40.03434717373251,44.58333307917359,52.01833359513684,105.60855769688624,101.19422409097734,80.92288204990473,98.26338738190384,70.34175613277898,77.96302388213826,61.70544864947211,54.54396755669673,71.93150075513324,52.57368249130466,51.0985811823842,45.41835738378448,42.543600539956486,62.59228118488011,42.00506440255091,47.74069380734068,33.82927314251959,79.52352283914753,78.97199320624046,71.68209845166336,53.69581389491322,66.36017402075922,53.079179263723006,64.67079614959337,59.33366653864487,59.53359286317314,60.55128271011859,54.11728955791407,45.87110972924955,51.7207930442281,28.7802838198331,24.767430410237875,43.35918715978389,43.96207172161733,41.034550041201406,42.56046870034236,43.86716117963631,71.70796824157816,48.520902297995136,81.26713715047391,69.93776549895554,67.15499607469896,68.63691163354028,73.16634078773157,74.81640707039331,77.09177395307584,58.506053849708174
1998-08-01,39.12279808541855,29.430253137782984,22.66520355128385,16.764777492063896,25.39046502182156,40.15472744527622,58.18801525711302,53.12237519995014,74.86028665420312,78.33858207885642,77.84560598169307,66.11214225547278,51.4119089962048,70.78242957218424,46.70785190872508,45.893819479173736,43.16299974268964,47.41124729583528,44.42542177041964,45.01472383480267,98.2705779234071,51.94076191586379,59.33540640155074,62.92290616194354,72.48679871868215,45.01572755114296,68.79414421865046,52.67371502655524,83.44480457746916,97.79980723469588,71.29389700069174,74.71117337648255,14.550430694423264,78.05525716999315,64.52235178183196,67.31105966463048,62.23286872448136,71.74116015208632,76.06610349047745,84.40809134370969,70.27172305738526,79.33836587117796,53.95547375911355,47.62268619198782,52.35059947980957,39.18473092963778,45.43876560201756,64.09111603204407,65.50325094399571,78.10523920307001,60.817366637378655,77.74386603029666,76.61217904581659,65.80360073761523,85.98169332731898,78.4556239622559,73.73201746437984,69.11204463716918,66.52806553155519,53.58722602381648,72.23172448508211,92.34295549594783,50.206978302635015,62.95473855022199,52.95392217984582,63.32140289565999,108.19584971721746,64.38535972206768,108.96875181556727,105.51215800656088,91.58874834519892,96.28663655770632,112.18626878164572,130.2027695457204,115.46199789847054,99.66098475053668,159.23439604952938,102.50413364891055,150.52658706243452,146.47051114831007,130.03325341613257,134.0112913529623,143.59736825215353,142.02345861349886,161.86645512892858,147.20624424520602,81.15113271075491,81.9368667167458,87.17678037765319,74.47958274020019,63.39793365942422,73.99537137581595,72.26837269173284,78.9667900126136,80.40664275698494,80.80738307869971,79.74562843917619,80.47254082902082,80.54059221057133,102.56392067239466,84.2795220124453,134.9703173171627,95.77587507561242,80.95598826911915,85.58719086997263,98.270939776037,103.4105448411374,110.3425966316438,145.7487267014963
1998-09-01,35.150078926260974,29.00963478949789,30.483069033410523,25.27765968906032,27.41642942076404,29.00056348217764,39.27551576791844,32.14574249723057,37.718618613891365,41.368958384068975,38.12831360524698,37.19268208045234,49.34096511465048,42.71751196256336,37.18256304007602,43.93838851326088,23.34949071073544,33.404577410115785,55.29053694082515,65.501539755293,45.74227992155152,89.37508255060568,56.99837449753838,31.635681394069557,44.02792204573873,42.72542901713194,37.54496886358645,51.40437965481458,18.691485358837877,24.395199312492263,36.21466755983171,34.69842078656811,22.071968776721462,24.339273189633168,39.24051189346518,36.7100047649297,41.04109804333043,42.32205653500124,39.25023406303797,30.459417131566497,39.74616486227686,33.23322653783349,48.96376964151012,42.84548859668021,55.46689854796356,64.98435440565515,59.16688369632893,46.33056582992419,40.30531989682308,36.37175470220226,35.056723436445445,38.29088989625578,37.78896692414053,40.030353095428936,30.436662942332763,22.47369096875526,18.874988609301795,37.52077799241642,34.54980831079129,39.28959987902134,36.0766982335579,23.3445226591548,27.598975613663555,65.22664851651602,19.98207125410972,60.06206038281145,17.451791439746486,18.86241171887076,12.641696944604885,13.804309248269917,19.23723186011356,19.167833946316435,25.035124525581452,24.45331055234708,20.802630506471075,20.995199008762096,37.02098720376319,28.528374744573977,37.56381941242552,35.042483731271616,17.334352442972747,20.58579017320789,28.798852496789262,22.54134909684645,31.17981502665655,23.91384065267781,45.37904855532032,44.82619140717964,44.50918026864149,46.88272831856538,47.47835605118729,45.6382896616129,32.37550537022957,28.38967890471896,34.85987739498114,32.570181836815564,25.154009338677216,22.801204727220963,21.530189083440117,12.061588648099612,20.1179939823346,10.968270012055765,15.065984676076276,10.554594285451042,13.165435959413117,16.426974752926043,16.65767489830852,15.974556045950337,18.70084014580766
1998-10-01,24.61266078588965,14.031183174069389,12.81479558205514,10.28098927938158,11.968675024953662,15.707631657210872,32.12489426771891,19.63645855707424,42.11600663721646,36.02420414707457,32.88414366648772,22.57924673156641,40.47943358801849,37.03138299583866,20.8822793524253,35.963068893353416,43.195283045354245,23.48132201235365,70.09460482530113,68.2604013697879,66.19599396724225,59.9442822348437,70.36922621179892,84.17891533545908,82.9969218164924,72.4578186209676,80.35765414475442,61.54656352997666,63.794674847722966,65.50082215050183,109.90225444744053,103.68864630326584,7.979063976410578,125.219611256373,127.9355119553051,128.00271608212606,128.5304069407146,97.21861038397604,83.25607377964475,77.29828604527908,116.06049943538632,89.05021544345541,152.0765646304942,149.1956339266554,114.38988761203947,116.10551140209984,115.61771148035412,113.42534113997294,113.44042163583784,125.23515157544226,120.65879116240748,111.1627596459838,112.13167454779489,114.92336674674058,98.59885638124622,84.61426926448118,78.85220209912166,112.34863149246804,85.5032268561016,78.60426954770591,103.60807933707665,69.0396385893005,133.5422774760413,102.3408673824432,111.41971321062717,102.10994960489006,110.64404274406697,115.29040215374924,88.01045654605899,92.7863263291538,107.5194246821627,104.28595141743516,110.49243718393616,116.38429064190504,93.48641408702989,107.23670992948745,100.80031968652344,74.37314209750743,107.67742518769536,82.41251958263753,97.14653744771148,103.11254354440467,115.65028409900822,105.93839468474992,97.507627479486,103.41316058764284,84.72134329690778,86.05455486860453,95.46526214511364,112.3121340214693,159.42768552570553,120.6576097225903,143.3778725397803,146.1281080709804,131.07087971590502,131.52543779805717,131.27082743861078,129.9747946953618,129.6157143257548,142.64087264547885,129.6915660958908,113.42578616646136,123.06381808865632,119.50760910800136,115.327239004416,106.12007333688136,103.74574436036602,103.6020390394482,107.5080006722505
1998-11-01,24.32513202740684,12.5404186733082,42.44478184173112,45.64833141166578,31.59638307283655,28.38991303057432,54.13057347694858,27.559109263146404,29.095396331234102,23.61922194420292,22.7582386222912,19.12446727537405,26.075793170670888,28.739559194295516,18.17288706652493,21.780907514963587,40.28142086580356,23.966482184757076,37.42401655190129,24.487680624340317,21.608876378184306,18.956975923492248,30.844849152371925,35.199258896376286,45.740322816017226,33.97507443131303,44.2182119748945,31.53463055325836,38.257798021096185,37.75656109018005,47.50048506377151,45.77233026050395,32.07264366295515,49.50860024721616,48.0743430778106,48.20040205422386,48.031332412205245,53.49204302195562,52.36542454322017,46.70133715151731,41.23073701991335,45.4949768590167,44.31552469537419,47.050071775426446,52.913532691004384,48.87046707346151,51.10417241649586,53.77042835682506,46.93800488489688,47.94916543328477,51.05108826852957,52.13470877787366,51.96402040149916,47.50293829219315,49.440116675220544,46.25457683188032,43.79891813460412,48.24418277951557,37.25511187231995,37.990653509740206,58.08057009139453,47.712659399480245,53.08167637295628,57.48175034162147,56.29677406533981,57.18601676927735,52.71181442365311,56.99079349317002,69.83818089356399,68.92353322212215,58.716138554867854,68.17569549317015,62.82341024146139,57.84752373683055,47.7702927398987,58.5600008741653,48.82820458569167,51.44220167630515,50.6941402562329,42.14520016669263,74.27276145983454,68.84322323194696,56.743638600814734,62.66244307983377,46.67253457638895,58.71929608009868,50.61215359396616,49.80277405325528,48.24162712177218,45.75734497611488,40.261283333596445,44.8361141584239,44.12913844350458,44.033821467105646,45.10945163320245,45.37009688587,45.216108804844914,46.02622556521772,46.770035616863694,50.21172621121515,47.3711503365336,54.94259229361133,51.8825871041266,50.47876526463383,50.85463398592248,53.250370101982185,54.72327678302251,55.57723753675751,74.71943824910159
1998-12-01,28.11683843054817,22.767050461604573,50.84614326475504,58.825034574285375,42.38789607872112,37.523474388653376,48.80853793735547,33.79087665236083,25.357615009232017,27.432439078914683,26.14640056384284,25.48716314537774,27.31331160534536,24.934534986368604,19.826360260972287,22.06494219980542,24.627627500365644,29.077890631312854,23.729272918957697,20.24596969436867,28.19836803315657,24.03682231052317,22.928795764377227,26.5286108879064,24.0518838004414,26.419169812969496,22.22985075697452,27.97068186345511,19.048984044998704,21.22107533192426,14.244682995442544,15.323071585580424,38.75652825443185,11.156623828985218,10.753694986543112,10.793685024078432,10.678341948461856,11.257455869598534,11.32751898460827,13.020462997656445,10.24912919559062,12.35775314570022,9.840651988027489,10.189116219635396,14.19446277385831,10.634537714797716,12.47229378067768,14.009017973104154,11.406656953034975,12.829331197894597,13.738352822767377,19.30164115118954,18.979955907468188,11.68827621025779,14.670756661654265,15.994512682773433,18.31468588297106,13.566797672985803,26.03589997743471,26.15369318884296,12.124676340598125,15.948898304433872,12.961471650364548,22.407439586025752,21.313587057304066,22.74949324045928,13.814265210345416,16.977473889240386,18.38172379530585,17.843555582434696,15.58416647196716,15.129458449282147,14.394100451396634,13.866975992471232,14.164816398776516,15.112886911141503,10.850922724508996,11.315543178139649,11.370179892319792,10.881233635081372,15.739121058999077,14.477338337001504,12.90814984365612,13.56375694312029,11.002506159358289,12.954743231629685,10.6082637571182,10.619742687110447,9.967736882373949,9.68292339897281,8.406605878713208,9.358995219949676,7.399240520683607,7.218351503485625,9.159644035337614,9.447056854475186,10.275957799825436,10.994284021120768,11.485481477577164,15.104187662755772,12.008568106885424,16.823085179173056,14.588260768417308,15.192980222459491,14.69909067807465,15.382537600816203,15.802767291537382,16.168670993060402,13.213333657722291
1999-01-01,18.892921644748267,12.929246966463769,34.31110509687413,39.677963752048896,27.787914808844405,26.697419362580323,44.2988022937566,26.309692991156652,43.14371023275488,28.8204636749249,31.58740916153212,28.137020442529145,44.51529557415847,46.13545857125928,37.81371474960848,37.997245777098726,28.5993661976421,26.95802718739968,34.93255782007382,32.33371725583542,23.635541158206337,22.2335146659337,32.4854899104406,38.66258326553562,44.436116800281496,36.66498206281313,38.79906087618631,35.58394857972425,25.326817830456037,24.29932076780392,37.085526719090346,35.190492260662886,28.36568182841683,42.96341181430213,44.0685054240962,44.09404850332759,44.15889451520373,36.72378378890552,36.53341780749387,33.45936014122293,40.30411438357656,35.38304214131153,44.54097781661053,44.355065796815815,40.44963275778423,42.60281743127589,41.57054077098237,40.67465358293085,40.20061756239287,39.46856797514863,41.44440774456955,36.41775550697485,36.76791435660224,40.301825268486745,33.53692431709635,30.160805770057472,26.085141783637024,38.51810269113453,39.41744806848878,39.39355222974312,38.08994065001692,32.375021289981866,42.14594591184027,30.59724390710073,41.16363132027766,31.479508510748808,42.09851993810611,45.25275081765012,42.6876939502189,45.27156713025013,44.677840043028525,47.83052286401337,46.650530464801285,48.279356732499735,52.30113982644363,46.34180565789606,53.22539250753172,56.79680105766599,54.340311854366256,40.04850809246364,41.4976360073692,43.18084978047943,48.47776307427449,44.896202906176015,49.00100469213319,45.37628502628779,38.08858384733476,38.06207703963893,40.79038979786924,42.01265571505697,45.25140053044984,42.53005831642464,43.19738492781703,41.3867077641875,41.67161340753952,41.32632924303239,37.75004210759768,36.87084457170596,35.64472916353582,21.39623226311423,33.67366233077826,23.78014691490373,39.80445453633548,36.89794136627832,36.58414995758996,34.212439918464526,33.986400456987184,33.14774246390089,36.4569136422695
1999-02-01,10.092599570479392,4.69400697050552,26.45167395879805,32.19462265830638,19.136307568115345,16.571559416401,31.50707427216015,14.933450343650858,4.931599233310178,6.838319852819188,5.94168918316835,5.772837442888954,16.410051113668572,6.047582173450836,7.504176460815481,12.8618321846697,29.288595068429306,12.176006582671784,17.938104011186955,19.00628677819584,19.19709801090993,23.814921169523423,20.194886721461447,15.163861958119313,21.02566893735622,19.769764199987733,20.412870000573715,16.583523649923645,19.777999637491217,21.114713187325947,20.6870987531206,20.908737591878182,19.10915411115479,17.47659785580829,18.775503015697296,18.58637478304945,18.871027103587707,26.17620572087327,25.422807085907596,20.880332636709813,16.688702454374813,19.942716654879565,16.609133299316227,17.078512861073815,27.290571291094,22.93372415699377,25.272564367218024,27.63403305145085,19.66207944778994,16.646253562074165,23.358136138382797,25.94411104059845,25.618202595850185,19.919668540883563,16.545674232346755,17.01493000328061,18.884120985571265,20.67022047767703,15.92378407559442,18.440160216206248,24.643436351515263,24.479432009864485,16.99804631503969,26.48310528512448,18.37514552934252,25.75310383752001,17.603138182030982,17.117427375720215,19.86433094374258,20.197743137034923,18.20565020422925,20.354783959881637,20.35830144589525,22.00730614581137,24.55193418460589,19.612675239768954,25.99765191842247,26.323515006854347,25.686482025241165,31.428410722681487,21.18892332067008,22.92952562024672,24.475671586366424,24.34645237456601,26.5229686254662,25.019262317886056,24.010127138177484,23.407536033790823,22.118073898499347,20.734163222163215,15.99547895608293,19.8334185444251,17.063247613877014,16.685890970861607,18.438375288121502,18.33232985115328,18.383482261978745,18.465535122565537,18.734977512094588,23.35222098047225,19.324166264128653,22.867037009441635,17.956908250080566,18.34030648615869,18.189801990225348,18.215904979792043,18.349745003706104,18.829687575355543,23.697773085759728
1999-03-01,26.767044614202455,12.394585800644506,25.190538792264377,21.898684963751386,20.38766373833415,18.645006859674087,30.042472018519632,18.073397802696658,22.83376240934649,18.77727972173696,20.82560374485308,18.507696638100317,18.314209695844973,24.75340561552847,20.61200840646835,19.563098151109987,12.40803324075808,18.63310054240109,35.22798548839305,27.667824768657116,21.780085888027045,20.81233879259702,26.06417762830244,32.442204896360785,28.038080223813044,31.28560375784402,26.576145447470186,31.97435410416062,21.33127913312833,22.0392321514714,36.72379078678941,34.564988178855856,17.783675851970607,38.21567395594101,37.56462694525579,37.315772067116896,37.87721504060777,13.980244692422602,15.05291990642914,17.99865864508692,19.440432719290527,19.344696000829565,35.23043310685302,41.10069386667874,50.69798437227136,43.754391494686416,47.74815715501446,55.75156732796249,31.074551885558066,31.1266062237386,55.94078754271128,56.15795311016821,55.92642385472611,33.35487168074637,29.574273191096317,28.378364129568816,28.56992149048011,37.40260132268393,30.277150624010787,31.703178276945344,15.398760035248715,19.5321827707711,41.66317629897615,43.43808336202251,37.78251211179612,42.61931601776676,33.8931829654362,40.63219693929614,28.931545246851137,29.591891227377584,36.22128031916598,27.416319091753632,23.155648730259173,23.11462091409365,25.33094458319764,32.03639533559107,27.843779836088864,28.512015428238804,28.10615498864057,30.24649772620689,27.48226905098492,26.44447650607525,24.205760490444558,25.79828397294412,26.82964459064747,26.141932772314146,14.600754269970611,14.932182574098334,15.029443697576992,16.393943389285994,29.367652135251216,18.538249722028088,21.026366067837927,22.490738414798567,21.403727513856357,21.72540793585324,21.926539528669384,22.56745563616268,23.614591602081692,36.12316936413137,25.37164485251587,34.06241986892773,32.65807633985263,32.845694429810564,33.12595103320899,32.21696601835202,31.881411129629427,31.753408572126776,27.894927742529287
1999-04-01,69.50787535714551,61.4255779667917,54.14272152751677,55.600114727443376,55.33440588167542,58.54789714717294,68.97311177296257,62.24550678464346,50.62816169231533,64.07784792839679,55.2532710667237,53.35361951528861,52.54398836814785,44.01552157503546,53.30533262091051,46.572419657441394,36.94723990346706,50.155600112985816,48.6064065720597,42.548620109146725,34.76512102985951,32.29289896923455,36.63746396539959,36.22413112498735,25.07085350438012,30.92471916886336,34.28100325545776,30.872420175010568,54.96809195387144,55.85690555158618,55.10655572483507,54.440671674520665,56.895663704216105,51.49998841507954,49.21851200509137,49.52048147100521,49.36045795862446,60.25420049747617,57.185165319661934,58.58810003398408,56.507888114547306,57.82041758887334,52.66333020092765,49.75864044817038,52.44799120268301,47.3000777443345,50.72892153880579,52.96056428653507,53.83873630188766,58.04474318103943,54.9889965671894,54.64856704827567,54.74430335816108,54.22346130622156,64.59833890271904,67.38042978396709,64.01160549895161,54.99279384541887,32.799495067610856,31.67441142500323,53.638434581288514,44.422595829129776,61.86410309245466,68.68051815116641,68.35010487492701,68.85481862519481,67.92924439523578,68.21045408553918,131.4450248619507,123.05682795215802,79.92790443869774,134.15464988107823,162.75570205272487,170.13241547496656,184.8761382933868,110.46830309687265,159.51359808206635,193.1896475087968,169.1277336022473,167.86114289245378,146.86010175954584,160.1787371947018,172.23376178649167,165.9459946501039,162.1427121970248,165.7872220139745,61.212464894472014,60.97665439910793,59.05854848387021,59.12270651026693,50.17825167119494,57.30371583893689,57.81228079754768,55.61828458101721,54.83391804177393,54.55766734096813,56.11784477942359,57.10062264134762,60.69646935285276,112.69314024152446,69.85028104392234,136.3909073981267,65.78848265466316,61.39765991447019,65.64335023079856,87.17878603855917,94.3946782538869,101.7519772563729,172.62112443451826
1999-05-01,74.58687223489368,65.17461525685052,69.21140433878278,66.7926943373039,67.31048028184628,67.32296837566982,59.123657124914345,68.03493150136164,71.21046985148601,62.50630905621338,66.59209328919842,69.47395328298894,63.83276115591472,78.36312958890178,75.77898847855519,70.25922683924395,90.20371777546444,73.78514072492757,102.81617468270846,103.6907266208986,159.96001617271904,117.86522732256472,139.514734766117,130.3938226691031,173.66519983666066,163.18917344001784,168.871646647937,187.90815727914568,150.60938377473644,152.76026438972005,129.62859118072134,131.78999171397024,58.53840309092678,126.64040605397264,119.816792684832,120.85545707806966,119.81328180499987,163.34847057327315,163.98916921390008,150.86829776476944,130.29087362400884,146.2665574941649,135.05624854941584,134.15403379051722,117.69419289287464,103.64970984331934,111.55642049086072,125.4988988241895,133.3576254881547,127.57416128932424,128.93108548762856,132.7944742881235,132.21401472092018,132.24894014089037,120.70442315458104,121.91206694123372,127.1237110931562,130.46962847084734,138.94893842482392,151.09732889677687,174.39737223091805,168.80690715852973,154.1245536964477,119.11104095597553,127.84531244109216,119.74860002437757,134.63320225256683,127.36349087979644,107.58076284407028,103.21626220105432,117.66710430475878,113.78883805348312,140.72048655374653,139.5546839096695,140.20649020835322,123.29184063741636,140.20943403120404,132.77266886453097,142.41733669983662,146.4825414546374,117.63824407008718,126.08803393026544,140.50462804343894,132.6285491671737,139.44212470661333,134.6686632516441,155.57777213152232,154.69754591891152,151.81360226750468,145.50037039258692,122.3386222188554,141.08042350641873,125.0985679267092,122.29955229895506,132.00913761710603,130.95804828464406,127.92588003935349,128.15326013589151,127.3580819997152,142.19711584594205,127.6432830986642,115.0575875447555,138.43175136126197,131.16874349091262,129.31232447723053,120.73292351853117,119.65565062673971,119.59946844559276,125.01447594977964
1999-06-01,97.9256957589206,72.24533651800161,88.30540123611051,98.5584733778843,82.13313866879949,82.2888464066745,87.59929861214965,83.69323297789961,72.70933756326953,96.88174334575844,87.52452967826035,90.52234088498466,65.04747246735337,66.65078320430088,53.60032992709211,67.62769493121763,74.98116186412308,87.44319766214605,118.28440495697004,115.20781006272507,90.13668531237256,96.81518332750794,98.86966837419943,100.13378439591348,81.73671913450664,89.6801714141921,84.877563624695,82.77013444164217,71.98089487743448,68.12114501050856,92.17364595858776,88.79170441373847,91.32191964768396,133.91604491753182,122.74280829179222,122.95026757938706,121.45009339104278,84.30879722187063,84.47395507065674,84.70339443529767,94.8264866888708,86.47387842238315,91.72910853756748,81.60436225864738,100.7255949685761,105.78113327128756,102.36842032571047,112.03497367634549,98.03861878894104,96.28030151045289,99.35125048058502,86.71007839609848,87.31994131071846,98.025248293063,93.77906201064096,102.34087212066264,99.6767700980722,93.91718830768198,96.43242227256388,93.87497788922094,86.88608108893584,89.10641652957412,150.7381188429727,116.53491129401112,179.90964875112206,124.29073881506709,98.71493979441212,162.6193186191201,100.12002091324186,99.66292909564406,129.35848132151992,95.83077309803248,108.8103497733273,114.79122495286008,114.55026481305046,121.56896108404074,136.06073736598174,100.49324439354793,122.51403222972974,127.56098011768457,117.25499978755995,125.55598020870892,130.9435039051293,130.9958239152229,144.48665939318218,134.57370905967534,84.81115434526323,86.41881663623961,98.4725554822229,89.81186675712438,76.66761629290158,87.01677974564309,81.38334066529781,84.5461515536558,94.16379555005574,97.14428088339398,103.40608948792976,104.54913353186636,106.09887276257918,107.28174587084116,105.78920000646028,114.51282865206323,105.032756034337,104.56979379471208,105.60499728055714,111.79332684511992,109.75713586816582,110.51943357676709,142.50908076248092
1999-07-01,114.33887016194431,103.41783109485976,56.16881690265886,35.53720124876692,64.03849436112569,105.36772419635976,183.77105770552689,148.92752842839397,175.54297699689567,187.2755474147965,175.79656717789433,162.33547469590533,135.33551965561148,157.68170982323915,138.88494960897367,131.76519016035164,62.21545993574032,113.7353641617631,97.27561600163956,102.45673081858028,103.81609991118984,96.39550229584478,103.60782530282948,109.65785153688856,106.77388058064513,105.58439329417844,107.14766980732874,109.51446866524792,64.29580683797668,61.07555884297409,99.6646413964495,97.77089036113078,27.740468066215357,121.06120696257894,112.00985019735772,111.46627425884977,111.08887195714968,63.54155840025916,75.23794680861785,77.50002347782528,69.39023388704197,78.69633489001525,99.12491494121436,98.144040638801,138.80021028784296,116.67938314871152,127.4233626877064,144.61614976154232,95.82693429590384,79.1809611212825,127.33002453468232,132.29109335630406,131.44782856397887,98.06448354119073,72.05509309088285,72.65221306128284,65.59452391812654,101.76560913360628,109.14000922185735,106.47618307533656,75.24296895166938,111.45102582284736,138.58690192281497,158.53622617417972,117.22709889782874,154.23132823046095,91.26879867875756,137.0132196286824,140.44052138859868,139.72803868223326,123.81057622757424,136.0522653752709,127.98593731588532,153.89413028608672,187.7873879682686,134.20442260894632,190.6688060998676,233.903682199116,223.20347192736543,108.16572441859428,148.44470512871138,151.913833228558,171.52386851817667,158.1860937683977,163.53934644395525,156.67643541028698,67.93982187221796,68.06180395519796,62.654111936030446,70.71789046669682,93.06658427020668,73.74404458477564,78.15270154172599,74.02790822325895,72.73710056844469,72.14056353386496,62.41610311291542,62.46200359117056,64.12041465083938,77.1054890984424,70.6033753240961,156.11334641520392,80.25607094408082,73.87374731059072,73.07144237330827,90.7739791032179,98.02893389144592,105.64773371121495,138.387662809912
1999-08-01,76.71808740412762,52.856022847305695,49.44466305491118,44.81105419441814,45.94536728085234,61.15399037345826,119.54759311664368,77.88621796928336,74.86005892826729,91.43523530636963,83.90186730611805,69.90603486405185,94.8158308562142,80.29210330205825,85.81012771135602,78.01775285263467,32.35419014902382,54.20322029075314,49.65479081071357,47.35558466792901,100.12291907537048,71.00606683138253,65.3699925043762,70.2938948951876,58.00460091056251,63.33260527234637,76.1668826797475,72.30637812349686,104.65938905687976,99.95709998241068,108.36079977605276,106.61453792012372,43.77785099237042,69.16654406707875,77.70686762710649,76.22366978629559,78.79695630104109,91.8207659830854,91.45787356832042,102.35395002202291,101.57476323584528,101.8515160466296,100.99499912277804,115.04705818625776,123.1476393415602,98.25914954745755,112.69542922876896,146.05254582150428,96.63320149725666,121.3495261405836,130.88192662577998,139.91440069626745,138.4294987075988,101.91599359398748,120.972471116721,116.28675609290616,114.53875121856368,109.86806901982868,62.1298306296244,63.40863661693082,81.91976342770919,102.35379517410948,93.04295436542829,129.37242514317373,97.22096683620428,125.00747507886204,53.70561998745909,96.10082669768752,51.80225658659238,49.34483348987142,69.76748517022773,48.47142342891685,43.59753029558338,48.68507778244952,70.3793495826859,64.11698905168377,58.79040022734021,100.44199883106188,67.18483220990505,78.6035109961934,45.86962284080104,45.1216053699849,45.86854925745315,46.744747545374025,55.286181937177496,49.31994801175009,94.76669549894848,94.92946882139177,94.86276932520472,97.64947102106794,78.95074125962816,93.5969741438823,68.57947463761916,61.404446339886725,75.30595152586038,71.82300033118918,70.97604972400721,68.47969978099178,67.28557878203938,44.72108900278631,63.95408592284142,62.21114091872538,52.37960699351945,49.36423825715234,51.46989947179426,68.48400203857383,70.99555067857783,72.72042786270444,51.25711769358037
1999-09-01,30.91208906033076,20.66127307375985,32.59656314630176,34.37832140954782,27.88425654613395,25.915100487931788,36.21375673993688,25.28155904498571,18.471934027275825,19.856220107526383,16.280327779947225,13.89914683260036,27.94407351127036,19.279369414191184,14.728883893227117,23.90647322260488,16.825826937519953,17.95242922301086,20.89351916159963,31.780583840410166,65.57604170990551,43.070056486796254,46.92486911503744,27.777805795145134,50.476359042715295,45.260779637332455,51.0935186685001,58.23176188309783,61.9669657424964,65.72867008326327,114.50316333494926,108.28606503789725,34.86768689218951,75.7841358729496,83.65764727252387,83.15549838718198,84.22027898349467,70.37247032421791,68.90727980750026,71.58735898279828,112.73511758738256,83.78423531877657,142.68902550079082,141.34698712296446,103.62934345459732,90.28887247300574,96.90915907721931,106.4006306608335,91.76849021110964,145.74956601360142,134.6049104835589,144.36354492411786,145.70196892573594,98.68022396458132,118.10607114142296,96.90940751251392,89.99415502939185,111.91770869319669,33.166040146095554,37.97720046768189,65.7116845938575,54.91655374081886,82.15986989636143,110.98979019609226,75.32585385978594,106.91547502891676,74.85245128630602,71.58555526688687,32.049846031578525,36.44162411034676,64.02256104969773,30.436233072586997,45.48272964736658,46.69243723828822,57.141443734784815,56.5460035775652,39.22805826571055,38.49680548835601,50.85025048720568,41.00993976694429,24.47285606730591,32.66837332214951,42.17857526806562,40.02650912515123,43.19934187966835,41.65711855058354,77.02242220471548,78.62745725995039,98.09645527321024,103.44068622931712,131.27202979510795,107.27408787118182,131.10672657995434,124.49759164539596,107.38539558642174,105.61906735265568,99.77509112653507,96.89216322331814,93.15749609344589,46.875337652342495,86.12943067486229,39.49850662393067,86.18214472019167,84.229598726272,81.16860505346318,66.02805160018623,61.055560354146095,56.45217530672281,30.8465290635834
1999-10-01,32.38207519278484,21.77564180722469,39.39547625691963,41.123431423791295,33.414475248612376,30.98537010397071,51.27384578192248,29.94894327770931,18.23305342028956,24.281110899008358,19.626298283743576,16.8227323375947,22.436681469463327,19.247350010819986,15.95043749116997,18.19567843244048,23.28465710049252,21.31356148706725,15.208998518496124,18.835048221700227,26.559172541944143,28.67652681027678,20.32718060737531,17.323893165446282,13.695281247640615,16.9667909182524,15.411729654399895,20.998820128685285,17.30179961362992,21.139975583314293,19.34215746481482,20.11168311085113,32.14161686689953,23.27640625456688,24.891669721346727,24.48544770345012,25.14560360146885,9.903815084839856,8.381001329835605,10.377321281782026,8.748010964533647,10.839036442447178,16.929674133139706,12.64498357333352,28.75346283621952,28.604017495196008,28.563469817237984,22.220212073794677,17.744909119366824,9.833757879575728,16.32706088953593,24.605346175121248,24.07382232564989,17.26710174458054,13.210103139080996,15.226462715963056,16.536844568077736,18.473199398379087,15.980634953778209,15.67207829133968,8.459640563050735,13.33182034617322,26.98660944253161,32.37216712861933,29.36807268208992,32.48236923911577,12.723792812976033,20.038958395482787,30.125402742957096,27.642253647673854,20.616364238243868,27.983949762176373,25.01892610652656,23.824498828800834,27.20136344592853,22.81034381652081,25.973077471942517,30.14040209150612,25.04596601520672,25.03937996721753,23.945059828246357,22.82559036657358,24.298569616853072,23.76930541815373,28.215684993026105,24.89011364913822,8.487578727615931,8.450356775623522,9.919858875717576,12.660612071884618,23.047646946650616,14.529736638289709,20.91593632952407,18.67035373691196,15.236028219148851,15.07536605197021,15.569363956281084,15.632157981533403,15.900093261699125,12.23374655187523,15.390170423479486,13.585034687374918,14.147852630222946,13.700748382765685,13.770569332801513,17.476659980507772,18.47717686060306,18.24715043306134,16.753399676912412
1999-11-01,37.08492432925111,20.474051059508096,51.15043134988233,55.300487463036255,39.66576672399332,33.85521053859184,55.98051121294419,30.7444360530681,17.227125632559986,22.330636087882656,19.307196153753008,15.813644981570112,23.363770299803416,16.76377513563429,15.710470886438388,16.8344308951892,9.006531914919965,20.24601380392926,8.919514748469158,13.98779030489912,5.279045934871973,21.96219548219748,11.122202472622032,4.725727874197768,3.31332796543672,8.748193373153933,5.71372477188549,8.969959204614721,3.977474047197712,4.331254181105671,3.0864162513808178,3.3758125144899287,41.20514048427452,3.555553420512871,3.080216216516486,3.087976270115739,3.0432289200530827,3.7077553396268224,3.1317015369355703,3.1759391804921577,2.026319489013001,2.960145411403942,2.047965448967115,1.86002421933528,3.496058268903443,3.284098688733501,3.292939478154419,3.612317808341774,2.838208126492995,1.478214732656166,3.2141606636003424,4.046019389546843,3.968329620854533,2.7723192137287147,1.948619110465461,2.275298964074508,2.789489321413826,2.922608171584585,4.200016041162481,6.1365011248852985,3.947816240039317,5.451143854153538,3.780061839299991,6.1422076893583775,5.924021027843287,6.219441326060447,3.19310727250972,5.568210256863875,8.856442537763005,8.860174969488321,5.8798174516135,11.076532578140148,15.96522977249723,18.920656408610952,23.607577415427816,10.180793120659176,26.160905944967126,31.45559285068356,27.87470756795596,26.296780907637757,10.864604728649551,14.502199240026446,21.5625289860058,17.985711132257112,25.528078129032348,19.67068506671296,2.323340945267711,2.30692025179038,1.646616364788382,2.336845698951383,3.5523817181174597,2.525769656345033,3.102893758557183,2.8841440768482505,2.507100498684805,2.524086882228922,2.6729920388051056,2.8129074763934168,3.0808653979505958,7.821349738183524,3.843757668861208,9.103012760130976,3.2131983680322524,3.701633503662285,3.6366550551546055,4.991642220826821,5.713087796338838,6.352238291227657,14.189821817125782
1999-12-01,11.389797451275864,5.7186448176970615,21.8811371645642,26.83609766734842,17.293252808539357,15.60037829251105,25.264225931682557,14.17651000410697,11.431560820592596,10.82103989987221,10.340777417784114,10.272147172487069,17.253678203127958,11.132414250975415,11.884012898884894,18.03211937913725,15.543957605128178,14.244841893002745,15.985922413534489,16.58754219344602,21.12312395403842,20.31389102905812,15.777886184035138,13.420979194575324,12.281997792478734,12.163281465219082,13.080661085288508,12.940693501942514,16.618926728772657,17.354554833970408,15.561436803622248,16.10699811980123,18.07471377425845,10.599609839285458,11.678088012032644,11.5477683014035,11.853389034558766,11.625029089353344,12.940226071326322,13.971809220954698,11.483819222077557,13.460059119897863,13.340520176490378,15.699294284711783,15.513081412056204,14.105618429665054,14.973830052224644,16.74265284813085,13.376570161697186,12.390365277322726,17.122008041167078,18.816430592879065,18.726436545029397,13.636343448937982,13.002434751666865,14.845466317778994,16.402612524871095,14.910377394668032,13.321557425323093,12.002601452168948,11.715738770997872,16.448508540197324,13.965535981288214,12.933411474971424,10.874827101439058,12.648236945836734,7.943039495851702,11.969426292738586,10.622663045911086,10.498381709541931,10.790502639408054,10.387013132214824,10.78230954899819,13.19115506056426,13.09212696374488,11.200656934650311,21.26204071674956,15.472211970112047,18.680701146404385,21.888483714533677,10.43260186821023,13.52729294137154,17.396114511205163,15.874420945249014,22.205270031998467,17.425329884684484,11.689659219236974,11.750107830896535,10.896812629573429,10.562390726755194,10.749432584345945,10.538540851895112,9.612070207753032,9.716597680704815,10.299660172721232,10.2879807687322,10.417130356406489,10.281436282258296,10.111777059473678,9.992233889394209,10.141724797978762,9.68247775107241,7.82332600040079,8.457289135896994,8.31059675310562,8.665165443312102,8.842707087268902,8.904773102498517,11.124644621133074
2000-01-01,24.878823455971556,17.31623633126962,33.868656865744114,35.42904162377305,28.24173808655729,24.544493541171665,28.75723780909732,21.89815439810507,20.968009411850232,16.032990206267144,17.932341091434353,18.784554045837204,16.33947337800891,20.9647920066997,19.151023913531677,18.788624659553825,19.19025283329129,21.94417198191429,20.64459684083842,23.11903667582084,19.079326145623867,25.946447330702075,21.34944542630433,16.418521371823275,18.408115578937853,20.047300865298777,18.074718302517205,21.567079134349125,16.15252969725252,16.20510190938883,14.651518811735924,14.908482365552324,24.72868535283622,16.850821622485736,15.57269881273398,15.78530728356882,15.380222697423523,15.028032103768094,14.941160422049212,15.430618063388827,13.041523362763431,14.867279287041796,12.336343013087829,12.388870219345044,13.087646735974408,13.977833103937916,13.566585790034456,11.55294736117768,14.534203586623663,12.959547160237795,11.666451578519933,15.265108230346542,15.066022036459666,14.18168787812161,14.584174248823564,15.34772934803138,15.996334195831665,14.447589557780178,16.769964485077516,18.20668479432265,14.66593830906041,17.32180099898986,17.718084404142967,13.54132905220137,18.908733625284675,14.12055357178816,17.037059540614248,18.647533636726923,17.49226522202936,17.402715039558355,17.671069681131037,18.795588916775632,23.343854127723088,24.237231675943296,26.49992492428208,19.67644861985961,27.666203017945257,29.94987923802494,28.24863701281916,25.384234876315546,19.729671188345407,20.91284183084421,24.060399121241534,22.022661013366378,25.621224768630064,22.70998506733466,15.147235261411064,14.96836181526854,15.422382494833036,14.735181220859376,13.504768977385828,14.58058621112811,14.23203935433272,14.018671781804896,14.55470226725862,14.487323659466163,12.863903209849308,12.431773003085654,12.2630912299826,11.86523936545452,12.381537272514027,14.969494942635368,16.21652347400521,14.491824053676757,14.480423969014748,14.329678759189726,14.712291159296877,14.966318866326947,19.98618845612569
2000-02-01,23.909644469116003,23.238304604633942,29.53896033611304,32.04266950951124,27.80348630744786,27.601938157336438,35.86284427720585,28.14352308710617,11.38260588093734,20.25682074368193,16.41804767775886,17.03616822466981,13.206093350858191,9.950149700036986,8.341024623922134,11.018364250810112,18.50746835007888,20.116868473296552,15.237341297025871,10.683330157383644,29.28677605389117,8.410989987005298,15.779543665195416,22.017099478408323,22.1947018170954,11.056725836506198,22.983483521924278,10.250400027479426,36.48159101737212,37.128076847372725,34.68272009829617,35.102499631466216,25.421311792717145,37.52278982892986,34.89274107327714,34.53133077511211,35.322506396265474,53.62476094103249,47.44444713058183,39.34998647194821,35.432789161887875,38.84963538493619,38.122001864959024,40.55033007786327,29.928660036485844,36.334168168852415,32.99315162808888,27.182416149775303,37.59541928949636,34.055313694862974,34.28042675798729,25.4325045936607,26.373064165187674,36.93851830029598,30.17367823095276,29.00766509135234,31.595239168822232,34.769636036152875,22.08559012011397,16.32453700853581,46.91434009001512,36.01612307733547,40.67783244214724,31.301289664558368,39.882655982491954,32.460486162659535,30.52758659185009,38.67196037256152,25.538186628330983,27.734182594258662,33.78501401177884,32.05178006361751,37.96817807442318,36.27628200695053,34.81801737739364,34.30956501675375,40.513228483327445,32.92340472690533,36.72339111374912,46.97158270820562,31.095310315057908,33.68953294879917,37.1852331238004,36.332947937327454,42.24020271872566,38.03990284938202,47.58972947886245,46.07207360341114,41.51356681256844,39.59301051981268,34.53650357881737,38.16225952794115,30.947421226856584,29.87482400941132,33.84340801816348,33.28549701666494,31.95194016319984,31.50952177557012,31.23606011544542,25.887992353124226,30.68066556128773,28.57308487823302,28.81883119208387,27.527326152860407,27.28891854437681,27.331787704652267,27.087088473711447,27.0238076091164,32.76659770326553
2000-03-01,58.62761329616512,34.40375025429242,49.21954414786477,43.91986975440032,44.19096256783333,41.83237698873933,59.971676140833296,40.91274620624383,19.460726117765923,31.31042148350904,25.849154739159623,22.964327304069517,24.77777657955753,20.43686211717954,20.62644546463659,26.01500108369751,29.938506426644903,31.750261396083587,19.02623831688855,16.821565618691736,32.48247918171226,15.043999788295112,19.302199244014798,16.145405792770248,13.286629696594636,14.752228475233784,18.35817031548132,17.292519371405415,23.175007741316687,23.36830093623128,32.20779893038428,31.30037087625829,36.94281689746289,51.65556499397324,47.168207166434975,47.7709024952843,46.64344187866848,30.332931164454667,27.35579421764365,24.76676082123076,26.802750902897305,26.517879462205105,38.57770621365973,36.30559165165871,37.69352520564271,39.61182115829215,38.60239442460503,37.25929321889952,35.415767070839024,23.83424580931492,34.61234577339285,33.29603687050377,33.11823023297952,34.57975807338878,20.438643795683223,21.88325546334255,21.78628144131445,32.78466670860027,15.692229304816657,14.660557789393648,23.97739249529394,27.6739149445965,49.19600067427292,41.02197814844772,42.45412366186492,41.33815343938283,31.069146262175508,32.72137866292427,24.15640385695638,24.93776717842568,31.06358743318867,33.31878095152258,34.92333972929856,31.008368706974267,28.60550460976277,31.653680254309627,26.898741078685838,27.825642469637792,27.283630967233982,32.556199315582475,30.47156902449174,31.89612987062982,30.11443433685352,31.740432296605448,29.32894888633959,31.578569526654217,29.30971978302386,28.78001449264288,28.876239279432383,33.74312353868229,47.624752059985504,36.71266527568397,53.68105856777186,55.756243321837616,43.03514857692219,42.83435268171706,43.94104539782191,42.022676334544016,39.8536654197151,16.91327593933509,36.9957990615376,19.6593655597856,32.30981170899343,28.895381807270432,26.27742169806226,21.987300046975918,21.59207820820918,21.374090602250064,33.26374144714013
2000-04-01,48.89748514248924,33.43227124703667,45.90815005456096,46.72538683971364,41.85841992473628,41.81664575130601,54.54215979024925,42.53487392022269,29.082579924562605,40.00356492690398,35.24332235653159,34.49747307739694,37.67415282888554,28.22294182349057,35.10242403911567,37.38501541828978,49.21732461149868,39.15597255611264,52.28974116392904,49.05357709339043,34.36373019091493,38.096794828602256,50.21988811757706,53.60560553203872,50.677094847631096,59.15602289587109,56.06003181259409,63.961482417858434,25.919472534469023,23.66370203524969,45.630748971700775,42.892620943260255,43.00578222139322,60.67323342669279,57.42903943944461,57.899988681438266,57.03511120736407,85.42154126252099,67.47029632219937,50.68583753388319,55.97956239956158,51.115764870699685,48.02679232777193,44.33427338427816,46.21903894863665,50.37573143259712,48.05210292511175,41.87535095272605,51.62840750321335,47.70793511720618,41.67900505110811,44.09740198794489,43.96538583351969,50.37983124878695,45.48255519944368,41.52183363148416,31.67158897468606,47.63745829110264,51.32147042748856,54.521583759137215,83.28480006090594,45.96073504579178,45.89726455553664,43.32321312017079,41.1296042168116,43.00770697654165,69.85759062190627,46.39824155489898,76.7171954179427,72.81791891554603,60.49481332521391,65.79299821969636,54.7775196023501,51.91981843187332,42.63583783054287,57.608168673898525,62.05523258655997,40.48041867044917,48.13106048889326,83.59322064357106,77.62511929998226,73.32565381631113,62.92519434363432,71.6704508705499,74.41626731874238,72.8406270609338,65.47472457538008,64.550819792694,59.52353391897421,59.09577699734251,50.72231592171092,57.92387680051678,58.510009518961525,60.194779575629966,60.62119729707084,61.47216548966784,63.68043483982488,65.29600811205066,68.47883535798965,105.98230700236644,73.72321352126308,99.55431987285874,68.71761273789701,68.31704373439234,69.53582405091049,78.25802555025355,80.53191374480222,83.4477421164645,79.76031189739152
2000-05-01,44.03480218255435,26.06273323087137,39.57957755011152,39.62413063419984,32.94592744558066,36.11926935147813,62.30097569077437,41.107381963884805,74.98083132772783,64.78943606984238,57.323660749131335,44.32230649587578,72.89318957791468,83.66380266347679,53.20510431432548,52.61389844399339,60.72472872029447,38.59334565193822,81.15547425371294,76.34642067976095,66.26930570296884,75.59897058479464,78.62303522474888,97.10353568362432,77.39859040293963,93.8034869690904,86.3100577386277,97.16753744622478,56.098232381779866,57.81919283371763,72.11191863686874,71.53093570628289,36.69777416275088,79.5079387967255,79.45544003839747,79.37271344658593,79.20048576776254,81.85471751507572,74.05166274827735,68.46030814113134,63.87987276884832,68.40888464828305,72.06849657791369,64.28407051530804,93.33803261604136,82.51266301184229,87.2265870666673,88.1725899418235,72.7456233164965,67.3144652119936,61.84271455641346,67.87485670108202,66.51331296778898,72.04244076691513,86.03561188961356,75.65303525886267,66.29706986757864,71.08963040173072,90.8999606089285,90.02072566480594,73.42275844957018,80.08596932132644,84.52312479003726,89.76935636082293,80.2869945121753,88.58212766550989,66.28385322754475,76.20269232304837,153.97652471046254,139.91261607061423,87.09808329860716,137.23590292721406,138.89453835817324,146.9683044299709,143.47529171036746,107.50885521622745,168.9623070163449,161.82110118435477,170.68879224822987,161.77549441194077,138.5515286369128,138.36016486500438,149.66333872796636,141.7405178178004,158.36659276794398,144.42350512145728,88.18437776718247,86.76347604175116,82.02627451641321,79.79385190318764,74.96469390675303,79.13005091279577,86.0223406959952,86.52786995634159,79.9871400678997,78.92773202936564,80.46323546329002,79.35624036104315,81.3025558402894,112.5159918532282,88.45222212821291,136.82259619379832,67.12319318727796,68.44382401426057,69.94699523330897,92.32484804345914,100.26970291625928,106.41632799150268,131.85475707514044
2000-06-01,106.69804992250349,79.96147822620391,81.74629256815396,66.99070540977412,77.00160488473291,83.16269592232807,92.2421691405994,91.50345998469707,107.95858590018042,109.57307964261662,103.85884756372282,93.20787894928635,99.8596735628088,103.7667013574242,75.29983130259434,76.81087983549467,100.16422635622868,81.54767248865849,119.65970931258911,116.5093049850688,117.77512936977078,137.69968231423886,118.27688772769612,147.64993150936766,117.72966767935525,117.35350079599372,119.80430441906896,111.52360417153189,159.1598450445542,154.496155289947,165.10821512635044,163.19858244377917,55.73568270266474,133.3754275087528,128.49109924083953,128.32893020144323,129.57109568626137,154.35448026898356,164.23038712439478,185.83181282683503,198.4296249555916,184.4756168307042,159.06413543562962,172.94418926373822,158.35166383333106,139.18234906467822,151.6311607312759,160.55059170186487,161.05732642577885,200.4232371818856,151.23397659541394,147.92147897467805,147.83417164254402,162.8554226418024,234.21190226887788,249.81972123380385,209.47486871008692,164.00033126729102,138.38133372930048,129.9384773462221,151.94335114391964,115.77403249690477,124.27794307596716,117.31382401701612,115.30244616619672,116.742961238442,112.04388876415004,132.89818080285056,107.26295881836694,95.8153139407806,113.65009778195294,132.73060527567415,188.95057732990787,195.46454192235387,240.77995147494337,141.56596299390372,169.06046562045893,201.6045878196805,198.434765342948,151.36709217529545,171.378668734554,164.297794464602,165.29516421152158,162.2129983950919,151.7001432441205,160.0273294565657,183.23704821132145,191.1881348878069,181.61303308946887,169.3537561717817,134.73332788800118,160.68721840942948,95.71781212402249,84.47263416577388,131.47148138241877,129.71344134942277,117.84425955742188,116.08168827747976,111.91833416311952,87.01109092513175,108.98337940968185,98.4632313400066,119.00367757475242,111.38679388456356,104.41516383117578,93.83021111409644,95.17156545788283,97.54010775809562,138.61863953171508
2000-07-01,37.09336652550277,17.122278266091328,16.054785040270858,13.29031194535352,15.04727462689915,32.14409151031445,80.5345915931914,49.93362601732084,157.38859659355506,123.71110445820564,109.23758523227885,80.96213249926703,130.01858648602442,148.55192151090938,104.20653352240237,115.74557332712617,68.29795961951675,55.69417939770458,145.78841404387262,98.64371463201232,88.10474743434293,85.4343414107267,99.98618624061176,121.96765653352028,152.33202538234033,102.73555313567624,110.08889138093647,83.35620091991737,79.01972021764368,74.73242885761802,82.91848861592834,82.42445991445031,12.486843622885411,78.24731999802617,83.43890607514314,82.6676021701634,83.37149981892019,117.07414358422012,103.88603560852894,94.65739088907252,77.80937316949621,90.62400414320769,79.32855968547398,87.54850508616063,96.34069313268448,89.28507404920236,93.29711787168624,84.9531881060258,88.25358105255027,89.67181124989885,80.55336010744833,67.47600417038568,68.37816851570005,88.2113000794413,110.07034975216204,105.36139108702432,85.67308503728955,84.8140304909646,124.32516809295164,125.79851860020256,116.51282643895637,92.98732856344928,140.28181996561415,105.2052701886379,127.89517042863577,108.19653697520752,48.94614512150416,84.25184045724072,79.16420072363994,64.75959766659763,69.8418284450857,65.90834324336794,78.39773237196295,86.35889074921987,72.92934732593869,71.18814775422226,83.18418473206098,76.6836043170344,76.11575560509336,91.51812789268456,67.89916818884075,86.37269866232329,113.05058152555397,96.95662817308504,111.30456863215171,99.75521424267237,102.51727039380522,99.97434367439496,94.73491379591356,88.65849928222207,72.40551672943306,84.87932576301783,73.57201974370301,72.60178324534817,75.39777788451664,74.34440896842032,69.78421007364834,71.18796600236199,70.57854335777839,42.08362041169869,67.51327150746451,54.073023485450825,42.62301173667373,50.54238741958165,51.44837833022523,67.24598844336126,66.46236628091154,64.67476247011771,57.02163750113203
2000-08-01,66.39459395503232,38.718325222542646,31.584796761970317,22.78396096588019,31.95051789099842,43.172696651939205,79.57129805245724,54.94445679606062,58.81654859323742,77.32485135015719,69.1371050104429,59.38960014083281,74.79002287493017,59.411412383156936,57.76540711352924,69.53015816772705,20.850291864415823,43.50045033038628,41.191365320832944,60.76634131475216,66.34694774413144,82.8429259759952,73.4667491329041,66.43228742905627,87.13500884214935,68.09055567901332,84.78563231885468,77.04929767709046,99.7607419927524,106.246580514057,120.5403264593271,118.1841508147678,19.7214403346068,52.86139015690282,60.07540659468204,57.84557217189219,62.58705217289089,73.47208405200283,108.61721513484002,122.54269417953458,131.3961615298725,121.72956992642597,123.97500035019272,137.76728020880782,94.65711959622227,93.34392723427808,95.59003017660642,133.27065289112562,101.63630994688062,141.83188600619283,143.97974362842876,173.0403756792664,170.47247693722133,106.83568160158605,154.4162238427594,148.6759648423344,118.31146925338004,120.76482302522042,67.52400371186145,70.59996185126126,105.86466039662112,100.06538970848604,56.18160410131047,108.41794697118146,64.32271123666968,102.31488226066404,40.71656059857276,68.33640809217927,120.53565154365164,109.85026292783674,72.50808572635557,112.26461474930612,112.21508024474043,108.84600605819668,118.79508453079217,87.48271917301334,102.63434272966973,123.30583383793338,113.66729640549156,50.32823916879967,106.18314382655592,102.23333804226782,105.33079343130444,96.86183504539136,86.11290519673952,91.76735432671876,97.8786381391881,102.43847208549394,100.55273139159333,96.38428500567294,61.43661814467321,88.95285697264904,66.37494014075735,72.4644686774003,82.14453060366617,80.72011554399312,80.12495478875059,76.73071853529099,74.51752303230741,53.435390411024784,71.37613726506333,62.76292443147654,44.47179885776182,48.25123656073095,47.60377038681653,62.38925537245908,64.87489474881342,65.92109640620356,92.38579394431612
2000-09-01,81.83228113042784,62.27509395772361,67.56777011031878,59.31496274024548,61.16619201307558,59.132745483869854,72.51336987039423,60.49105470553751,50.84690125307812,56.83804870075128,50.90324694696629,46.79913741266302,69.33866332591468,58.50426487192479,66.57352741791365,60.871316512228006,41.61436311013641,50.7628066040504,46.854403440775975,50.28594253159191,61.98598105712597,52.25098394347431,62.32438019563232,75.67948845836756,76.54901332577795,66.98162077887011,75.63648239890327,65.72799056936367,61.31697502934367,56.30994573999581,60.783693790165465,60.7520229800936,53.736655444649976,44.50550122234809,51.2553011756527,50.6077521326271,52.11065154752185,82.51798446008758,75.65398867433865,69.75127089174806,48.1707523343211,64.10529165833887,40.27582444327008,40.7971544197748,74.3018579298813,64.58722026263916,70.73621431452709,75.27036082634962,58.22778525383452,58.7255014323939,67.7393158732718,64.96527153075793,64.90424493601193,59.240514624409215,70.12625168208612,68.80933142910536,57.82271320674424,60.81760270377838,74.57157475243159,71.23810582365488,90.88831212778317,70.24315655300224,34.55770910203706,50.02261407876232,25.16024950187117,47.32744149707145,27.209311115746743,20.01653372950044,17.39392368397247,16.026217397816115,22.81743781366136,17.47621863050447,18.211628088828075,21.22266974912401,22.798846417240007,21.79204817619713,48.29135820839619,30.976700427730066,42.74890338186963,42.27293005395691,17.27407814258876,20.482687665488,25.48044545323528,24.05348636657592,37.64126041906732,27.121401527821536,70.22300220233949,69.24299442736644,53.38623504534884,50.11263127737514,36.42457587195656,47.49419799312976,31.197427730684037,31.34060305928057,43.34410399057669,42.900486117785206,36.48452026303137,34.17699307757507,31.645766827150325,14.910447500619512,29.615823211147333,13.777171480688304,33.41438171055346,29.184471917465917,26.911003167155243,20.05148774194492,19.175628200994467,18.455450338266267,20.48851910334844
2000-10-01,17.156049374948196,12.185233074226906,15.24674326834485,19.348983913186853,14.909158067366713,15.224509010097409,19.654952832636454,15.520376146754696,9.175819521637226,12.858665713338947,11.517586868203985,11.347597193524296,10.842596593814967,7.9531743504681796,6.739707243754092,6.907328225503168,16.677193876660613,13.68573846401165,15.28457932075837,12.00121418442846,32.184055271120755,10.345768430480648,28.02157934583045,27.3405392313334,37.27050171170958,31.270679405680827,41.299508700174805,38.80950776322822,26.910521468716304,23.612825249809088,48.9006497675138,45.5884027738059,20.40358493863736,35.839074853665736,39.36023493477239,38.69363014645542,39.99734004317319,49.7242076926476,51.67599282986404,50.25703627265273,61.3949997634855,51.943471855732426,53.466356741128095,51.15012961475282,55.76934774853688,52.0227603853961,54.40100719520201,52.06800627175806,48.285013885214106,64.62945221599047,54.25885705355967,51.82054499790006,52.0257382734798,49.73432199998016,63.82836746229144,52.05650169902195,37.57485338332573,50.25335680039408,30.185259992350908,32.11229103945975,50.58319132771318,43.85399763660522,40.73644846043364,60.96465646434097,39.36712448847233,58.624077604644654,26.379146607082657,36.2534649666034,34.05346615765789,30.813602122152314,32.73406916044362,36.60047322940519,46.24920426567974,45.22930192411386,37.20774205084975,35.672917113729525,43.17219535718804,30.669187632253774,39.761920761512656,48.93392101594655,45.01389176522133,47.29184560111381,46.74609205828573,47.195881850325954,43.91815982606508,46.725254220808125,53.94575382728693,54.59148138435978,55.973026134136674,53.26294563743021,46.28550135955168,51.42724890843696,40.659178810013344,38.384799210687135,43.64381847521899,42.34399316930705,37.15004074385455,35.35138439797843,34.27589045984932,29.344946195120038,34.295226171255614,42.8480103601833,26.071376927268528,26.11230372804474,26.44062349660909,27.793181262306035,30.133930501111163,33.2451456439851,53.478618060651456
2000-11-01,14.44257181087726,8.375363306064846,19.215575636789293,20.869890672151172,15.343254372778093,13.95266596965911,18.53118859948148,13.138357720225542,16.84939347783672,16.00462417328618,15.554469376587782,13.875492490750512,18.88457980197592,16.788363509458215,13.6221014259454,15.547024710709774,19.981173317465625,14.096042033585244,36.49915364052568,41.46118998224711,89.93034063009763,49.47738018210966,69.14756835629045,83.1580878313749,105.98953161649644,82.92908737187894,93.07961054962102,105.71655914831462,93.06471582802152,97.5543281663705,97.57957190342762,99.12043072315925,16.71776655468192,92.25964360946249,92.02716072880426,91.92864156572196,92.09973655570224,104.18053218776312,108.47809764186674,100.15020605131534,90.87124300998398,98.58676452042972,100.7541303195836,106.084606185144,83.3207488128001,93.57265806134131,88.2506691263899,82.3383557427176,96.26834302756042,105.3196959532643,99.90671343110628,89.17791545150975,90.78322832737526,96.89725378311336,99.22038686540076,94.70118477013368,103.0618298221872,97.0652704667804,90.17485720121846,87.25348428438834,109.61142680735286,91.34997232789767,96.35593818794526,91.75119211286624,101.31485859166352,93.02754972334884,89.60900197183189,94.17644278858256,77.25537915419548,77.58137849484378,87.27793778293426,81.23412666135967,79.94250417709627,79.73274753042573,83.79634210756093,85.00535853723538,77.35741258732418,73.80892471054275,82.13920686637447,64.6492992591879,87.15325603396961,85.34075199215506,82.9002397727538,83.74093141907066,78.6208021710709,82.36088123523506,104.28653810506276,103.08388368068007,95.22106333137695,92.61363593857422,85.80624232891483,91.05956657546136,74.82331021903066,73.51525590479181,86.5628643218809,86.6889186608927,81.92674462782196,82.23892485058394,82.02343513145291,61.05304111321765,80.15562585007768,82.36369541897561,89.68178039652634,91.03661160037724,88.29954218339763,83.15667838235063,83.10166399792817,84.02210212633018,87.3761116064859
2000-12-01,19.51079694793845,12.892835372738071,25.65603566322995,28.04892687792101,21.274499176202745,20.028616301376456,29.07246683095053,19.43847008868129,18.86567677259427,26.369115601547037,23.23954260312916,20.11732634483985,23.44112018452125,17.828439972661986,19.50723937350866,22.149998513729564,19.762962575669345,20.5336731486905,34.28734614992772,37.19759127202087,36.33027266229372,34.480263489888166,34.832747857385456,26.51359632859044,25.29380887700758,39.31383449814067,31.139110057444604,44.22253803240145,31.259276077286454,32.568064994982365,25.64433289960463,26.48192121544378,22.74693201886969,27.427414673364176,25.57472031086882,25.71574966440294,25.40236463237294,19.59696677828525,22.561661547854627,25.583064499692785,22.262289357126928,24.723378526970933,21.327623029989503,22.668982985459248,29.45863875141774,25.85587938712832,27.75401527392205,29.57732166825556,24.73894067603928,24.329086295510184,28.034084113709795,25.7503670118808,25.886198032700143,25.07640809510269,26.962077760481662,28.204250438560884,29.41811988541557,25.636181431233307,25.28052482867221,31.72855835400084,20.896270592765585,29.10658611737074,26.636767526868,26.93236251441396,26.8902827518056,26.96761877140377,29.6292968788317,28.242971450250103,27.517297362204147,29.442611718319483,29.51719820613953,33.306177685977715,42.92371166075316,48.323588625569215,52.85611214681288,35.21297504987485,59.39911684279987,55.41157562068436,58.85934396186634,55.32270670430499,30.276488204006498,38.759709730711606,52.36527565732217,44.7458095200556,57.38989866680315,47.43986558293603,21.373071653785907,21.60726269777117,20.02322128651745,20.339896546386846,20.353709025757365,20.352053744581514,19.151780607791565,19.296517077708867,20.778362675332097,20.945528498377264,19.937827841570147,20.01564965811117,20.119671550341067,20.559696403198203,20.07989083776702,20.311991916095906,27.77435443338199,26.30016077869513,26.64682344746247,25.49007733895752,25.11397218994726,24.54388974548076,33.83468438030607
2001-01-01,8.837890689705942,7.226988511030213,14.452014998538644,16.73364095213817,12.591035605787136,9.665260818539473,11.117930079834824,7.190819626311383,4.602412312519778,5.0024858244812656,4.26243512056038,4.17855963474324,7.53399370502272,4.935242098553362,4.322788739413518,6.48528391532195,6.677375744283376,7.170872513946312,11.046106060559298,7.635152412123828,7.004514596029536,6.687146778503027,7.60995997557769,12.721149574451386,10.460059272434574,6.333990542693909,8.133882814984757,5.790043574412547,8.695241817094661,9.25138240424981,11.56005449793067,11.129294021148462,13.081868577711774,28.57246613302549,19.769783799253297,20.406520280001995,19.093561877371183,13.291201041903031,10.64023038874702,8.548568885259755,9.013263620616993,8.657218113093665,8.639079646707124,8.5895660741518,14.52608891541831,13.31557210453908,13.684175181445278,13.695085418055712,12.039612838218709,9.04447360584146,11.303765849127483,13.067557112170787,12.902854231017368,11.832550225205482,9.125579991212302,8.819646014936803,9.422561029998336,11.73378981792562,12.685175909663045,9.264495109489646,12.520216127719348,6.314494422177964,24.790638151552447,23.285903258681277,29.456440181850493,24.047272267512337,38.48070443374171,30.269924131971017,43.3062986153549,41.89761094805493,34.65967909427785,40.364074885061214,39.261460789332816,39.26245935240671,35.3152719347536,36.09242065482513,35.30208964202777,31.147684689230992,34.388091365330126,41.32684667071461,41.097808647952114,41.29300129597305,40.83819224790169,41.25693703292226,38.22728941027878,40.846372141679446,11.83139804673882,11.476169387055682,12.152741951366565,11.468498331429204,9.7277850224769,11.213288102645109,10.72887008416538,10.5413702529612,12.572839917031098,13.26222650558348,15.504891608920676,17.575755319514318,20.64180000900514,58.47761274703053,25.841568251046613,51.88003850881164,34.99539397329124,31.98301909240705,32.798748378538065,34.34318879503402,35.37978283092562,37.25301647975398,41.32193976829215
2001-02-01,20.199297248575974,14.224323666737998,27.9460060465394,31.408196298036696,23.118041856076,21.55422922424589,30.43669951354269,20.954205704554678,11.455435578397749,17.6614814782811,14.290603813433384,13.643615060249994,13.091167178644174,10.74971141362598,7.991680708382459,10.268913536677946,13.019832238350752,15.81871967740093,9.74611005383129,11.437814075148486,13.081523100449242,12.764639284048206,11.431220463482752,8.607585405996357,9.88044744468995,10.888131937387652,10.905503355914751,11.936750333174611,16.11184083848824,16.102296295655176,24.421584280283657,23.082210099504817,24.87587976416911,43.33841387222712,37.864478094481264,38.33914623460267,37.33420765576816,15.580521804106542,15.291308960376018,15.7953319204425,20.3285250523879,17.41515442369055,27.292235482771943,27.509444324586568,34.12790500590795,32.97286774779641,33.369512985535486,31.27734588917813,26.31257968013457,22.770622666666032,27.62191582747241,26.24776887714044,26.185275403494124,26.32845050292496,19.223249399547047,17.62474388699413,17.186944943703814,25.344122753618592,9.026432665846764,9.898573459189036,14.709452410079315,13.221130073417848,52.035220605458086,45.40452775934839,52.50482795352742,46.09531700487005,48.775070726179145,51.69304924328536,45.0112261602036,46.54009841622827,49.021761251774485,48.702014948131904,50.90169481999604,50.36530922831676,53.353346992337386,49.6154594905401,47.318757634458784,54.08468301111286,50.49308837846724,58.42278175201306,45.05738840445744,45.66993528743267,47.18880377847227,46.26394594165875,47.61001125497639,46.90978457161413,16.21550309893394,16.32818073541156,18.196642247584958,20.44323717210041,27.777433256731527,21.946384048548044,29.11436057996086,30.253286241361455,27.13395287303206,27.99686526010732,30.90397405831604,31.9642935145542,32.88820446357492,41.73908663724698,33.78635757971853,35.63220300350418,44.32221346084852,41.18457993096722,42.26329952891441,41.97287982480061,41.38627904875589,40.38796811167783,43.69194010108683
2001-03-01,27.60735507877114,20.91985613628925,28.469410498119355,29.36850388513861,25.300162733551048,23.76235860237734,36.31783996529841,23.570374560927878,15.714403677763915,19.191973830300352,15.356231335784084,12.91834100068406,16.499193423041916,14.551916337689532,8.154279958993047,10.96853304661454,20.34648414477211,16.35066029809169,18.25792461064668,13.889378354544103,29.381333731733584,11.546454925462957,16.59297065579921,15.298963871813315,12.99353756472274,24.75108758705125,17.201859351215592,26.749400959036983,22.73052329585872,24.70485588583832,14.33796653523201,15.727622460445724,20.1512859213524,17.91074242306525,15.313622439323382,15.50546986989622,15.102049344743577,9.799762061088805,11.333555076702751,14.480401325379509,13.517083899001737,14.21924454024677,12.800706441669597,12.387637347188898,12.473915732865528,12.866149401422003,12.584563284051606,12.853496669978473,13.959597029569451,12.833483028055143,12.14723603097767,14.015828906069476,13.924804409179403,13.72884191509155,13.864150647556238,16.05090545594911,18.462149972506975,13.97292815953467,14.345287516294013,18.60684687993488,9.614407188358438,15.978656206032134,21.352882512544312,18.75348662832836,26.63666496791216,19.70220157460168,18.933098180548736,27.005570106880175,25.7417586157607,27.8361222738475,25.08583815775018,33.16250478541686,39.33060440137811,36.39186042151359,38.257899388483615,29.445824661019707,29.713293187469706,35.38628025102882,30.431033059508778,34.25685109943235,32.3728676201898,32.232968368005075,31.74190546384182,32.097403027871366,31.30566123849379,31.99798749976085,11.146005968437528,11.353339723491448,11.628407549540174,12.3933734960828,12.315385630477332,12.413379723582912,13.742580794833634,13.61570772662385,13.510539325663816,13.786061365763016,13.841573021263414,14.091741994237315,14.325022999325943,15.983315930444018,15.13082182184885,22.153415974353624,18.050503843022906,16.74955284212177,17.611759316208364,20.802946047875665,21.36861948786303,21.798052856634968,34.982607618545394
2001-04-01,83.09999212833704,51.83821158632856,93.30967096116323,92.59140993768308,77.81561401273679,61.82097236978408,69.60728283104073,50.051206443236126,14.615689342717973,44.06388157293709,27.198203082484987,22.165780538413365,31.252739746384968,10.661080052857772,19.70195093419668,27.731516971515926,25.821286521605728,35.19356807820175,33.17866257561839,27.193832797334636,30.429481241643227,26.14814585338769,31.01373398987289,43.7816290648341,46.32701518766987,32.46150425211723,38.32000052418186,28.357610408199417,35.00710286192326,35.959712478239815,75.96831683932947,70.64820013290249,81.36254848045711,138.59299128078067,128.11838039600897,128.17712426054624,127.2215443813044,35.701790093722515,30.46967397387585,32.182913876661615,41.54099927685577,36.77959518538784,72.48192081410782,76.74695391768861,121.27860902573096,120.2904651122215,119.8366382570768,108.93763064426028,78.29221077746503,57.55629775717449,91.60498936563285,92.10627088950048,91.29924458062416,78.7494213876784,46.69044107323472,43.97975458500552,43.353610218757154,77.68077120212679,45.02769187569668,39.77366654264031,38.54023039936551,35.9790000373992,149.7619045025848,147.6847572654628,178.49910715877053,151.93723083006986,146.26060278918936,172.61199052733895,213.49194462436867,207.74543820085037,175.2357635836951,176.91217233632807,147.3908466112759,140.12699845534948,146.33071744738444,166.95286533714474,95.4112589590501,127.76540749085376,104.26584271372332,132.76406028542036,182.13913355366853,160.00588104622022,119.1495926240628,141.17174544479718,102.62623929225516,133.1805581521783,31.100797107411022,31.110604310490352,34.45776477753846,41.596552900380274,76.50386283843234,49.01269981531168,76.06015583745955,82.44675728976205,72.39332927087054,77.5038276227536,89.75268671921158,99.56503699059732,108.82752114862666,195.77478445487665,120.81092782552128,181.61377989624336,142.55869394282584,150.16224623722027,154.65096292154195,175.80555747991016,179.30169706978228,180.5745727502935,191.6980881674835
2001-05-01,27.361958075674007,17.70221255509735,25.622106149376943,21.176720800065628,22.7839101050359,26.155829088927018,41.00676289062233,30.320710478961047,35.95049221131646,31.23668545716477,30.85608375547437,28.80412901373553,41.05331212330074,37.23259105527458,31.496165469253373,35.696794367564905,29.10401662017987,27.38897637369069,35.67648308788417,40.31847777297776,76.92779335490447,43.486071854520894,46.35321331286848,39.03824636117504,38.7457711231505,40.21007466884657,45.64027608999148,48.19653717725991,71.00610943777416,75.87725337557801,88.06421181697552,87.89926854406052,17.472702695391686,66.93830781377349,70.98514313844612,70.74025398712652,71.53239564618363,52.66071020473618,53.37778159704335,60.16016719715622,77.94804413131664,63.6694939988574,79.27552118998761,89.05104569530393,98.66900309952618,79.75565101715426,89.90913305683132,104.14190287032288,71.41441719368532,89.19519351708783,98.49191116111218,113.54313678581296,112.29148692738808,75.26188872205813,86.38823139748978,83.92313350777309,91.8911207890446,84.63403598655127,38.6883529505534,38.965917276121104,46.908264691903504,55.90756461431064,100.28985767210467,111.93354089764524,94.73803963422633,109.71603039701392,57.450060162701625,95.85354360361296,78.74356612230123,80.25828536817407,78.06854077677588,91.55959195160924,118.022622781768,147.81141162999262,159.07384241113823,98.09347607862296,223.9953392180541,166.57592471252838,197.162510169608,206.21330042403417,92.32943511142656,123.10838019601294,185.12732753886937,154.13247331688646,225.66685580458795,169.44265770292773,54.27002979351384,55.707565683495176,54.55098898241098,61.01389109762104,64.66727859448854,61.727849304957765,66.6047580554431,70.0404797905592,64.68480127687691,64.69630881162556,64.88781077617108,65.80172895438436,66.3039237178889,80.13411921434698,66.237652979964,54.70967642278706,65.83279279294788,65.74488178649223,63.11136969536007,62.95850621348306,63.3935776958151,63.185686905863164,103.89601211055366
2001-06-01,125.6845814858522,91.95409575792462,101.63978389813082,94.68829733252528,92.76647042011206,96.28840682791112,126.43586874207044,102.49564004243116,115.64099126991738,118.07531771800392,102.12113212873196,86.66178013435264,101.26564325052225,108.20856188612495,84.48249699960401,81.90507589405776,84.43680199724459,80.87483805315982,64.64299327661864,60.68332425348514,72.2770077943187,66.60961422704754,84.96706150633304,116.64628372643632,86.55293045877217,121.11858360648016,105.92939273992975,122.41684294894868,75.36047252450169,72.16072797823283,95.28810928554432,92.94675081568586,86.4352964707866,130.75402492329064,128.09512638746233,129.7163350732679,125.62361599982388,119.9086482888737,114.10589738394803,96.11435373070412,92.65999081733338,95.85737869815372,95.75683731839923,96.32422077401044,83.6016106620868,84.96524811184379,82.45870602388936,84.79094741977313,103.13267020967776,81.20309763786646,81.97168915389739,89.3777379751467,89.12630275025232,99.88543483027,74.94317774148566,72.4086181971191,66.01772253825722,94.9555654577132,109.1653756074924,107.11654735699489,113.28201842425452,102.76187526086566,141.17945974018755,107.28705731919636,149.81672682215094,112.0287417323194,105.46587714847928,135.87405587156445,172.61152763760813,163.0505584693096,132.91748729317925,140.25087156705817,129.55264481516315,126.47334205337422,147.4794680542904,132.65452088397356,134.4220839860839,152.00963129340914,152.03051409587744,83.77934924139959,142.983472169419,127.9482155833116,118.52866867628988,122.92510845128274,120.38478128688132,121.14099619917717,106.61571005499134,105.7048377442693,91.86070461285078,105.265684582855,119.64984519059342,109.45264099394562,134.09699271304328,121.17837844356656,110.10999366732368,109.33008870956104,106.59855717104784,105.3886275536134,105.15371641748752,78.4342505080578,103.53283026985868,112.96312960240864,101.2356984304248,99.5041374114194,99.75990469702612,118.35120927043263,121.21436923859196,121.16031005046756,115.36220124328996
2001-07-01,51.640297870509166,27.69563663772551,32.69179918268504,27.7203794846166,30.28690430699372,40.25938365681024,70.11386819290452,50.78260849974247,126.8479370376624,85.50372309863967,87.00177690022758,72.6865999445207,142.53494397116816,148.77364344650684,113.11188075755138,106.24005853752934,78.78418469342672,56.09728653095745,94.6078991191302,89.10665659761591,110.85909527967732,71.73191616182302,104.41557495130226,89.18671471718159,127.95678008429536,109.8988859611631,130.06658258435556,103.8903972157723,149.15307310273798,143.397629161043,137.09598683285756,138.89728133234468,25.48347011334723,88.82275846661958,105.75604544142188,103.8025840171252,108.86806507343998,194.9279235372621,160.39527228465704,153.89351081086164,131.9777863547821,148.25201171006952,131.0725602149726,151.43150897281754,123.59653716417516,132.07102043596336,129.05675288145756,107.27952675878174,134.73774258702792,129.4181102126771,111.84654905871176,135.86755896320554,135.45674172032182,132.68943119681063,131.58384780858634,140.82114317037014,149.66809446616605,135.21770707798922,95.29182732972224,101.65258595695067,168.19897400437335,172.92037342940375,110.0513497354645,93.41005178354902,92.48261400268149,91.49903629871436,80.86416197058938,83.37374917989503,51.836353388617496,53.83531015945717,76.72189591284523,53.60030152724448,67.96403598181658,76.19636431906802,86.21806358821176,74.43114690117889,108.16161960359403,96.83912057404068,100.91726362610248,116.26373954867846,57.99001715729489,80.75757697690923,100.2649313527598,95.13181044995682,114.00506877246852,99.7048310837968,186.23008077587275,179.88711491566767,188.9865213054592,162.71261815187302,109.91441196850064,153.21932375325522,126.20719873713624,125.18671187338748,135.27046955461708,130.7412793810319,111.99069764215336,104.73562674929428,100.83953795237842,70.33129761908717,96.09878778207484,51.69181218400893,75.52006257205167,60.1566054379167,58.2118766500023,50.837133995788086,49.92457922828737,49.2481326235002,81.44344304244244
2001-08-01,18.1084601676776,12.98209905460878,9.440870390538567,7.123839709891542,8.71372075124931,11.409938282840924,19.240527456806696,14.91814403475052,21.14670733841637,22.36753224755608,18.22626150489769,14.086281688720298,23.913833170656,25.51658563495188,12.709211508994787,14.761954962674048,6.117886971460716,10.127476804437382,17.185458807296584,18.50686791525276,15.76571957260556,26.87830241425738,15.071448660995744,6.205074669033816,3.411446925044584,8.573381099789396,8.170724611098295,7.846426416948555,28.872814408906383,29.092889400167973,56.20773693803664,52.82520503257415,5.5742364195188685,33.850034783933715,35.93254074709341,34.164307276576054,37.23170900449916,10.734925423570546,24.03680519082936,35.43446842633985,25.495901034015755,34.040024932190775,34.030538757611154,49.030313142362,84.53956448015371,87.81764227630649,87.20399566880704,84.0637413627334,40.504734549061,56.289993892585706,83.42123316907785,86.2915059994274,86.09055203497557,45.51263133069855,75.21468940992376,62.88225136336328,54.72090703519402,55.46397097161695,5.566544573846045,5.72821914058033,12.379651572517568,18.95489063531432,48.661887366900245,76.88009010892894,51.475505362594326,74.06050115104989,28.346027138558963,58.35777806288341,16.53165607757198,21.9151947498735,40.75356982048623,39.9952846967274,71.57627904023582,82.73025859010727,79.53524492430407,51.12093888434211,76.97953544382713,67.54175569939208,77.20762731324118,61.57223303344009,42.9638735933396,68.56805178572844,90.2386367652916,77.71591461085949,80.89003861573296,77.72441836314138,15.059266693181309,17.078810877722994,11.836123724698052,16.198312826088465,18.049437241919964,16.350184159811967,21.40183923814448,20.10527433184583,16.454350546202697,15.808565107424757,12.94155274424934,12.10446477441797,11.883963847848792,16.89670197692142,14.58022213649986,40.94279674314389,22.25721663309792,16.324909134476957,18.005698055752177,16.83760911610539,17.155303049009703,19.40640530074611,91.4692869154431
2001-09-01,24.741267121630734,15.792743565358142,21.471254491760764,17.06466669734343,18.948947502739976,21.7772338197439,37.03498996518348,25.34131613704046,21.25014511320623,26.115720240679167,22.817415389440157,19.18442853185381,28.37758958108005,21.5264512969323,23.988606265880463,23.272795432217418,14.551605045802226,18.306711440486303,22.48254118770093,25.380319767512223,34.1333078421286,37.70788944255418,29.03192500302575,22.745777486799145,17.750952118640484,18.08257199989153,21.616815816645943,23.406456413421186,40.42376621381063,50.23607419527923,45.72268026816238,45.2016912299257,16.09614544326269,67.2088350639489,60.21799686537732,60.49278769168856,59.878770932873145,19.94623784816022,26.95094746050572,29.35192502991648,37.511516408710406,31.90955334286616,43.638024555463005,43.27163649535078,51.92759789186415,55.02179077706087,53.36220872302007,51.15485312499241,44.36760778972242,42.46287103153433,47.70784300122175,50.59305193792856,50.32258546193263,44.71791027933411,42.58031207819327,41.85378877945756,44.93375991711879,45.68860067918195,21.465653057100774,18.90246714964773,23.30983994893532,28.36809091342339,60.85511686167452,51.20556692676721,48.52683754610257,50.61411011443794,69.94750203066566,59.62541169047008,55.19415728513821,48.33607569052791,58.31893835181429,45.53719280072181,57.40088944659431,65.36835746910421,64.41724438021564,57.95787080596061,74.82578756179691,73.60769659035554,83.22507762935662,103.11469159493608,55.37417353020061,61.32980889919492,73.25254326847303,66.39097951853704,74.9303007213764,69.10923201751785,26.1713454102403,27.304815423312288,26.341899388576262,29.144598974863825,40.68380474626255,31.251125584876636,34.327412834145846,38.73051527939709,39.11731441907827,41.22175752273579,50.42021029402772,53.15583592261796,54.76320534308248,71.1838871898683,57.38079723308855,77.56333558277414,73.13872678772589,72.68465084906586,72.23077384928885,74.8535964996859,74.49447161624961,75.07202869870237,53.325604546537775
2001-10-01,14.469775516791442,14.411871812915376,21.572923074296398,26.987340107561923,20.510277825610288,22.61593369739821,40.507363629649895,25.18569577443685,21.47731431238984,24.691131352512272,21.19199103164683,19.964301152413803,29.125058470558415,23.262674157619795,18.648148300626577,23.9156436432966,18.69280370389831,20.698046485833743,20.86771957414716,19.320002295292305,20.829170673347363,19.68303979292784,20.910349505354272,23.12944491598298,22.608406086694256,21.933560014239745,21.437310468124345,21.3822361566982,35.118018302389935,37.436425641937134,63.81851306987216,60.0251173260656,16.484802101210395,49.27776774993775,50.73284155435793,50.48013863412974,51.39346153032612,25.31382765898897,31.04030021538319,38.75936773277056,61.53927514335174,43.112507748633966,54.42451749336508,55.25090612589521,70.93923403979903,61.28213734914929,67.30944714051574,78.11572903987721,50.0938856918108,69.21470936274126,76.33576412707221,85.25937105461941,84.58546130065054,53.8070150714911,72.14833264867053,59.72600442284924,53.900682064513255,61.93100286766378,23.160301883312037,22.2325772347243,22.76622141701204,21.27817875283676,59.9466538966177,69.40311449077785,63.743515503996655,68.93702684654895,42.62810061623617,58.70072275657206,46.29832045592469,41.01894074917842,46.62859731693299,29.375128139092663,26.15815557157316,27.679225748241578,33.48431990665281,39.85316785877459,36.25825007201058,41.55627566000626,38.23513485643378,54.128801323065154,29.83635125599536,26.7841611473703,25.798292369224203,26.85871274866459,35.52544848068978,29.400759369591107,38.79180932095616,41.241986411186566,50.28935341487075,50.10387685057498,52.90227013287339,50.72307759911134,53.27510232244597,51.489025670014485,50.39817995939819,49.91785414359055,48.76121651600412,48.2870578555116,46.84677158319895,29.789692449126537,43.68973092758034,26.244353785708228,43.40051208797525,42.88967020599242,41.90960023911969,38.42782315743371,38.57354415437752,37.95483605549785,26.338375729963083
2001-11-01,25.884106779752795,17.407512617389962,33.69464479944221,33.429404832798895,28.05665251355572,25.71874723622118,35.98553595765358,24.375457870628683,23.15313056581339,22.06880192228737,20.267245823476703,18.007713666834064,21.46981974398706,22.550739233959334,17.444596648750398,16.89089046027513,15.252882957338777,19.93431318426972,12.854349288940853,13.580094330884274,20.55659304025794,15.490833631197647,13.042725768563605,10.895679968339614,9.916235699616266,10.344774278586511,10.616913671697969,10.835497182410252,16.447323693403003,17.824867186731524,28.47397478412108,27.266746095269948,27.777788733226934,59.273020706034494,47.26927965066224,48.05516369407307,46.3823947905349,12.688423737962244,15.33303009459453,16.056955607987348,20.054081271269816,17.116569432294394,23.01940786013649,23.08113366301917,40.04695867075954,38.26058177129107,38.764335229793005,38.72186963420511,28.77983370837116,23.09781099767654,30.04114145729716,36.97626685085227,36.22022089432461,28.77027733754347,23.45545287512605,20.358510596227003,19.595724186096504,29.12443393288041,10.4814437874015,10.022251747626994,12.81696282677531,11.646412158500691,65.25810628365863,57.63632245696967,79.81706712008167,60.24909074757642,68.42989653443612,79.84282897201521,106.86262273483044,107.50997203760376,83.64466749685009,106.3767024012487,82.23320753303118,70.5877379220267,54.06467256878549,81.21603015563105,53.04657434443563,45.42400431400937,48.53277233071112,48.30443041138117,102.92116869819272,84.49981548920154,61.32400486448012,72.5735422182687,51.22653118178721,67.43924056492287,15.609504720665385,15.929549253337012,17.131576713711965,18.7685820322461,23.956031675365725,19.97022468744889,25.237925929122788,26.105650444079792,25.65010932198928,26.77858432620199,29.914773874189336,32.01743888863619,35.428942734211354,77.03392817711094,42.294680593725175,87.3342780191828,56.48147434350312,50.40680404426464,53.50040046471306,61.48149856095085,65.66630091124381,69.60603347608782,81.8776090732715
2001-12-01,10.497443375139309,8.151817481197448,16.28717321088136,17.241776982941648,13.37392099349414,12.21147655546633,22.246454346888196,11.756546871779182,8.634097992316327,8.803739718306073,7.874446284518488,6.870558882753889,13.909015370432291,10.926358162652644,11.822471903264034,12.69437488970999,4.96454645325975,8.608788670477416,9.18626845600504,13.300265454681613,29.832866441431847,16.40038634222372,18.63503034341845,14.197252357576144,24.71390215078952,17.017426406514915,22.55661561546488,20.71655570057514,21.481452013403025,22.63612545543294,17.988471729724143,19.11559332968677,8.847127409165408,11.614623802157483,11.93936704630276,11.876365840780284,12.015027033911547,18.600876548025106,18.54221953212508,18.82675682174685,13.078951309195684,17.291410084652586,10.065874132352748,11.64144217564336,17.050714716038698,13.63813537483871,15.532802862278524,19.49299284864548,14.671620130997008,13.999457882951608,18.68094566930544,22.98794131966935,22.68301685633387,15.014311666102142,17.67105629687102,19.379902439097677,20.891516780263338,17.11962475530854,16.581692639704585,17.816667382842525,20.647073700036582,23.03377798415864,14.033625934187407,21.6484987265314,17.098711981479717,21.33781797008617,9.249219764834717,13.300227782174268,11.494423406227838,12.024358975649234,11.964369193739303,15.501927943199057,20.63142793440685,25.971472271017017,28.653791973928488,16.211712405649216,30.80056346766172,33.26593844328325,31.966665443065068,29.942925195476228,15.538046631893218,22.358212294707112,29.87639866342761,25.298448876373893,29.975692855886543,26.374664520287546,16.709748352704004,16.574356879954554,14.781036026930618,13.54607338127064,9.71482254021481,12.687669281173624,7.794272620713944,6.875480396650627,10.538699356746717,10.362066370044433,8.890980842316871,8.594376573117636,8.26558143345007,4.639613861306225,7.804893358888388,5.5752565413203845,8.658532239197323,7.831349368710745,7.51091601254449,7.24111358069395,7.326934500868342,7.178891639536695,23.53142951336588
2002-01-01,24.10768966213142,15.47493728593295,34.95934175119117,38.389675990899725,27.67420513815492,27.0084367090474,46.930155040521846,27.729388366552115,14.439101155192713,22.69139820182844,18.39002718161769,16.664243167095158,18.971125303652755,13.994972856665203,9.86563778188691,12.933056401306793,20.161697312826696,19.352841102689705,20.450534038939963,18.34449971897436,18.509186129983505,18.088510745317546,18.812308085445743,19.586242528647816,19.221413280819945,19.775379968683406,19.746844060715954,22.558550436004257,15.692954170831928,17.116616571727498,13.077556192038024,13.707367748311803,23.27433727357133,10.105179471708237,10.518212283184283,10.567880464733353,10.507883484695972,28.83535493697103,21.157637400675984,15.491054064920624,13.971928043304803,14.988795798887566,11.526839126661557,11.081953410467158,11.584510296638966,10.809145584159396,11.237543953258786,12.721785608092848,12.747333434139604,11.229619685694898,12.560517563263414,13.820096228023282,13.720163065068617,12.623378868852368,11.866668606397752,11.618239080488538,12.688950241960155,12.871689983983702,19.60425793533132,19.557680462415924,23.67366537778071,15.936231911368562,8.839124077139054,10.386043443293664,9.426055713676153,10.23573884802644,14.754588524594466,10.378025158856778,10.475926856702888,10.10104692418176,11.11200292627099,10.792227903369572,11.5015481772686,11.883144562658368,13.734995425058004,11.46070822707371,13.820179805734766,15.296013142505853,14.151533286633024,16.194304745277403,10.436304832593418,11.15790596473619,12.331404201739891,11.889793967298631,13.915524088824046,12.43680572575997,22.883090231168985,22.018289790413363,20.91480618908216,19.991394091436227,13.634764342655284,19.02575103263681,19.591042552561024,19.000240800499174,18.25256562268436,18.24161007978228,17.233362397138897,17.363299184891126,16.87367117391688,8.291246822604567,15.655491007638872,8.852651413438211,15.949481027242324,17.409140414164547,17.00363693426336,15.714264589140228,14.9670202681142,14.170509701926184,10.396976391957102
2002-02-01,39.74626663244173,25.77960326766556,54.71029942466041,58.15891303296277,44.634185672214905,36.80446168121459,46.38414937147992,31.25401646949428,19.850911837650887,22.30356346148509,19.13527182146081,17.08699130890033,17.977657403307656,20.22865271340288,13.10067492225366,13.840756845590976,20.83407695490197,23.13468881591709,11.225859508302491,12.769714217308271,10.436714012514756,12.268509889252146,11.545902093275144,12.411004893312471,12.886479527920825,13.50732542683978,11.041958100954757,11.908403452392823,13.252357511559058,13.624711188293556,12.224254925605262,12.285897068760471,43.871213745464026,26.16198288272044,17.273423553633652,17.81694658784464,16.740937902964106,11.30746538031713,10.86342069521083,11.286246884898842,9.245637474877926,10.972788145795512,9.827132495327104,8.70429219551172,12.543283020066,12.216893719105093,12.133466980561002,12.851304894094152,12.339055938436628,9.894283102330716,11.29287896743507,12.916058746150515,12.762866572371385,12.079198820530037,11.91278439804868,13.13618963763944,14.719728771003776,12.29245827780644,12.300261531481617,12.721050514449155,11.40903516162051,11.18371073600339,38.3036586258714,25.75121066547989,46.14552651100523,28.581663061152984,29.87041150440483,38.91302320694544,25.994766878251664,27.861372093697767,32.472389582688265,29.980118193044262,32.675440262854416,32.860066908850506,36.60742637534662,32.580744531210776,33.97368775091999,44.39035309140816,39.97474139680605,32.367568514866115,26.433700517299236,27.427379083166503,30.199618389557784,28.25681744647962,30.434294032430817,28.672488514476672,10.459612774672363,10.305285118519478,10.865338280701286,10.464202984751694,8.753961716021713,10.074852978193894,9.258729590516673,8.451018086155495,10.035383595664122,10.214680391966548,9.431029158375384,9.60399608251266,9.722677883440682,9.516975111205,9.70161963186472,9.09863336093449,24.657995575992324,19.629850606517937,20.391630173593843,18.253494192430296,17.743919579049404,16.54487768599425,23.218408326371428
2002-03-01,38.47101021859064,26.357017319987925,49.5481759602582,54.48927238291744,42.17274956502127,36.825917370679285,45.76408958362985,32.752191767553,36.05033719990892,30.324442634114487,29.182119473101583,26.47921337268967,31.276366932773765,34.073542459953025,22.34811391657557,24.285820598174173,28.267522623831063,29.26370607859166,22.951164448398885,22.09753302793558,19.25668014167994,23.06100503885159,21.992649920418128,22.06142910806956,24.27753077987212,20.731868752648857,21.655815803962764,20.79350490351548,21.789153626137868,21.99506907589282,26.271907465195177,25.654292437600933,43.06619539125855,31.19240115101502,28.55631739187457,28.75844629284933,28.350077702237325,26.799075227161453,24.77318488721977,23.721342068586345,24.512427101047805,23.89652126077496,24.92506631210185,25.11440534674576,28.64915459203849,27.147999689123164,27.906766481515167,29.826941662906812,25.728489448683423,26.16199314717908,28.865724002542745,28.428845740034763,28.401098317051865,26.05276203179429,24.97510626164094,23.959342271497345,23.29989888897415,26.34786059525428,22.84148310743986,21.217922706738424,25.218696991864693,21.38737968680244,37.208508118170926,35.899270787641235,48.21707685749216,37.58969964171877,39.566990690613984,43.30154808187061,57.814317931026274,57.52392603208715,45.04860522106814,58.05689960701259,56.49518569535943,54.11625440764909,54.75739118692571,49.10322341952697,58.568152690036726,58.0357647657181,57.21689851669487,44.40599863446224,54.501567317057415,51.101088774037386,49.47380382284479,50.036552771655074,54.2896695033061,51.08278903508735,25.350245702594567,25.217787424568687,24.41382735301638,24.3607085660833,24.28186916617946,24.42167917737531,24.610936703685272,24.708604317866197,25.662830062682,26.147525838506727,26.82612968142209,27.922066575092263,29.44757119045624,49.40778627705512,32.38137331454835,49.80957958375007,38.955570629043336,38.46337329662406,40.04198623065553,44.25352299498126,45.71451233683378,46.48125003913107,43.91729219268802
2002-04-01,56.26144102341532,39.54142071822197,62.0849904379473,60.278744843025,52.92669013776749,47.625655850983264,69.81469264382025,45.5312695093046,47.01915044473564,53.424777286650205,45.04432237951321,35.10881601112185,51.84484523053696,46.893780863571685,35.223714190440184,37.59972039600966,19.798811878850323,34.13485511113373,35.70486407193181,34.464637539806425,24.717597287949687,33.37981611817358,37.37430131679899,45.843293650731184,49.43329942753778,50.40986423115797,44.202851791142805,48.51627957945401,34.91181472213792,33.43699119939069,55.418605931190456,52.12461830089354,46.44473617215959,61.41636074614655,62.75765476126937,62.68899209022416,62.73697840597885,62.31908883550816,56.20658013123077,48.52804350031654,57.46588815934062,51.05161692941633,62.83148179235292,57.79375224611172,64.88378243991457,64.24489091249565,64.59181150976445,53.68519598503754,56.87198475067351,62.48605849597127,49.83009354553274,57.80584007932979,57.559101444451365,56.64300925127319,61.52336887906171,46.29752640747936,40.80889224348433,56.46861997465683,46.69803885775462,48.85419560223033,55.51056433662203,36.51411286238002,80.23267585685134,71.10348126081394,93.50160387685432,73.8745698250568,57.25380224300624,87.0455234435971,80.33651521984281,80.86921716810375,76.75048627884821,85.15513633745658,94.18069354470526,92.98366837007563,98.00351251788088,82.78463519123254,96.63226798457583,103.78062000318666,97.7670839397757,109.97138819879864,82.640395507542,83.59040163097399,88.16826061580775,86.27493658842161,97.59953422038112,89.58065283191314,61.37352831861675,60.83624816831144,65.24177080866184,64.03784683363394,65.83213465821471,63.901924876047936,64.12922316146083,57.53544402325832,58.11689335972123,56.543877881084114,51.89031813393154,49.70063052323682,48.484403042562654,42.42423505481243,48.43606244081733,54.60237148204954,51.72806391307665,42.8493870091184,44.83609902375969,51.09004467997645,55.07402622067407,56.499849716420336,77.8863599838439
2002-05-01,109.5786824819216,88.8702024604022,111.88700098673368,115.63542481585016,104.75482227609376,96.23539022307764,95.73751371454406,89.21895775426435,53.56674499353382,89.01828005168505,70.16618579253733,59.16811326439764,42.70028289047554,38.19704787032683,23.70289441564849,27.44757328006577,61.62199935221665,66.54131414938766,43.46614187816198,36.17199177947492,51.4529262652792,23.55799728618038,40.53485122169737,50.909706304251685,56.93203125092082,47.186166696626486,48.05012623031241,49.44891462309936,52.45517439906008,56.823040951411706,62.82586673937844,62.4122416493922,109.13949365877832,60.69653496726087,67.48261827908205,66.91380341246004,67.91992321079648,43.34880456314461,43.96594136762411,44.82456231933666,47.59876349252407,46.249851741382265,59.89347000704037,60.392339084472496,79.91153057457475,73.47356874362616,76.70263056986495,73.69765216312831,58.16509228546804,56.68117469832827,67.16658034761939,71.8670664989979,71.31872578664232,59.23389375611853,53.38607951087815,49.95132014048865,55.60413664035205,61.8311056286732,52.03642906113455,49.52865737152136,44.081797778344686,45.54303491348428,63.99623563848876,68.56948108568703,66.45190341769832,68.61063386854373,66.96813869692396,67.00795334465856,67.53173924100548,72.84654804268419,67.32467549168544,84.64733639727902,105.0548751011593,92.41882443769435,101.07160161543192,77.08717833540271,96.37579240982208,77.40143692108475,91.82848924656976,98.75102711064449,80.80742655445322,81.2859808226694,81.81963644919225,83.01717719118108,92.59768146737866,85.34327337974932,44.37307188758203,44.68494973822066,44.99705725588292,46.62632943484495,58.38404155637064,48.79768220400642,52.2046520395931,53.531380873622965,54.22074094488245,55.5102577286528,53.009588435806094,52.79572301158024,51.34216304215729,43.36520132944658,51.46600192183488,50.80974983631906,75.90821165767049,67.9217330538205,64.84512152250088,58.39605028768138,57.37057279488612,56.7038248166616,80.21790357623647
2002-06-01,152.24155527503993,127.66675773117528,169.72629807230592,191.8518652577312,165.30689284413538,138.84178576963228,90.75575797156422,108.73766166102344,37.41004630594409,53.69150612062538,46.69730015035416,63.77170743978046,48.79593192048132,43.9871995880614,37.37200132499266,52.76309062530635,206.5822208043526,126.14663559571096,152.67635769692413,121.4353222261051,81.13541051726992,98.8540045288798,113.72441682891544,132.76514125886408,131.89594120669696,116.84800921838794,116.34936109689112,93.42177736301814,146.8927742404597,150.62258270909547,119.99374943819564,122.93888600148055,182.20065900283623,108.36940476751212,104.20113553680169,101.9932349307866,104.73383541672172,112.43760429135256,143.61919661872776,139.34965260102285,117.48100162724155,134.48433823562704,115.3152063587172,119.09073021761075,109.12065102740996,123.37732140920954,115.1193594723176,108.07368163303464,119.81616963069484,119.40002436181216,111.55593873332552,110.42825286257788,109.91603857963912,119.1214749024404,112.05640333832626,111.3337585676668,129.68669379162475,116.03868451654732,128.73966867738142,126.64011465876732,123.00291870518286,123.76966875314268,104.78266481848657,93.73500583957184,116.36723988241197,94.7157466594038,82.45598413440003,142.6684581764511,98.71320899606918,110.38993753154487,124.71643367737516,140.55481196398597,161.26425355662323,177.3890468610553,217.73673321360536,144.0830926547548,123.93096876008218,180.16434812432055,180.9909695222029,94.58543323866026,137.716503643743,157.3626722675614,178.66591123050026,159.876663422408,124.83122768718992,151.3770670020322,118.34272061913424,119.10973201914354,106.84413176393168,104.0946984644988,76.99941531765258,96.3801621288365,50.466705110558,47.481592187831815,77.00885002828936,75.05209944352183,63.883444667830446,62.493661901410704,64.07293930456702,58.63893394856386,63.02241290219701,73.7501717581887,80.50972099080165,67.90263776314042,73.54847212776149,82.00656320082551,84.30593553950217,87.51514769520877,175.46258034800277
2002-07-01,72.21277895874768,51.74817018696156,52.43764633783919,41.03358690529564,51.834175810606325,60.04823360349805,59.315869843354754,67.86939253477351,65.94546043770949,68.79988781975756,65.83377987283951,69.19117616522382,68.96358184583073,64.69729009531017,50.36900271649972,55.56366120866192,51.740288328243366,64.34473418027206,70.71670170946955,72.4041280041784,37.55004105075547,75.15532430443791,68.15273454771318,52.67658686487229,48.28879517151736,70.85908102575063,64.2768912766086,92.83789184985682,74.75273268071811,77.38021984201211,136.09756477735294,127.52768137167436,33.62467962317558,92.50480110388445,96.44323448641242,94.88101770763868,98.10505708696785,92.6672517416288,93.90056764351829,108.23053808697006,215.3616768973355,130.1044230040509,211.13334405579076,260.0340726129164,158.58791819285338,128.48921247480516,145.80854375672735,195.13286318835225,133.41786199001768,280.9036727923526,235.5133498465956,121.29476381594812,128.7586946171798,150.81279974937422,181.0924894318453,130.64032477354175,104.19484457294112,143.57758676949163,49.21376681649762,60.8273265890908,67.54579941673333,74.94566245721587,95.31862812084285,140.07722451665637,110.78775635459772,137.17229155191265,117.88299350164772,99.1927530234587,84.27251882999997,93.39190481723143,102.41275545126332,98.01404904715694,124.9157660540666,134.1150910097339,171.74486784598753,113.53962339109428,128.97084520203782,178.73223611391293,136.34167276898117,117.98972065911715,82.81601573714491,100.77608203378657,131.6340121992067,112.1103721063586,142.46424007393136,117.82730206884094,104.43339421583464,110.2696349136666,126.6787499991554,140.6148592103428,107.6300918696378,133.7624235676678,140.34620946853323,128.0920378029702,120.99145383602384,117.80578943769471,107.39327187714676,101.07117916036262,94.62481530811922,28.97681440734803,85.12953586399753,27.345520046844424,114.4840425583174,96.72234033635176,94.10258064070686,85.77137790601112,83.77598827798359,76.89418952069006,86.88338767583666
2002-08-01,101.12217101307168,78.13917411281747,80.64254546728553,71.66449153150927,78.20298630019691,83.39357261838664,100.61550527469652,90.2406375293464,63.22526086796315,87.72421722365846,72.31332631519473,71.74633383804945,61.447439559046686,56.10821522531192,50.35725559722987,62.47207808744022,124.3145142368895,79.0617086402497,156.38621616498978,121.82618066275124,100.72683594784276,139.55369458157764,117.50239310135498,136.74314257095804,114.66614807807254,112.9868816351534,107.71936721614055,138.21745461766184,132.5420333992377,138.5921735029892,107.8198145068062,110.08874432467375,64.54084680114529,120.51047981355435,120.070715709773,120.53607016512258,118.38895734849166,57.007690832428445,78.29608682829661,95.9885386956138,73.82940944774921,94.98708869252636,108.71249468300104,103.94263478402348,100.88633531836392,102.50867415292733,100.32395473088474,86.53671899702897,102.92414418077296,97.82821441664744,93.23966611747656,101.96659348947024,101.9182600457987,101.65525010053597,111.0545203375531,145.18210186036725,168.98189060719386,105.46914639458468,131.8452071208681,125.34987294006648,69.70561363169465,97.55088006978924,118.8003273308224,112.81614391879256,143.04733468877805,117.36928198025794,125.8861710479924,125.55457070322306,113.14323949236687,132.07941919530472,139.37127023261772,125.6103939778551,115.43838053329752,116.56453336516464,144.08573056849372,136.51782824019114,152.5911466118183,141.93344181112036,137.17919596809733,203.6135508045519,107.97353599941916,117.45226804572754,130.98510271589234,127.89897078413829,175.32968961507174,140.3259802677751,66.98485604739558,68.23603759947434,69.88854991031035,79.85658034979619,113.78367384664148,85.72341844077128,98.11615080008524,103.310256999749,95.51666460842358,96.37610847639576,98.83265096590682,99.21759992149322,99.0346031742354,90.08800449397808,99.91817538801592,130.59909609575558,133.43422737293486,136.14901838317212,141.0596592358986,139.25413453939458,136.25354544606063,138.12818314834803,128.44413051498054
2002-09-01,109.19248535227828,85.79862330235545,89.7551334218542,75.3941788995387,88.12791382734099,88.41544293454177,103.14934141933097,89.41988875058898,50.51215086799022,79.9872396673412,67.67470262504007,64.68838161901657,52.31251830749437,44.59633336227676,47.5274375536306,53.0896490535501,56.53849618770264,71.04523896093802,36.84363542465053,45.357575991463655,30.718947498187024,44.86796681665668,41.79852339873334,37.65578489253292,35.21048811809784,46.74830209301453,40.22936413902334,43.71218945330244,50.90058502546346,50.08425440899807,47.187483929741546,47.51968669993683,65.30045537151307,38.35458265604623,32.885167900566,33.04216756790792,33.256036688236954,49.37212950688077,56.80692747385785,60.83521629182049,51.3277841660054,56.64270707317187,28.60679893543863,32.92423173472848,58.23478203824899,46.08414305110537,54.0671260098928,47.031018216992365,44.72128725121304,54.29514626704852,44.85847090218367,40.5201879148807,41.32370365094981,45.75553335139447,52.86462201205823,53.40073725671428,61.004397113793445,46.904287561262734,38.05490071823634,42.863466240999706,42.39183534316621,45.72416376251344,53.97549211563685,53.7793730316966,75.5576354934417,56.79129706858289,34.69081739716705,55.4663829885783,36.22881424244975,40.31032963482905,44.47890706761666,61.48315415916084,87.44996742398679,72.1153037630598,72.3342292467565,55.03067551113796,51.59249855382864,56.3675403478924,49.24964660119785,69.37507468169373,56.740083341793046,55.599803781865845,54.41690681068406,53.62560919889965,51.70275814789792,53.30075831690022,56.41951312116485,56.75668128704983,55.99008186155089,49.07867817559268,22.27710092943329,44.28131414426673,30.402219653803115,31.251364488535835,40.71533407117881,40.9088718586665,40.31349688455816,39.35650026103596,39.65556298316557,42.48326698279144,40.72376981964277,52.35092811983736,39.731782618918544,35.710433201559155,34.7686474576683,35.437245846168906,35.53471806699696,37.12054178282928,56.64191737160776
2002-10-01,30.888525972138453,26.018657692977943,38.71548242028041,39.23333065544781,33.920376167033,31.5744902096153,35.698261098409546,30.495907504275305,35.31861835986896,39.947158841106166,33.962871767751906,29.57980042582668,31.72900382541116,31.72008470961661,22.404206273966917,29.0518807144774,25.005543454721693,29.11975703402724,34.64118178871744,32.14889542150236,19.94139701754661,26.66161070330195,28.10700008972081,31.1168632603098,27.718227498295445,29.230796935251927,26.559481246780543,26.921712983094917,27.89972975710252,29.13039642440197,41.447590496629466,39.184532284412384,34.16090742534247,66.61736198958097,62.43539404784491,62.79140157716835,62.03879470889784,38.88993867529421,33.17479271822828,31.386884290892983,38.10440594448403,33.69980137513991,46.99677338847418,44.91413008687995,52.32525372132045,55.34951947971038,53.43759052214978,46.88602941050679,46.167257309704524,37.91807972557872,40.15923559236481,39.92197042668396,39.73506036059901,45.34833751131117,36.33996342648088,34.73262182662776,31.658868993737524,42.86192981821896,29.82108100777429,29.15637603748964,32.57417787671972,24.65308057615932,87.02255239097842,69.69433308256909,94.82767900360876,72.63725766137803,62.509351309016594,87.58235741106354,87.65421417766763,87.55108856474618,79.3009976594753,94.40288366555669,92.5007935231386,91.87132618031102,96.29755025115138,84.7667806748068,95.14700718958647,98.81358996357012,97.56139207348428,100.54239386649968,95.7922799990002,90.2065497309742,91.41978750140171,90.8783814500469,96.06999614898186,92.0550644138994,38.22978271838672,37.96816959099191,41.473328653748425,42.40834750115558,52.2929939594084,44.307706170438095,48.13111644346608,47.20980285740099,46.24113709889961,46.22918691086776,44.319127600406375,44.66192926035526,46.33898467403627,69.93763366448773,51.0353365372679,85.35416821880702,58.76223930787917,54.09584235119636,55.83839022840777,63.76857601730096,66.40365776994344,69.51174157303277,84.78179088373278
2002-11-01,17.826973662221253,16.95069370446298,19.762314238045025,20.798342317132263,19.48418978427392,18.95126854776084,24.2715871687282,18.68075422723568,8.394028218367664,12.770112769377294,10.24296005072408,10.0266357300643,15.57374940045722,9.439820670650056,11.112392207113212,12.207633549790591,11.60053071674312,14.613067937660652,17.36266616233565,17.58880705620235,18.231330586679245,18.83993152139235,16.86042929113559,12.571469595155945,14.31204860618225,17.09952459212071,14.532036664682996,20.007478527169084,14.031102492808278,14.946446808401475,12.766371330026036,13.161908275678623,16.024048712352403,7.141914730973521,7.213985113469189,7.197339837065321,7.231518143747458,9.82382837527452,11.70397769447631,11.960059699737691,11.027230176549171,11.490905662594791,9.046469976528876,9.76778340494424,11.060490851212924,7.539089971451236,9.45138395484323,13.705297543748514,9.617582850703874,11.250279718242084,13.200761211002714,19.593548819075057,19.1292191981135,10.014555200656718,11.68103429117114,12.30924139858235,13.851911134621188,12.056507014150194,12.672760678222907,14.713237018998878,10.416220423171971,12.630731984538556,10.492620041538258,12.580445787301324,13.100125574026064,12.471473828389753,5.385074440808697,10.530624781779782,6.523941808027222,6.285446092619552,7.607910719163245,6.659599614455687,7.024889325411301,7.022745829420367,8.033248114330934,7.453830658086445,7.821496232222886,9.466786123566983,10.233556981355504,5.166607856623758,6.510590615314548,6.3134639641395065,6.557500345580545,6.215032267610785,6.387914356201369,6.166685123852284,11.406812443395308,11.541532058920296,11.901315867781427,9.870356253235569,6.546492766267808,9.137820284219984,4.976662088691436,4.602789298633601,7.166443062663947,6.94415943796561,6.006954287955221,5.72259244426794,5.556315279996321,3.8719923112343606,5.357235273937542,3.9841413589416215,4.861610762628852,4.448756837223609,4.578834179928624,4.448829791753539,4.450709333549524,4.307431483788587,5.341343094110656
2002-12-01,18.533083762187864,12.139848315704292,27.20303761148534,27.88853345841546,22.018365133305416,17.684254972409857,23.6941878341131,14.82296701579,13.28675737133896,11.11151859298045,10.81518813619564,9.717256329923426,12.000569267339108,13.196002857765304,9.31421725860511,11.508973747357624,8.740160698350174,12.227306311593605,18.939153884063348,27.723283801532013,27.77873343488983,40.42302690202269,33.030642868712626,28.07560407693289,32.23091226185635,33.39571316168342,33.737185621718,42.068060866335934,19.38697496007933,19.82179662657336,21.35938054945679,21.41034019350913,19.237972462044706,16.865997173684253,19.15667632837604,19.112528553058844,19.19268685368901,29.84419727953367,29.106139500736816,23.499251570856917,23.93847909339311,23.50146278658793,22.322415132477232,20.95918304602602,22.182782658913865,19.577820534925973,20.95422811449944,23.1605815847657,21.5692554669618,19.888735978950123,21.98001433574196,23.21677659312448,23.04133615571486,21.47221893958291,18.468069130777604,17.68899613567229,17.984667032288282,21.42909997476002,28.69377810892088,30.31537249993439,32.514333555395325,28.716496535869734,17.993053695537736,18.9119117572837,16.170278096352906,18.70740649589418,17.627667243205973,16.09065071872124,11.45519401463276,11.916667597540538,15.269148109351711,11.282325881324516,10.560659593956634,8.814199403855154,8.771055006011334,13.203287762287856,7.32456205334466,9.828234132228838,7.996845930895466,5.375645106035577,9.7410561331483,8.058646131380769,6.4179605624283065,7.101607560014209,6.043117825826133,6.772614779651411,28.281629606914212,27.93758979364447,26.424363379925985,25.44941038744301,23.53268619119772,25.021431031364735,21.961548720545498,21.183475729418745,23.3083680415849,23.04548747423681,20.617367678012258,20.113317563697425,19.444094980538267,8.81537734682373,17.97965263272107,9.81240445277986,20.08868608849497,20.05671762715013,19.42461412158106,16.99728055471618,16.159825585334985,15.375118472666855,6.137899172126941
2003-01-01,10.016818870270727,9.412450278891386,19.70030663638412,25.22594885153108,16.96697590227608,15.767234021480396,23.209807872569527,14.93034549048648,27.38772834233535,17.956404851640137,20.61059137983574,19.12087981717733,27.152163563365097,32.44107874521039,26.566909773312968,22.29299091678222,23.33473272648803,18.97402377330217,20.464768030830214,17.779319654960986,16.069462431787343,11.55978294041664,18.833916333920563,21.52823077958236,23.92777361205448,24.36795935651467,22.4401545301016,24.918552179389877,19.819386853274636,20.101116722817,16.950520593099906,17.178031354863627,16.750059555543114,16.397810072340775,17.97756645541159,18.169655600512023,17.833619576474877,20.303653969983163,19.365062220376025,19.371523672307895,18.121194713049853,19.220024828321016,17.896769662349747,15.86144626332288,15.888659369931284,15.623326112280278,15.73619420892784,16.145809103257207,18.10195455778528,16.409464152771676,15.48617456183914,14.64048235452537,14.672190253609076,17.7492494778558,17.24323691918789,18.146274470155177,18.440933614406696,17.10015911327167,22.26265618011467,23.259168930094965,19.77552411463725,22.47820183553499,13.717412935631524,13.495619699348785,12.402238504573596,13.277970253319683,18.229795685271736,14.021314144320009,15.924835751069082,16.110036003029318,15.702209197729502,16.74518875864554,16.263670140844752,14.792231875750636,15.009487756315512,15.690824104150892,10.512358082833131,12.827994370802037,12.88164475909612,10.753195088468196,15.54955985106048,13.393573211703387,10.726108700314835,12.059491251943069,9.058133377170543,11.41400014418197,18.56334208575532,18.509085463599668,18.810466547739708,19.42475182553372,21.916966447887063,19.97229298231333,21.424584692238906,20.834688244046504,20.50407824833704,20.537298233334244,19.880382503804533,19.704992203891603,19.57218641371974,19.769031358349626,19.50790037994273,18.0716805341624,19.86687612422242,19.825374707533637,19.11772590812157,17.749946889375988,17.4191112204534,17.290950480762845,13.660282579381905
2003-02-01,30.34675818460087,25.548550032789198,33.54048866885431,35.8725547491904,30.24426021909085,30.42783782524217,34.37294791327073,31.34215276980149,44.88804839767966,41.63976948059192,40.18796314966647,35.8926609657842,33.402387973784315,42.70243276009109,30.9340464831801,26.40181540341862,23.325751471427665,29.45595157884845,22.052089886238573,19.811197212718117,16.429233444922858,19.225853683958288,17.794088927316576,18.48972495096461,16.94453402301536,15.745168525048271,16.041057940109688,16.425168555030464,13.408004141006066,14.18651838525796,13.510722348978785,13.856750433560224,27.46540841370678,12.414723494128546,12.112712912788025,12.275870710667208,12.024216233610057,17.65830738429998,15.127560405365102,12.844157249122103,11.955198801433404,12.620276217779898,11.440483211516458,11.550027592353835,11.989218613907862,11.414217740932148,11.797881008796102,12.327389447628562,12.19159457883431,12.539081544669898,13.198972038251895,14.415410818226094,14.420857039307066,12.307651286330024,12.678662590094536,12.03851215217617,13.334499367869723,13.014974597402436,18.687878515512438,16.35260013684217,18.29022384810375,13.81447349030983,11.28440247082838,11.235176784051044,13.433106724499757,11.40510237253451,24.49108571428639,17.845992530261373,29.206828695581645,32.03414259124072,24.31614065216747,29.86662547372052,25.64833189667973,25.24053813026973,24.05004169333248,25.307799308449475,24.01518191012797,23.901902063137538,25.30337616903388,27.326213289740632,25.367906969233427,24.610426046328268,24.20262747958612,24.807665076618207,23.78435599308214,24.77561838581117,15.492023539894207,15.13631440225505,15.008017916514884,14.434764553019235,12.285154735169696,14.164259144872569,14.973780449517111,15.858208581236504,16.09241946259878,16.819246251274176,19.19030801673861,20.38314768333873,21.51120318033776,29.03608497514095,22.81740137226528,30.571025112409263,25.41726769929708,26.74404415562639,26.959308481654222,27.79726665490252,27.55237470131078,27.648773251257968,22.9350893655026
2003-03-01,43.26509151369325,28.792823897189106,55.48567401995587,58.71076166940564,45.476056467485485,39.15985243312494,55.7202517462224,35.48770843410721,29.59137359530774,32.173867465831684,29.018985340881017,23.196347312503004,35.54021605667587,29.25384193298012,21.68591207486687,25.165511277436103,15.182774615390604,24.61920530665441,12.664557957005703,17.792385814472315,17.787656694688486,24.753353358929285,19.554942382265946,33.59825041437102,17.69680426333128,18.98077574194797,20.214690517720115,16.7579284767287,31.30820815892454,31.036291653059056,23.31969456184929,23.824065730578926,41.38968814678037,16.96503500602331,18.30613799607012,18.16619580690276,18.37637806351965,24.873734636018124,22.501660024666723,24.1134922105568,19.035320298252472,23.10198960912419,19.660278234432276,19.67034656345897,20.424872865080587,19.56673931848876,19.906366069034675,21.64766104564572,20.86503742014559,20.3479453580658,21.630529494923376,25.587609978508745,25.303610911384386,20.91256900289187,24.858160978597883,29.76875952656422,34.00857876655468,22.5430057132765,30.22790887081463,22.246553429849158,24.022256781439296,24.08364092652979,17.297213565524263,25.97561060624533,18.983026625328183,25.415019041788817,13.082463888140529,15.407574964340649,20.240231500465097,21.48050962489296,17.074204835899955,30.06470607119565,48.54695879470759,53.35937830369807,58.06411474676534,28.46329128757255,52.616023487234365,57.95306384040341,56.79702779489387,37.79801085533323,31.15419478157172,40.972174492747584,53.84621425653912,45.41601579991901,49.18819585548266,45.936383027213,22.49489227413636,22.030387603991056,21.520225920673365,20.87704205918996,19.47208295897283,20.485952828218664,18.273817474685178,17.112770392341055,18.65818502754348,18.3341362790832,17.799288167321656,18.157110283331317,18.227118139804663,16.8463417784552,17.96039069838297,14.720883527790848,12.67668655977606,13.104382978110534,13.132777961713607,15.721988179972108,15.714632398367854,15.465513468481385,45.26873901251521
2003-04-01,100.99147115895276,83.78484813265787,75.45081552867276,60.88926639611277,70.13053482334219,78.54048842821771,113.85599666972364,90.7056308016265,79.45350971996903,118.762034651711,104.02589670678351,91.28072306562834,77.27266985762876,76.33825080757441,73.96408791811035,68.99238302404765,70.48990303234376,76.32286511715448,60.30310093221352,70.55133309953759,47.5649769856311,58.61521423326003,62.68619074530673,64.0810341795614,64.82988993756194,71.6074001920612,56.41460702186492,68.88601674211806,29.07534305367364,27.921704640403117,47.24763416604379,44.87523582806284,57.39738294379473,84.47285662945497,73.38371925411724,74.80064611197294,71.61896878423877,32.42350334078496,37.80227042889391,37.88876643517229,35.35268126604403,37.54227675037566,40.13053952999024,43.90551865011911,50.11593529764996,49.486162421364966,49.05066541280133,52.94965972197294,49.665768501072094,44.3596871965097,49.828946913565645,48.79731756293485,48.68834085798593,49.452126824447454,46.04112917173354,44.07140606988265,36.9565568983258,48.42039878852917,65.1384115588563,65.04003049011143,41.03305569518409,36.60592680559228,110.17544002315812,70.8145898052563,85.7011677095417,74.04926367545123,66.22646718261109,68.69013588273921,71.94730456681735,74.35977624289535,71.72098437435554,78.96970401042256,76.19300501159343,66.62666596564833,56.32716487164439,70.43884050302891,90.05213493072111,50.940104550505744,70.06915145260889,121.47621287848963,82.17884456697885,79.41067094620533,73.30848991114539,80.59127956042865,97.159283398804,85.29582825232801,37.45472817374054,37.86389341866278,35.3751536392409,36.52228978528463,40.85390257968175,38.293238883291046,43.27158574817234,45.60329168027433,45.72873290287247,46.422443341360776,48.56989981679013,48.596199649187554,49.62190170467276,75.81914724756842,53.83350384487671,78.56059163376295,58.21228384647593,48.48959455218024,49.53810472156303,52.19154433333854,54.86095440400871,58.19945592984472,78.19695636010594
2003-05-01,64.03660349369348,48.997877776394674,59.805986136289896,51.91286144865768,56.33405439703996,59.84908754506058,62.969121551987925,61.659600482263535,68.52372474205498,60.7920861282159,66.48010294483382,65.42929146988513,56.27327208414472,71.26654757611023,71.69241334926342,50.30172155216251,59.46460827521001,58.27318376570214,62.077491992487246,43.69758834118721,51.111317406424334,50.30981793688633,57.14611186117576,83.03266695610534,88.02852468682225,53.444183052928025,74.8510892216357,60.47304490823547,77.7325852720545,75.05595685357231,109.57336369437296,105.23079203774635,54.35568792504561,95.67310668869796,96.9976927333108,97.38379583211264,97.0737211235618,137.67602157373113,124.5133599321674,112.2644061755432,153.76206974375015,122.58620981687775,160.4786207853185,150.029467399164,81.44790092952601,87.03205278673663,84.2248525513316,74.48293093794877,114.49640384725228,159.05178927651986,87.30853164217937,77.12358599828852,78.7606468049228,115.05250152943604,142.05105877564492,125.67176425241294,111.8877098113372,110.50659506905164,86.65742660591684,68.43016976744164,117.70485421702534,73.5525798946925,82.9986387496164,80.90499211769011,88.9985794494756,82.32853341592366,99.08408244151124,95.741243568298,97.23763969733488,102.95023434456976,100.49446751523216,113.49017457191472,121.0975331442465,123.45063149626446,129.66976356716916,109.23519701507048,129.1333327147289,129.69826456168002,127.52197169907367,126.30625383948892,108.06404604813312,115.80733850658233,131.72770804003449,122.5977036822147,131.81236115293376,124.83000210870608,149.43794463792443,148.14887219561447,153.87269699216694,158.14453253287766,154.81765049951386,156.80988028790537,156.30270985713483,137.6733594248826,136.55859515853572,132.227629848416,115.83809053550418,111.34615652332708,108.18840277076482,72.50325154457747,103.95500769462936,74.67580950608573,93.64694733656196,85.41107545927404,84.70861645278312,82.48899403530386,82.15412803322491,81.06150037138303,108.45749152739393
2003-06-01,113.10633118743918,86.84809408426953,74.93357643137607,53.66892643512836,78.61458761489203,84.5222742324775,100.84395902501036,91.7410848038952,88.420195825511,88.65416444946692,85.62470053165801,83.74345199886363,102.2299707295345,97.07922175683682,97.75206299101606,82.51598544112586,80.70493671449671,78.936294991757,57.21282827597203,45.23163843904574,98.57633030723154,35.5103245594431,61.055788461256284,57.55020903518921,62.13016714623403,64.94412401640794,74.15817919589328,68.03030419538598,112.101341167698,117.4449619540634,124.94695390624685,122.61749258887224,52.27309658682738,123.11316534038232,119.474880205225,119.99122491489756,118.85294430549764,73.12019032066368,86.52442303362724,105.42678518444522,128.00124896542,111.3429875552355,143.9229579565814,134.43973171218707,145.18237735761406,117.07186552069795,131.2929752825223,162.22606301083837,118.78910733958584,139.78885201614827,146.90177146629333,134.69376719223075,134.7619775671942,123.02147154378756,127.2260993115029,120.50430395582104,117.61996121497523,125.19608419850674,57.49863557185109,60.79950467842982,75.77396644371426,107.71445236134964,152.8877716265115,142.72304365369467,149.50461273043308,144.88761745920553,144.78210393349684,147.83914990623194,162.37533916359578,148.21142703249882,140.09296288670507,148.88888249428516,133.40642659792286,138.7966757815816,131.8752321161619,138.76297285809136,148.90209906445213,123.74273731172748,136.6025275459582,106.3628504303616,177.6034253041906,171.79239013456657,163.57202668453547,163.01245596674607,134.1577118414838,154.4214112061945,84.57053481115838,88.34726111656083,101.46909781990875,104.18336483165857,110.12430630387536,104.09476144671784,104.8403406615542,115.02692897730589,115.07079769462034,119.11982028438098,123.63672468569304,129.39203077551053,131.9501647918538,145.50480578399095,134.0184169644449,133.89289317113523,165.23404122774096,184.57629786315184,181.7340272512267,172.21707974529076,165.78476886514724,159.14676692738942,176.57456867034986
2003-07-01,29.024414895610544,21.502604758036803,17.163716605198704,11.15834482944218,15.932087983644804,23.327489577818938,39.54842857917613,31.78849753554214,55.535443804953,46.63788159828609,45.73299406590277,39.77060173916859,65.15067339939736,58.97756645173089,69.39910076938179,67.18503313527253,10.4860345821164,28.69484720552588,19.437607209906208,42.888822860012944,75.35108277073549,76.73068473062955,50.02143030587542,25.787426730010147,37.04520729001665,38.89190929416845,40.50579315954383,47.0636907542178,63.66903748179519,61.53909709699981,67.9904372898455,66.22281908142274,7.358292864750775,100.51241925249184,88.87753347017653,87.85630654480077,89.73275002489443,40.87979106923526,48.14011834010788,50.09481665204318,50.11208087348016,50.76894718059237,57.11678580813759,60.16306818265013,92.12920291355216,98.10216021762848,95.59232850271997,87.09073613349162,68.50095437321653,51.8348330096969,71.93673505075772,82.88418076484268,81.56857733738171,67.91626044624157,51.57142672171047,59.840460949594565,63.16627821640465,68.32779039172787,29.71223509309846,30.160385918915036,42.20402114910687,49.12425406339577,131.05927217504484,98.26589153230547,136.81925683245368,101.45005118885368,55.58762566808808,122.02609496006512,64.35571167846904,72.0530165277882,89.75441486716274,77.7440515914451,68.49988638277611,73.92116030090934,82.08986272273968,84.50230237557932,115.68633206791544,106.95574853820506,111.39714832677431,132.20821539863675,62.420071219990135,84.0249812546939,103.53175330039358,95.43616897187236,115.1268765661986,101.2352579559863,54.14560894603334,53.42236594007068,52.44693299792862,50.61063836951711,56.64633216252061,51.28689394276852,45.86342348046202,48.30740876001556,49.71534326540758,48.6257360335938,46.63609340006853,46.38158253659564,48.51841339437625,56.73263996413114,49.67166237454608,59.35369619148798,50.57863554998504,44.08771267570576,47.40178174166582,52.74563453808648,53.83649434945545,54.92868460691841,87.89437229641601
2003-08-01,33.89684281248666,26.408160215453844,18.013001980043278,11.319972703269736,17.70184838292488,27.1183351216099,49.3932241891799,37.71848446908435,65.93756514214725,63.635915535422654,61.503714970881006,46.72203999260708,59.02101742420928,58.98503587028643,61.6237775608824,49.287408581405856,9.606301329837756,28.290691953619927,24.117416816783606,27.734688619293184,65.04406550292047,37.52686313567949,32.5187350493458,27.903182283209237,42.21514600386214,22.519112990962125,34.07739998076633,28.50053410821055,41.36132518532982,38.646870195645214,31.236762644893947,33.76201574862316,8.556515560297179,18.811386020739683,24.325484131677054,24.16196578567732,24.38987684126329,31.09234766656636,34.41451281363836,33.275258178127324,30.368667156326214,33.0076703663703,34.51323890998161,29.71316498290774,21.25851983230517,23.37430855894309,21.805491105443583,16.49874656273481,28.251658973625425,36.85261771040308,16.8694322348138,34.09682967586468,33.11706373696609,27.594918094208555,40.01649043399908,38.53577277472582,36.41688601790264,29.43448164947024,31.18947024672265,28.88230207405707,35.45561977167508,35.247138009088395,20.061088803901143,34.39517650230655,12.185812333026174,32.38350365193213,25.41805597751591,7.578588064284183,22.14221447078457,16.570254248293516,14.246079374062424,17.913810964864904,24.49035675546886,24.802351509393,28.26011461130604,17.668407695587984,26.83609131727817,20.82897335013846,25.03077860502592,23.383587166284222,20.14200954948744,23.216399765451143,25.824747769834087,25.15631215807105,26.38719970857124,25.638947545156995,33.886558689297864,33.965340511363706,30.44054306759069,29.459841083823257,26.942504447543318,28.403651199689826,20.40309029899283,22.171327592557656,26.426173826156013,26.405111445568803,27.006430072156174,28.19803026349347,29.093270132109087,34.130657292886674,29.23980487196749,32.13079131878605,35.8820506028074,35.50356751320382,33.83609908549398,33.9636411813933,32.80490990616207,32.42427467039571,26.882914290445974
2003-09-01,73.39447265031353,59.941590921610825,47.41478461318131,39.15747252454404,48.06725500572837,53.43883153618624,68.01529163977268,59.42367880503885,46.499651960593184,57.83268013467546,51.9741671314682,48.31816524338488,53.75688386669016,42.19255916419685,54.75631486464979,54.90999564397896,51.72323414111215,46.966043418407885,49.58084368108224,47.99640170539172,74.0699973833687,52.86553307499681,45.18552660267199,24.46599872951664,25.61829220333609,30.905148102170195,35.930947812598994,33.44486228364917,66.3172232896382,67.93075244640515,88.60971094385135,87.96467667206615,30.478841665805177,58.1249901147889,65.7098459704375,65.71875210004046,66.35596120228814,61.54920625920035,65.21914044525869,66.87005551786459,56.61850132815209,65.62248571489461,80.86037940973374,88.62181429736576,87.66464920232067,72.40300282227524,81.50574970613027,91.72625631033358,72.27393154100605,69.10739322686572,108.56677613925298,107.7691330570434,108.54398609543806,74.69226801775237,80.34428875169912,79.35492973116952,74.05397264638188,83.603028985635,23.60427353044901,26.283192783348543,55.15612609583849,66.57933571526384,74.2788465535092,83.66514722552769,69.67186964371272,82.24578781137014,46.268396227555975,82.34432586697471,95.35541248447238,92.1208496973438,77.27939722645881,86.23485782060239,67.37693081894196,60.99175380386796,58.524633617412775,73.56289308260492,64.25765393312115,65.62793203567156,63.17263936854992,82.54895852807785,93.5360207457042,75.87111213133275,54.04340309780391,66.53047256343797,63.666488904012326,66.24204161969465,59.243843828972814,59.82320802461748,61.71380039038047,53.99734023195408,72.55877339287152,57.41473585194649,55.11629579575386,59.96857001696511,60.01389087878469,59.12721887925801,56.94912716092846,54.2945043992465,51.69482403245315,23.48020311602362,47.96997302499444,45.3123159242349,46.471145716595366,40.29611429160225,40.22706508372828,45.891305493800445,52.37172888969005,57.77270605469258,84.07858038669289
2003-10-01,40.92695912057386,39.98509005173459,38.779072712510406,39.33220963021598,38.78506552042749,46.06598572705945,72.24035302308918,53.88050331819935,26.90496992953858,45.62963469274355,34.51147221416651,32.52290777096624,39.12948814355693,26.327046821968658,19.068472051759063,27.513635788849086,50.73150372957687,36.35656876298288,29.93982271149501,26.722669396307467,27.28971283065496,30.45414029712995,28.28501108357892,37.542390494415855,33.685444890060495,27.47030081312492,27.408830918798177,30.073201661339493,32.12178616618572,32.804832744033405,38.3382433784907,37.56396385017603,33.73926284688083,33.58248135147049,36.26821628681866,36.26525587011987,36.42439231233784,22.1949666213465,22.08841215290018,24.863198713848785,24.081776074427548,25.02772113684567,31.92383005450195,38.278483382296,44.361041984476806,37.36888125055864,41.2054121594766,47.39813763778895,32.185017738040095,31.8041890649438,48.88384243508795,51.3406827133194,51.26091662202237,33.68473014507956,31.54258071440533,32.576560484677465,32.91252504001693,37.391184503630726,37.80330467590454,31.43880255061668,20.778283934110416,24.054413536888287,37.001043800138845,44.01730111121669,35.57843491655472,43.17910336237935,31.45191330685587,31.68949136621248,21.74939387227076,22.71237048018282,29.205785566785373,21.77333688917998,20.99135354222976,21.781642857819257,24.574877470141324,26.74152557915418,19.08830082123587,19.869789276896725,19.91088561075226,21.033699575444867,19.006643999331587,20.474188653812508,22.459626413604784,21.283277069520032,19.878021062119124,21.102896269917032,21.191836564166863,21.313256774636034,22.129558365112302,21.384706365907743,26.72060788805084,22.393620086847235,23.392365756043795,24.004086901579186,25.901032715631043,26.844671873000337,26.013775627777797,26.958333098959454,27.47502679289214,30.89282061592923,27.81812010888927,27.620909222449438,34.932479528255264,35.63492085311189,34.601202231352865,30.651851305591475,29.18358824887585,28.15512744147721,20.50153452537094
2003-11-01,46.86321714074763,31.60938574771991,55.46587832312875,52.8978375548497,46.38070390513807,41.64905977503032,56.69587389081055,39.008297158591546,19.607799263830977,28.1866681277571,21.75800113170985,17.96943580122282,23.85191391046122,19.243252660883293,12.956643509081164,15.1854274181824,22.804617472357894,24.94968616314492,13.64156280564432,13.300010341666187,13.638183932438164,14.935773824339885,16.624996473642472,22.74942768882308,27.82057759244251,18.04460262387442,21.324854271119417,16.67585317724477,21.54962602423356,20.437682826967347,25.014043708665486,24.2835754872377,37.56585729356223,28.11141032069281,25.94948400411174,26.326635140214307,25.537903970505027,24.923530100163383,26.96705464726725,25.697464490459392,23.233084633439336,24.788625575482463,19.61183602882592,19.77861263531579,27.615748874160392,22.5442372958972,25.076952561889083,29.966892216464057,24.113289590447355,24.70881552436215,27.614164250583748,30.60158484509039,30.30090636927105,24.469635254218964,26.32699629766937,25.336054282345028,24.255587122741805,25.36863146670534,25.03030102034266,20.95796042369109,27.293103049251485,22.54851047076041,31.071270277486303,35.20818802576814,35.01666286132166,35.44005007663795,33.78855375951869,33.52685863260118,35.08738995640987,34.48233325196624,33.89430898902827,35.16795796167092,35.995282646357964,38.96403821880088,42.73389742263248,35.52565930014096,70.35771270704647,60.084293420900885,63.06301040637868,96.01561128874552,34.38325888309671,36.85423271832435,46.47196226729525,43.24034084857522,69.89076244650374,49.98400615863064,24.94549959383953,25.011636335620977,23.125920170923926,22.96891021821998,18.8684574346418,22.51925821716079,23.04685321825906,25.0210121513614,24.38259217086672,24.5460317197078,25.55267920668444,25.743190895968866,25.815978725967767,25.160702878635377,25.72673176667457,24.855216982899197,31.378615085466187,29.864830955886244,30.598296063688142,31.045517265439987,30.813419062955155,30.25945714029489,29.14464254821825
2003-12-01,10.08965257952699,4.570129287962978,14.694019794324028,16.003088216938398,11.264862543837546,8.655739841836102,12.286704811342789,6.579774087279716,2.7330237310675423,3.654475917415538,3.2895981015175413,3.3107781433241312,6.941743312161407,4.050774713323535,4.581502624996694,6.0293552924054215,18.828504646759765,7.115760095673272,14.63877061431354,14.3854998955973,28.99146818021396,15.867155257364866,20.032063759471495,24.81955901112513,23.55069027797572,21.71493558370251,25.21555183003472,25.703337451255884,30.30496133514005,32.022445593855856,26.754592171443484,27.557518474088447,10.547491277659756,21.424396681993485,22.67094607814635,22.44463624129821,22.758347975832216,27.65559075751651,26.989214812001244,26.314869371836814,28.49059167457391,26.54880975549644,25.510567005658107,25.984601429886204,29.59736210126636,26.44240804380677,28.157426656862327,30.11852424814379,25.169362037151654,29.608987185632536,28.842404146956937,28.59767467943569,28.5650028808626,25.82114625820263,28.05916412753396,26.35997487695616,26.99224325547294,26.52537324662554,23.9833760738691,22.458508428492472,30.631956053624243,27.765433482759025,15.994695201022097,20.7165381968408,12.00868146033432,19.573941303011942,18.804759380565358,15.281248970543688,27.59771149558216,26.102225320223766,19.640512503490463,30.063552311346516,33.42693997602831,34.842844196486546,33.68585027044506,24.58763207429483,38.1566881973062,31.04040569581824,34.01479615404281,46.90007045584566,32.60883506951555,36.19821157624108,38.94807501579187,38.431002957282416,41.99170689319664,39.59550191376314,26.7955710530147,26.65136776556004,26.87445585277625,26.07598610232718,21.60564852794624,24.956469710458197,19.29803508970535,18.02374591003769,21.967345491309537,21.71270500503575,18.51974056533285,17.919157202714786,17.281068611439338,9.990562499598374,16.908230541419602,19.425742200600883,20.033439379332066,19.31011402098037,18.672340316154056,18.9519677790487,19.730857013408837,20.232044306123598,37.79274278879144
2004-01-01,23.52872336857697,20.123057776417195,35.37613156370038,41.959094311509965,30.975725108871824,29.89525265120987,37.05781255520193,29.17649968836783,33.55008194505825,31.88996844633579,33.99437062166814,32.928178503853665,33.63153692659607,32.69128030621163,34.893026041377524,32.85857795650053,38.19089684828415,31.49947398654231,41.286407058514776,35.902297789175385,39.8415467074475,28.642857813097784,36.73906679535827,42.93452750911642,39.78970998063942,36.15354001977352,39.79135404876073,36.92995147606993,41.18472126302272,41.07175992575773,32.80934731474894,33.88173878532971,32.276858276845815,22.22653915578864,24.263703952665075,24.109270619759283,24.43711977227044,35.32846344944801,37.828548206473386,39.235535340353735,32.17356180134713,37.36756560056197,28.343811565122905,28.645426963562954,31.70925064720332,27.833400016925573,30.062991227342067,32.79485710313737,31.372943599202515,32.93741933232391,32.12273400143337,32.98960960135158,32.912415973084975,31.535089002387444,35.84837395352625,37.604503361424,39.0038798935589,32.207490659513724,42.0032427353832,39.16394702517957,39.79048764254282,41.80181427573503,24.82100427068565,30.784045896969157,23.101401430152897,30.00141279096563,21.263266662124646,21.60236816636185,23.905966434565165,22.09877022586581,21.680824463611355,19.82337653668339,18.72597887157417,18.25107775617551,17.3052915974282,20.40697674991324,18.879582451022287,17.70770578111918,17.758994915874524,26.529981865982972,22.341075803032687,21.537504201645618,19.099491975498232,21.168890093162737,21.253378423768066,21.5035785261706,35.16187716455336,35.01499021911079,33.39591612615038,32.20740029345637,26.075682152945728,30.903123631868656,25.124921413591284,23.626083528384985,27.09763990985241,26.50362825651269,24.31236029504105,23.52428696013357,23.041682115278636,17.36734287277929,22.67433049074674,24.9174912636932,21.260067356964825,20.47315506397766,20.65113172165794,22.118345835036248,22.843737838215496,23.587131603000397,24.58729599489568
2004-02-01,5.01240429764718,3.7056166985934222,7.186016052674691,8.57381812061179,6.359129714380881,6.666258433108839,7.865500442912406,6.632411382124522,6.82512541562056,7.528277704352958,7.107159456629746,6.802929405582812,8.015391792484854,6.70114804992376,4.826569303780567,8.807365152712716,8.7376501948681,7.750920008789554,23.178723150822687,21.974706487715448,12.529207306471164,20.2855347397004,17.00293020036517,12.728290454151772,11.0487106608961,13.832691604165722,12.669093372603012,15.50762297178699,13.549498884660537,14.253859310225486,16.980559136811717,16.64956231002105,7.290302607488358,22.63817135476959,19.896980136197293,20.154847969920965,19.59834462630474,20.948431727520703,16.94920881807575,14.906739542034876,18.801267532234256,15.386097414823857,15.042848060430597,13.960413498166597,19.55702702497397,16.95201603681012,18.24257704518231,19.106045188649905,16.679317316015588,16.36325505892706,17.833658242060423,18.998331237351696,18.8961912642706,16.768041452422647,15.409975176092338,14.786785946785471,15.210356511985054,17.000219836782822,11.66798965169112,12.016754715912851,18.38636836946349,12.042043189608563,28.364124024531947,26.805367002873204,30.792719885384308,27.298144420441915,21.467967337185264,30.2243803717319,28.945244471301592,29.795115647151537,27.301603479867808,32.92929659871609,37.60216310939368,38.695032748767765,44.197937046239495,31.354935680307925,39.6880356530933,48.57912284963923,43.47171899044201,38.44200253532999,33.274833904972475,33.96864841203985,36.5218293919063,34.8530489144236,37.352095541724026,35.36503158121906,19.665067604394,19.50553543405463,21.79892838961705,19.644304101941813,15.983293156677322,18.903137771207167,15.922164026487163,14.58817517174561,17.29335352852868,17.272955481058794,15.4705182707063,15.366259005717003,15.35142938543074,17.144028767258817,16.124832307860732,23.132548325691804,18.736308866644563,18.337355008849844,18.71258550991075,19.532683551706963,20.280203057867432,20.907826868133224,34.027995449255386
2004-03-01,25.45131820780454,16.415838088465314,25.5766711707545,23.78594729402876,22.02347158397773,23.081092090519025,41.50306035944752,24.948818192142507,28.146177810223836,28.582972376906536,24.956140709623742,21.06763176995149,35.89226755886335,29.568171492891626,29.33635292681912,34.535369184217195,20.387550210083383,21.63717219549377,23.33703835425699,32.32966393189934,56.2605508833878,41.45775633596373,34.433556219235555,22.2695223796061,19.076876659590532,30.026524078525043,30.67823939786713,31.551804882758404,78.35484872066323,76.22959805131443,58.06722430887757,59.47592800111543,18.33507942115987,52.211985542462365,54.86726059017504,54.37731837233911,55.19665601649894,50.16216833483432,51.312154656628586,62.959313606398666,103.5141998259688,68.88942252241375,67.30680172613643,60.19669103737462,54.705712594778205,62.66549863907813,58.45209023454303,49.63798996412261,62.62210438432098,63.34356873820396,51.37063617066801,45.70129258021077,46.10059368585929,61.57402810036552,62.522724867401934,66.77944851157007,72.60545257473106,58.54272159201042,20.836009877219947,25.334437628068876,42.63409850764582,51.96190761279924,51.21922975661045,51.30033114134394,46.69884124691958,50.99002986232609,47.451879867073934,46.21832379553506,43.06097415073887,44.56311135020768,48.16696894486792,50.83344355831022,70.1579478152024,74.0458066643536,69.73387408858774,55.016226208248895,94.07345018202342,77.09124506535898,86.23391346403133,105.40967198794397,55.01821103730956,62.49789871935616,77.38137847949224,71.2153241400992,93.57994799683745,77.09871824926323,58.76342162582876,63.10564860501656,82.3691070506057,84.29807460370282,79.03271678138144,84.06261768435843,91.54047141868637,91.3892819234939,80.01321794895142,77.77428080474837,76.25754812729043,72.90844417583384,70.76148140011155,58.2112883311821,68.52865968314225,54.14099818158345,44.27952477851749,42.07352932446614,42.61020136992322,43.217481759097,44.37480663551666,45.95934578975245,62.014578444546174
2004-04-01,44.34331355976957,29.00599066353919,44.66483825060333,48.22712490054629,38.552938473542326,34.82876144380288,41.89843034594361,32.620851760146785,31.511534452567723,32.65914683296341,28.931788482465443,24.61380286613243,30.646336346075667,29.463660503688548,20.567862985146224,24.275917019403217,25.84817951317408,26.526526688905815,17.67367624911808,21.834693230267277,35.29156982955654,25.29522658854912,26.04114100628857,25.27140710643258,30.51320802739349,23.557275594438067,30.64252428416125,26.34424249833738,50.02118820631753,55.33653681395544,34.55058749541068,35.75952461109842,48.26381783176301,37.9712773621714,32.99277937300269,33.76179821413725,32.09397082646619,27.707922241792502,29.60427183564405,34.76404691965503,31.6474296962216,33.50518121188328,24.61696286147714,25.1400392278379,23.81960837830986,22.431315762628333,22.358841145297134,29.9135531683218,30.40364186086284,32.50309743383627,31.739023624505396,36.296717503777245,35.98972330379238,30.57903179318569,34.04336154898545,38.26494285753415,47.52010914792936,32.52070841229611,26.88407256994213,24.97050856155925,27.60624957746735,40.367017593052125,50.9105930771614,47.31619304050064,56.91322040354122,49.24581542342816,55.38712685494351,47.33761305864657,43.31300162761859,45.57285174479135,46.34702339285893,48.9134099991758,43.55337137682135,46.18368554375983,43.75456643604873,45.970096837635765,57.80324811393135,43.00404282412351,53.56680841695794,49.336980420879335,52.67909360658586,52.62764121209646,53.22813198376437,53.30038640992591,56.67117036201759,54.14815768945644,33.090279759558385,33.02105937239155,30.21313090771708,30.473230362189422,25.42921811494915,29.939463907031133,30.26517264445407,30.74663584354851,32.74743282426994,33.571494333535384,31.765985295168093,31.9581053279525,31.498808843258093,26.67811701444588,31.043683674705367,30.52608691064794,53.46548441453187,47.63918446506514,47.10283989109602,41.44780873662553,40.36006663309842,38.92374339650412,57.5963627997582
2004-05-01,123.7262800870044,90.5801954534712,112.9673240760697,114.96124029265916,102.39459874460428,95.7847415226794,109.68185202608744,92.559842448274,71.29100554423454,94.00394016907478,79.08409778653093,69.35370376210183,69.98657556752931,68.11982826175665,44.0265669688606,54.9769024277368,101.74816423831818,76.90869227614921,110.64195573610289,96.48042242142326,152.39485923902024,102.1333151032318,121.79472015483296,137.95018317648908,144.41208661415834,123.62898645791552,145.0484154794565,128.68243107325162,187.68155666971472,191.8579986926564,172.47034889349698,173.9874677421215,105.82320007543515,201.12042500266332,190.53225770154603,189.10565094846112,191.85282281303196,128.5685340291764,158.6744918701013,177.09963047684593,155.53722674820511,172.8516981570544,158.70552491753057,152.14954921920136,159.376248723452,187.02083895991643,170.9919230859085,151.87677657499893,178.45378912394028,158.84068306940898,149.3241475185492,131.5661889741074,132.34506143607385,174.63746199656973,186.30325860751952,209.45252902226247,205.17774380097208,169.5115814752477,139.02132379542337,132.99328422989208,123.36830325530266,175.7047852648927,160.51672498338428,116.90611496318056,145.00633410598155,120.1105497249952,165.59136334369174,176.10036086082255,138.24662393125712,131.56709050288492,157.4948818536493,143.57939598341827,157.4940665001731,185.3651224003856,188.1661758879516,163.6997686153512,211.8589639271078,180.0551793799431,239.0446290434917,195.80823474156608,140.3877541268473,167.10880874515698,207.3316409481945,182.70513835108832,197.21480919335696,185.58780088967407,151.7874236312109,154.1228774137134,150.34518444432086,155.83068695638434,178.56488501668628,159.13066625454184,164.00659374003766,155.6763340210151,158.3474775094698,158.86616388377607,142.66910237271608,141.74995608212967,138.68718590912044,98.74716474298444,136.2349211678716,143.08910075520487,174.13560025209048,164.98778078049605,155.77424555172382,132.715623357765,130.47324973729573,131.97878504194645,188.44397952609648
2004-06-01,133.3033969258562,89.58013371878417,92.59726455036387,78.74903877324337,86.55586392883647,90.12990151847676,120.87404177149692,97.4772371217886,70.7402367206176,87.8912923660916,79.08560495514828,70.72316835886416,75.12616918895286,70.7307081348094,73.06785142905045,80.26354468211518,58.09545782533973,76.60340690772782,89.68972900126609,97.70180681772612,73.40503754065301,112.51711667998886,91.80811089847056,80.08780381595443,84.29569170729215,92.66255163246834,88.94395187907944,98.7804358405128,85.70297131668238,88.02936918726652,64.15935974924864,66.1266378450456,69.89504670212679,73.75911797629608,73.27627616585634,73.61300642161706,73.28204973726072,84.06756991216646,72.32224356143527,72.75067829360576,59.53184544206737,70.90836007826395,67.49699535184746,58.59343130199312,48.49961396881389,62.13101449062062,54.45115679556866,43.94958785765327,68.89575926905758,52.83622165397918,48.58636567596328,53.43259510338724,53.31706634514881,65.73751429593466,62.51024848234925,67.7062597429276,72.87405219775363,63.35207879218765,78.32684826819296,85.42326914055316,91.09828980875966,93.31786494979563,77.891966571931,58.55378982728462,111.95052249563524,64.82583471016783,115.97913773124772,122.1786267011745,130.0026285208993,132.13156983685812,119.77662604449468,95.16657868716348,68.0054864507264,81.36667234396002,92.7572885348448,106.1995774887458,87.34130737771937,93.6870852110444,98.30974375750225,85.11857968280786,86.80395548238086,87.59536773828401,88.77579629229949,86.87997081346741,85.31622657793669,85.94733853941776,69.7824356683179,68.45950323635273,67.49883346067163,69.9980197152914,78.14620899720674,71.84799522176918,70.10752518873542,63.17113726016753,71.33605222470807,72.66297501829672,70.86301299314705,72.67080645502243,73.81717371624516,79.94579663146372,75.28285218955614,82.28879499349621,116.0775550445361,108.4384170468965,112.93029661285313,105.73279730251728,103.94187136170042,99.61844910559816,81.4802951194757
2004-07-01,117.99327979566944,68.66070936533697,55.38210483983022,35.72477920889635,53.96343630009874,68.70001008647738,102.89236097351892,86.16133905250116,91.97147776770164,94.66429096301609,91.29243952933184,86.76049614218435,113.88298879092576,100.58392744721348,94.02162891915478,105.4552257186992,59.76423303963183,69.93672689868862,64.26385857510456,79.06443911244023,97.66696963482964,78.8813146402733,76.31527347697303,45.16453831878286,47.664544297274105,74.75566025278147,69.18188432458719,106.50390280886934,82.39620906630282,84.88381055676437,92.03778666621244,91.67660044117444,30.48877238207834,128.36612286872526,126.44710965559872,127.03597063953907,126.4382404118494,45.75312319760231,71.61846817480746,73.66757914794181,68.6400550971611,75.45800011129764,101.65049144962607,108.41059334370009,101.04318442273303,119.14895235592326,109.65315983956438,93.76975906286934,99.02575222949224,82.03235238754314,96.08569993026327,79.60099000837971,80.86620932821165,98.0177489508534,82.40700015832317,81.21197787082326,78.56017152028264,93.75999856075632,44.14675365089092,57.67122652135879,43.17944176382544,94.41680285233736,110.82599059028564,96.4698307809743,93.04932502048554,95.20449939127178,94.35819178026564,94.5045113689428,100.74326345538086,105.38912207811832,103.84817548622028,120.45097711306435,123.77719536974044,113.38672877008976,98.80221074246472,107.67771347416202,75.92076135342404,76.99855885825075,77.46157145736066,82.44002320953554,139.598603327542,133.20236141847846,108.78935154796262,120.15044366730892,79.9263246123956,110.69952495895782,61.389093626964325,62.042795592180696,59.75211977005617,69.96013904159364,103.69770460784616,76.7046384704112,110.2140999103602,110.06957050602718,89.01540207615977,88.20260081811216,85.43844904346393,84.20400684651388,82.9926864684065,71.2198293788377,78.93396746117205,47.55638852700258,83.46924579742823,73.38320089434558,75.18063697401746,71.62277890416058,72.2454678649254,71.61686788878309,157.72736215557512
2004-08-01,132.06363170148646,105.15507531374035,95.68192526625444,70.23362305662593,95.91295306860624,109.33089492393806,134.5833902813524,122.24237648752268,94.56675560232196,116.80471688359742,99.4306428062205,91.89147140849406,87.96948787466748,94.85314454973344,69.65676198177552,72.93859103062651,101.7523741522647,93.45919985352144,71.02217442706643,86.84162822067992,117.38639281470486,99.20184308782116,90.85956843058318,99.60015025829392,57.19099586127863,122.49304931501273,85.2355256984089,122.39748136457352,114.04645339706218,128.81060372308204,88.29251479899345,92.08420322170149,58.58332454517126,54.092588624104046,51.76317873465624,52.85527240040795,51.35083936558318,76.64520138476838,90.03300244129038,97.89606464861312,91.74152674838784,95.5854448652006,79.75786600238453,77.02671353256318,47.00931179623607,37.69019571864648,42.91938312744937,69.42468639663917,73.66209399630482,95.6982287217424,80.13983325958941,109.36723225210824,107.6459142877794,74.76062943398283,100.24962962711145,92.49557609619818,95.48841287825196,83.82864443275477,86.04264490305759,96.51561695650167,75.25106085569419,94.31355833220196,47.95943018958908,64.45303041625522,53.34150291143851,63.31976521000436,51.53176174609412,60.85451274031183,57.78553860068246,56.33557606326798,54.7845861148521,61.21025745557173,66.55425035545771,73.63405006446534,89.04014108292166,61.548881061850345,89.81332198437836,85.09844591874527,85.92666111343424,137.3415774148114,56.39854784326256,59.651569695832585,71.33018362043394,67.03753915180012,96.21897645321518,74.82623307945944,82.05200083385245,82.25984520282961,73.01326352513055,72.4905088661162,67.65216444355771,70.59265059032786,58.91279450273609,58.9797542064334,66.06072851718548,64.44675508912228,59.8920879389202,58.269729307536366,57.00269285178992,65.98850888481327,57.55798420325383,55.273007945364895,53.15350070183412,48.38438308876897,46.81520001267904,46.67608490815039,48.25514136211532,50.350101548438666,50.21714139775607
2004-09-01,41.43184677038683,23.53090740541875,38.11924531778708,32.00856266361581,32.69298502626994,36.57116251735894,70.22978315949939,41.479734441327466,61.07261218416377,57.40686975151655,50.442006353521805,39.24838848152231,79.8998186197323,69.52909121793465,42.27639832229232,55.545766563561806,27.919226889812144,33.77701059531176,20.182348100422104,29.31806144740665,43.73231574279095,31.72014719123037,32.2989141093948,22.531016129317337,38.56202871030673,20.221556446372272,35.613964825915744,22.506156631042167,125.04713796382894,124.95813134601104,115.4604677129751,113.21916387918937,33.18545589669036,111.22428966275936,115.6653968642337,115.95606651486425,117.40550187933437,71.86841527364794,84.0773605106959,96.83926629866414,84.5147046867772,96.0858074697768,102.9219513211837,107.25026307616342,132.27302195291716,119.44642525205543,129.60417561794037,151.7150460612646,110.99641290671178,87.92206076019157,156.34260499010125,156.40349395519334,155.22387742262035,113.07592023415256,74.69977457511717,83.36700642493551,99.86435285849733,117.22121388328004,24.853257918918143,24.98468881819361,55.733325039294215,69.81089565143695,132.8209389281147,135.91786026050656,130.4570999829789,135.38046415103338,111.38884900498977,118.006463197064,108.52846176642797,108.14996124884384,115.00375711556543,126.2467393231408,136.8002143653351,136.21118706733915,124.92833647237624,120.868827144267,85.70892723414259,92.65361354538418,104.88622547775336,44.06083511580281,133.44279922703245,137.065806980192,126.08343943846832,126.83152634271592,78.90385667000743,114.55130602181382,91.19307815506878,90.95476599825471,90.097956295951,93.8297623199409,111.00168872283504,97.74276240239018,109.999226187674,114.9198394977987,108.86484308643084,111.45339312266978,118.61637389732913,123.53554015960054,125.12320553645212,145.84454035510404,123.20529392886482,99.74828102956202,140.72538559351355,151.55637935106114,140.4778827260216,124.13663442878436,120.94445196823952,119.18160715535308,150.84207771159024
2004-10-01,37.10039370548144,29.753534598233934,37.33524559046647,36.2771899097356,33.44807716008141,35.51591278498841,52.90094184706195,39.00035967890779,40.89694272402141,46.78865873609481,41.74195059426243,34.90391895466338,46.479780836309,44.18897397863047,37.10134970202528,38.21572303402188,21.08407581101284,31.28842258029804,26.441176118866377,29.394220597657668,62.69836222508872,31.890055191361817,36.44136445490492,21.28236130835209,31.645630241779863,27.38625063733308,37.60187663402197,33.825728671400086,54.23860995059518,55.08285517779077,75.86798317228666,73.3433233448599,28.48344760213416,81.51642472519802,95.34897741024224,93.27177323616624,96.90719267581623,47.00531794725767,47.44428584011176,48.59953650701377,44.614617461450806,48.82093446940045,62.26806834394865,72.49383148590492,105.61964084163792,117.34358027403272,111.82014775989028,110.9850477009046,74.15642637973764,53.70244142203135,97.76429851415902,94.6517089544728,93.98630785859302,75.45999289564261,49.01033648980727,45.86788216653499,53.52613353532394,76.87574508268739,22.82654221096352,25.25823717196609,45.99760958134304,46.42783991108506,85.72663571174265,93.33646890105672,83.00837744897352,92.74035161498804,76.03965791087988,69.54868331911078,32.827652294093554,36.11722984957152,62.3815203199982,31.882927426808443,42.17418626861852,41.97033345783666,45.03002962677856,54.12527097383646,44.96925531044336,49.37878976189041,43.100210306952704,47.982576740134,27.221533611293125,33.20863234349003,43.42243471837332,36.78081612497137,44.7624272495627,38.28782820425749,49.32871235399453,49.4425590085233,50.687879229245965,51.87808450528617,66.09852780500762,55.675486072613616,70.3888028187346,74.76117062641063,67.75045924912216,69.01441708299396,66.84147437010515,68.46890818772903,69.01060686522952,70.60783349863314,66.20777599344781,32.022075975240284,80.09171946786518,82.99287959238463,79.29528737033252,66.01103344335652,61.120411469048456,56.425016138904326,35.61295398262979
2004-11-01,20.39453027014218,14.205578583485725,28.238815384703003,30.096473685600877,23.16095249699561,20.278827604548503,30.04369991871333,18.53037675680611,10.80870939219682,14.496099249682674,10.229059064684876,8.154549612911518,17.184353730751504,11.51484726128824,6.576332378334888,10.008179083166576,4.991192710239474,11.544819029384714,5.014153982346,4.521847813690896,8.991015080790662,7.764495587262273,5.120565195125587,4.264742952110012,3.846750883551197,4.254208306543418,3.86851704098358,4.6886353438195805,4.082195061964484,4.666981824409175,5.766842261267893,5.765542436797334,22.337042947994373,13.198787730917273,11.220266099131669,11.44817556025872,10.954485275610825,3.8016759412999503,3.304170203676893,3.253710492143741,3.898211494166176,3.5428184719583204,5.015420052355008,4.379158948407283,9.340575334316368,8.656622435532409,8.867466180323015,8.185548451578688,6.40026921314173,4.002433291362422,5.983497498966401,6.159339678124083,6.075160609916346,6.263569680470135,3.699504620802262,3.5573826388236856,3.984775693241114,5.90300515511983,4.267565051669851,3.904430634944087,3.184176578221407,3.206600581466894,17.190534777505384,15.763258128820908,20.30422159385472,16.442797211594407,15.589905306378428,17.501873476063437,22.620113952604587,21.342081472102056,17.289919267834488,26.36748159371704,38.05387808907837,44.03348552644074,43.72397870555129,24.99172453945541,51.01097705389331,49.65908232162311,50.1247221700433,59.63282786786048,32.99727187225794,42.12920612551008,51.02821659019753,47.11650029446096,53.190770594898034,49.05140150216884,3.6355620113847538,3.6053424277955775,3.985369064141464,4.946436388413177,6.965311731456282,5.512368209441274,9.642092544788756,10.166146122381107,8.015431347668,8.292917713692782,8.827488488532985,8.931183216136553,9.249372591763766,13.366069403852707,10.588103559151188,23.702782152932038,14.50853538935092,13.100287960656416,13.875130744858168,15.435023523885476,16.331495896697902,17.61695729799189,49.01343998657322
2004-12-01,19.658418077171277,16.900263802320527,26.882830416885184,28.555692212669214,24.2510321520509,27.071773193130905,42.29784430844336,29.57917168401656,29.159795326590967,29.034893271004734,28.782615741660532,28.290990304252496,35.85993235935197,32.40417034267833,34.01766505852558,34.954831930595724,28.699396314949585,28.217801300793123,48.18701801334954,45.31565651139831,50.29881477087951,38.601908024380414,43.14301085409871,45.134664895068326,35.92863931258172,53.372230277411646,40.99755152850603,55.01356382426882,40.76758508412446,43.50522840230725,28.05931885747569,30.43867227995525,22.54159981299042,13.040195319014536,15.429724575273044,15.220193889038867,15.73248801712084,19.10800014920282,20.65208594423597,26.02143769026276,18.582520718007856,24.412410898299694,20.85141631408541,23.909285442546665,24.877597114122658,20.86421083553661,23.33415088770778,27.16910385475296,21.364361991421116,26.74936528458649,28.72244444118588,36.02729394788569,35.62927478840792,22.349836500293826,30.94837345745634,33.75091351055845,38.508834599040206,26.369262004646338,41.45737075098326,46.31863978649855,20.908789176488536,31.65783644016786,15.672154047177305,28.65922021995306,16.37300799078911,27.439351389617137,11.554537874811444,10.342603607676905,7.455592381530237,7.580299329917099,9.72905516726946,8.375839671423158,9.125752340020297,9.09569743535583,12.11435552898923,9.674657600722776,11.431190164030475,17.53773955993283,12.47159483840129,11.589598398748064,7.319492284717338,7.496398124714776,8.186441589363195,7.8115170009448445,10.217650094680437,8.332592718388074,18.286720840302426,18.468082617452676,17.17146701420888,16.7739301533184,15.197094562315629,16.347271862507057,13.473747277295958,12.891439090388952,14.777234680039973,14.53397136009784,12.326614705393755,11.848423551553845,11.391578643510645,4.921548033945833,10.689151985957716,8.216696033870539,13.730429041556675,12.874014010523354,12.18694547001112,10.205139639324598,9.708151954352754,9.373930970525391,6.554298254923185
2005-01-01,18.26029479385271,14.388633687685454,24.01445885115877,24.067959512053427,20.945068402016155,21.65806019046327,38.34804925351579,23.040994672155005,37.27609271687243,25.85922305728777,26.720687845733213,22.9152806357292,29.41391911033673,39.09522775126439,29.216267006468165,25.98878482247791,13.720458793055776,21.171134159645817,24.936231515162792,21.525757351336445,25.005437064400784,17.939065127798795,23.09851344420861,23.425544885924683,26.30826731427069,25.378359890800503,26.285292621689543,23.31483588257988,30.33526265274461,30.47812727960604,35.52296979877643,34.73899109710088,17.68070062620856,37.00963763608719,36.01557532213934,35.791014178971274,36.00608149028272,24.94668297923337,29.912308190325405,31.18774118561893,32.52272970004649,31.334059032469707,32.63191443105482,33.73371771515064,40.80804652586615,38.34418063331889,39.46707714973491,40.67607476383051,33.68780527200666,32.444975922473624,37.941477715801824,42.37808210652871,41.97702546820879,34.03138024279634,32.3490209216553,32.903063198102714,33.04307626842126,35.44854961044738,23.76895611977054,25.63159525073196,27.111418501295347,29.06294484549512,42.95742887399779,46.2395765987822,42.21529297631936,45.82691964613448,26.171897112660627,38.45302137657924,31.253341266595765,31.4668339947752,33.59495365931574,31.289044363593614,30.991123674199624,32.82525118264782,36.12304800211496,33.41896687116054,40.45414106893776,37.40790024782025,37.849558491775646,39.186032627794,28.722515935742877,30.480529235925072,34.9018470345036,32.42716952635519,39.69671133648615,33.925772739820104,29.73227252498369,30.24072915254761,29.944262867891407,29.14431725603881,28.930652543598388,28.846616540432095,24.0985597548428,22.82309129885844,26.02911293686824,25.428547612988968,22.13572225176438,21.261134959042355,20.74384365613952,17.551016820031183,20.60760465830635,21.91064729903157,23.429291062805092,20.11135635055648,20.2654525912676,20.983542018717824,22.13030985026197,22.797248005449852,25.56093939275694
2005-02-01,17.75646147035084,12.026959666606963,16.31432476953844,13.930379197444797,13.85481870792089,13.924709308200809,24.812911690970328,14.970221057417536,26.093615377758013,24.052769854119152,21.463616234911683,15.947231405738506,17.572446514158017,23.324965683490557,17.996537623389347,18.72792077397951,2.6637448382442126,11.686939416490745,3.3091162643482965,9.324346231838533,6.50788559849082,13.117900239836452,7.469859465284312,2.5178002624114586,3.332841398849644,4.387026784807099,4.429258136813037,5.166025075896616,7.803716889526885,8.178264147614325,10.903879883139211,10.614118795245693,8.608762134674551,12.518601448843032,13.081308207148004,13.152607183358054,13.10963060623855,5.982602529938806,7.115676206416226,7.453143046949588,9.933722466259152,8.034243627345093,10.559348413040038,10.519244189743697,13.583622775359135,13.295596968322368,13.565222185851976,13.371584866633231,10.625848585254168,8.9520522537151,12.396272865022706,13.40100944594614,13.257817383417644,10.6877565904623,7.662445024067559,7.464338778963597,7.687738198126717,10.839280843023602,2.57407759325127,3.4671701876203525,5.33629179330383,5.615488887236598,16.016182093456713,15.517246083072928,20.34438603138992,16.220370583817804,14.477401201620026,19.97736843007261,30.112602901353064,28.29501609342567,20.142643128994045,31.21589187180824,38.18041056848123,42.630094569326616,43.5860895665406,27.19330938469794,50.7564007442969,45.61927886129108,47.84061280516353,62.390981509829935,34.07670744670168,39.11570742643733,47.004928860897394,43.60908351990165,53.71318482601181,46.426492750398346,8.44897549853414,8.605037014699175,9.970330374721206,9.74200421927235,11.62704406774346,10.300275452936228,13.04956762679079,14.506921839127044,12.780805866432848,13.021820679737951,12.86797155489017,13.111883467146772,13.636125540266953,17.171349159639547,14.727472288565712,26.549652611711917,13.803724321345593,14.29691410221345,15.594524091948776,20.148950381108595,21.64956718412321,23.00832621049288,37.3641983554306
2005-03-01,35.822463070642755,23.58713678360828,45.8706906794443,50.79998968291435,38.60021617845414,32.468965390895974,35.02106004497994,27.377276313906616,29.810810596477364,29.903897797655272,26.35162119177354,22.167655478624766,30.396601268110025,29.941947219375898,28.133660295227727,32.13366569498532,33.47690515516134,27.95104875823553,33.92656840175901,35.043651536778334,27.9362172404521,32.30413224852983,34.086542277997694,32.89043011838048,35.1530912045961,35.1591581085851,32.69894819196682,35.721565730257616,20.25994155257028,21.647189501155744,13.136730212525624,14.544387190007436,44.03853150897363,7.644751507061493,8.195061624915843,8.094310637539948,8.261482768802807,23.030493283779855,20.086714231099585,17.50576267293438,9.840853770798294,15.636263762615588,8.131589017643387,8.976786445743787,13.963993824714665,11.260610916339733,12.84598461292732,14.642449120342333,12.07421052210088,10.655048037613858,13.45092064389982,15.138634646568256,15.04319434827762,12.139903091838722,11.761513122590747,12.72238969372853,15.24979881476183,12.807168647403124,33.70777829867971,34.53887778000636,27.16290587668693,29.96321650461596,13.489990695874257,17.423628987747968,16.592478165565733,17.446298914487137,6.785415551216069,14.2902944689767,31.27258435366686,27.911559464901845,15.151345501085968,32.53405000021093,37.99891955279909,43.37744063623262,48.25882908908658,24.622575118831683,51.764421005062445,60.326666776053855,56.538400918512174,38.373828704893086,35.801993976317995,40.85044193204923,48.83598694347055,44.39548874283559,49.81675568067514,45.35920064646343,16.606007869470066,15.988971684006309,13.57791814899444,12.141462554449973,6.8633221112549645,11.210065727370912,8.939887461191624,8.77995878443933,9.902786283130894,9.756192055604195,10.96116400357938,11.153026486286784,11.981439149434204,28.636483128668253,14.577143885577865,32.71445107010129,7.29846965161449,8.162067401226759,8.79504729934733,15.27431489374424,18.00510535141275,20.736961430185296,36.86801317270293
2005-04-01,28.40304301323738,24.15682928842018,32.1686739412809,42.96167847774338,30.380003640775147,30.931642193528383,31.81834820861249,30.86104052248001,11.744198893924052,17.92589899384446,18.52876097342146,25.353473278114965,25.965989919851424,14.796747974654355,38.6524673242978,38.35678566639796,67.5540543111557,35.272610793163864,25.037793079853184,20.38924981781915,23.063861177845094,19.49851098453273,18.485536815611088,11.716475921925609,18.28677990500709,13.669772047917364,16.594591977396938,15.123321726498803,28.37068776341064,30.03509972245233,34.85343346608767,34.25149639534361,43.56179522878325,40.65437338453035,35.461989719438726,35.588233976942014,35.04615418200844,20.0479448702893,23.49894820722577,25.51785219116994,23.2997609273948,24.94743303873144,22.500066552576897,21.96814466326875,48.44748704085822,40.11848612567697,44.29909124164327,47.72106676231519,29.26152042411372,26.82469818747394,42.77277273652221,45.07218428120866,44.808784880391165,30.33645306699028,31.606296010564257,33.19267445541661,34.51594877072084,33.60100744022551,12.488066137100429,12.858383803388827,20.1390036941574,21.528142565784307,78.83569853367443,52.151512048259896,100.10766408375608,57.08983760586548,36.0262711923243,94.22003609751296,79.00162347257066,83.5024660352556,73.5296620681886,93.53587528502923,97.93043365264803,99.76164343499704,95.68608487240886,82.39590614658376,101.02075332299664,85.0732572394248,99.36550017077484,115.97405225209384,96.27373216748158,109.76453628569368,112.10950879510152,113.09620164368178,105.3927670335374,111.78002131659136,23.69065147393668,24.001735419140736,22.50447875325616,22.089118296515636,20.86701239176939,21.86561884412806,20.585730146588887,21.23490960168083,23.61235166315134,24.33065641184077,26.963749628828285,27.7715469287696,29.402849889490312,69.702430407357,35.47745800430926,73.50123553173124,34.7053520216346,36.24138299012388,38.75995147845015,49.76520819991904,52.81530771470939,56.29473351936876,119.94783546717574
2005-05-01,49.250454768899885,30.889355415639027,48.55657550078609,45.87315025468231,39.09192735919432,36.51653572153241,53.9429361206636,36.973775490179854,51.340695072080415,62.66674512249421,48.25342326629808,36.54398398703532,49.37134586788804,44.37006693203564,39.79285057480282,46.01888672739205,33.375314119977546,33.93745391538738,74.22491563783493,73.76618119282506,78.45532591329574,76.93744537425941,82.22858238842062,95.3055013257341,132.2790571112389,94.66792435298528,92.05026072793687,93.23310828539132,73.38160153887688,73.24591598880752,92.82127169896984,90.3552370312562,38.63627711394471,78.53988843468973,84.27891432936966,83.15078748193567,84.92612604606263,80.62649311100746,85.35608774577602,83.22895276341855,99.4567451026808,85.49604371683823,85.67076009986764,84.5558212338746,112.74094672438952,105.51470736782254,109.25589979555596,104.6924290497745,86.65248558593468,95.27335749536807,92.8679448992296,118.24796874967046,116.00205527076804,87.94071974889366,93.92194469245564,86.63179479109355,77.93113830274478,92.66442563022248,105.0328539509434,101.7463093896754,74.3601248186371,81.09893872862646,111.14091500213055,120.15325449461442,105.0857253832268,117.95534682614016,72.5676484764827,100.53651862559276,88.8867308037936,83.45836383197903,87.69584616777422,79.6343278993273,80.44073562759411,82.32122795950428,82.33833636488266,85.48526846375907,82.29067290841111,74.49367550370172,79.01147884316474,94.99853502761567,85.61612787647843,86.3791425259324,86.79220517453882,85.87688984211925,83.26030984382749,85.21041156675058,98.92241500134637,99.327697421224,108.40011465156408,97.24476429423666,83.69533890378037,95.1748898921606,105.57340746784786,102.33673879293846,93.94279123437435,93.1276509772948,96.80191541114756,98.39961032150802,99.81819042009587,99.38798054662404,104.00472443575018,144.1971643725315,75.58641868088401,78.78849876239595,80.39785071525549,94.77026989333832,97.43853049116224,104.63977571684244,94.94119705274603
2005-06-01,337.63139367373026,295.40633682260614,265.31051247288406,227.46257052975017,259.58406341246405,254.4532148268552,262.1026887656255,259.7901412411927,134.8392976320574,224.09306693382888,185.2156870457409,187.1625001637568,144.53314410520062,127.67514317781072,115.46544375193132,133.4640656509747,157.2525143609131,194.44730160198185,144.6598684811429,137.47362710267865,176.1344885763149,138.47342969608985,150.43123275097795,139.55059410643622,151.06085544942206,148.92845663938292,160.2257643217504,161.24465575188844,135.4119626731055,127.89038712369668,179.8758652039766,176.60475964016567,203.2458386491452,153.96031475172975,165.7294937567381,164.2201346788294,166.8972131984343,124.55979659062328,147.88983572445264,169.7822505585198,186.1268967649558,174.79954111057694,210.10830160799512,205.99029052790723,164.4311589732271,179.31954909456323,171.56944734535546,165.22058633339535,175.7642649512926,222.68715585993,168.49314505551493,155.9552890245862,157.39377485669846,178.13344806433267,239.58214371105817,230.33148190955464,206.6588291582931,179.11790116413846,144.12348004324454,150.1827029960005,151.03481009611977,170.7893596565628,144.67995860298052,146.16909937173617,141.64096067417256,146.32766148455565,166.73348867653917,137.9261609941942,159.00506736298172,141.24905874219832,152.9275479296526,125.35674381594436,110.07715622133895,122.0331179741849,122.13272273487824,141.4756679427626,187.13451892243063,126.83187056721208,177.13185463652962,158.264518928494,137.42311865767965,143.25453392452837,151.82795727818976,150.0304065537132,169.83327348264706,153.97421515132515,143.1746625526811,146.10031871381264,147.2124783521534,158.95239871106332,199.6313213822817,164.463156299251,172.08432793219671,165.18969742922752,163.84968245546162,163.8088797655347,162.6622509208731,163.03347253037722,161.3742303965388,182.1594202444674,161.92638532523958,168.1840410033827,155.81057798881443,149.73134269963964,146.8985752232816,147.2415278671442,148.76188145292278,153.40294051762478,126.2262550804475
2005-07-01,58.32890384868251,36.30080539096833,28.32648541281896,16.096856722857243,28.63100600909116,36.26501237939851,61.54090811760281,44.60318109398685,63.52850072097126,62.54067899822719,54.9215099840138,46.028293401501465,80.33966410096356,60.28420428147496,55.35087457956603,64.16440776732298,18.56933327554255,36.23940297800374,45.48726069302652,50.46571671814571,100.2074357432105,74.8658754377939,63.22326393475579,34.958807454010014,46.429399723932754,52.32187761960256,63.80866306626348,62.77947456765931,68.43828892384246,67.27954971140858,72.03596821141919,72.85497640541445,14.259834616856685,38.92644749452076,46.724316751409305,44.85136897867148,48.35845288931335,81.17199797447479,65.37535506618958,68.9607430649324,69.61891984606346,68.39880655507582,76.10250869539712,107.84641764066416,65.84733722583823,67.21534743308692,66.21182865611412,86.7192481458701,65.6056420088964,83.06500575450394,107.59806218996508,80.16817224733614,81.43794336399347,69.75613134239828,80.75053725347657,70.0234905064709,62.18328416308679,72.1024653895073,36.40329807841292,45.03142099969197,55.909538303329285,104.0222181722805,39.05121550121305,56.71528188279523,47.02117989467519,55.13823811943278,40.29358791037858,50.95734104545002,56.26292053024192,52.29160828225159,47.907644156791584,68.22967836490369,84.96119210553594,78.41138190718384,90.20502336344828,59.211434747942576,51.71054901159181,111.21622692648032,92.54423462412848,31.59831941288012,64.90645241727337,61.45180667402374,55.95616341312228,57.95438143723095,39.00948910022333,53.40166832025047,87.01218439826023,85.2158674901458,85.16924383227928,70.61429057180622,40.494962838113786,64.41741974467735,36.14283167421058,30.919307104749503,49.420717782565895,48.63095530771732,46.25270839208548,45.14677972408818,43.259916612323,19.812622630320384,40.70112604764515,29.44572123451334,39.470640965008265,43.99337728225573,40.22576905336823,34.658249829290995,36.28822712086231,36.53948019515065,44.80484391136914
2005-08-01,106.20979854487514,97.87420730481637,80.3253670633073,69.63421454464763,79.16309076139449,87.83353924561756,113.5239279226637,100.56473044521776,104.23397118629114,142.75843496797887,132.35788002512763,113.45295597841309,98.08691857531495,93.18144190355372,130.21503691267282,95.89601883286588,47.74098059066015,82.39115572631418,85.56493158034922,113.7119070514662,68.5399926494001,127.0374761865985,89.1050333500944,76.15907856190842,63.84743263048138,83.75718768466217,64.70233725274342,86.58879132090402,67.6690329853382,63.44328788465019,86.9983300750612,84.33846115041857,64.60295496217694,58.75451775217761,96.0848527268754,92.9552851022688,98.74043902431072,56.34033337582346,68.27931280843532,78.8482861778884,54.74541094522499,79.2184634408849,120.34732022326872,105.50977262449524,77.15735566221872,101.19205431305151,88.47193967695983,76.06815821429308,93.8964459452268,88.34358243099818,84.98231012609888,80.8098776586776,81.23025310222053,92.31257786882924,94.38408669482256,83.69949616186167,72.09672115496095,88.79864686231545,70.87351184708223,75.0614585731671,66.46824711878303,62.57381497570554,55.59048491183505,53.79100941580451,38.13492349154922,51.442561515255136,41.00706716820628,38.53087807302348,17.085811792717738,25.69532272522031,42.22219787926203,30.158439617479736,47.14250951461037,49.46193496354991,51.689908649614814,43.358623394260505,82.37912503673101,54.021031861292016,57.14982725165586,69.80492154124134,23.97299533052873,36.96278173231046,58.97917009565519,47.62743860969986,84.08584019094846,55.028250937538346,69.28264285680724,68.27263016625099,68.56787803941474,71.38386385486385,134.81525781487252,80.97403478522719,100.28893865866924,99.73143535534165,85.65870984476075,84.25110412888617,76.26839316463274,73.09138032144001,68.267038571597,25.09591506459817,62.371758076678574,24.176560931834075,44.28220841368345,46.83940361598826,44.06264920110336,34.98267866616144,31.711859954871816,29.9820820741379,38.131803789371375
2005-09-01,129.66158108035373,116.68986809367156,114.4225352323562,95.60035140829925,114.7205103783148,112.6198401288184,110.77872508567968,112.25430663954872,56.14800742768229,94.81596607632272,73.7650326813576,76.36147331171544,60.36664940791187,50.68755479928749,39.7628799631989,69.66690295283554,22.55948963695312,82.74936539632132,18.32147631360548,38.89441335793856,33.18489710352306,51.61435177533106,32.63035629594412,5.57161614469247,18.339572083403205,11.688513882648044,21.089721298249177,18.929728264146437,28.093054107474423,35.365020512189695,42.12923964846686,42.4318605410022,72.18879212888837,79.5105271829444,72.27338809703232,72.50119955364401,72.35939719470554,31.807211450728367,29.049425079623475,25.778528701362127,39.60283836443759,30.51184810665846,64.50879699978913,66.22522820443257,59.636852418525365,68.06327935139582,62.95768954581754,39.03017026772519,50.16852501582862,38.904817342876285,24.19005917574288,33.438148176455165,32.76276192721509,47.38814854389355,29.90500086319441,30.217784683267517,36.19702072028886,43.15714184328108,8.922376676733828,10.71406136298952,29.34824934415245,37.68123103460445,83.46007307862882,59.871305970137314,93.66835738132036,63.71319784544945,68.32593206878929,85.87288494685316,119.69228948923794,120.72820997672122,95.42345477502658,134.17096422968552,144.72364815659847,126.24424973376736,135.4909707255294,111.1111059444184,68.86929504988422,126.06430487222428,103.03442722221207,86.45412884642914,115.20351041347544,100.85078069857852,84.68616553971653,90.64442299847003,58.87214902775562,84.0136952877295,39.75472057587157,38.89549773897804,52.03218708710665,43.64438364481692,50.83094094174894,44.70826173931701,45.56908176004831,49.98256485258915,51.11723420316852,52.34442469970422,58.04546467496439,61.29228448962856,64.39521213959594,72.11534795675502,66.7700150951675,84.7723946113348,64.65202908383998,66.75003324813883,66.98937339984076,79.92448758306841,83.0065346976017,85.30368626242584,93.95995946550164
2005-10-01,34.20621922269009,23.66196425201577,43.60797216226612,48.62080377565061,36.027501051503364,35.01164689729704,52.4299324941149,34.63203269519311,30.86004096904125,32.72466199092995,27.69243282763782,22.789132467152005,29.83618038579818,31.354541723379647,24.157127696828567,25.857168759377824,33.11509646751043,26.651501864763656,19.72700470230144,19.466255835745088,37.88502235929458,20.86627921008338,29.56151988421024,25.329700399414595,47.311718962962864,20.413864004276626,42.03021303232346,22.84458567699529,54.58263046488293,59.83596799570638,54.33675926351279,55.636583888106216,43.68858363482903,49.757043484360686,46.35122646378496,47.14959006523672,45.99630975094644,49.44602300130309,47.00644870321278,47.66514766007259,42.86839403804181,46.2356879845107,41.92392581200314,44.2144000630122,54.83033932858687,39.8978409821589,48.09148890166664,60.118879361764655,46.15563290676708,47.81225149454511,58.73145623972512,67.58034820162118,66.72376874126168,47.44780688708991,51.82246720268824,55.39844678690999,61.443608780816085,52.382631592515786,31.50312980915675,27.806769233719717,55.58219899685325,62.96542902684027,88.7385596813102,84.65422571809535,96.48604902000304,86.89832895157353,71.93625520842296,81.06239721972122,61.0868893779728,56.62920233423799,67.31184066741045,54.960658406055465,47.59137707897622,40.834020855502864,52.551665795357344,60.963072406760624,18.0827534016222,30.02464262231201,24.266653623701416,12.227797266355502,43.92139279508834,36.742482683278894,26.54111561276559,31.25854870420811,17.622335833437884,28.063313174088947,46.90423718382229,46.92318856104082,48.11602967925134,44.47062914051351,34.629085659122254,42.538905814315946,34.7654793600848,32.62036679842358,40.13161132116859,39.96132397519138,36.06814322146961,36.00061721112557,35.71688886109909,23.45883266783455,33.21021836671253,20.954791865752775,74.27747598717407,60.90974570086589,64.24624664012363,52.83242815343228,52.90562373548424,50.34693483298368,25.449951327240058
2005-11-01,34.24051083599899,25.70592820093092,42.00049919963321,45.0062616772947,34.89990085624587,29.776733864599137,34.67408736007174,26.762998592907003,10.257498593398829,18.656388060525167,15.77051626343028,17.71728115343023,14.525398623524532,9.25483328642732,9.503777509947373,15.69011822804408,27.44969334331424,24.97272273323869,34.97100239202257,40.33520415528277,53.40891737219627,44.516993517341824,42.81172029536415,29.2867267757888,34.999899131234365,36.63223292104382,40.35058622756086,47.93167704804926,49.84404641360997,51.7867768946864,62.40500526638491,60.84961850531403,33.168466217225294,80.75435693194105,74.17317149850567,74.41616035456748,73.65686453056911,40.92999886322608,45.92505932806807,48.97115742273864,49.11862786890112,49.73805692712354,59.89710807286019,60.99300195620737,74.83394199348163,71.17368431267897,72.62757159592115,75.48301483581383,60.49051515801414,55.36557853610936,67.2435478105915,77.94722342644263,76.86809990869475,60.9162906654465,54.04234948695208,53.50458938806102,53.01315500346283,62.76801238836138,32.090127965173785,32.11290786265341,45.74220306785446,47.61256495267896,82.83141159131647,91.77153046073585,80.0160050480933,90.4423155276289,73.67262075714034,79.97883184824826,83.00043349739808,82.27686407953831,80.3405048383782,74.56656806073455,56.89719822182432,59.033945727823166,49.99980327449489,72.81995380947468,65.37648676671995,46.5813085399585,54.12868986171028,55.2759451423941,80.56133318064062,72.8569998566416,67.05143488504457,68.4858979673242,64.3820147122449,66.82682197633562,41.36739087671885,41.9179055359896,38.60659461505323,41.56732617954029,53.527515093184135,43.59047731350288,42.68150335024119,42.91329144111186,48.109757974355695,49.81594385632215,50.86133638816366,53.83078682147343,56.46613540554183,84.17579634225439,61.28286341267518,98.82324434720154,70.68418852813171,69.81084704471802,68.18648305719849,71.05938564239857,72.44128891820327,75.20070197217672,70.93574188883655
2005-12-01,9.587442631040126,7.221477376536151,17.466760401746175,21.350659534896344,14.232294165176882,12.61992790102711,17.20492645731831,11.15869482314753,9.98433229434935,9.637928756881488,8.339634852047949,7.901293311299439,9.74033353722118,8.627317484560987,7.050544645721876,12.084372205163492,16.430120660509264,12.153699866591516,22.867588604984284,24.123821984540765,34.644632163359205,27.74474848706787,23.947424054717523,16.23592811178976,15.84916050634993,17.501876004887613,19.40127307789064,22.486485637930173,29.36846259922181,30.259232414732384,33.45937497527508,33.26432940020825,15.197344841990384,40.78330458765738,40.010364398545015,40.24215009438336,39.83522191011112,23.505077214412523,26.8055660746412,29.07182801250025,30.43458949893404,29.662124084510676,34.12353672177276,33.638623805417275,41.48678063164765,38.59449071001932,40.10148979604067,39.96139290269665,34.46098912757262,30.108278810769068,35.78766631000741,33.22774043755748,33.18465467169753,34.403728283220126,29.2240348497924,27.988072089156084,27.79116713416937,33.60390446878724,16.07251534002823,16.151975178283415,22.24309495657268,24.10771511908539,38.71468834698047,34.79213454802884,39.82761197595092,35.394820905204995,49.14112162258012,43.00910028165908,48.18057880493582,49.501795630200775,46.85392279324972,47.40509250545951,42.854663721674285,41.11504576686426,39.6627394638143,45.30506267498184,39.688612324658045,36.48032915401927,39.41547803290976,36.720072212763455,44.8639596498171,42.71782591898856,39.99407106961561,41.28752556282208,39.38310509815605,40.753538213793405,27.03882191236729,27.576400633322027,27.09718966393316,29.14916169063102,34.94117291119219,30.41501487532588,34.554330492701055,35.92098210074222,34.58200292197772,35.27286031921431,34.02235665588803,33.69801708164288,32.89549749538029,19.04545038150802,31.2026397350862,26.538289018737803,47.31094331866166,44.921251064212825,45.0913852624067,41.593881893566845,41.004706126477714,39.50760754716909,41.718547313282194
2006-01-01,23.82424007553162,16.002562415352592,42.246106725732055,45.927889168415696,34.15353980424839,29.05778613923768,39.05729839162808,24.660395598465147,7.891336501360343,12.835802789104816,10.381780777832676,10.896191173334746,14.839213967326376,7.197010772237075,8.589243742089213,14.034998623302096,30.87745162217724,21.67704139719546,18.658109359928734,24.21178268051699,24.47627661888947,32.66091439729046,21.81265372311825,11.784317779908632,13.184821564539314,17.750933675907216,14.026384439913068,19.72871061692964,25.67677886741573,26.61982462712216,22.379507571532585,22.818788470490475,29.06514638905115,9.20791247536046,10.556776122354734,10.44117419394736,10.724795789321924,13.52416343366358,14.891636494641212,19.63193990530232,19.67495054876538,19.279790775278848,16.959344373891724,19.15672558755665,19.13731812908766,14.320496802369318,17.165906906009145,22.40399751275596,16.242729313279124,25.26511697518242,25.053919955775395,24.935582470861185,25.116382434540306,17.576253047788605,28.62474332307746,28.814623346394686,31.13674073775019,20.9118752092031,12.02319466885594,13.30495119344881,11.65574038603331,16.699598954471792,11.087339391333373,14.39882052841896,13.826817321231648,14.418860258497546,9.925649540713753,11.465812023309535,12.38095771873095,12.813788368593862,11.620797826248324,14.992226276522096,22.43810355642963,23.034477886981843,25.54814086403867,15.25367343689624,14.652782712353956,18.45123145823601,18.02333908927792,12.655483651674846,13.950041134912569,16.985170420329005,20.65352258375056,17.93788568357364,14.106732263560584,16.922694684657667,16.461954905432133,16.895922227106855,16.690884876212127,16.66557801630764,12.088668731189273,15.639437359772092,11.851983363721994,11.115429233915938,12.962015468311362,12.436325576253443,10.892785842711552,10.386490222252624,10.132773457509163,7.833014268359827,9.922325776334407,8.98718575604413,10.406210113919094,9.214154511234735,9.731773236007715,10.147498114901149,10.270028957748863,10.100822453093574,18.748249004018056
2006-02-01,27.231871420964687,23.96037868282549,37.73381522466045,44.62473420546548,33.63575667549365,29.68584934862412,31.497738879809305,26.548923167664825,23.356318154217043,26.08482147061893,22.181250993775816,19.38833870047397,20.4957805980379,20.974300001351423,13.979896689868331,16.266485561567407,18.88008042814824,21.150288718600248,13.880233691125012,15.875700242995428,20.985715966619274,20.445819807737085,19.327333756340856,15.879790070525242,19.714304205986423,14.937746492511998,20.382627573369387,19.49403643698731,27.72009091002604,27.10457901423987,23.81960048275119,23.86212536872717,34.15228735489277,16.191806509350084,16.492256494413123,16.230764808981625,16.80344942075829,24.18939678937453,27.44132330950992,27.812756021397878,21.80505877892337,25.948232544553488,17.53110666324716,21.20859866657147,25.18466741070454,21.153760104269438,23.553934892846613,28.834783577154,22.101337716525972,26.37566944355947,29.813464382053223,27.623405293251054,27.768620775418768,23.050077502124054,28.588009140832995,28.039732315609548,27.39988743877309,24.30270315561277,17.15936170056685,15.200574089205428,25.5133382347662,28.605090552633406,17.564238209351615,23.342100646082585,18.341769554737464,22.76197747415842,13.958744341394278,17.98765280162846,14.834397660969431,15.582989197369631,16.698412749274745,17.219626901152775,17.421122551339945,17.12655262858275,15.18575308826675,16.7138533775889,16.237714509014577,16.66214658810674,16.623869410717685,11.445385494661988,16.715328249289406,16.431577176391585,16.297624775691386,15.94355844412348,14.723617020451808,15.489611708685098,25.83992375481843,25.839440059296678,22.22687747460859,20.087077298918743,12.503548741878197,18.605410691214736,12.20601972124824,11.133454568853248,15.396320463683406,15.110628259962713,13.90673172491644,13.7598151847728,13.549347137053148,9.73598922376453,13.041752033687157,9.966981879168276,12.640312191427352,12.86657954234444,13.078395767710472,13.24184474201388,13.08297378026834,12.707635756773277,15.898515503115272
2006-03-01,29.61732574322702,21.80008579192268,34.42277671393602,34.0159348280832,32.15805957859663,29.4087290843751,22.12176170729696,26.584914857641007,23.941813875167465,17.13864907233836,26.06216486290024,29.23559314284137,31.399483574777307,30.896352052465254,44.6595293832935,35.795567471656284,30.049844394575707,28.98769569863549,31.97512501535009,35.86056381900448,32.50798357017764,34.31010138640248,34.19344888721842,28.482184617377964,39.59434676029586,25.06071641251216,32.5782778907401,26.1814553672188,43.18278524284114,43.660002558427855,50.34699706289555,49.52214683098725,29.89030659759818,53.0088668084897,50.28839256979988,50.26909740366109,50.52244377224224,42.23802698539899,41.2388639195981,40.40266685039026,41.47054283071387,41.0378179072561,46.99430701797364,50.039905821992015,53.427322760720735,52.39039974772665,53.47209724592489,59.39385313447865,46.852862171405945,49.52719164037829,65.48870022291541,60.73336613363461,61.06070707813978,48.50669343898943,43.4011214752575,39.623503851405175,44.70863839735495,50.62395941615661,30.87357069553804,28.985792863917368,42.94868470324798,40.44324752365656,41.2256114084095,47.82084247379211,43.19004380768984,47.24295928952466,59.52403942267343,37.19572536273533,48.31056455485417,44.63042605356184,46.87526146017811,45.19381118577663,60.17267133239524,71.11437744965363,69.43813905772967,52.52460572389938,84.09563343791062,75.32505794011165,82.70664073012834,85.97891923730094,53.654622297492416,64.3532359567603,80.16216727446128,71.31406625531942,81.55913114870832,73.65571321240303,37.03600910708106,37.20222253544164,33.63114793895569,35.19555048709833,39.8791199352548,35.61714372822369,30.68432867998541,30.859952225901797,35.167291857721764,35.19270237358879,36.0560220118571,35.70957350988371,35.56030889158977,38.276305038540336,36.28002571409047,43.7533655007311,51.05066548434284,43.50366527692849,48.83214478581014,52.14937767840903,53.24765282266196,53.23276539254925,66.31018482427206
2006-04-01,60.07023592615207,52.886210947767424,62.913561400838994,67.770057343066,58.8237702706568,55.58251683906425,64.24143960812354,54.40639765465088,23.98434941144701,37.75993766674877,35.46364374434906,37.88954870848045,28.78684073069946,24.289842222715848,23.30452298316437,24.479758073184,25.88183832494668,40.42796085800673,54.9067268931674,62.047173586559,32.57741993660824,78.32834624841671,64.6609476361562,82.08135895005361,85.27968575573921,86.05024673881879,70.03394015133881,85.7144389398524,46.52014192870981,47.486781442224576,48.91209093879823,48.14296259733276,67.62772903635465,60.020126142929456,52.0791035082787,52.73160611321609,51.96746684861467,33.42308596152696,35.35962879251534,41.34300209032987,42.43314799657541,42.51209675915709,54.46325266788943,57.69185890297789,46.1385195926081,44.92091529753987,45.82857683753075,47.392121577721376,48.11306812911607,52.70074212273144,54.732556798872245,52.02066559522604,52.39292856360823,48.90345551523068,46.67729615722318,51.74521284746227,50.84864877762102,49.37482263405445,83.0443104438086,83.89460250780394,48.26017656985176,46.350996624172886,66.33428423637659,59.999392673696285,85.28852207122942,62.99987458012679,79.45833282017561,93.72928545008558,121.77160720659748,125.75475061906306,100.24705310004128,138.76588296941537,151.8148416580489,160.39484275846678,133.48567422938194,118.30406284208496,142.31273316914312,119.56563614793345,152.82936261983505,125.34414427235517,141.6697293297353,152.30753190927766,163.54133826070077,153.06838697951977,132.29251052979623,147.56165074952082,30.95099530536817,31.793953983567604,31.41445663642769,36.401611815640685,49.5992696656475,38.25412706918407,33.22247672834679,32.920907278711354,39.993806321972365,41.35102980185844,45.03758675895651,48.251138263041966,51.65676248432889,88.11379288319928,57.423777397238446,90.32502990667082,69.2803273720238,68.01362379526202,73.27476463680968,87.95181111052709,89.90436325379555,90.72833878821604,172.94445718171457
2006-05-01,74.5569484943865,51.065341052283294,63.7779588398051,60.16901789382872,58.09024354673494,56.29569264161013,61.190787269215846,55.71123624298437,41.4247146624428,52.491839813284514,47.46016302635812,50.87019732792948,77.34619321954987,49.43275193777939,68.87455817723156,78.7059122644251,53.11197545142304,54.31965602793387,59.25448933507243,73.90207695029048,61.39696580200984,100.07351095837264,72.88454918877048,56.31466861821316,63.6485029027269,67.03792858235362,60.10947358171648,81.73186747279007,70.83204965172655,68.20527603771822,60.01681835951755,61.27884867703878,58.302721978193176,59.477271832831335,59.781945136420816,59.64176862834973,60.008297360724725,55.04010816495129,53.24141624474397,58.70479109318539,47.660790682851385,57.57155431680236,59.0202696298318,60.62768908470981,71.08055227253277,59.52133644943525,65.61621145770839,71.67914560117784,59.15422118695856,53.39191082957741,58.50173650580082,63.27057579203897,62.489894376569616,59.14274077896151,52.63578961459299,62.774263973985725,79.45278324982823,59.74979478284815,57.94299636313367,61.15101420497045,49.8575059756562,53.38893492935718,50.708474721761874,80.82408566885033,48.69925625426745,77.19651185793356,56.80549327518395,48.53572901325485,34.52165381328256,34.86543545787271,48.57340674521604,38.37104983195051,49.17237029834291,56.22774902354991,60.20384705814421,49.871735504416414,82.18834137310321,67.12047444719221,67.2957042932955,65.25625069792882,29.391198824809788,36.62607414898496,58.232457681613695,44.689629741872224,71.71508330999185,49.68862329504143,51.45184414663599,50.37888543134533,52.22256133393186,47.90470216010501,54.50334516148583,48.70223422497297,49.18830857592865,49.53858674086473,49.74227176898791,49.98254135395305,46.37297026804341,47.1441658601012,47.07583041759429,27.57864095200202,44.6022173389375,33.36561007976597,51.21595856703318,48.2873721866749,48.33508094397183,44.92495069639662,42.616058009214925,40.66368026548919,21.42175698851328
2006-06-01,139.79980379636083,144.17606984135142,110.51856029652286,99.66162300941826,112.88689243589084,115.91796370049671,116.27408003395117,120.75591108884876,88.98743356166094,100.67902235827133,102.56107963600464,102.00434689855358,77.72648886417613,93.47922407775874,84.49803021209904,81.90928424310016,103.65682100033872,105.45404633579848,103.95306660158217,109.46812964741012,73.4946960914557,97.7698370580926,92.94660890407656,77.15650227970119,60.62770410797658,98.40014659529892,79.2651529791466,98.86834332613655,80.81136762535871,76.56229612445156,52.19477670216547,55.06085513981115,89.51937830890043,68.45273020127424,55.82280020066607,56.90412992228199,54.904281792928494,62.5941039938044,66.50225999324746,70.6055870272755,65.26700894750168,68.41798523204953,50.5513828514288,44.418710823311805,57.78384615574685,53.19578131314056,55.95689450062395,53.23133566950739,59.14594886375232,49.3593761145097,45.53756141420286,40.65006415295117,40.70135772190743,57.20453751031441,53.3564655671978,59.29380656367807,62.41516990398716,53.073004098215335,68.73000037686174,81.91588148170987,54.43483265118614,80.10947348565969,78.06659144758217,56.338419611111824,66.15555349715356,57.015351283499164,93.62140193414572,98.0439557066512,49.14925895343215,58.51899506481802,92.012010563623,52.48695234868011,46.37506901181226,47.984146297144825,70.50600407272962,78.59415514909325,54.83360988557787,113.4732489368119,71.32452783405017,26.24830329899101,45.55013705840291,40.55865049509406,39.11584376663696,38.62153658650128,34.54470948686652,37.26287459884692,62.83201955244057,62.41599498394383,67.56622511310607,64.37455343935187,48.380292001209305,61.70427944540285,68.56982772942835,68.33241354353657,63.74743039263543,64.04930657428255,69.90559444046445,70.97212868166814,72.21958350761845,74.22131093972705,73.05445116056566,77.11514407470227,105.29033302573755,104.9137589420515,107.33198421672051,98.18428933954492,95.77734529882872,95.33951355950838,64.52972777586565
2006-07-01,47.41478593967136,17.75181509588293,22.147286575421475,12.234840990562146,19.031907038315275,29.804271479108287,62.41113047891373,41.821748224833705,85.13481159970641,83.89058320821783,71.44844962907037,53.58517126362775,72.5444145921904,89.50286358204636,60.28927321939446,59.58116034022692,19.546034529269253,32.93098279822296,17.931572526209084,26.50179156047968,33.90276531155412,37.48154054952305,25.82359422883563,11.512186811038935,13.39116545203867,16.68630382478095,22.9477850447615,16.04255920767189,34.89024243741053,36.28755780098078,34.58403850773728,34.73685882382714,11.17483596108391,21.524251774567567,27.886669576696303,28.1449300406393,27.564850601100936,26.91205505692704,30.947181304635947,31.362831920166563,26.96326151490257,29.709456232444424,20.91904773266227,18.306425241969706,56.34887752600959,28.78341885744679,43.58268407580683,53.09222737629478,29.040923996420336,31.502962082871736,44.98351714988898,39.30644172772236,39.9171865225278,31.030529332985544,37.337533585080834,32.455916533201574,34.58419697701472,33.169130944558084,12.405895699576591,15.6549398211521,25.663164716440768,40.28468072038355,22.863983702608284,43.49429559191086,20.80393420996826,40.706891429698445,30.72349412848458,20.53357179576441,34.2619735751165,33.945370206847386,24.994786641610872,37.71147083000235,64.79080610926945,58.53595113169777,65.12958190542852,35.47811448527058,84.90935360153884,85.37874265396388,80.85787409881232,80.89507482441138,41.43540941522973,43.06861146527287,51.30739468573059,48.36654644658813,76.05405446267036,55.31509315335744,33.540200500735864,34.101164559320644,25.655173458454502,26.16941477678029,21.47951175170708,25.57546625470337,20.55861599562358,22.11481164203136,24.14564019279309,23.755634097105105,21.57041739947537,20.211623129162305,19.424136129274423,16.38474465416924,18.81084980380428,17.224442437384177,29.38250550110926,24.433442508679235,25.848415120533257,22.82019300530561,23.26178845890102,23.337071033307417,34.589594845609895
2006-08-01,102.74199220119844,68.85220523600343,45.4674015573681,33.351412930543475,45.68026956317935,59.28317398148025,95.24822265141808,75.73929911432855,85.43262957743741,95.6819830565626,84.72202678649069,65.99097981175092,78.46795761220267,80.21549861985672,51.99988127653314,59.93820112528881,24.846052383585945,46.67051462984822,18.78927648103631,46.825279565712925,47.35837934704836,75.2853076385851,49.59974761233124,19.06170848328957,33.04083188601441,30.845695742001432,42.60334764402745,38.51339392735435,50.85843119175184,52.77218533915785,93.22956803066064,87.88567983431179,29.211753968193158,85.94595657736504,103.42744606534286,99.31546223929604,106.1394811505194,69.8956364231749,66.51950371394723,65.62448119506485,82.96452170843651,69.269378435264,92.80944215027364,111.8387522576908,122.71422434275377,153.97380393788825,137.5105681498977,96.32583692088816,92.48532706038894,87.66803807205022,103.22348156224098,90.66263621333476,91.03894348229484,92.92706478773856,87.0228174358042,80.45879595889029,71.91631703675414,93.1855208314564,21.08027841659329,24.66487765841472,59.72283040971522,40.8263662582655,126.21297003206097,102.32726486301996,103.10052639897305,103.59420644668872,76.78551421133781,84.43146596478721,82.38958619356771,73.95476394788355,80.07820222711122,89.77071755578893,129.98440568012523,112.74563990080752,147.20280197410293,92.74582294722626,92.87905824929422,160.69631188084355,116.72498433676776,152.57412066775714,101.84142662614656,100.99221379588906,96.28555142938842,102.34818013818264,104.07489451781984,105.8059085137508,77.98079415241344,78.35147829965128,87.74148495494322,87.34278136057158,76.82380727954875,84.74312930409943,92.99271886282142,92.64523969340912,84.414521248564,85.11448077811205,78.6085797361943,82.06836095506803,80.89106071443469,89.22294752555264,79.02428259397946,55.11088975409998,99.97476511104088,112.2866756647724,106.43084079860688,102.04933287206336,98.65993081362954,94.21863954969764,101.13020274545062
2006-09-01,49.165627189265,35.89229754177926,49.98839980197717,51.5740448318446,43.95819583434222,46.4284793409528,69.32025091454952,50.56134340947195,80.49394823960682,90.16523826123316,77.3036182415001,60.91795332563129,86.24262646276257,83.1195731996952,73.22188339963905,89.24147328609799,40.63851175869656,51.77780408508972,66.26547333275322,81.27711077739406,54.794133940436815,87.52159398614971,67.64870521631005,64.32146207221739,58.5815404770337,67.11845255296514,51.53285127548891,64.20905450218225,39.48854029709272,43.50664291406978,79.03769788051788,74.75985551933553,47.72479723187208,170.18135454034024,153.1155478754452,152.81080391742583,152.5310109817337,48.3464433096692,44.34836305135834,39.34245738579079,55.03047205335312,46.49139813792096,97.74366619305104,97.00326649230736,98.88795949231212,130.5432800472039,111.87262850455456,84.46694924812591,93.69727993397804,66.52344916703325,77.27140074288427,68.02439157522682,68.03315671248181,90.75268664094015,54.56956125567334,46.22005995366856,48.469380434649175,82.01564826461504,64.34040098601189,62.7231206678952,49.41268507936945,40.96009091375297,142.2601534069914,81.9161684150612,138.767161043985,87.13679372397216,156.38859321589544,133.50540817604065,84.97120525953852,83.1975927292521,126.385897644578,70.15195179322946,70.71596080214529,83.91231813376093,108.57431795742654,110.89329608557232,156.47818139263163,159.46713352199296,163.8780145240551,144.21943371800083,69.38265981566312,84.82338359392092,108.6403073964995,99.7028185438194,145.4780514880669,109.9536837794558,48.13338362011093,48.04036630547493,58.13088695003736,68.14709108241144,118.97376641802434,77.2054287944634,103.88125298727606,97.79632440918748,86.56802822664449,86.57142495318519,81.9821053207475,81.91007131059675,83.89936797786208,90.35775024419624,86.75435213508449,119.64327991792084,140.40173774102234,122.37150200274128,126.3550635942219,125.97610522188592,125.42215798653164,126.01002769965528,66.15518202023428
2006-10-01,43.46550302127439,36.05850011068177,45.499057369167744,46.939738913850086,41.39511337758115,40.54874669574049,47.33231407281468,41.27246160090011,52.6282221082139,53.317062403995486,47.66002250386207,40.91290305123243,46.46908901498286,54.85691603546629,34.16240419573336,34.135104025722825,22.20693768151432,34.114738713099754,32.282643602875105,40.13860893252518,39.94356688283423,49.826931102097504,34.677937435259025,26.02875610858561,24.51361293494885,23.32500534603196,25.39709921115288,23.49687769403341,40.57910090638772,42.29879767842093,44.4072314310726,44.49770476816199,41.86361241732177,24.248758828701654,29.052134666457764,28.6789626065616,29.504707114730856,33.01353713230408,34.595434080417924,38.87824307353997,52.75847725975116,41.0890536297243,42.73270523127157,40.22317963038572,32.35714652595752,30.818918088137774,31.73680004358492,37.424446975228655,36.84881148120349,47.929383533113935,43.90068910071884,49.30342595893635,49.20767376077296,37.98411471015452,49.003232975496815,46.19969560465323,49.03292741007366,41.90640703147067,25.15615244231894,23.045959956867407,26.8398456151032,31.530945071721213,23.18251083766885,35.100653404793334,28.45615788400266,34.284063927456,23.055096296805644,30.715716909531235,18.008625779781035,20.488115113863884,25.35217644833744,24.464321453997687,25.68889958931443,24.07627896057709,22.47136382323551,25.03564165489443,21.685956153122056,21.352035006567775,24.718933467333915,44.71064336860424,16.20344461432904,16.520191930732206,18.50181940977952,17.74866869597621,21.41425494580804,19.243476302352512,39.59159779488196,40.78481072256451,46.02942391641926,44.73007537991277,39.28862135127818,43.29343810218905,36.35393920161975,33.404511009750394,36.695491666173474,35.400660107667704,28.664967030782893,26.80166253201804,25.19517348573141,8.707903540817407,22.888040438340475,7.806430691321611,21.189991613386752,21.009683267709143,21.669106924729068,20.719592315057163,19.169003697469236,17.401515232065204,13.50131621704376
2006-11-01,37.78818904766528,25.543842556361664,55.6083587163734,59.48678925168904,43.97724690749876,42.52655052190518,69.74507909117087,43.2162817037306,34.28219801310884,30.929500698352616,31.73507056167364,31.33680744462395,44.49472261891065,37.72887257096568,42.598984867174416,46.13476624747493,30.14462837488568,36.26186795963478,32.949933308249626,46.88680411397512,36.8106426674243,67.18224756285507,42.605147483860655,25.80142358972785,30.479859207331703,40.14863172713126,30.450123858269823,42.62510844871648,24.7441500513734,26.26667750324558,20.562520768487023,21.622564086680693,35.846823292910656,10.777721095872543,11.204174211285896,10.972462638938593,11.412505552752762,12.852527117170649,15.825972419389636,19.57722504484011,17.483271223707415,18.85031766947658,14.820352868205998,17.270330211431077,21.04389033700277,15.252094649970909,18.31527742753795,22.145046835189348,15.99378764493938,22.94602645758049,22.358352184535143,28.20416111115255,27.845801817591795,17.00873489826579,23.809377806943488,22.53798584967435,25.867959786939377,19.804621006177275,25.655624745700187,33.414635770512284,15.495761837796906,24.872537362391068,16.175627101305896,26.26502076401705,18.645119272825347,25.71032722538405,12.119776568256745,13.194126155309528,18.15159258021838,16.41648278422079,13.275046006351657,21.633182490571524,37.20124888875435,39.46616355507204,43.91903530118378,21.45658251418693,41.743874402490725,43.92779120603858,43.29364628134898,45.94535672826551,29.667251564714693,31.26523023098898,36.07787114337981,32.77342174015506,38.58861091148787,34.05397070493185,14.346419535859724,14.810102367651744,15.046783918173157,13.27909539377115,11.569322280730535,12.779628599388271,8.69465766841983,8.570883795613327,11.395977968481189,11.478443557106177,11.353245748135205,11.701337260194377,11.94228876362246,12.35033414417286,12.407858292676272,18.056223350626645,12.9275094611424,13.786997394223183,13.460529943379331,14.304038113091428,14.812517275756177,15.386982073888497,38.30638784607044
2006-12-01,14.562197290707186,10.79548449735512,23.76515490810824,27.051489727334552,20.170558563489724,18.018012344889232,25.33275151573261,16.36584545186823,14.484296617666216,12.607861475004562,12.05096934650618,11.062742257925718,19.788079479897974,16.801366290829076,19.552916431956284,19.33899632759864,20.75381521350673,16.048390409251667,19.439426383479876,20.39489705815744,31.20400900999236,20.52145178104845,23.567189498357973,18.2080813917257,21.798939431095864,23.76558172430289,25.778071048939577,26.11169338493556,32.82078539949835,33.24076201402084,29.983439326917413,30.41048098094967,20.343146722030852,29.144566039889384,29.40385359670027,29.43362340584653,29.379989026036625,28.84483383012561,30.760860692005345,30.587707590750256,27.980353451094658,30.096759721366613,29.631684300874934,29.990496198076904,30.68922148576101,30.082226747401425,30.47100153500878,31.231165085567905,29.82840216682556,29.875654933974182,31.0240351385227,29.674768134811217,29.73113534638221,29.91726789591469,30.37591699642521,30.3777313941352,31.1616614961461,29.88711150128269,18.98168196634319,21.304027720132968,29.9029860396354,32.42305607922914,25.209194044509204,30.72407653400393,30.72213521583451,30.84721067199439,30.315974761565847,31.504674385904742,47.17851550775138,46.02625330049848,35.084522284274755,51.857688662952896,58.208396529372,58.66732973373976,60.03093318818421,43.50766803339701,58.711464881137545,55.70093878324394,58.60507558909509,67.39692548032922,52.00919481958882,54.7106448147097,59.36265087346417,56.8984886445489,59.30962308254452,57.76937229968733,29.7434950061542,29.65966442195102,26.963758869821604,27.328247472976088,27.65045216769346,27.248798320699265,25.52436672894739,25.562589892813463,27.148316942437106,27.284526297866712,26.22537032488271,26.617129037974987,27.78692118980532,49.56022395977014,31.97695745948397,61.30793205590753,29.688185340686537,30.310814759583348,30.49331896106736,34.96510097385545,37.34271973575648,40.80603834566796,53.92882308713234
2007-01-01,15.510045818161975,10.854738121093847,24.528233792388733,28.204328507424147,20.25887259870001,18.56660116283315,31.123576981101685,17.672384696591696,16.296294699993354,15.8477034752313,13.66261912873213,11.268215613006625,22.83382593826753,16.283314095037774,13.641437026462368,20.280749982206984,10.05274342305543,13.959061136270222,14.99947587077334,19.11991291362461,11.097647337200154,20.372042145949475,16.078633674594542,11.572338029873476,12.179824863243384,15.949707942995454,12.585496907068467,16.418077508698612,9.640906121802036,9.997068326158454,9.992487793142509,10.06715267082352,20.59818520726492,10.106730091323987,9.557818750212986,9.730513456913412,9.391738834783627,17.361823973509118,16.056343941600698,12.246035411958523,10.004757965986569,11.499359120970167,6.996238056572972,6.548187885424655,8.22319537133149,7.654126863543914,7.929894293816831,9.149598023431082,9.7957170857082,8.699066235938924,8.728252774299422,11.688910049132698,11.49320711572276,9.596815138120418,10.803544719964746,9.390466078575049,8.87522491013122,9.962166703269322,11.537598348165282,13.040488572453365,16.42328394882168,10.391178597629194,9.077846059950405,8.747761631500797,8.918430490121649,8.770506347684226,12.197373833492811,9.66947713917004,18.10917775305465,16.683855263528333,12.065710711174182,16.994616454384502,19.460932744293327,21.77195348482688,23.238737968694284,15.102809062525568,25.71850046609762,25.464547468468403,25.581263404882016,24.877066787714888,20.09405122975957,21.713188420873745,23.884487475347708,22.68937178944397,25.323942493860777,23.2360745879534,15.599728015436805,15.218144542581667,12.300151712238042,11.925276412702589,8.094927825346012,11.348533852709272,9.716635787376743,9.678807118608937,11.242350267464262,11.399455763851018,10.853580423965786,10.917905207992376,10.99151187577414,11.716891077752113,11.361012051475544,15.223589358749898,13.031952789482176,13.38893819793328,13.282226220909855,13.77141931853837,14.147798295148418,14.426336918971089,22.47072985693038
2007-02-01,37.81102781790443,32.48167308358331,43.5145654669661,48.73712776599445,39.01234180454166,35.21085642662636,38.48295921759527,32.429014105343896,27.635365699297083,32.30415695337564,29.295234899162647,26.57256642097315,27.242493389916763,27.911172565234786,22.483310909326253,23.34021142274912,25.40544795614874,28.9064496885692,28.2737490029048,23.891924050356383,33.202632083511425,20.622563889557192,25.36117757320092,29.527029660770005,25.88817100436207,26.178775375488645,25.99296074451847,29.463098545427066,28.516075806116916,29.48211552591208,31.007525708824588,30.866332296799957,40.1510233741737,42.28296567035205,39.11408406213511,39.907532829173846,38.48291745241687,28.67945585412371,27.99661841770797,29.28962741155677,36.16102108377806,30.992597373735688,35.08961144111223,30.332463412443914,27.02102686084738,28.84198119129155,27.57339027651905,26.9265662257842,32.96002117353883,30.801885920602928,26.578788539045444,31.45720308823417,31.05947349685028,32.12423751224422,31.31112397067107,31.639056867015377,30.923744819918312,31.263206251704144,29.34505182048282,26.12508498903973,26.5205530602184,25.84150955236425,42.03764481960221,35.668021620266344,46.10524280453475,36.99438942017697,51.18165592270133,40.85758886874875,46.17760408341133,43.93145290558039,43.91791648129362,44.25660379263315,52.34280727864767,58.920370659890594,58.87493557090168,47.63637725509677,75.59980462658767,61.10879734934608,75.03528712529022,69.94470715049562,48.11931854342815,52.66313090685752,63.651826909015305,56.89157693759976,71.1399734290698,60.12627901976243,29.91819012476278,30.336945707050106,33.7286293313952,36.57345459673324,43.90443657250739,38.50595079607116,49.93885891554911,51.34677946246459,44.204288849883866,44.81573014269703,45.77095095876406,46.65237494195554,47.33754780910955,58.57502622084253,48.808269605340605,52.24561929901888,52.544015949124734,52.22620980447956,51.0411461001625,50.42659314993203,50.16575205910446,50.41493335891556,49.69782491376642
2007-03-01,40.14593456919503,25.459128325873863,36.32029574329428,32.92982072399748,30.947201583517515,32.078667294239374,60.302797461973,35.006143884473175,15.37876133319305,24.65682735198003,19.261539822336047,16.234019693371557,24.501553485257247,14.79702864075209,12.917420073966916,19.72483203432099,38.622640963226914,23.66487345048344,39.844062888301536,35.99396114217892,50.14857794207521,34.09823647474013,42.08361972159482,40.79822072445416,43.99401144154668,41.70108671437463,46.53911985525293,49.012628687580886,57.33299393665334,59.06524584956306,65.41217707976261,64.115464020023,22.98308876853916,86.09130685952356,81.57696502078404,82.18342111959348,81.12791261503658,36.50725819511864,45.68352684849146,54.63736153093927,65.07419758951563,57.0448008708717,66.41672901537838,66.02765703156288,71.3890182923856,75.41750317490266,73.3458872029429,68.04599528751369,67.55298525491247,68.1416384831222,68.67525901108037,60.2717595053862,60.91694164361232,67.689320389926,73.1630099086493,70.64574190786438,66.65162784219555,66.57602976179963,40.360481672588136,41.99566639257447,39.13643233515697,46.42191515752037,84.66650304307774,72.35835798635674,85.7843289517913,73.77089303767094,95.62408651460336,88.61366060931282,96.73256204795268,91.99305474335073,90.63395885906704,88.00819196222687,91.0320250659132,90.2497029157097,92.0272821437238,90.40594397706872,84.18363356384828,86.5612311109937,80.54478838228324,85.90139218864255,94.10295299050377,92.99107908545597,93.44710086687336,93.89861065710446,93.8858797728942,93.96596517462636,48.02413900684917,49.92570007324678,56.1104596005684,60.751647142554425,75.45414754117836,64.15767127415047,79.15090077486238,81.65815408710004,72.94243075323773,73.86530544825033,75.50681502423943,77.64938753801265,79.34815649092317,80.33610810672866,80.3660580184131,104.443253073183,93.10679262623856,91.71941076594136,94.50165649944516,101.07452726308304,102.72512888280328,104.47224402099177,101.61269106219186
2007-04-01,80.43580620885716,77.90851100804645,74.46354708304222,70.9644092584814,77.77677190124875,83.52712318487279,78.98613260300246,89.07374470555102,74.79521446479117,78.56567376416265,81.39228959668348,82.31657619324905,53.41104814981302,73.85315603577516,52.880178047712135,44.27968429879833,64.47870799060819,70.15449558342026,27.376445061816145,22.8219412351818,13.471226546122365,16.732743872036142,21.469488080764016,29.139032148667063,32.98919729767596,20.911297218106167,23.864088281193208,21.954793818229515,23.17653501292746,20.11399971857008,47.46327105114659,44.04757556681383,66.46482428325297,82.08905750083397,70.56236272618632,71.47169075657914,69.63883387281221,30.065795544473875,26.566186474261,30.341501563378326,35.167620136855255,32.15427845673849,43.29014163263926,42.05126163419466,66.88862833163725,63.491724079005294,65.2149676710769,64.13334036823125,48.21274003299291,35.96143152372056,52.7478310238373,57.05365458975208,56.15193202704159,48.07618289165321,35.70503882842652,40.6989207107974,42.45359153525827,48.48206396652575,30.304770251919265,24.15505615922753,24.989805551164544,26.08955374974874,74.37154535390022,75.57821933828097,67.04201611403654,74.22716689315601,95.08945038506704,74.62270172082503,70.98347217252947,69.82404008801521,78.21315406944987,51.35306046402648,41.6573577509273,47.91964801266992,41.04616640047176,66.11262972777342,75.2256675920545,46.3786714329751,64.89204236888287,99.9764383289897,50.323714390955054,57.77375750678304,65.01183736714769,64.60632902791988,83.11287427765903,70.03308183616426,31.35299596369121,31.48218880172974,36.3903747788401,38.12828207441618,45.93218156728015,39.89873968443664,52.22532048254016,53.77165444409567,49.11563894837948,51.02340111222972,54.327135274642885,57.74877039492278,61.7247887124252,103.02661311353216,68.8539096711184,101.39010961423176,100.79255941857072,98.09565972597252,96.84300380808232,91.91720272999792,90.48101997918344,90.52419405752296,56.196074976083054
2007-05-01,109.8104017801779,104.90395314934445,99.687995408816,91.81207569987964,96.30153342467293,94.8702087833813,89.82526662854076,96.78102340182032,106.15508177020602,105.94657808730985,107.94286317602152,102.33649175005613,75.31220551082023,104.13013221292051,67.19397763406432,64.24822065326086,68.0400962330177,84.83433712581399,113.8741142422931,93.10816396587715,101.67985472695185,85.76832160091992,111.12096629274826,151.87024823763485,130.45591276278128,124.1858325232728,141.64516540553743,110.36488099690884,152.84676942852428,143.09593039882017,127.94069710184984,129.54506650225176,79.67315439990378,88.48289955171849,84.7836695863942,84.67273197696885,84.11328253275187,203.0240785122308,196.8993231260014,183.19632752167672,133.016218039217,169.2732192249282,102.0422656125398,103.07565745560014,74.37341412176886,74.75265142644236,73.58125909975394,75.37397068170495,123.09497945220843,143.0686604694193,96.38930916485867,101.60983797608748,102.59154130536648,121.36347373824648,180.7474506132889,162.4523278312031,155.5700048965186,123.92129403333568,145.68241975850495,141.5526908457578,196.88811853929263,146.55134415523108,85.18342863288683,70.24365811242593,95.47138090901336,72.77740479351849,68.90175988187981,97.01243117584926,105.47704224582348,99.77983427463164,89.24150468631407,99.5099591307259,95.95072683099252,100.07135831892022,106.00302422597316,94.0239717473068,105.25287552233358,98.17897887171004,104.873396786385,105.20533455880972,103.82059483437368,108.95572605098788,111.20169848978084,113.10065922770004,112.7945584384727,113.93107596953712,193.7961661027559,190.7542530510178,167.94182980204883,156.63035151925962,105.13351553433718,147.4169061035798,134.12889864944782,136.49465109594055,133.12844740532276,129.73835100826722,133.75377486129167,131.7033774027054,131.35947792280228,123.2683393180356,130.84574031548746,158.40046889582604,76.27948840378109,79.57800170804848,82.5230585153594,99.30855007117152,107.1592002299693,119.62584553173193,107.2238355120816
2007-06-01,86.28628755123538,70.7141871203821,52.37624620811931,44.4418122395321,51.66395187145228,79.59607290009197,126.00853281106616,108.03323914242486,128.7528295701312,123.81475417525408,126.96956403809912,114.41233161968032,116.45889696220716,123.74424132361936,115.8542334875786,117.01616677269732,87.2241000335745,94.59977187545428,69.2078306117339,85.71366453596742,163.74255045371947,113.6974899806822,105.5031356670509,49.77106666992201,84.76621857019157,67.80489709100863,104.1230822765595,101.31713655152204,153.6568335979257,167.6568611050394,138.08232171416503,143.62603843379253,35.813455960183646,110.46513225370178,134.64975096980243,134.188749455801,134.67209037830895,168.59042531522448,148.59729268992186,140.810503272205,165.1190106467247,142.6002881966193,126.03010318164188,108.41094279049608,100.54713131066684,125.32604551089426,111.96239733777728,109.79588340504682,134.85799605886865,134.35922531258885,119.71912424976604,132.83439914634826,132.72263569222375,133.03794256553292,146.76325328850396,151.48652434742846,165.56678506926204,135.60554645197615,56.91981206028012,61.23854076211287,166.0692146145526,157.08389611916792,73.66322165397422,75.2844564758631,60.41066138979719,73.40051598229655,83.487944123745,58.76735726667203,61.43760304382084,62.47367287350119,72.1416632659124,53.705495304679744,48.00489297455627,43.17991569802376,48.78439015829302,63.032591278597806,43.90691170386509,76.68584824334867,51.177481891174565,63.0247704853136,43.15977688728856,38.21468566534332,31.880803360310782,36.68812291049333,36.9959829256239,37.40838756254673,160.97237464814268,161.37380128898636,177.7647807398975,168.50405069581902,155.69656463887958,168.90431190549938,185.76728809770717,178.2255625042146,163.37400649212682,159.0362130362618,141.49407016836807,133.9272935137527,128.853575028335,82.29708889198892,124.09213853710936,109.7655068295101,86.67780160937815,83.02565602365819,82.00946675308509,79.94330954374877,80.02461748002044,83.14834303642562,35.475861117704696
2007-07-01,38.44950593647287,20.05515489801037,16.12072333722711,7.810476567431078,15.191632991169156,23.49013681251458,42.70469591811442,32.25957543973661,52.4426017950458,53.0846071470192,44.74450362847327,37.57805173873926,45.14653179961645,54.98915740503076,28.74209954990485,35.937006978332384,17.516948251884287,24.867564064756543,23.23319066743164,37.88810943895778,82.99797425093949,44.59898187442121,45.92341493853111,22.408655756165786,20.988281265499356,37.47262929008859,39.855588347628,54.36918617396318,108.50637568873844,115.74236025985036,64.98840315650305,69.28121913787308,6.7835298289201615,19.921089304634958,28.50384760552905,27.392323107646057,29.774469138883248,50.281822282913474,63.2486225739154,76.75339307614365,60.894764658133184,72.59975092744237,54.21313567472848,58.90449417115922,72.38766292594956,56.52194871147571,65.99597590286437,70.2655084757955,56.01995821985928,64.46016716175566,65.41957792487703,69.42017586250238,69.2812171276035,57.39478287518447,78.63655921832955,94.23730844158835,108.22924609927416,62.69215723052477,20.744520553343328,28.43408683257651,37.87502760349172,56.885337808154986,38.84178738107675,61.37474728812663,34.68859985432128,58.726195465197954,20.557419524381803,20.17781951791804,27.52869149365938,31.22579126736602,22.663675915807243,33.19793120818328,43.01518993760165,50.76245276317108,61.57469021924171,32.10687051196837,84.73447729375943,83.11186182951913,87.80021770838793,62.95938214891575,24.6448859738924,37.38808148754409,60.50798296148421,48.079415057959736,72.26799685993836,52.83449873722432,55.58546698416897,57.3051452013718,45.68880292258459,45.66084348623969,28.379176597102315,40.9723760462388,15.940547254437789,14.401560533666522,30.36930268957603,29.137351027148824,23.585815269330663,21.60010554183466,20.72178343946367,17.011944107322513,20.0611948716434,16.516080454017143,29.513947799545708,18.74208635248675,17.091636104148137,14.325433982722384,13.860300025359336,13.430477436775288,26.145511237833645
2007-08-01,73.22690799407046,52.50728487056074,28.49607917400605,17.693828865960153,29.850325017732352,48.89366350158055,90.67833162266965,67.96961528389451,84.91133419854269,91.97184334180686,76.00426311319194,64.33505081330402,73.49228809514311,80.15477605902728,55.97604723993177,67.20601480041339,28.563440246953363,49.91019757241728,32.153490077560434,47.94344707889381,54.00813416055441,68.24510260083483,52.805527231174274,40.50701453993716,56.64642208544027,45.20248744187519,50.66824957928819,54.55609749463273,68.88249402143104,74.35649790629898,70.15983649116887,70.07103097537748,19.087708985952744,82.37900584985368,70.78119318277562,72.59572288115415,69.950332136607,76.59628313350302,73.71326235130368,72.24854147347668,71.29336970132765,72.71536791532209,68.21567071056869,67.62946578041107,93.39167554241988,71.72056625622244,84.8542242336975,109.74811128858808,72.09484326130128,48.91919308493168,91.89920088905174,71.80531947940486,72.00233393979597,72.68077696653818,55.24546888120531,70.54677617369737,72.21461032744588,70.86361155934945,44.92594028342099,49.12734023980903,56.937201688423286,51.55169115898028,95.1327255427283,82.59319248168089,129.43751555704773,88.50709488023415,82.93613804004839,131.998312945224,146.24977149593082,151.746711775759,119.70120260792974,178.6958929659592,238.92131569095187,243.22048330895169,289.8924603659636,163.36709786399928,242.25682705828095,279.65686928821145,271.7487631379893,214.4217457726399,171.49568992124563,207.70042806465943,245.5558800761263,229.17925702728405,257.0604948020623,235.7908326306445,74.94082234471325,74.06368238680027,73.29622803223457,83.03084004582657,82.54819547257904,82.68530315407557,81.90054729669559,78.50901519086715,76.85163541707016,77.0528030926449,85.54920138185018,89.66872606097199,92.89319241682183,112.23261591220964,95.3870064356532,111.86192120226129,85.01036345164054,103.37232709737548,110.97875944899182,120.29089463830576,119.1565718442946,120.26178520694616,218.9401330123716
2007-09-01,73.32526260977401,55.540272399115125,67.1533504118418,67.58660247330559,59.803501711870055,60.16509707516031,83.52345017883113,62.73253638016738,46.57268135864018,70.79788872920243,55.76164314607883,45.328087037814655,50.25229675210444,42.20609452265906,33.260689240844584,39.780569652806975,54.93026298417239,47.14906253511064,32.6389631297377,34.62465753882538,28.26332582372632,44.95448065121694,33.76510318862149,27.283749141166904,26.720131968683305,24.19196350338112,27.29667065265555,33.24083477294815,29.15541317657244,29.39899607715021,70.833844091413,65.21046676566635,61.99388962106607,95.91221612701432,99.03624122064208,96.40560602418424,100.56659909017718,37.17300588600946,42.47344569802761,40.01300490566429,86.72846363599048,48.53092506298098,77.37210217111613,92.30380802948034,109.29370255309524,118.37796233604436,112.19438215204843,100.30653945815124,75.32715949734514,66.90128821706625,87.21049696178528,92.86252027946156,91.75642590286816,76.00615390260809,46.83845241369914,33.565010016839224,27.302190089122902,74.29193982591573,26.716623847237734,23.65539656173033,37.99858215610532,30.196769073346164,142.59501398755833,136.48825709142088,154.58390528347806,138.70902159400288,67.84560656340932,138.25063435366894,84.30122420442798,87.9824330089072,108.14731641266177,88.82095350296609,71.68410055821556,64.12223610495333,66.29694639141641,95.29802745785923,67.6504223671734,66.99393098868977,64.77029493729108,58.57038840675949,87.11277069960971,78.23932011218011,64.49855044165832,74.85673519555215,68.95990219919888,73.78783485053002,49.52540487591912,51.52791608294476,66.71159258543315,68.62373904860596,48.333335705540414,65.4478898091206,65.09002765270192,68.72505091066196,69.31680547343088,68.65689353194979,61.27306025779241,61.51071809775563,63.50349697588816,47.35429593362216,62.02553616376276,74.49415807863703,58.46381062642621,60.18139883318662,63.32767055236907,73.79970641284741,76.28086421666697,78.7489903258078,71.54776386459046
2007-10-01,30.654296715084104,16.65877170957333,34.69365510091082,33.197504101232866,28.4289875294508,24.05891327888044,32.22889399696082,20.98766571273048,15.696131134913864,18.002138122703993,15.527246297481083,12.54648627283296,20.7903094824139,12.807753149425825,11.559055004723737,16.93150570136092,27.40454830370509,18.287632613670684,33.47178831735512,29.245386939751388,36.75093044065777,29.14937114084531,28.769175749901176,40.297004343025215,25.90464152680742,33.68838278954997,26.03154114112624,30.033003819938887,38.2665407386129,42.570125560542685,69.96982745062984,67.29938482529317,27.767542487986,79.17422890616726,69.43635784392781,69.54300769909115,69.09293883871914,12.130145658508017,15.537803374329208,26.55970578831988,36.7909478309185,29.609506206263006,50.03137088216896,55.85402389823725,82.90466222467008,73.31873064319281,78.34546087133971,90.51724244875932,50.305926044685854,54.25453432145523,88.19121319339189,110.5921298719163,109.06990729624631,54.03254705394722,56.98789075150245,54.50677932676166,58.453139301636895,66.617208781166,37.363396125539154,33.698208826234016,11.591372246729051,19.43420543710252,97.28813070216648,109.67655789209806,96.53421634853925,109.14309139882302,77.11703387828871,92.29545495204822,88.55830885840336,85.50943461798965,86.89178785702094,86.34621263961377,77.63759946564933,82.78588186172347,88.61625667899722,85.98549973861033,106.72503778926912,146.04946497389503,112.1614506505568,142.98495127560184,84.6245135484136,86.32956705717085,90.60275806123484,89.65573135539611,105.24231918231862,93.51736832032007,16.939375987656874,18.555886312804,24.751865603191884,29.15196129368696,39.9979892513163,31.30991773447571,43.18003341802256,44.18850577866216,38.83561932907262,39.96327055955137,45.13714340815682,47.84372039533257,50.52243738844504,75.05181853547312,55.61295062114775,98.27135813372207,62.08024088929207,59.50335461142784,62.91235721087488,68.47409308244889,71.28652248977762,76.54365193807293,84.25791972947972
2007-11-01,15.996629680671647,11.306529880358688,24.416268043913465,26.72869335913287,19.606347106956704,19.42334591691408,34.346752040036975,20.00996722161087,15.805047125244768,15.072965380358005,12.050215394375954,11.068257618538611,23.61999387110849,16.481278527645888,16.01503400627795,25.6532332889708,16.453309638586873,15.330281833571194,24.370082907080803,24.6111574789053,18.335301573367797,27.17105292347321,22.27435380110225,20.61562009149881,18.04106553028201,24.70971975473998,18.71911902084377,21.42519942452318,17.523363934046728,18.412100084678716,14.925668066294664,15.50625746426786,17.972202092289184,5.935681010049394,7.962868566064987,7.78177552316793,8.064673134968832,14.862271645295886,13.449666945803212,14.723592107105327,11.439023069687869,13.844351526125926,9.627483023270578,10.335285640773185,16.54955315026123,11.172372335252051,14.081881134239833,19.91744088037966,11.51820433860037,14.39609172675219,18.874335012382645,19.70293314145869,19.67957289048823,12.38719686579352,17.250517924939835,17.547596101193164,16.53790253190714,14.288208451475334,19.535935107422784,21.64732907652425,13.83624792476528,15.916557067360612,8.719634874594181,17.346671646767316,7.5296506399595,16.324187298326148,3.9014389611316527,5.19660730626396,2.969069270052357,3.1160437917753634,4.442366218595114,3.194374084042537,3.384768228909912,3.6930470936715776,4.974321502260861,4.259200127653552,4.233759467371543,5.332026580353388,4.445711230305556,5.1804390076399045,3.5421629949739226,3.435632044910447,3.469309238809501,3.5724837583202027,4.226823767104276,3.7412985052409247,12.708329085379969,12.69887380519739,13.087769770982607,12.41110887642266,8.95452233687761,11.753334117429368,9.379247010631302,8.033452169661473,9.3864428736732,8.957001610418848,7.226812034645815,6.607411396512526,6.09300278057593,2.080865974845313,5.531166795010382,2.203075795324797,4.070661668276646,3.578804405124639,3.421003884254564,2.917702212371915,2.8237817360182573,2.7197308459441025,2.870511312303984
2007-12-01,23.579442956839543,16.396464289313474,36.98660772131999,39.49232849392111,29.741347598130535,25.512748834278597,39.9069131100097,22.79819234771857,16.19355993456652,17.69316844090438,15.56628276760956,13.532414377560675,24.62187903012026,17.765529216633716,21.10107488061817,22.09372321644906,14.711001476257222,18.043154746591934,14.65503708855679,19.832623010991675,25.08092069576697,24.46203764349627,19.321708536989757,9.492021397507454,11.215564500525952,15.075111237717842,15.555948343872346,18.880006576116237,28.392692438092663,29.0372712361344,33.19462657226761,32.751702308689644,24.708386293681784,37.1271348783949,36.60346566113727,36.40154982571154,36.604657099968506,13.519488407611853,18.78650433438643,24.578428256844987,25.25477486996388,24.82449302320205,29.1809490877197,32.6755400554623,44.35168057421889,40.23518405464152,42.35446592444261,42.68924397858247,30.982535782574026,32.17621639213182,39.58706343107322,38.41080892100853,38.4000052245088,31.978549203191477,32.030604687889834,31.09141409808921,31.048130952667027,33.253943444534464,9.61642338364758,11.946637073518865,13.540128188496926,21.693363705824684,41.164636197696176,46.53652200654432,40.087192215052845,45.966370355529904,33.97605414133305,35.99006481742115,37.50085739573441,37.15573108898543,35.9231424591696,41.69755017333362,47.56398190927903,47.9319285609121,51.96560183516517,40.219831905322536,52.8453989194025,54.91332125536085,50.509261943351554,60.79286945277887,43.5509862969457,46.1180779299737,49.59806708031818,47.87041272846064,53.250819534401806,49.19553622995922,17.980307780489216,18.808393453086637,18.310149772389657,19.423378133832077,23.85279415836552,20.18268354167127,20.55704730052321,20.986580269272974,22.274663900341068,22.800251945342183,22.067800805831972,22.787323307404534,23.399544124713614,29.261665988668742,24.80453358554793,37.15049637029512,33.21076263075116,31.86348987565149,31.778063199100025,32.08401709843469,32.72140760985947,33.67721647351926,50.03445004647251
2008-01-01,25.6879610346084,16.34245696515447,43.41061571704594,50.03027634884522,33.73955939080476,26.86054931122188,34.283682850878094,21.75116289594076,20.9540232892118,21.8832235955271,18.485823577575903,15.834268163421996,23.736185333373395,21.77754055494504,18.189513804385182,20.363183334847463,17.112829084850198,21.26871168185821,13.01979593708272,15.472551947061376,7.5215329338999135,14.08009303224591,10.963780278406093,7.677669652473588,7.477339782629794,6.5272844241425245,7.104217002636339,5.825927737133887,6.643139021889835,6.685877915658938,6.616364668314553,6.724770729551485,35.59830167734902,5.016954035409854,5.2382283317951845,5.225481724259185,5.248166307451378,9.913253148064626,9.016690701199,7.4578852542989855,7.185045765522227,7.35531346231153,6.674372894532437,6.151179961599164,5.369521950080676,5.071053072868708,5.2420894489747525,6.29878406750133,6.367875984046351,5.901887836674781,6.867754951692343,7.193250253137967,7.14576404575739,6.336512200739842,5.881990762131248,6.230395542291007,6.421155107169946,6.516208572625742,7.47743385595679,7.036967249985414,10.069224150639156,6.538096677523492,3.943557131562443,5.228408688203754,5.148105300854635,5.240407452262015,5.173865262215328,5.129495920229855,11.014402692380738,10.640606112239665,6.4998792069849305,13.510596354691192,16.381343425141836,18.59888347460605,20.011443962057797,10.444543351377288,23.50156569406996,25.024133155782728,24.06221927178448,26.36806303957788,15.049120018793628,17.022540010275996,20.252024551333854,18.628393845298472,23.40597525218749,19.750848726031204,9.214927502634907,9.021567051120297,8.453511755557845,7.776450967642273,6.235107023004531,7.387787160922127,5.652987020755978,5.052831030263726,6.275796833262994,6.185823484322714,5.809296205295977,5.774068783622318,5.895672034923508,10.154744013537956,6.642927003481061,11.521292073456156,4.941559626047546,5.14788512671648,5.265161451533108,6.435002535810102,6.991824325155578,7.707892569552285,17.99688011545137
2008-02-01,20.599509055583617,15.290266323558935,33.34296156460876,41.720303849024766,28.607337608925555,24.979512536041156,27.31684159870275,21.747863320478597,14.134534639991752,15.130909052028432,13.42861472471013,14.645102268636712,18.0824522571503,14.457195653097443,13.84924180954132,15.868960428190318,17.45234420999296,20.1398410210291,22.628398640854,16.520027561092515,11.95700368773287,14.613364612063624,17.525345618420832,20.22263096642741,23.681876925650343,16.649663371453094,20.8516897907815,14.849430909679397,22.333757497794014,21.7652517579218,22.28002214907415,22.038643248556006,31.341126008425707,18.177835886060507,19.115998904058472,18.946763760791903,19.269206104104157,29.27920088248692,28.83734201262494,26.474105586663345,28.058932961569703,26.37620209070156,23.67385039401857,23.072452368019384,22.624502995483923,21.49999213373921,22.12114535394501,22.065225122340244,23.257512436730376,24.187963983182176,20.576715894760863,19.54038526971108,19.56403053149435,23.100683524390007,24.52138158574759,24.61497885141602,23.995057619188024,22.39623815185816,20.482965690202143,20.04619888583108,28.64130194621097,23.09438396949392,17.69057798282673,18.20989851507956,17.759515865975168,18.20040480411981,14.353355802790595,16.359435756194397,11.905010690508108,12.330622056197384,14.694542035989445,14.416385026690165,17.346507983254064,21.831008853135938,20.62282392495111,16.245304121196334,36.60738174555018,25.54195234072129,31.53808745052985,47.48241736852248,14.917624681029878,21.05074155715839,29.696980533754072,25.716839260870604,37.96290120479244,28.7054246185589,30.726329917108597,30.59149907616356,31.227940611553656,28.485232127828688,21.02994720772143,26.836198409917237,19.61828655906479,17.82370609360688,21.73593488960467,20.881186541848574,18.652419642631955,17.6308055291792,16.95280985024165,13.774731618644678,16.611060209078893,13.581476259565118,13.358624868436552,11.076429750638312,10.638242818545146,9.691934131587924,9.828003528564803,10.333478022446918,21.72413156695707
2008-03-01,27.13178801125108,17.616301688214147,32.24539326131654,35.92119462003976,26.33435491867489,22.576042120121087,26.4297625225407,20.00577075298476,13.975789562882696,18.67433587503022,16.03470038886269,15.63090671935746,17.376688983611132,12.69899159053841,11.5726423565446,15.006902871120406,15.429832623146016,17.63719092054078,17.076795886810572,16.630358207603766,28.45113418449383,22.868197129595902,23.12216717684836,25.049371939892087,22.42221667092077,27.792347940278187,23.63060022564553,36.13659966653477,21.08255379277211,21.92713966836653,23.362870462976936,23.37412634344287,30.64358197235761,38.57187655367176,32.02072899831774,32.66649344823964,31.39335185182045,12.661774563278076,12.824425694798748,15.507541023402462,14.252674817582577,15.693704102237868,19.82260428769653,20.634655022567976,27.74267279223964,25.86982722977513,26.73260413249463,26.508772343796853,22.10674745304726,20.0867649894073,24.68609125825674,25.317055659262596,25.260068982735124,22.27179986347219,20.42188123043042,20.8321290933302,23.37143380527265,22.92756478536719,24.330003500700176,25.154141517499173,12.193636103302293,19.444921840047652,46.37110828888175,30.99588103147828,48.76134330236336,32.93316309473753,42.31604724420549,46.65422470953073,51.64043859225392,49.94081364376555,45.179329354550646,53.88387490818707,57.7088734339466,55.69085336567784,51.53625773003069,48.495288257635565,50.59853262069638,53.13689297807015,53.20170345929122,51.71263826007435,56.45464752538493,54.55209113210553,52.33113058650874,52.87469951627908,48.38191883216534,51.76639387445371,11.598304586205725,11.685523386478469,11.757765997752344,14.28796241653042,20.272790782804613,15.848185774566009,27.1780766154263,29.9295429215339,23.444525483570427,24.49253337289172,27.36278405484416,28.112099111749465,28.739690398545527,37.007704235227465,30.006145401657967,41.67849488684893,40.52918377974531,38.30617960067824,39.01623405141059,39.73733894023938,40.902494317105706,41.67435577001111,54.55789781686733
2008-04-01,49.754652792786096,36.17348414447643,45.08697816876965,42.18253310357372,42.49112897414851,43.52969705618831,57.33591630012327,45.13602291524518,42.64167597249084,48.58879823241213,44.371450454787016,42.49687651665981,54.92411381775874,46.44194358338457,54.25760080834602,53.534914878432005,26.46477073278989,41.57759585461013,31.31719114715932,31.58494401916019,20.39622675958019,24.93148965325745,25.72208206020575,24.31189577681821,26.23278913470369,26.24190961602145,23.124578062384757,22.400655233724045,22.795593175960228,22.819523251930416,58.85371357530254,54.33147845647458,38.58753232269069,120.39184694818748,102.53742728054596,103.50907620626384,101.48778179147486,23.153655596597204,25.16929473586633,28.027616631945836,38.20633294438319,31.811047669732982,55.27420135107913,56.042478296479125,93.91428677175702,89.30747950304921,91.14598809391237,87.80078008805268,62.05673155359644,49.12635106191754,67.74149565262184,69.92861057283648,69.08246297412748,62.30846824761645,42.9140186866354,36.920510485094496,33.97243018637814,60.87729189026267,23.7313403695259,25.35204786978509,27.247841875214423,25.522644212048533,120.39724055951888,119.94196082585684,116.36218565814217,119.9369809983726,114.900949225809,108.47459982953174,96.20878400663972,98.91866937490242,110.32851728340144,102.51758335105372,120.71574932700028,123.95266238884987,127.44308803203836,113.54498156761213,130.14420928883578,131.8765691181899,125.11551569656363,155.7741095123169,95.85796890582562,106.39438166651804,124.55608058402971,114.9224823140737,134.37622053325853,120.52713047624287,24.11898582420157,25.310708793670347,26.48979154049135,33.41611123351319,61.08072479836439,39.33520756274748,66.1846102822314,72.79238670841558,56.57920061356422,57.89706977551235,60.70533715084148,60.65419058776961,60.88266356702674,62.05141382491006,62.82505530173053,87.29749853114589,105.87909445895184,93.09807586101871,98.57975418057102,97.11085900357344,96.40583676403789,95.41620290117314,96.23924411350798
2008-05-01,155.17300747139754,118.93380591222146,139.2530915412029,143.36305251923218,125.36797711343888,113.45318746395432,123.54616044131711,107.8160052385245,68.35671206737558,107.93258338439423,90.26684420292024,77.34548562248291,71.96482784524447,62.89458596757444,48.57174654771276,45.95680938518918,68.11900814896282,79.26723056581365,23.471170635415525,19.53581179063425,57.65333401276956,29.249713095397084,32.87970919721084,33.22619902158659,45.42130854301626,26.7810694952072,41.94833639020572,39.4820378786276,53.88022120610742,59.55321053159559,53.13568957670858,54.23922674692131,136.52609902994624,78.35842060680119,73.1825294164943,73.36918051456198,72.40509197501704,44.41789335793684,51.32657047434809,52.17685217423678,42.7282454772499,50.441093496268365,46.53993250594044,41.95588350491934,52.51669697398952,61.77156893720091,55.64047717024196,45.44126134440695,56.28432925315606,50.73609212778268,41.00837979139986,48.02948837425946,47.609217664947685,54.55914919608591,64.50891415220825,64.28063139619688,59.92279474005367,53.39575166286446,36.987279177169306,31.64267754636685,49.44433775676013,57.77870667173558,88.91094185104306,64.2789446402612,86.92548144093554,67.22873559586165,77.71388768707371,90.25800220890874,125.33801355317654,116.24054050236658,96.20455067288844,107.79100722497896,115.82302245856457,118.63537530973764,134.43813519600954,105.49970250156667,128.0045609413111,121.0029888223116,123.67812524699568,137.08192127005947,103.73882625306136,115.4975627125406,125.32981846597094,125.326534992869,140.62840820590412,129.7810153420091,46.28213097509256,45.89349115523768,39.835497544124806,41.25135497504121,52.88323665038579,44.66850269952179,66.13500291574549,73.3629845859797,60.155342289648665,62.50584292740571,71.9362763756072,76.49016035664215,81.78321316391198,118.65340826805908,89.22840470975223,142.60268952140132,71.39993804746076,79.2337713858832,83.05062858015714,113.1293859990092,118.92278528457304,124.37301499721303,112.98185564188182
2008-06-01,129.86762524487685,107.14864425302692,106.7399676248022,108.14953772801177,104.411416740038,108.96448076463712,129.6002828579969,114.813291334356,84.58983116584083,123.19213307844696,101.1991602134194,97.4887799031772,93.54617302859398,77.01492480959442,77.42699405382811,79.04208475776738,116.48251627307371,102.10627932747272,118.08555500224185,96.34141948933008,102.65066596175666,87.91026813988108,102.57331613722558,105.79892644425968,96.34700025154916,92.77322535793036,109.203682738908,107.68573588754892,92.94133764521447,91.20342330813156,129.4395337920338,126.0041879861426,99.60903058863178,131.21933180784364,140.2451266954602,140.11912143465486,140.39332927686846,120.44677740470412,120.56938379934851,113.676974677958,123.92006719287,114.87163780870404,129.50042375223794,158.55588942937513,120.254680673504,135.782916183853,127.8304808491109,120.71025657259004,128.78007373333597,143.16869906977487,131.20418733086794,127.44397303500229,127.98925399292388,130.3085485750438,141.9735652074852,122.07445367622582,112.30836769026226,130.98778900726165,103.2728309587328,99.13059431591728,118.35442394602669,118.60489495264258,103.00938643796928,103.73544768799648,130.6895065891862,106.1639786351795,119.08313381579065,124.55512231846066,114.20791552722862,120.54053817336278,122.30101161682644,120.08803827285954,142.05018257688906,175.11858884898322,206.46578060950176,137.6752426404452,179.54884846537055,179.25381495294607,211.1609065021291,216.58492262509932,124.18427183517936,151.5172291022117,190.37488179342128,169.74862113819225,171.34337093853665,173.31515533795192,120.96774746415264,121.3223375315822,124.51325703284184,125.92559639183771,122.72645123903472,127.0774358291298,144.23686701211605,152.19316764010574,140.2553316580818,140.53752994600603,157.48359759385357,158.02396078263914,158.49418186620005,143.16001157340253,152.90531796233591,106.8147626418342,124.64080373241914,134.95280058736523,136.00245754722474,131.1068291551727,127.36236659294944,124.39836477083485,131.6196083402091
2008-07-01,123.32059039541689,72.81133762798771,80.03261264229292,57.35254780160761,72.56517692485365,77.34817886453519,109.3125484693066,85.8950201150848,82.5708846815751,95.4359090056342,82.34553183235776,77.13009157189703,88.71421052299095,91.1755307888435,79.55011390300454,84.15105153920214,33.3264206210873,69.29326006007292,69.00389656211402,101.61979963151856,90.80018340865423,148.2831454015799,91.71497044963516,66.39596481875402,74.40996751270458,85.054488611164,62.58253250852643,73.82620292154269,59.79791873238367,67.74670308805759,77.41202597370861,77.27835282037894,48.55111843786396,41.8729527404723,58.395413146722845,58.03161809225545,58.32754877447967,67.7683842721219,58.26115042681772,58.929837074515234,86.71858868816598,65.41952572416743,87.93543289618489,72.26470706620036,68.06839111375267,57.32301695830476,62.3276900126444,70.703295874285,64.53596837325284,68.97628857330326,64.70510840539255,123.37799890219844,119.37573382501962,64.67102955569811,56.06596571063421,53.87198172116448,66.27912776983472,75.23368956517251,65.63617911350093,74.21116117530862,57.081539938374114,46.963580971104896,63.378437521110754,83.73130656207874,70.25759602751593,81.98737563168393,69.53375376191447,54.30763366256846,97.63149804981624,93.97575243428696,64.27103128862106,88.48751111405262,85.99894553221908,80.32328543260596,86.83174187649631,71.45869195059399,78.9498820881184,79.07961475453223,86.31375039384363,110.83758787295996,90.6420343352091,79.73146028012212,63.692940400864586,76.47316494098692,74.54828749749089,78.87292173557574,70.79463592747577,72.53220180018322,86.4963128324463,84.94450677704728,95.62820121345396,87.19161242414276,113.17995798509968,117.42529311242043,96.27322830615408,96.60784201966295,95.70181139390468,93.19711308842896,91.41348928826392,92.63720178683212,91.52811129207106,82.43293873084858,97.63463288959942,99.7300862264196,95.69649905965144,84.75700649020744,83.42809902002301,82.1892135428522,75.76248095221943
2008-08-01,59.74780969214628,36.828516937404416,38.256709289431896,32.22638552052602,36.90099601041872,44.81612538660269,65.24277798504322,52.52520591687748,50.29947993397646,62.69699905320286,60.36998470396601,55.80068248668705,58.40603510314892,47.97918652221913,58.23873108337184,59.90450254905335,33.61122682112373,48.60448280537981,56.247556568181935,47.78929250204858,79.29458085214159,28.25485122467641,60.18062793862902,60.24850474506101,58.23898956454818,59.19116085426904,67.11462702694907,68.15268747115013,66.98985999701621,69.66102422253392,54.89712704940578,57.81701066566247,33.98241348522948,35.01022868083971,37.36611991513273,37.44459756267164,37.46277383220028,131.98659574593304,112.41957105002182,80.52594757651177,64.81338638205112,75.51798553963606,48.7311836682961,45.61020651959092,45.28659114076783,38.94671613228604,42.32344233411239,42.59639470720442,56.14125259975193,60.171472822099645,42.34935845396204,47.680548544952245,47.44019315355788,55.02657273632517,56.74557168186665,55.08599172005431,59.9473264903039,53.647454188421165,64.07933043641104,59.31815540483458,103.34014415441057,77.79353539874393,48.94579210132894,50.52910195525443,62.52617246511991,52.60063568204515,45.39589760569976,45.35588690901877,37.44076885373626,39.42928853682598,43.248642641058645,44.187285235005376,64.23691019330695,70.19857892734208,56.31864759672324,48.84572023968938,68.25570456094465,46.17545931409541,58.53519090923204,24.92978644573265,53.41127074594024,65.4376682167757,79.0865642148591,70.24531805192413,64.19537866456686,67.90680265107244,125.3632170067597,120.70697418982492,86.42625841158167,75.3191355545074,39.92941315520354,67.77828650614079,27.010558317221776,26.51025109296371,50.65672062191644,48.87635885907416,44.119021228557735,41.61451374203244,41.26450046185058,64.85285969311046,42.80472560890511,45.815275033803225,44.57428142110596,34.46411481232816,33.97051131330352,28.771872054179266,29.932571826358327,32.62133358982127,85.60927125596075
2008-09-01,65.44404175544058,49.5302363822155,54.88555411708021,52.78910002035792,50.5416801723876,51.85051933385157,74.61731037704628,54.77056098553086,34.802773384962684,53.55021467260544,40.41297024050219,33.24163247561789,34.69895561674068,31.53188283950584,23.66154837008572,23.348627028475,46.485415311751794,38.43135359324875,29.936990402238823,29.12761419295216,72.16232485070202,26.521252693443824,48.75116279803993,49.10650576998047,65.09195205419144,49.964647360178425,66.37147618924274,54.89618057996447,85.95884546827978,84.26274712754706,104.75170718046417,102.54468549605018,47.85658849833433,64.66257680563623,80.68231873052355,79.36432128036788,82.53980192958834,84.73366031037786,93.69378924012314,95.33524880628585,98.96090209692171,96.7177429080713,102.63821103818718,101.80249632966088,101.49456581936172,94.18990089860596,99.73826473755166,111.67322986631544,94.79522984628926,111.74030078817648,123.61049204661286,124.56675816238732,124.39129850019042,98.11804509874732,103.35040516686966,105.1817070199115,101.25392431832675,104.45357114370545,52.23256048074055,53.636867082558574,81.65532121450045,73.67488648694024,61.83589152629475,90.15386538174104,66.41759144689163,87.89885068906844,46.80671046827607,55.51310147727439,39.06409770464818,41.67910314403295,49.900293022911626,50.38199717430882,41.75934411750069,39.28541164939936,43.563966230666665,48.14174038598952,45.88333016516817,48.43871220732775,48.5312212722687,66.07566554643253,41.90856954373048,38.03802935390586,35.82770706321908,37.77191449475537,43.96441453058866,39.59586965960982,81.79177725131564,83.21709027845142,79.45799164533167,84.77132104175345,80.24612589284152,82.68280323129827,59.94407090528707,57.91311080608958,76.0982881535644,76.49183149575644,74.59643195771618,75.3086250421077,75.314908133299,65.80385799549663,71.91925720083387,44.70736067049852,47.820869445760536,49.17835953848539,44.551111899886834,40.08117902992638,39.21244836304726,39.05890869845007,41.40276364548182
2008-10-01,12.262767421953397,8.782628917507616,13.44163609412439,14.374822774318474,11.382962442711229,13.305419457448876,23.42631720565376,15.590429521410131,17.21854820441505,20.75643119475071,19.219063460360825,17.563176196618514,15.873575667067923,13.95645950918276,13.071965027609044,22.827666492759366,11.173776321752015,16.404084838843694,35.0601591070021,39.98428538532445,65.06421994573313,50.11681490997449,46.87726161731237,36.75123618680406,37.7750719471972,33.20171644868316,49.119209694696565,38.34291935061857,67.86902100444514,65.89019286528284,89.72685979216232,87.11673883462598,11.066335588777214,126.86424836536315,121.8468319088652,121.8955178912626,120.66055756860212,72.37730944471593,75.04006440301833,71.5109706550404,59.4180223646109,69.7624911313109,70.72264865066471,70.74720150841846,139.59480918849744,124.29233223645548,130.99371470879356,125.3168836736219,90.22850898562233,68.46553303115537,96.4046002487446,103.06180969354251,101.84368811961414,90.14189898804092,68.04792822152507,63.83215909913878,69.0801151594588,90.69117795831724,37.124366821883406,35.2371769747641,67.1739534516437,68.41327196422402,141.372875428807,115.93790764872983,99.84722001742384,112.85002766544623,122.7606866419521,125.88021368529404,107.6840890228894,103.96987358181352,121.57880993027884,82.14738419449714,65.56319651148115,63.68262748017349,52.02135884197328,99.8735039706909,64.43863398835161,52.7005476827741,59.59357726607348,85.30552587291407,96.66230255942314,91.17329057045076,75.55425472867567,87.36228598727708,71.19573586741882,84.29427628377074,75.70209388308027,74.63466952550664,72.70615830882552,68.61031833147163,74.24910675492566,70.62651298970843,72.94541165171047,76.4931372323416,81.0526491041153,84.05790503399979,83.74831534074181,87.4497070042825,89.51201752172615,115.30234726130956,94.04664911072344,128.2993291131135,124.82334935100756,123.09541838269838,122.7823174913078,123.93567528006233,124.00697743567292,125.18335753249777,100.71764104042124
2008-11-01,21.1068060538407,18.44293882770749,23.368798304879483,25.39012004385044,22.277957958293097,22.95475034978622,34.80088187269628,23.679170945008718,12.473728993299089,16.80448559180001,12.85913323313407,11.013307712984192,21.587922189057338,13.109251009413072,11.051235458676702,16.941382392351265,17.725888215753447,17.43071383460048,22.536542554179626,17.984635355935772,32.53801195746039,18.33650749591381,22.070518102511805,29.70692524972834,21.93076565964421,18.371059950039093,27.591406055858123,16.765462967147297,49.2936261920806,50.149288970520686,56.18327970985655,55.72422511322531,21.561529048182404,48.95494220784454,48.72919678838964,48.42433010362406,49.32853494319497,64.10541590469694,63.882871038984376,55.635061870503804,57.42606198504167,54.62172374300256,47.95626879251012,55.35883775178856,55.8503364853219,55.83317036272158,56.48078140270062,54.38543373883345,53.6255318704342,59.65005758172197,64.62349263195857,52.968927332473264,54.45154077628628,55.13758761350325,54.39379061857758,53.543788837316825,59.72708546575825,56.242116377402766,29.596307740579608,22.1196786264572,63.059462666493424,38.68094681334102,54.49433303626872,48.85009924756509,46.71847332300804,48.168158240589406,42.6424062009778,51.70293633346208,37.77146273722568,37.95142825499947,47.59085916716657,37.24209522820114,43.81962536032327,53.305723529738586,58.67263334934378,48.21571340351548,71.95949966252402,72.43884581395037,74.41693100118263,73.47069846371616,39.53805664488683,46.33456511322187,59.38201469180032,51.71732726941351,67.31298347110359,55.15951586124453,71.22025213018861,71.53701465754298,64.537420053921,58.95814053778702,47.03301603393032,56.78629975356149,47.98063853889524,47.582031252446654,51.0866296339231,49.870427446413615,47.78011951245529,46.27680093660394,45.316219975161474,39.07762054961429,44.28032685951421,39.50841176249374,37.39713829835154,36.707517605955765,38.4336156567326,39.35763271033599,39.21756580200983,39.40296110906407,43.284640912487305
2008-12-01,52.79673598142673,48.110056179140365,59.710186987389086,62.51416590723354,55.31471527069182,51.693889626010105,57.51940361581348,48.85428224118724,29.84782903866753,41.84078031665502,33.148832442411354,29.81360982282788,37.95999323509963,28.014695237886805,22.594683920190278,28.33754773290446,46.88316228562696,37.519198621519664,24.269738345678427,22.76053738383319,27.251465927915127,22.77650282802508,27.338039336707816,32.31362890453477,37.75950432072806,22.339465376017777,34.273881840374,22.43894639376769,40.0799496276895,38.11715925795723,51.02917785002405,48.87277889800187,51.62735070364565,53.1818732003959,53.73246257153354,53.62320035429324,53.79505357336946,67.1595277627445,61.84062826336289,53.95275210570216,57.78132127940237,54.54046837898274,55.18562179253936,52.72599876627833,50.24488482246506,53.57760770969207,51.70518660906658,48.15141035920644,53.888504470248094,51.65153960609763,48.51437660345529,47.7728093710364,47.826702543690665,53.205643265565456,53.457334430636266,54.07454775363695,49.96657915457278,51.88427761925251,34.91490287046553,27.84418996728327,62.81232737895351,40.569611112653135,52.977176669601,52.242625631286224,50.15846466908362,52.068002392654,49.41928191309893,47.4868491010589,39.21190787279546,40.781944548225496,46.760073261880464,40.157818873574826,40.95519277285194,42.84781847463321,44.32359529615395,44.96160776180881,49.70268900828408,49.95231379295329,49.16461256217945,52.65532553344648,38.71454373628559,40.27991217469709,43.72221455473561,42.02437676284069,48.348677769632005,43.56669823609663,66.5262730744108,65.89179119871187,64.17499604956957,61.7552300798948,55.38336264625728,60.340326268090095,52.87896242070021,50.06490706021845,54.79788177854542,53.85721738398324,49.59722984220632,48.32949133320978,46.984407892866216,28.824351667263997,44.77542174268313,33.78672001831991,48.21492616711864,45.61721837394053,45.302791182826326,41.894371384599104,40.853237118362905,39.849624810922265,37.82926109169011
2009-01-01,14.965027359473453,12.975524003885312,30.933445808395405,38.29835596343272,26.440199371675547,23.476483091964003,28.55390856650199,20.727535384070297,24.32155930416847,21.194641915099456,19.783959752069844,16.974010051457498,28.196312500197497,23.99551311923808,19.867790769677576,25.149050508245875,23.31631899823165,20.352453599969653,35.911068408577805,27.4800563606186,15.10192644932639,19.474663171646565,25.117845803793003,38.62489664423933,39.40053846436248,24.01688466941409,27.86563064665471,19.723683698448404,12.599396702448798,12.831993300731302,19.63923375419369,18.795725897205227,28.560339929817804,27.950023262768838,26.836638192333137,27.19965802215175,26.423099305721863,35.28874502645508,30.218513578757083,21.348511504849903,27.379326372961334,22.622224190861008,24.47619218533799,19.58847953366939,19.375002636238545,20.600199805534498,19.616509081143636,18.27033246618029,23.1749739927364,18.34812329402936,15.156345459011616,17.371973727615046,17.11697363248199,22.1510983143521,16.63747791333069,15.529737100689117,14.081592571885334,20.20569189610273,38.6839599536894,33.11509347522523,36.02203095452936,17.593706955958897,17.782499823398545,18.74269063150119,17.113330214298934,18.48422059138753,31.42157071931353,20.86806386598076,22.98249610159471,23.98978685094217,24.69064624003952,24.62140112911969,24.945390752450542,24.99232742703344,24.946691527974014,24.728987560481794,26.15302662369444,23.562047456525352,25.94179572470996,27.43999057801724,22.764445414549723,23.20942140479128,24.4873296622346,23.847127833600155,25.6899925994274,24.32421164733941,33.041397903866375,32.38858113353711,34.21036697517362,32.792550001393415,29.407252368843757,32.25201743782897,30.75992544240865,29.058474596285247,30.38652039285291,29.948698080417675,26.57640831591868,25.76638292759871,24.93293762959271,14.799820037762936,23.5428625079868,15.746247263976338,30.29006782514371,26.95548162600752,26.913683499973747,23.59299518428972,22.830064689196504,21.81021543886561,21.690403669719046
2009-02-01,19.655530302518308,15.302693472775363,29.62374200832112,33.072672749961754,25.350157293575418,23.313803824203152,27.81030292251728,21.800054108984263,12.871931766226016,16.946811755661326,15.26464088055781,15.830614446364624,16.52673139545158,13.428497032925124,12.052733017217664,13.622876567110676,19.261340780753965,18.25534066762271,16.910347980044637,17.631301177806495,35.79353487447429,28.981560590356967,28.896269997466558,19.885918759929176,42.85157994270365,31.491669685628555,36.45094877483098,38.70386362478509,29.632520711033063,28.513228796530008,32.157218742384714,31.867759533689544,24.04762019494042,35.15037201014552,34.58589050574793,34.563419711615175,34.53500066146469,45.407146178941126,44.18059769839032,37.50605189695237,32.51675128097302,36.342132454382885,31.097342745429906,31.17975368448959,34.48713214492477,35.07742505683843,34.64574194662953,34.37110646467323,34.88811339931075,28.281809404720946,32.31080388525755,31.09533105886243,31.04962103686856,34.27666696917731,25.78078902453135,26.255110784424964,26.81663469227325,32.70269112212241,25.36974631623796,30.010857209841227,39.77106292740715,36.14332341132919,35.92581892786738,34.06440604358164,33.68600815145634,33.996005342962675,33.38444006856746,33.23358968695169,30.91560468456931,31.10506682763379,32.37541300636842,34.77984367295185,34.54561331284532,31.22236467177268,31.335187197598074,32.61640026459423,23.73890275894224,30.206414993496605,27.546569666971344,23.65669023619244,35.28996992932457,31.090224112012105,26.087020483278803,28.4843954817312,21.464010279338886,26.92462688000294,44.337338136329365,43.14709245073392,41.59594499529875,39.193934108952185,35.14374003572944,38.64517659959215,37.47067680120849,37.13264096534772,37.50815905444927,37.13681499471764,36.06740401928803,35.04903664592972,34.16894789156948,30.829609503221576,33.521852268809624,29.382749102495996,32.9643368312816,31.21242761502973,30.69403693214084,28.74957067412726,28.77473884451945,28.955226094119407,33.08305896682115
2009-03-01,54.03389167059878,38.08909693443552,52.71734263806335,51.69686991166319,43.37913113655112,39.738740408357934,52.35843220652009,39.419842573022166,31.4374233170526,34.1362657256358,33.28884338624478,28.62366380538697,30.547279700317272,33.93117360176914,28.423243494318744,26.487508801587342,15.2380501467589,27.44050338656369,14.031234951612706,16.84421641789498,49.23691374640656,17.862066039070996,21.415378813451305,8.366627860335448,12.940703204123052,9.66492540476842,23.06969780684255,13.52890768276032,52.13758658133873,51.97963998689503,79.40102771831279,75.69457114109589,37.56436773226607,84.18701685296016,90.04365912665303,89.49344393493058,90.21496960680496,49.77832523125701,55.914407864923504,57.38284708394611,76.20531296400986,62.161711664234176,85.32603126865196,92.42921392289524,99.5912452890328,99.9544896733717,99.7621146894959,92.51776371988365,78.25116493911987,77.56082988050298,92.52055725676512,88.79077475101414,88.98327303532015,79.62691379969361,70.81030758343243,65.11027100539538,60.75981705242919,80.64549242926556,8.686404099831098,9.537145995167398,45.97375908311023,47.39187165899085,78.63906212055568,85.83115449073061,71.49819669910124,84.08032035722118,76.7428481365973,65.77082141627878,51.7053268055185,52.02078399518971,65.68022543376665,51.237058980814254,51.76506499109698,53.60000924352391,56.45984963994256,61.013120456131695,64.7848787361566,38.96424654910224,55.10235579208887,83.71860515959395,48.99192634018393,47.21341519494764,52.97448388347211,49.41736203210858,67.51281291967545,53.616523691792914,65.94001689911215,66.91111542247073,77.19198081003088,78.38507247118,82.20524004949951,78.82674927316944,80.66821965150999,81.09250493072028,80.919696811441,80.86053621347855,79.72107637011064,78.16118558568297,76.46593264616912,61.14887127366994,75.2266003506327,65.73727565785431,87.51954573807608,85.76636596885308,83.92186151877735,73.68907925111041,70.92088307867047,68.7352059917923,37.41113785935745
2009-04-01,62.986326587988245,39.045241119471456,69.53981166289972,75.01065765320729,56.26736465219206,43.31465860232279,44.037162188112106,33.978513431051525,30.005043659763025,32.913548990345205,27.76316809371917,22.74988247182207,37.53240360043549,31.040987199105796,24.11088273344107,25.287255952657127,33.10999852192666,28.04734393162908,49.76702797607971,45.31780549865764,45.96309261844066,52.44674008779649,46.08025621328159,61.20630892119135,50.18420641986859,48.27878411307212,47.078595691239926,47.87373542655446,39.22241526330021,39.86723650476945,36.18085828175504,37.18305320874581,67.0919032117398,31.45755494141367,31.677861428003624,31.82111185247729,31.544400706712693,36.88206247743828,38.18076543736427,38.107096573252186,34.706026524732295,37.444646460082005,33.26265138189765,30.05040782835502,28.86245353704869,27.858683941410543,28.257895221808084,29.826490075875668,33.82451473314161,33.70451897896396,29.5325513636538,36.63081336293881,36.25555664506272,33.36845315677012,37.911588921399854,39.13541372286953,42.28302616003804,34.81781094889424,58.33167800029737,51.76570977182575,37.46527984324594,42.85279047820582,29.306049337878928,35.1059639252569,30.97179082390808,35.05093869917614,28.088667688112288,32.12745154449819,44.06386582223553,41.85183962081141,34.17948401629014,42.09791265228014,54.19560549664776,69.16504104847569,65.65511626077341,43.1628801692538,111.82501963098672,95.322076163805,100.96681514100004,124.74632981138508,54.11554080162693,70.02754297240531,91.6917519303039,80.41802544970027,112.29876109007662,88.1670406476542,38.05485718395879,37.94236610995534,35.57931134634011,36.7946942345198,35.93054702870538,36.74648217951147,37.10975438749112,37.134041019756864,36.68755992281815,36.64096798918815,38.51147133005911,38.03052530956101,38.16599021151756,46.85573922188775,39.54157305608575,53.434406271208935,28.95050253227095,31.67072408769117,32.1450686360159,36.3230903355533,37.95851075633448,40.5105469935371,76.9542779196029
2009-05-01,57.38160070021403,37.53183629421359,47.14371620311127,42.06024766866028,42.991923415227234,41.08109939910281,53.2071160770635,40.84419007919022,35.74376860443176,33.738648631472934,28.604260135490684,25.808496399968355,35.85903451497371,35.991264986267986,24.96921931823649,28.757744004761417,42.6463291366129,30.41525838733966,40.63408561526349,33.52306194490727,66.02696072145312,37.26504987438034,36.35743193973862,22.94250719768818,19.545096975785015,22.75990235156853,33.5089718787473,24.84289999710087,68.7462351997532,72.7355592904331,70.34862835616337,70.59063686589205,35.63661264083222,37.58305700240276,43.1349715472821,42.32480049840157,44.42078806866224,61.88864317996365,67.5035075994936,68.8344701851678,58.00155748416852,67.51404880582261,69.95203789875218,70.80181740781751,61.64441825075492,53.67778498661972,58.99121795815929,66.68951032107881,60.770973877252594,59.868085094634985,69.54232791851898,82.72776328949888,81.72471259706077,61.24506781907199,65.85297818324727,78.16520123645316,80.3031166376046,67.05025383820022,22.37525854125161,20.50128026336752,69.67154720339252,57.44256630359682,43.46714766769766,53.84466607722239,35.27617529363185,51.98290149897432,29.75775622019157,29.74664087048429,38.91442178287171,34.39589490200299,31.481736611240628,45.97472708330511,56.39546233082649,71.82523366076792,84.23304746992046,43.95569777451934,100.78548369854708,108.66932493321374,102.27677368909944,75.27034719161622,55.796021282114594,65.70592544694743,86.74448459157152,75.00704076317109,89.67195533397319,77.89723427254948,58.584613769730936,58.75152187147701,51.1505539486617,54.96306339761082,59.85603307866625,54.31881352192397,44.48466275681117,43.34791765952694,49.38984675070054,49.02591328717818,46.95061622755805,47.859902521082525,49.36697641370343,60.55620620530589,51.62442336222982,60.56205679288132,33.70198540880393,40.52947042478527,37.36775911405617,40.76903504421612,43.10655163829071,45.72921195831129,63.495990651548986
2009-06-01,70.93729443296232,44.11244533714021,62.22160162836,54.6994196041224,57.17224198642809,56.72633029238089,66.43557356114246,56.125413756745104,61.61824750807767,63.4252796512078,54.86787611933663,50.09661798239392,54.99588190021902,60.79236855883145,50.2269368380349,60.147235669400665,67.66546090750106,58.41547415525688,60.41689914728784,56.3610539939699,69.28546228914294,49.37682561024255,61.13691301741011,51.888477547125234,50.111463392568815,51.1253912904541,69.50530241931892,54.4128213130241,86.15919269366972,82.12903421653183,87.84591107804489,87.66579029756986,50.000845573601886,97.72437601099116,94.32177855068215,93.77235415675295,95.62387693565974,106.52130050692212,95.0113268675644,96.69556244601662,78.02423945566109,93.23510210472236,88.29071586225643,93.87682179386287,94.12548702126745,105.45623671540868,100.31292667282617,92.58493798273196,95.48669808106548,92.78954984522387,90.15713081372456,72.41314857320229,73.27438762820158,95.2030568700914,105.25560242963095,96.897026249523,80.48634711689903,89.2937448279676,53.20882927770648,52.71687453855959,108.08113363025308,112.82133165537113,90.94421007099614,72.27568915106554,93.23205205657176,74.45318073362515,103.94331130928396,109.50251030722538,126.0096310802126,119.14989109332184,109.97553880652008,132.62488820659078,152.08524449972012,150.84264801007274,148.132472125487,123.34545727250229,143.98265461382223,170.80459685563005,141.28913651908397,195.1100637838425,147.21501165569595,152.10370376272274,157.5439396009886,156.41953383048144,163.96165551381637,160.2193988050346,99.2122940239312,97.21798440225676,94.71650818211418,86.00735735292358,85.46600760856052,85.40514841874216,72.06867265810621,77.65657110328813,90.919560742001,94.2962791089646,101.1664799973416,103.25503927273654,103.71621909587245,136.51665853796837,108.8719816503634,135.4977635742011,120.56621944240926,127.66690904107958,122.79052009006196,116.5700873580214,119.0560902103806,122.33972586334812,157.7090147187238
2009-07-01,101.72444919705904,72.5426626317858,92.9191524800648,89.52280753133729,84.0701479794249,83.15199387733355,92.41649860455112,83.86160977351095,71.93967647723963,78.47014472021765,70.05165595174131,63.292322706684494,83.60371818369457,76.99496812973375,57.92119364059444,72.09856119854989,80.36380325690719,73.76340272293591,75.085640577057,73.8912872752994,56.08571935527876,58.55074753776417,73.77614421045088,73.02637145850896,97.46566097146128,80.24474010853821,79.32471602202423,76.73635159570775,50.48491419632362,54.54397397629216,71.381071797966,69.39861975359449,87.19014620702212,113.21191691923612,110.009235361532,112.65797397067396,107.7179741211181,64.71221329263834,72.30325842521651,67.90923780788735,81.79284038287565,73.51326142846358,105.23579288854228,80.41998552916313,54.93590424138837,59.7345281602473,56.01587371432817,52.961203316992254,83.88116482821614,84.13503662162549,51.94460368655518,59.977642612100894,59.35981159349974,80.66187098869896,73.51347082016235,67.38341395149246,54.12394166434626,73.53998272334823,75.91614303802146,82.46156636722746,67.19857200477479,76.39676644359741,77.04015387708543,75.48729989525356,64.73849233254538,73.72144404015577,122.7728983426743,75.04425890316232,66.5591128014196,62.74801226744566,82.23550992752627,71.07356296033262,78.61966711456989,75.4507331494579,59.04263235920783,77.46023192217466,82.6319813847571,64.21880280273344,77.84146879249118,98.43241322731038,79.41835170173599,88.20441857602087,92.55956645506473,92.22273475712892,91.30272457783158,92.95527238659854,74.65252095836891,76.45541656447215,79.38561344332462,78.25158238316415,93.67000256855954,80.26174187929685,79.30677260454917,83.86127444392982,89.31648420554433,90.1805745568304,90.2290827212204,90.28898162814488,89.9935146631285,88.81009567184941,89.50114243140976,88.05635767299347,122.38002427467724,98.39704465339098,92.31143731799096,84.33855575537851,82.89985905584392,84.12551854188133,91.38830398087094
2009-08-01,70.03639911588911,62.65188372317496,51.18892302887546,41.97565065861651,52.630638463461445,63.86550970363737,68.14070285190469,74.71157060987308,58.169692866156005,69.99782435280838,72.19973802352342,71.51934020298495,59.92621322546277,54.57423725333824,66.84130152303426,60.95920627775244,43.009172941209535,60.939905188148046,88.84848015936677,98.5422396522844,64.59941519785848,122.92518701738432,87.03097540783693,71.05163976756393,65.53702790327607,81.41036163539823,62.50255352992979,94.2469786903008,75.76193382232893,71.90124948848269,84.72593060730303,82.399462043862,39.24726599235276,61.43873034300875,67.60562802948417,66.8826286106604,68.66856790885944,61.21311194356928,66.76597863069524,79.08538034836029,93.14770658907688,81.08149414855188,82.81936828998859,82.12880863498478,93.1262633113044,88.29923679978116,92.14638193671578,105.18704272245236,79.85134354256182,84.2920581154844,122.78591326882028,94.04905286692754,95.99339675339016,83.25555321704628,80.82381743609902,81.59298627589611,77.9720122573061,85.26001909659931,73.66794962367938,76.86790288464299,69.07372227922046,50.88547435046736,78.25214690822658,93.9433814738638,103.91097245357356,95.74329026358276,68.39707067157957,116.23898308184302,70.59644981088547,85.41110028915786,96.66698739445074,100.5495030263811,98.12385226186736,99.99457582912788,101.40866089099232,99.13614574599522,105.01361586738258,89.17936019685305,101.72325468010423,156.54490020652543,81.69975854612191,95.7588076991797,110.02125939162026,104.72643116095772,108.19424798168008,106.99193278396112,79.9410904137201,81.87038057893567,105.6321312877186,96.37873475891512,73.92040364082445,92.23609947783883,80.1840066977962,76.90070877960756,81.36281666669275,79.54938059513812,74.71351418926879,74.8325432038158,74.79126107481324,60.311291296077485,73.17291116898201,66.34289687139207,63.36497215438604,65.1697652183561,70.03065093646795,77.68860803935286,74.8113140240324,73.09408538917735,81.26594508485164
2009-09-01,21.202849534384303,13.930962719695286,19.25909544664172,18.845937766520315,17.682034137265802,15.143823344474605,19.55751367171737,12.68335902369698,10.047711459515448,12.063253311096616,8.979038770613284,7.3306333017278575,19.678525389980894,10.453417352358958,8.269688847597365,18.89341324646758,11.921578600763668,14.098657970050862,14.377713569744165,22.022954606509813,39.52963853956092,24.21125617305392,29.5189993197976,17.748141276346015,21.371851051842608,14.022883940850363,38.378223876088256,15.612954611494509,72.43056485783485,68.37490386964069,60.64219850554812,61.14425417268971,17.088132533415948,45.34318586733372,48.343345056956096,48.51950770246328,48.63691323069169,78.50734209571526,79.69433375593829,79.68160543705969,57.14124354579659,75.70292785241425,72.00921985394197,70.42856932301969,35.90807557916517,42.69606956453091,39.66201402871884,36.79841642215447,63.22078010411917,71.0714586141205,48.948570005487504,42.985208274822384,43.80159704640098,62.07046781400629,77.31870207391356,66.01478653005732,54.88456876805652,59.09814157231863,17.198968038481343,16.07374849434604,82.15063414089909,75.79648361004581,31.27521539208192,23.60868698206355,29.744747089249703,24.045909236496048,53.26884691055845,33.5187336654928,77.37616920913902,75.38895195593486,49.64793058944943,74.40794542882936,61.05941766997929,58.66170575371003,45.73667287861562,53.2497698360672,67.00860882878905,47.93476103480474,59.42891196698094,70.86405543226093,69.57386590117481,61.0971063161045,58.02038295330502,56.83467623622786,64.04602119699973,57.48348552667679,72.38623667555875,72.65215934112048,52.18372461934114,62.93273268510613,72.08068589169699,64.30579421113303,71.40895457875897,70.7376685559481,67.16252596363402,67.83466969398854,77.05493426540767,78.14303606937085,78.1576231851372,63.2433363406792,76.3219937199058,68.53404783129982,62.51679689315543,67.25765466594356,65.78262583552933,65.58993479804192,66.55996190647524,66.9466322720174,51.21278632100323
2009-10-01,67.71097593226109,50.86762951691328,78.49713879132446,84.77295792965438,69.4579643268126,59.54215682068736,65.5738437353692,51.73309859940471,38.82638928501356,45.44408818300507,39.15550855127246,36.00950779201006,49.304475823601,40.68779971700344,37.82594445754283,44.1211575247375,40.74603065188219,45.89984326182041,65.99979829063,71.41455424607463,69.46682508227613,69.18707929737263,68.39998661997058,59.13726134809283,62.49268652879324,65.1079530371543,64.63924229105172,70.80334902073807,80.89118453597449,78.59791504931829,98.41638665403056,94.06038103329269,73.04643720683855,147.5459164809322,146.16398266679371,146.54985631553947,145.68553913967563,77.67946187562238,79.02220547713576,81.87185262160096,101.98996730416545,87.6441989278893,117.44691444873231,120.48753848599983,131.58636048874064,140.6029967490286,135.10724896913024,117.71511587356822,115.00099534560712,101.27010624773814,111.49030982006768,81.74232258912211,83.10390064052902,114.09609274249236,90.29018819307076,87.29257622613783,78.33349885071198,103.89941862263174,58.70394932717635,60.63345961534697,71.98651243670415,68.91551314784104,146.88285925392563,127.40879813308872,141.6100980487232,128.74530655336724,153.7171668381445,143.70283810370643,157.82574768517193,154.30153720593904,149.33612742578842,163.5420030653855,179.060361322389,188.77000939149156,177.59519434718817,159.781508815443,183.75102321649973,160.72167961533373,184.13529143912945,165.566469449556,174.08960806697613,185.0257073635706,200.29344932883305,188.14462764805688,181.7454439437529,185.88068409012823,91.61699506551422,92.46677477275168,103.58033987519076,107.026736428224,129.89782786242466,112.1113828036619,128.17267838948376,127.56216126457464,123.42038054657048,125.72110649965116,127.25615009243045,130.31020672849857,131.52036355129283,135.55570387564674,132.92060534695145,145.84615873823134,152.62498045631202,153.4032262707656,152.69667547402696,150.3116176241371,150.24083775139405,150.984977141567,197.98858551203557
2009-11-01,12.118090245670311,9.922379305671706,19.581362246010453,21.68538680005912,16.203727987376144,19.10159084806053,45.49831649770846,22.66658058696612,20.249459870247197,20.878831095452124,16.906738022184197,13.680986127143097,21.909073719972245,19.13493720585705,9.580509990562138,11.896884743462143,9.811440792769368,12.880183536396348,1.8076529175063305,1.98435295445976,3.2222615087967887,3.8672292108949895,2.6497081195625647,1.4246201261502147,1.5361883502198304,1.5756691166196162,2.3364666763147466,2.110744297967916,5.879215942221831,6.887779775528534,14.142223773752685,13.330131313133537,10.80102475744674,15.645718449732527,16.580063640662598,16.49628596808463,16.572691674538238,3.854083205051827,4.095122315722005,4.878211925600234,9.376804206533256,6.172722853704061,12.79374559602964,13.789130487368425,24.87041108237748,20.354710431014507,22.85309764465268,24.19743410239297,11.786047527258608,10.850024484619713,18.73225286419043,22.26732434402893,21.8397139877151,12.508366357066327,10.482008469258687,8.969536768361777,7.16770817820601,13.982526331451522,1.4487179994766823,1.45944556697507,4.081787774076722,3.7534014261303343,23.102948761819405,32.001569304429566,25.42813807820197,31.32121448658088,15.707962611007725,22.6163310288884,18.67322489008757,19.649331256122306,19.267929549179577,24.47068312452926,27.38977549723207,26.10828653807928,22.73143221598971,21.53329570943351,21.54208211125284,18.903073009806874,20.193629969419987,29.82235699540161,23.871123364601413,24.13037836222129,25.896467143206227,25.21368906061305,24.63808230706528,25.267530528664505,4.563220166775559,4.769464113000013,6.099077726352091,7.087672691137234,11.311416292224049,7.83539891051358,8.94415773425338,8.69292136715502,9.455702740048393,9.82962554110108,9.143752163875735,9.267770814787408,9.08925397027457,4.75668991398511,8.553102688319775,9.463607359729076,15.419183560503669,14.06677260993326,14.289962642089924,13.7197730199935,13.959704041606958,13.789403313282335,22.95739040962232
2009-12-01,29.798574178043697,28.530251036838024,41.24467143225129,50.87676910118319,37.58912429004815,33.73115011564779,29.032313779384715,30.288613370657306,44.23823833941235,35.55808628556531,35.96600137089586,31.888375408510058,28.483180765663832,45.45111762700655,25.215453671892625,21.65206982242572,26.38913902656134,29.238110121245764,27.512046393652525,22.00208702640864,32.031812982073184,18.07173794478204,26.35996153072418,25.896004796335344,28.27332946602602,28.694035849123832,33.13754276381185,29.41759102734262,44.23568050270362,46.55051022863441,45.65945557548385,45.35486364228732,43.61468959470592,51.48881973529152,47.60875652674166,48.15642752795965,47.24978542811226,50.52934683404833,44.42839451470731,41.35627990847082,40.0623206928658,41.36061389126654,44.04049506191976,46.10729583763525,38.45889686717114,40.72783701694581,39.49823595323642,39.439664642880864,43.5308463374969,48.96427397856897,43.539457933306124,48.21083876977712,48.07513493614221,43.84914795027281,51.92812062342945,50.228790470388745,52.13959188904369,45.630669839821294,25.70113661828106,27.75121675984348,49.68130755699549,39.69927219852845,48.77960318301841,43.1264050528828,56.63783581978651,44.56167192329099,63.91597014183152,56.74512183560432,72.90985273734891,73.82891151055962,62.4831875267705,80.22590344844372,90.04253439907006,91.17609721412914,85.8126237196296,71.46317461373896,87.5440947480218,80.62600796488283,86.3014463690935,88.38178524356941,77.86759125295097,81.44549397545036,90.10396044459613,84.39886525676327,88.32232257344126,85.34044539413061,45.68644129068616,44.95923216754799,44.65534245122056,44.41149046457861,43.195590758804165,44.29056652441071,46.88315465905983,47.02340754649807,46.53793951888112,47.02559715119818,48.08594254889785,48.501184261029145,48.85918891010796,51.73194797413298,49.81839725894282,56.23144988018748,59.82369802155041,56.103222311048434,56.7891354635887,55.62890320564859,55.79375693862679,55.79301392783358,72.65153934126243
2010-01-01,16.850422296047757,13.681685648105262,24.895298086135,27.840383158608383,21.38099510615075,17.909888005700093,20.040831798533503,14.800100575480604,10.869466029452846,10.748367271544833,10.392312336558646,9.988290589052424,10.66591668808358,10.726831210464,7.837296442725049,11.285174253558797,23.35780876882552,16.506641597524908,35.09127064808755,32.80423863907019,28.932915948473106,30.71417011587656,30.78724265190308,31.368462199423536,33.81005009825643,26.80585511726457,30.58472161724749,27.63991074035789,30.942022098453304,31.230318795988477,32.859673090857015,32.462315352406,23.20609448487818,36.84938792791608,36.75608936043625,36.779212960473856,36.80924600977991,34.669606684960485,33.352535253205275,32.97199507538918,34.2952531649322,33.61146842453879,40.24297627471991,40.86467459381126,29.766638976441143,34.33118192641688,31.879210626985653,29.005318884567483,35.39441025390505,37.88782027065793,30.471387532220163,27.62181302523169,27.86588658314623,35.12434895012335,35.46544063051887,33.63457571570927,32.89320753785843,33.45288098573491,31.5896857706208,29.36404572621301,33.893022132302775,30.997592687609053,27.142539689702925,23.43323228639818,26.25406137588144,23.629435960154584,41.78898319651716,28.111124141707872,33.89503727402617,32.12620342603646,32.69497439157097,29.84979418704453,30.681994773160618,31.71033745873337,28.90814249061309,31.705684601166183,34.13706643468327,22.84652072567435,30.454580286913423,35.5900007704368,33.3804490237173,35.18582974099664,35.88694166129186,36.02811619704696,36.19226349233022,36.15995896629364,34.52238663116191,34.503886731246794,35.95663854129018,35.3132708150388,37.18837519613254,35.67021836247044,37.5725324944888,38.267735347770696,36.81923997479422,36.843006605508286,34.952089961355504,34.82002824836447,34.77503844617453,29.86686541790865,35.267307281161514,46.001070364785335,41.89093414274022,40.28835571340825,40.192936741611575,40.40380279742609,40.47200438040469,41.359735844459976,35.811717626504226
2010-02-01,13.451877907403178,12.050103800064932,14.776398257065976,16.646555507955053,13.505532347086945,12.425736930991626,10.93225636870533,11.525509194259028,5.036611285856161,10.189250577504811,8.592908034119542,8.878487910157109,7.510682873840119,4.0683166940865485,6.367426095747215,7.911184066096216,7.944209837659647,10.09569728557293,8.724794107755564,8.413226337915443,26.882486781005262,11.256544694289026,13.850410146740046,13.3088678972922,17.673712989242407,9.496128622799295,18.05621086171596,12.6692363208869,25.970175835681115,25.058428144525195,23.459829397756742,23.5590258118073,13.152217649066612,35.53457325881188,33.41898742681994,33.92750789718288,32.95776788648524,27.11861648103664,28.81729393213168,28.394086956235725,29.65325505653941,28.838063084936746,29.73936583699557,24.885479036915584,19.29770274649014,24.734526726753984,21.63555352387793,17.49771215469683,29.105745002288625,22.96261932846901,17.84403306415359,14.563915108433234,14.765798828870327,27.63307102792731,22.195694634396386,22.57277866916124,21.972465323361828,24.32907458790687,14.301313619615396,12.179862872199024,25.887991586758226,26.459237398002045,23.684337976171257,15.62671427690417,25.28670414450742,16.5324400090339,45.964935215300976,31.20632869996064,37.32866492880722,37.69297494503803,36.02844293056461,37.08210259768791,34.83045984970265,34.341688556021964,34.69256138284155,35.6398124765734,35.733163156465736,31.48624199416032,36.49310837972455,33.9996056288152,36.0278681689523,33.52705606623678,32.13795399345339,32.618385673752826,33.78304260569529,32.7806864187406,31.2587307168152,31.21416613440667,33.61844811730069,33.28426370565267,34.963970798947706,33.740998946895466,34.69211528282416,34.327384320538826,34.46971420020995,34.42450200957409,32.30416014836013,31.94357176462177,31.48304729451677,25.052209571204298,30.772216380242337,27.440571063597112,43.489884871496,38.09743783563392,38.18478291243895,34.788007781168844,34.28452862188599,33.49564853875188,31.636269971435294
2010-03-01,26.36836458872423,11.987765635820296,25.454982931229075,26.265048014440225,20.286630235263974,19.20790531664198,34.77586184526115,19.42061730346804,7.180926921202509,14.13441534048346,9.387498291356843,8.536684387365925,15.68968165940096,6.547474986599248,8.1136891055347,11.874935606982609,4.634209235324741,10.9611500362505,4.27007314807484,5.8168070437131965,7.517911305995387,6.916426309048591,9.078549612338808,8.296121126655464,13.239847107894803,7.197592964588731,13.630344713429288,8.555191505069997,15.815169953911708,13.994616455653397,29.027976996429427,27.13985229657656,20.06857519882427,29.978015585855765,29.3930754334394,29.42954807993691,29.399368408152032,41.30261821579112,37.62079719704672,31.275255411420268,29.175590043708517,30.126414902270305,22.40260277394285,23.18374701284247,27.646804651486747,27.17537973562881,27.314457264414383,29.8360886625082,28.833543999729912,27.50773328040412,29.681359713394503,28.685117343271525,28.67500143959139,28.759642804844344,36.41587427169088,39.4031492546224,31.143366679533063,29.112948821882814,9.858418603775892,7.903169014059284,35.83073720552505,19.13909777950246,23.981898618172632,29.13148799020889,27.674175916048423,29.11415660246213,29.535898936239256,28.797314593254317,36.19652254545028,37.369654335705945,32.27406622717479,36.71072739854842,36.11850028257262,37.99655171671364,37.69638322513013,34.18291721507919,37.7100549723122,33.31203119943231,37.43638254734946,35.30380596412788,34.85952218457792,36.86283047376229,38.807524223497424,37.47295385080015,36.38756349043051,37.33370176254365,44.56842600092462,43.87050302539511,44.50898490498304,37.61977556321091,25.870593290901336,35.631468321823824,29.86165989395164,29.852437830651507,33.8385569110004,34.31641253114321,36.54783768828707,38.269560006025166,39.26982665389304,45.0610760057057,40.17977345716889,42.01098465743393,27.80730303541068,33.4607562484608,32.87327205726844,35.33402866718784,35.36567906018089,35.771663700543684,39.29679093595024
2010-04-01,101.31157706625756,94.95318207972092,98.43318740433628,98.1762361584602,98.4965768183358,92.9132927718284,72.28451774473743,87.66737760934396,52.57770490701272,66.75687445406894,71.28306796413973,77.5857806750427,58.305259317419335,50.83410880887436,84.05068073303877,77.0237287576796,82.12253402434688,84.19706578641285,48.74608380177128,60.47806903771222,40.345045176408966,72.28692217473927,56.72620904044065,38.84130215376556,46.22576288944215,55.79548537391148,55.28835122290052,50.56140848386026,56.90185893766307,55.95502167278445,43.38122932608118,43.97156247155202,88.87882952839253,54.52328879142443,50.69898708546687,51.98681229425488,49.59642321569165,103.77734260790623,85.74330277119347,65.3879630323782,40.83237090138216,59.28713200718986,28.29373861646276,26.14242751472775,51.52882093795905,41.315902616856654,46.83441705033843,40.02999271311228,49.93645036883122,32.49443172385709,29.924191477447103,31.534160785258397,31.39095532317474,47.23639273752653,39.31418448028045,44.05866827437691,47.19528255306561,43.51768645483903,38.3143157209339,48.73126783380359,96.5995039821361,54.75473618557084,52.52296073552815,52.30315975997994,45.92046917341319,51.880479620505966,56.06152833606238,44.19273654031217,53.04990646475865,52.627845646340575,50.96743297718176,69.04058596379845,86.16096371109549,74.6601540604663,62.854051922613856,58.27279671576101,72.00898976319178,60.992944335018485,66.70463984821761,117.49796724481922,74.12437473322346,72.91487350222829,68.85025204747777,71.55487458908384,74.86154288383875,74.31727816402169,94.37204725807422,89.64745560806675,81.54636896104594,69.28021802991263,37.455185141711326,64.80986010436169,52.512421946225246,53.8671734003699,61.04851643831584,60.424233574567786,59.406775910533405,58.55864352021511,58.71248142566465,69.43410632931943,58.80902534391482,59.77254174429536,54.2434682309266,49.16107773535839,47.53699555905732,47.61637768297501,48.77515579631899,51.61265902378739,70.2673777808312
2010-05-01,112.69080402108833,85.35405278786878,112.7752094678026,106.78996690030584,104.05238414977444,92.50818287662862,69.10279739010647,80.56430254292171,123.29774660431812,81.3168782242745,89.87172439864726,91.74605428559126,88.25659048840399,134.74498710304854,102.11496896060072,102.1656443613709,140.47306817586082,104.26779393192407,147.19457437350667,144.5736174375653,146.71048818430214,136.75445495616822,141.06404592369702,139.96074919849366,92.47730970008853,138.71364188354994,129.03042421836906,175.26841147848447,121.34629603757014,129.7031330453487,98.22384160272176,102.25653374173255,91.96496312271118,62.09454091727086,64.04929807220203,63.26825746141796,65.2248125834654,96.21647305835296,91.0761447226291,96.36811535845943,101.25534543251436,102.80880967655102,149.6456232384238,158.0670094833549,79.28919170173938,75.99500372872623,78.1770422749144,94.46053809991258,94.88383542278967,135.74029872930163,125.49701775995304,90.67795281317392,93.1701718678629,99.25532338680816,123.35820619812692,114.56824028529068,117.521842271502,99.11487621227592,127.34180674682372,130.3465557467065,98.11460429514696,101.71509435104008,70.08352551148313,71.88383430296349,57.048699457254855,70.79861000989892,58.66490112923836,57.13190945686255,52.290999068229226,54.50308798547288,59.32910343405851,65.33660979153457,79.7909350014387,84.84308634714964,91.2057942621653,67.39574359998119,99.08556636828362,96.63495961299203,97.58996188842085,113.64129446104374,64.65171777787941,75.47900397186618,91.61674290135282,85.30509117640139,107.58723121588044,91.01996559163862,99.47115160262194,96.63395747940557,102.5575233910708,114.70765268017357,140.99827884242677,116.25392682122816,117.2679803444806,109.10837104753266,101.73913027714342,98.30194877721408,95.60067300344764,93.5967565964968,92.99662261664965,90.55614594837596,90.60458578143552,61.45113035566956,58.203774885522186,63.50918817513535,66.0771464618694,64.88791574192743,63.71410457761163,63.28269122440878,69.90143040824785
2010-06-01,117.69953576258546,93.4637530873684,128.68991224582598,143.60907301162482,123.7007668725894,112.55047897602212,91.46305635279488,100.2744069666962,87.56194406608275,100.13769408092487,93.97008799671032,98.01482857433568,76.77953324237818,76.14380876548442,72.29899347664868,88.46346245360428,102.2395932342619,111.01673702257496,132.97052080370764,135.96464438411823,131.15797135147363,157.50040270988887,130.52674185507286,90.31267289673131,89.88600850425833,117.54630637080145,115.32567656751073,157.1442375986093,85.96629607796075,83.71041198457516,109.5697764078256,107.88828275423054,136.08289442937854,87.39403566673026,95.7980121499674,95.08248066751052,98.0471110310926,117.42723965540276,108.52761987647564,99.60301590828452,147.92711934896968,111.09375432597864,162.6852884314696,173.95581815096708,98.07574986802048,108.41198134767473,105.15853548316824,93.44239550921836,114.72416630905715,138.3247845724274,113.93594621323314,101.48044278484224,102.50290871518868,115.66590656956296,101.2213426936376,94.09550900497496,87.92469240953271,111.01848304200443,92.22130886467424,100.84408453923584,130.86980324681662,111.5338528355352,96.09026648217184,98.37299833462345,152.9240334524156,105.16666238224212,98.77915356427874,131.45966728417804,309.1010748664088,269.0607853612876,150.53801948775967,215.23834687669708,188.0064280931012,175.7956238478608,167.3775307515338,164.67859039660496,182.0789810872225,149.91257477990524,164.41675121545111,254.1839376227528,256.7484496270194,242.3298647172719,190.60297737935252,239.38632843227515,224.49057850814756,242.0328667238382,111.78763697971752,112.61083304987228,149.76277703016643,143.5117254930357,120.45683456339464,138.20157108597496,116.00580377736732,119.67513623726472,130.01629628006935,129.4091275767169,136.50371744219206,141.0475993469241,146.73840661447034,246.71623274937096,162.85259635251438,260.57750031715426,112.64718934711024,123.86374036621598,129.6706696562598,187.2424101107136,204.62278225656212,217.34227090082905,282.69307944169606
2010-07-01,110.82981365951474,70.06588597661144,74.6144240989904,58.3138263812268,69.56747644305497,74.94755616731801,94.03625710366464,84.22062354163616,149.6820133553883,114.17027607715652,119.62400474799216,101.38131423865286,107.13607629012502,135.204779620674,104.5175309461058,100.84281101013109,69.50191523737354,75.44001328496589,78.1239567284366,78.9371963731237,64.87655156429736,83.70432323197471,67.8370374639303,55.71085968775826,38.19082533914919,48.77183020788512,52.05220730978675,50.74295279369114,90.5087171290381,86.33485415794274,106.08027180523322,105.0824545771686,50.22206272891833,114.32831060373462,102.407949825279,103.36260505808032,100.70758021594332,60.73323419793309,56.84163767113733,80.43166586140099,107.00239799582664,82.04409084999321,72.48224613216725,72.18246128994663,83.58147449217138,85.15401759177769,81.87573534856993,87.06411383615408,85.92037890675411,111.81322482703118,111.31520200614312,147.1749419333218,145.6161520657795,88.78396181840428,102.82654853722764,102.16264877338298,111.14639782766852,101.06255621006363,50.05535214895436,42.98192635657244,62.08806849414047,66.05163456881849,136.12027644650374,141.977368728809,121.92293554583446,139.38297220204342,114.52471670242808,123.165827638283,155.8245128983079,148.22067984761003,128.6028329016561,152.17096193424743,128.79775784018202,148.069699439832,144.07532292316975,134.74037814030393,179.63849023967686,164.63226665492164,172.74794958193462,245.03494190649036,167.3886297973401,169.6804842779821,177.6870672475443,174.0415646516114,188.12400506117373,179.25175168229586,58.25379140317226,60.11618262032589,71.69899385783222,63.09075226589252,51.99912264351492,61.7183322693702,46.55945964124251,53.63524889883672,67.77628895910286,70.65114605487123,69.56593373556254,74.54153464757727,79.67100166969593,119.7666052586068,86.84652382090238,160.82029024845446,124.76695488589291,127.88039173093522,128.5154670234947,139.73635964817603,144.91671907141225,149.9163632070122,162.6600507109455
2010-08-01,73.80631092715561,44.91946127078514,66.4708384550197,70.39107095595514,58.72298138984495,57.45612184318223,73.20245419309823,58.55007769779193,70.27414930951768,68.67339757206659,66.93081936850918,59.38072644750175,68.16444168519337,67.68572594892066,63.13614869404824,66.23800627591834,74.3141728200546,59.9142969720176,119.4856688709302,104.18067141085068,98.70472428162635,135.1833164691016,114.68793023219877,126.0860463517086,150.25084894672426,138.6071510785111,115.29940487400684,139.67150267331223,56.79798229702319,59.1033269019655,109.31162164566793,104.87478732514435,65.54901275783986,170.17261780713986,156.2397958102665,156.71271536981322,155.57518333091917,89.46895954966631,65.77038947937825,62.28775058527709,93.76900413281116,71.0081326128107,112.73923029247136,111.09581986249222,160.3797560261607,148.2421635849579,154.62709338799144,166.05492267342842,112.71403721431054,97.47381348262584,155.32806350249112,125.4985025026238,125.89194325764866,116.05399486635842,75.89159833456702,52.49217001244412,37.54851176109052,112.98796115361486,128.84153831275086,134.7404779830557,81.32439527153743,71.2059455402537,139.90989393405195,148.2124601062447,146.49354765899736,148.56547629793363,117.77774206873428,145.70781854310434,90.6700366404441,96.3601226986027,124.69910195082936,100.2777678693303,94.45633783068124,96.31895315839203,114.11636357897608,116.75031072649202,117.7827361526427,109.6227926788885,104.70127462152928,130.0806572280586,81.81473426689406,98.42777389058234,108.88815016664434,106.29033740660142,128.37623789873226,111.94011192117492,65.58876793601402,66.01002834367694,65.5028507631283,77.51782167713544,111.99617891334918,82.96298738061488,70.12246937262456,67.74494007566061,84.71872075318073,84.84857122755704,76.02442838425452,74.95411035037867,75.65023431524443,99.2778304372062,79.4801104896421,107.61476415616616,121.89317310744362,101.88462518419568,97.1573060601362,92.28915869187372,91.38427260874997,91.99088309273176,112.26338240853735
2010-09-01,89.23533351872126,67.36165095507276,65.47414465165113,54.41731065305947,59.468748875501774,68.04272737584412,105.328127451976,79.1012218502297,68.51876382371918,85.6989188077325,71.42300658030582,62.49288920711227,63.99153659532024,63.36862721340832,47.91778406708018,59.281765330061546,48.31840119490164,59.93574804539509,61.0743718182694,76.02657758078685,104.27133003716364,76.83137017939212,80.85285660160554,66.06893055365883,124.8264255509568,98.27213066138694,89.41290441297708,78.85179587260293,97.45802894883388,99.6261259838158,118.93526028674708,115.90632533901076,48.21421997137767,175.67986200922547,159.59250530755617,162.11282477365154,157.55280745485484,114.31483131827494,96.12294865471928,94.08437843465578,120.08153318709978,102.22529182768956,137.67581321344647,126.46010817546382,133.20789463194268,130.61113439295863,131.89935403824728,129.64612880149568,126.16171597287682,114.9684426354126,121.63348988241825,123.29177519774194,122.79411296976754,125.37264555992576,99.22962598107377,92.52562502493252,93.26514262621843,121.28740275318782,83.75159557777158,94.92847797657303,105.84284313474892,77.6802684391845,199.97920385780185,146.10733087050536,203.50163723168507,151.41695403108352,177.33178561589386,222.27244294818604,158.30968223770503,165.7366905750292,202.41289568933732,154.27696001234804,153.1997370802011,133.649072476865,144.82278679183634,182.5189032124359,103.13782918388958,133.7102409397533,112.55395422465602,124.3959483509063,141.18334479077816,133.35734682726152,118.861796300729,125.55590090979402,108.3087694863728,122.2453135185273,98.47155361203374,98.8252112086118,115.73051505712048,117.81533815776,158.03706339563237,123.03190256855144,99.71597058899626,96.98972313619272,124.96022970347651,128.17964830010516,129.82848847391566,136.41357461817893,138.6571911011621,105.14509054611032,138.79214411108836,189.01292428609125,175.91441806043952,177.7815665719339,182.21007004870148,190.88511171453123,189.895666212441,190.2798865168991,127.57738104599257
2010-10-01,28.858437279529888,19.61034772759569,26.721521332043675,23.02072328250659,23.53192933870364,21.20801512088909,23.117574492351714,19.70026143852993,8.537455494491036,14.156470682463604,12.685338183579576,13.464626065408224,17.848996961492176,9.38807483285445,13.2969977319009,16.7040273390413,12.12201506970953,15.748926522257165,25.1881177870873,31.500812493166546,59.721155623044986,40.05107918884129,38.11416268812574,32.845429326862664,37.37254053295887,35.77893517018571,38.664138145379205,43.96799643214687,55.64250328976944,58.845090223270205,55.33087556303284,56.07861495027558,20.75932080892652,59.14002200240528,57.19334532650871,57.09613480189884,56.73761364423838,39.43809130448516,42.38086470479742,48.27819244776138,44.71192906770793,47.16595729735784,43.50571416333812,43.02472814557375,76.2341222684009,66.0636664559142,71.12933503984155,71.1456568086667,51.18075444246974,48.28876076074283,61.72670963525604,69.42914217369595,68.58262172595899,52.05504362555446,50.611256857021104,50.78408313346533,51.53186150220832,54.91481578072095,34.05207791802133,33.97505195188027,39.18916103782293,48.07552724387772,65.6645905503573,76.815226490083,52.16281620089939,74.26178521112426,41.9194596758738,53.85274040640397,46.03085593314961,44.8287220284209,51.17422996863319,36.73819668677644,33.280567677106305,28.457316691782214,40.75873911860623,44.709146978517126,22.864401583624232,43.01414606174913,30.409802559352496,23.68176753356321,32.89727329518659,27.85586352521924,21.27727065767409,24.95638601116764,21.391481329900795,24.265091187623828,40.68224172423946,41.39599572067052,38.699304698878485,38.425664773566105,38.806257737367964,38.12118661777127,32.93932429714303,30.99580442413309,36.623974666517256,37.07029870800741,35.18470046580743,36.1644911458175,36.09169328439526,30.29060756953543,35.34544847453537,33.02298471034487,41.92323504006855,44.50497742404711,44.979435974610645,46.16055402536231,45.31168205731071,43.77102041406347,30.765064548785
2010-11-01,45.48188954969824,41.48712274895993,56.300621989580506,63.06606105628132,54.55167007111872,50.2589461813573,51.04225483282134,45.64237493589466,26.51137767388172,35.971435753674335,30.446836640268124,30.11483028195681,27.44137378599521,24.20161564726328,18.96326333063482,24.06127797568559,47.69855015964061,39.8328035212715,40.98330673668243,42.75276730252016,34.73883609201659,42.416896013963,38.279888841473365,39.12611424702947,33.93830930892813,40.28884677881745,33.656519362986394,40.36256497349582,27.762956997167606,29.65922059289177,31.37485267623854,31.175534730412632,53.18974015314415,22.973207923731547,22.81670815852205,22.48420079713192,23.22824930045921,28.806127873799216,27.41678163082765,26.72350093204752,27.584251835090345,26.58257879428683,24.808170810574406,28.793161259718623,33.693202127713754,28.100812954025727,31.309405774637806,36.739438847647335,26.22921839872221,30.427337590864383,37.71135393005703,42.23854383691334,41.93009456533156,27.521000740638733,29.3747270307462,26.907942329157944,27.07122744896622,30.59772233873652,38.08073605288703,37.98685188255859,27.41937067505882,25.879201476073742,33.94314568780664,40.06795857187773,41.90387782812381,40.5043961984634,17.71849000782411,35.638976960532474,32.33681107720781,35.20371561901478,30.46534138115295,47.24816382854338,61.01062911105903,66.92919554632462,76.24474098749523,42.96854523715389,78.05216933572694,84.90230899328888,80.9201260415411,63.045552634822336,43.15096174651703,52.78293549511235,69.98050161302672,60.07614682785498,75.59926504706036,63.28208303983495,27.934538654467534,27.81396802553135,26.585683061859,25.61774359961792,20.68914917331891,24.491947467154795,19.97331004042636,18.65035348714806,21.042111462836264,20.466693718139695,17.98338344943954,17.16093552335779,16.47087574131712,10.362948158701794,15.847108650410206,14.667900376865855,15.756521781013785,14.795861265852276,15.47324274562502,16.581442560034642,17.630798864000145,18.100048743883896,43.80525782148819
2010-12-01,14.226796457997851,9.573065807201685,26.07229667181393,33.252032945842906,20.331307451181416,15.981951185504672,20.60112908149872,12.597463003001875,9.993151523275532,9.258243931493531,8.37918147348844,7.591042025907096,18.3862078598704,12.886803860869696,14.911895644444272,16.00752297362706,12.362685752792204,11.453275156569577,16.24862013673671,17.29792273840557,30.20941355754486,21.13562946469616,24.729649385223468,26.096285006009417,32.84717722569261,22.59837580884351,32.96659470172115,23.27952890187364,37.3145073208715,33.99140689369097,43.74530963720232,42.15397655663613,24.7840951681399,71.75943953936951,66.78026387330583,67.2683190495821,66.26703786488858,55.808091700557625,53.21338987188577,48.55927812418284,51.10723277649771,49.76061128761111,57.30612740786888,53.45148896710259,46.1653955961497,56.84152260759182,50.68948323381744,39.55195565906243,55.515751838187576,42.22754538505053,35.76350084036271,32.31437608719252,32.32871582273448,52.91472563523348,34.50804339802864,33.19086391209358,30.10627136911444,46.14167615098604,28.276290857672898,26.20366393102567,55.84637834977317,42.67900032940444,60.12517006555285,45.56846251912626,65.39845883043434,47.473825355830094,79.18517880440109,75.9815077071113,58.848116730541925,64.47868262145354,73.94397074177839,64.54406765249756,66.37951851416669,64.76548618715664,74.91607680815407,71.6060057734808,55.18494476528927,79.7793281606222,69.14695918339929,31.48875439485662,54.91670446853311,51.62920747461557,52.13509473903324,49.445261467753895,44.299151483861785,47.47717727748969,54.99821057615223,54.53951404699296,57.16102966872489,57.2949650578717,61.42207556153991,58.355318301504,64.75898977591982,65.36086503286442,61.83382785684969,61.9993255202218,60.43872391285608,60.00590445216145,58.88334568985227,40.37955299593855,56.39082468062463,42.669886168525295,74.12821650171992,68.65487568305956,68.0571007086589,61.08177188657833,59.13993459265174,56.85804889967269,45.339173126177485
2011-01-01,37.57662271149796,34.54943154768203,48.71105586414547,53.16048046050541,45.84577598413748,46.956100361800935,56.82254447650512,47.48132901042023,50.61686686327829,44.08893219345434,45.56381040244438,46.0110499000267,51.55694297841042,53.32222662949552,47.95653924143442,42.8177527072438,56.37814203678588,46.675252287225646,36.69942154522534,28.294706875992645,26.836538885859323,23.93984317149916,27.16902099191892,32.99034261966223,28.74636539383073,25.37393022939385,27.37113361790373,24.887387302450605,27.578621668671012,28.697419982657152,35.36335800874609,34.311039078631985,39.67843126735893,33.89227462656976,34.330920435293606,34.37903909297748,34.35538008742658,31.94971651033686,31.731532075952195,31.23631368637152,38.341836423078256,32.78940995058513,37.819163538813726,37.51280736740304,34.29417408188118,33.94249149293005,34.244329547623195,35.918216395036275,34.16416162916816,37.74467540280758,37.79519388937706,38.52673658073613,38.53619550843695,34.69705370727762,35.63473546972889,32.84025827572582,31.00779979095058,35.45423043350063,32.579550407700665,28.6290841440083,30.784917059627656,27.0257108253403,29.819113074536297,33.25073188151355,29.082154518427465,32.7144596958949,37.71739842622153,31.63194808715257,40.67022649377572,40.20280886422165,35.68761241334067,38.56640740475132,35.200730409687885,33.58067683812589,29.26713923941542,34.98005538136717,28.85090686453732,25.38910145014665,28.05859574956337,28.16886464705516,39.1006889459872,37.43345120287257,33.524603385126575,35.697022617297634,29.653867141221504,34.35755188580254,33.96224443960536,34.26265588336264,37.18849171070781,37.58820392146793,37.947452897886,37.57816066410075,38.22967940950814,37.4167140135952,37.23002862732209,37.21122661830388,36.24981163000485,36.15335221790754,35.946899909814164,32.55235873407234,35.44889751080121,32.00683539155445,36.66138767328919,36.50468446993624,36.80597663862562,37.14059526663655,37.126919592145136,36.566989291175226,37.54976365530213
2011-02-01,30.73751051206409,21.54851087289596,45.88852853553874,53.52213201938356,37.347826828318624,32.01690886482587,44.36449466898397,28.36089361938068,24.642344045320662,23.227478933634064,21.028607413022037,17.88153361344101,27.98524536275687,28.46673587358676,21.55956884491076,22.967288751999515,22.14721010094089,23.182406041964818,20.53030298156889,18.362880993103744,11.464320886212327,17.219828920512242,16.144754126374657,19.62414082396065,15.83264561492377,17.9168542112722,14.814868197296708,17.459599345489224,7.889752459470899,8.440041614519924,10.624462592302654,10.53764347575032,43.662489241945295,33.54359694060164,26.7283353968106,27.27512326011197,26.063733980836883,10.868715484993674,8.1639611694764,6.782116070711754,6.092129781052896,7.127506967254023,9.997213327254428,7.120277453211612,9.800712967316246,17.067981725220047,12.6243628003081,7.342788188986641,13.556775557018655,5.144717937881871,6.026702118240326,7.669395912557621,7.532995013823537,12.3293827149076,5.1697384501059656,5.4610420388497705,6.708554777150151,10.730196628462934,18.55466528634593,17.511559331755702,11.4219484565571,8.95962836576752,24.948624156004072,12.861526877962188,28.60995777953964,14.557716310723766,50.07851539988346,34.717848786055455,47.69345294683978,48.751502914198014,42.425553444822015,43.83236001025427,40.10661078575891,38.61189297154211,36.13535447703411,41.31596931750257,34.191728813963984,34.32820631905291,36.01014847181373,53.13011239233954,40.280611540202194,37.665158335540106,35.01325629745917,36.99186237571454,36.63901313889687,37.746608230468034,8.176767847499388,7.876075595488102,8.956638133100581,11.584582971652774,17.05022687971947,13.106746078450874,25.81159936218577,28.629593450525597,21.87419088038294,23.54392148567086,29.218819366782704,31.327979895352133,32.58261452963657,41.23228720456563,33.32460357506989,37.08181898768176,48.01337497681688,47.39237582850844,48.594819062910425,47.98301371519592,47.12595762401733,46.11253759229283,33.50536557233998
2011-03-01,34.80955520651965,31.00379744848,39.67041599543431,39.52751553241307,36.56506933179196,36.76116047837122,45.94371808984828,37.79301166944768,31.16719209887764,32.69146444243009,32.985266975464285,34.22725405855495,25.74193827732643,28.345551578622903,23.640457478365125,23.326971087873066,42.31739687522624,33.68353161177337,22.18591406208693,21.104831269916893,24.228652168466684,29.36186764187524,26.38275031517263,32.22532266965194,36.84146818872677,21.14221515626948,31.555788913055963,25.43955536952668,20.72493058636998,21.72859134251344,35.22738006767691,33.55832366936982,29.11084089233767,47.07039768393997,46.47973856309507,46.45071136394251,46.84698268490538,55.12069879098582,45.44412880956934,34.099031041661085,46.44146351643936,37.002469904897474,49.11210849930079,51.63888522617054,44.343056547988205,51.83355622029179,48.30133796629632,36.29288583722367,43.0665174962329,45.770787500414286,35.12084284764712,21.51670413670312,22.33377554130772,42.75149137756076,34.78505775185777,26.776200618968648,21.308770691235463,37.018828954651774,32.9312125884524,27.215694611227423,53.192725733053706,26.020411021583783,40.963692476872765,30.077480095546537,46.97382842606099,32.222775666012446,60.08970720471847,48.49628696129754,57.28410216394641,56.58989755534108,52.88051065907873,58.43045913099581,62.76744107736856,63.16511963633719,70.88288021634071,56.644400240081744,57.394378820273474,68.64260086251019,64.23349355092202,63.92288346328812,57.42075832413955,53.37862363094448,51.906263235929465,50.99852214980144,51.61230602729488,51.16700433602995,50.72368508365243,49.66920133008004,52.10905923511136,51.34342092762396,46.29856599953454,50.62809512992549,51.92749162218173,52.48496177938547,51.76828872280844,51.869564739023545,49.89246318206701,48.67557570510439,47.47230223979253,35.29965769573379,45.93803825223963,38.45010956340012,57.77069652224852,54.339508620098776,55.71484006629024,53.58742469570345,53.20255825823215,51.86017500624631,55.1710478564914
2011-04-01,98.78918517715616,76.75865003265172,97.97481104409307,102.46241380629615,87.63029134736584,78.57653984419778,81.32712440560945,72.18247018237292,37.877414229208455,58.52388436328408,46.91347875066193,44.19458155996781,37.547950354755024,35.10894161839535,27.377620625692227,28.712445199805916,54.62908898101281,53.947372774813125,33.63417789309992,27.810353756385044,74.60677284256542,28.11789723918077,52.476345877675634,60.96012152716401,94.52807080428298,76.05068729600045,75.69450396890092,93.00182426639527,62.82715000428188,61.69062135591503,74.41008096642241,72.86578385371651,81.15877523438165,69.69394674241016,73.89303203455404,73.53873629155993,73.82972873017334,73.32329287154127,67.81359148004825,63.76307176898381,79.4516423902,66.89727760771018,72.2908976122617,66.94725538598077,86.99899396263433,79.667947781812,83.21641430359055,90.30944519717426,70.61349268629252,69.43004403583186,84.09155361527085,92.61254555897838,91.70696595751812,71.7642864021362,71.26899404122855,68.60319422038555,66.17831124999847,75.15527705014279,70.777684324384,74.14997655538743,64.57337039972107,62.71699890309346,82.10314671634416,92.05945484741214,101.2707752409182,93.49589082565004,68.72008549253971,82.64151053947687,73.02894653334565,74.78956781789803,77.67082532141835,83.85424113777714,106.72207497406956,113.73996902043793,126.65297152411316,88.9727206846621,125.04434970757376,124.02773435462451,130.51422777463318,99.48448790437386,83.50356464087007,94.44266020006278,113.70425897007384,101.76996158043568,117.05795824104834,104.3387787870818,76.41391079622025,76.59546937925504,82.5170863629105,82.99010722968671,82.72721843458204,83.12586126098985,86.26860541250436,86.45850681914523,82.78517212754495,82.57094272968524,82.24123392302333,82.87908540252224,83.83322667499235,86.30187214304719,85.16500803808142,99.29330610960682,70.37703297184233,74.95508400820091,75.71312011861535,78.96023559321029,78.88592459379774,81.01795231023827,91.12893197000824
2011-05-01,141.34084494362878,115.02905863165472,105.02089569441902,93.78170762870366,100.69673306337734,97.01660455956674,111.30453737015948,97.3424457085863,72.93281282967043,103.43221321604672,85.0479050988775,73.14182950841746,44.393234731590816,57.94199540355968,33.30353715980964,35.791214230628526,112.13237850285196,77.46460109329202,107.76976348022312,68.59782120967368,118.39153923724176,61.209791641589526,99.11178025445184,160.363205020862,145.14951631891992,107.90961919121654,133.60823380873643,126.30936067527972,95.17145674384712,97.24444565585236,89.6325095860572,91.5267475964485,95.95360077747142,111.66587109373997,116.4782204688623,112.6476934323949,117.46199071919509,80.69725373967,79.84553595885983,78.1491270989819,55.18772958992837,75.96744248522641,86.09492877768469,78.41134925668406,105.62972003812592,136.04958431791903,115.32341947600464,100.69884238327106,93.15566639950303,76.13852775735245,87.84029397728808,89.19283639621565,88.7060801097955,91.86616172091684,69.67394691445843,66.80145618910365,75.75523986872466,89.87794355022378,156.0429088935957,136.499362803268,95.63868489201104,112.83561721166636,112.8982977151378,100.14913177388225,120.0771250378624,102.4557587616032,122.53957778555667,127.25573020818584,149.47311942659732,144.10020674479264,125.88584360547569,135.48646446554503,137.31955508006473,136.89893788352114,139.12636497723932,129.35200823032287,151.60288700016352,136.02388510037792,155.58396653225796,163.1824950902193,146.5792950229044,145.41100211820768,137.30517415457203,145.28862145755977,155.34258000745243,149.0373497484186,76.57164616668982,73.70236230848056,66.8201411813954,66.91490882264864,82.37421446488344,69.69863470763345,74.40623605646923,78.25369581187132,78.27292814665391,80.99696079328325,92.53527555369342,97.57189932927476,102.5382126489235,128.99389906574163,110.24051031185904,163.5244333558884,123.1947703207686,123.03108510055088,125.43735000428612,131.47974588666068,135.26880698878097,140.4489163827069,125.66829363212976
2011-06-01,107.60643011185502,77.20564507670137,96.63386434988888,98.19403172558287,93.21490753625062,95.35908515418984,108.606422503074,97.56597593412972,120.73375931474682,113.50659460486008,106.00329212465304,99.86935911650193,135.8657769898876,128.44168404749158,117.58379089380722,123.83775227023888,67.89485018064039,94.05469340075533,111.41929867633756,111.42247720115432,138.8691330581004,96.74680287408674,114.44186385518007,132.75044099762837,128.41098912218337,125.2908129402097,124.4771589337115,115.61373311923538,111.86455377258105,118.9514703867412,136.04366300839737,133.32783018369767,89.73962434316246,166.77679091003714,167.76716773079562,169.20141860345558,166.25441595451542,114.58553499931767,99.59143243005413,104.74406412963772,156.31598552439905,117.00239309428704,159.01926860052816,154.7065736400663,112.04685611846185,136.46637540819071,122.89411765161488,96.97444551675902,138.4049185997139,155.75614792834057,126.18511259085506,124.60096815781507,125.5677272986877,137.64727448294587,148.8289657081387,134.01036322601058,131.37757996332127,135.89795419365768,132.04052873812995,127.86034005881996,118.80515309670665,97.68728428210552,109.59896617987005,103.25452105124268,105.7194585839858,103.28862407259304,155.82931516154605,122.63099499552064,141.59565691854883,140.827180631678,137.44807003906882,138.63426316510385,150.53079738960506,176.50559924354923,174.85361259072653,145.40122655650083,181.6709121676434,161.4803507361531,179.34683079922763,193.7864572139469,151.8803212649058,179.49043017678497,202.80354497287112,188.2497848783712,177.57815196122638,185.7900056656489,104.3979863308106,107.68852149507036,130.2118132074627,135.6855187262911,166.88682957221982,143.0065578224032,175.4572751917865,186.5522934212973,159.17544732860617,158.76089218605972,171.39861070712928,170.98396587319365,168.11443059323946,138.5596508020033,163.95832178878564,121.13442954555784,144.88383438423924,126.82431882308944,119.9811647740074,110.60851491821067,111.04537768221611,112.7355499817769,194.7993540871168
2011-07-01,33.257505749923325,28.014920876332116,24.3361031979972,18.869418581877007,23.73543573511548,41.408752825473,80.4031159128404,58.20066376438101,104.92888149446355,98.18237010365392,91.54633543602628,83.0703975646009,107.11147124913415,102.19648926336944,105.80463703992088,108.62455081674494,50.0757177761175,59.33711374822409,78.83896219714944,84.17772562260825,67.24477475090269,103.5079118755858,76.75888796624915,70.09707314683071,76.44364483559154,52.13325594364281,66.63428224026728,46.24852909998283,62.74867678312405,60.64571485644895,136.0371811956851,126.46202572080696,14.466791692226218,136.32814670493082,173.14041331051544,168.63576283343912,174.27344122572924,126.12566126834017,136.99626977450674,119.15812026536946,142.94728278701484,126.24216460160343,163.19507464217958,166.1140283148229,151.0534719544489,175.34721046439827,159.48344377616917,138.44524963849716,150.64706585405415,162.70327871846493,137.8674285016546,111.407747221988,113.01839435601308,150.44591533535177,130.33101791705093,108.7251227414054,90.86613736096844,139.88740984387084,77.3902533057723,57.72976095266053,118.94279635544886,63.98391113186332,161.65900817147212,137.831964862044,113.35291485472128,135.4046656945813,83.05658389157641,95.00101567943214,82.51052958796622,85.12215506460383,96.50179209117846,77.51078964037622,96.66951056731097,100.60821535113874,108.1360732937594,95.59498024811784,87.80721054077304,85.48706156015291,82.83986143154549,72.89818789984336,82.28064518653464,99.15589239631558,103.18415897405606,100.22613769074984,90.29854017988826,96.64124268281084,145.26085202884985,145.2174525740729,143.43086964821867,143.47769802013693,169.14020369984908,145.52696755047717,127.8031603427824,120.11375873509807,134.55754820022273,132.6926857783616,132.08614645496138,128.71029068640425,126.51953409388666,138.71564733987125,127.68397338684532,128.8642689659574,92.55667456446838,86.40360881579855,83.19613953754545,86.34918284829303,87.60386275791831,93.43713101523778,130.2590196294973
2011-08-01,72.7149177152933,32.086960563859485,24.565266566113877,15.50380477715307,24.06169342057782,35.19357623971998,54.53948769425001,47.050275718401885,51.033529671193314,65.26977802304633,52.49898243956277,44.32972684917269,48.0182209534926,36.82636858198088,31.27469707055844,38.97309463116164,22.158538479245745,34.71599555491677,25.112386950374084,31.782816720540048,35.63114888098515,54.304634180066,42.27673436711416,50.45918721148824,59.983581971781724,36.18544255867484,50.50036213712083,42.59683790516943,57.02794748406625,62.28925411148686,80.4869023477697,77.5582751503313,17.512308162316806,54.96754666867628,60.32311777443336,59.26402220447736,61.66437090775042,94.1211191966618,83.4035163569589,77.20917972634948,84.91608074958279,76.73445742118014,72.92866436616973,90.2646774537631,93.58984559468944,74.33958104397915,85.05492978706592,112.39632342981724,74.18262147398484,106.71770108716238,127.1505208531512,92.35565337557811,94.5524998251118,80.66529109749635,83.27359454187861,69.69054296029286,60.12629877814311,83.19817648615188,55.96307812794582,45.49606442390341,77.50405938732862,59.45660964858584,41.46506353164849,89.53665696196148,42.37859642006078,84.02410764478492,44.88173406827519,39.31209629908143,24.894198608058247,30.048945791653928,40.01458909036759,36.96572694186771,47.719971115266254,55.11505133081449,54.96976455727609,43.66465060520176,56.68880330881272,58.64495048685378,68.31446235426687,85.18272933383003,32.868183994687385,40.719685254737335,51.9133768757758,46.997346575734014,53.73948109749444,50.22189991781096,91.09651928757086,91.0069260365408,81.028741014519,76.12719755638767,57.05084295608382,73.1378537709182,67.12950689164337,63.7169208427074,65.67891651288872,64.11048749671646,63.55516270044489,62.54099137011276,60.90205254938874,37.2756392488358,58.16273401551136,48.654103159891086,48.88545735898548,49.36881539192758,46.591324918669486,37.6638577882818,35.63979825617756,35.76059473749717,43.336319879588935
2011-09-01,19.045735024376388,13.72133982025765,24.819299390004847,30.864855811452923,20.21755588878939,19.68494259428538,28.764208322391745,20.14272362946735,8.828777874615367,15.91498932073499,14.164764558031894,13.425215457565592,12.492199567293852,7.45005984112704,9.188483025064413,10.455773480300437,9.014976605348563,14.646390225534104,28.763909311925502,28.12971464817652,28.86487563181692,46.54159114069463,35.35969537101544,44.564368183283605,30.54330611002109,45.82088806179642,42.178735747177605,33.52902615947738,84.64680423301924,87.15130180665268,42.77912889640215,47.425864819304216,27.894908312338387,9.346443365358436,13.059454310047908,12.849807727445436,13.357290166526823,39.35224635904759,54.538209899292674,67.60062941209813,36.71216421831128,60.04171012868954,24.65804693769672,23.135099411637405,20.90467103742837,17.41473300512087,19.45265746149538,24.20496843971185,36.27225959872485,43.132933062376665,23.66191294422697,42.96327287010237,41.83617921341423,35.53727050478487,58.31709848858997,63.08569361086828,68.7284077561394,39.05541035516468,40.07840017829977,43.035938793067686,46.942607131717935,69.28215203964254,12.867374631363184,25.58167933275261,11.104755788935098,24.036024441175453,7.211805750001112,9.071134466435328,11.356476756116928,12.82012656908395,10.21960256674992,14.665406710447629,17.008717519138784,16.47404229944985,18.480735197947556,12.653880053821885,30.897047834414163,37.80447215455921,24.763932684695675,29.929272114234998,11.540553465010332,15.565835932365026,21.00845637849804,19.01896663939442,30.36875385528863,21.950420048877103,44.565124728507136,45.1677537316148,38.49752755885783,35.82010521859352,32.89925013469352,34.58995867801379,23.52979694071429,21.488946974505176,27.72429051948063,26.860961396078125,23.16437934863854,21.931282895664765,20.81458843825223,7.153789286717788,19.11315522172596,9.31238382523747,11.205165851064937,12.890243781675812,11.768989112981297,11.92482864626578,11.829719705888934,11.633642789503169,13.839456684155389
2011-10-01,61.51202737796813,53.240303123402505,76.71538254988407,84.05104132482424,67.35921311896149,52.661714460584754,53.186394519069225,41.47319996172481,12.399215028779984,23.969025956723605,17.175542420394347,17.141707525114438,22.675898792112346,14.742383239702397,12.106341474228104,19.365851928010063,17.67942082208248,30.926895757211703,42.86838875670188,35.58806914998802,19.503988377211694,32.94925912790019,33.15182555728519,35.452698278432905,35.67973100237642,38.3741414715967,32.870207207356785,35.58745868564282,16.086743159470196,15.333584896689898,25.204368564723342,24.24755219726574,72.11904571503337,34.28607174129226,32.91051463716285,32.786792011356354,33.08828566671976,39.15062395426138,32.30735190329769,26.792518190726103,24.03741015598273,26.279051055835183,28.67231202572142,32.655740378310234,25.689802640461515,32.91471630795772,29.118284644504545,20.42822263504537,29.46418296587653,24.88034817746111,19.428568166974703,18.515964905684765,18.673179247243656,28.437976153269837,19.700972642033776,19.83463182391014,19.549444268422224,25.853481332847178,34.22896328493012,35.51845066717573,36.15423342766825,32.718353797233846,39.64082131298334,31.559063206263023,35.646475159061715,31.91422952623523,38.007157659243646,37.25239952847257,38.37086927022428,32.452755816410985,37.02493354568836,20.20090788582136,14.790788039304932,12.863431811059934,13.047038228099762,28.66159707316358,11.13316037713441,18.106756480169565,9.740629340008976,14.148992274476887,27.890641647475427,20.288471999349657,11.719251270956814,16.410487482413284,12.397683278462129,15.515730816158106,32.37459643740225,31.49226109069937,30.40733742340617,27.92346864844269,26.00352313768658,27.60105524975192,26.56479463555476,28.46683667689415,28.647207604444155,28.95471805468604,32.45433799411445,32.40115741077173,32.62333974396259,32.19191174790395,33.61523346372917,61.28311178561222,32.134603490340304,33.70971322902496,38.49496356974174,45.19239490902025,47.59052538179508,51.05950362787921,26.96258451521512
2011-11-01,29.12048947931845,20.705201074938447,39.38666976259265,38.88662184896173,32.432667031030704,31.26114766154428,51.78618773150389,31.51623280003537,32.92426929550889,33.36504869074163,29.016575071279647,24.429602109603163,38.65845088343594,30.100590976342072,21.23162913116458,26.657368758932545,27.914842276243288,26.056440877605556,25.86084298564432,24.91434856692477,21.08492875766756,30.46015068151904,22.669256384845195,21.137160435423244,18.34587054339815,20.65725104448051,16.734877190425163,24.057391580140035,9.812378648469211,10.43771703082797,9.846309725857743,10.310643986562656,25.022369887586997,11.546829411311988,9.941403608916394,10.092796646709235,9.771153318371113,9.271056345351704,10.424809263811248,9.636693828212982,9.708483037326912,9.356432325408978,6.843007069801083,6.628461359494802,11.823593417723597,8.856318641686135,10.278198317347432,12.968831997627817,9.089026203460024,9.72439747286377,10.462034933593472,12.351120833386444,12.121994693103106,9.290978095846544,9.266443617187258,8.78693655644319,8.758728479200002,9.66242278553957,21.04872286246774,19.648691017143356,11.576621897573125,11.065923435911264,10.690636618235953,15.704343529535455,11.5922966656059,15.31039493502094,12.120841453121518,10.700092452331692,12.041892231328667,11.025498607882897,11.119937093872435,11.31032039055952,8.871491077087652,9.934251768754573,12.812913761265468,11.063869909483357,25.48012200281433,20.217456229397644,20.537555647342508,49.585376331590496,9.903343033597933,10.571194074510208,13.871692868525122,13.769933505370153,28.26289910576955,17.94973245972539,10.309671874882095,10.487389421718827,8.49416127461285,8.38643851618092,6.337538766430379,8.041883405805514,6.086282517421397,6.593947847817927,8.3166920273402,8.459742588657253,9.097840871350016,9.35310165356905,9.5704269587939,11.516112311954757,9.60336682381653,9.623161502714993,11.590938862837024,10.879623529316223,10.963881847939271,11.057874015943987,11.07462829867413,10.985173784582148,6.969269199207655
2011-12-01,22.918258267011087,16.62658003531081,26.27481205904123,29.14064330002794,22.367515852785772,21.987217124286143,37.025135189111495,22.58090681960635,22.762086745919177,25.233295852059356,20.225361024478197,16.034570270182076,23.077732623343756,23.551623079303532,15.940361263189086,17.698690675940394,18.751444077857567,18.64524815206527,20.44530777897604,18.83597606183068,11.721828732098324,14.328711956098394,16.453354278400152,15.49499279607958,16.51638614000254,19.10125117240608,15.747988113256888,19.622168087759302,15.777639241509604,15.97936508316162,14.749931302586258,14.6431896660044,21.00140245502252,11.88280072186735,13.547077720952108,13.41470732846456,13.643856898573889,14.447030515531106,14.2676611593075,14.158733514179543,12.070312509126095,13.956741310867802,14.394303429542347,14.020107019830713,16.770948705464733,15.473026113459952,16.17601692316454,18.42050476152352,14.159329243463212,12.665403218747269,17.105923472802573,17.953741391544533,17.781791385152687,14.310305563264812,13.090022030263023,14.722576120490464,15.767066347239624,14.899854478596732,15.250195654858627,17.14948514748188,14.823431644016802,14.246826645348024,13.169590952677911,15.62019082071613,15.043078989535822,15.570921832524178,12.860513575227532,13.088833694587136,17.550773305691585,16.290795422336874,13.370682894579682,21.0002507400069,30.41595361599472,34.92697732089496,36.22360321626762,19.89281250973475,52.96894303333356,38.97553733797867,46.86534560783462,62.33996974800392,22.82745234674887,28.803480354908785,39.18701315385154,34.19814760390116,52.544078271106805,38.51413104588153,12.805490686014332,12.75988596038764,11.945223272573193,13.056730320550331,15.743372965035269,13.61979896396122,16.140517638661038,16.39268555525837,14.115136372154716,13.950519562207084,12.998032809440932,12.681233544473486,12.360773557351326,8.684011969409246,12.018144265084208,11.193105658718002,13.531095758701989,12.222569267890876,12.173358214461922,11.87251545344018,12.098007294720162,12.280555401182072,27.191913559813667
2012-01-01,18.597661701102243,12.343290076455649,33.495713723680616,39.75921931149987,25.97569381344057,23.68629295675569,40.9085992010357,22.72469499911869,14.486513065288008,17.666381460106113,13.932781248812734,11.462484671358933,22.620288748739014,13.884176590874944,12.617442709742429,17.753572562217474,14.718064526954684,15.86530169468782,9.682710400011612,12.331688469199095,11.988637262253269,22.90777719785537,13.910649864194546,11.69337222148716,14.369609916758078,10.956554606764378,12.84506714222244,11.276207991618016,16.554515632584486,16.095831599557734,17.847010008889743,17.47656638732642,25.877521585485272,16.89281323850061,17.007487567224764,17.09883679600957,16.991817386888826,15.039117144759052,16.21609511257655,17.65185555499197,13.658597917723649,16.898608688455766,14.822714781352945,15.457616809054558,21.35302872964411,17.3372387806865,19.539742865833933,23.741262086292465,16.949133923779797,15.547647985498278,21.02910107572428,22.697868359139687,22.47322107581185,17.266863446197334,17.45389137414684,18.39828823042537,16.28922601978492,18.05709760403817,12.363716644448107,11.671304739794852,14.3671645825825,17.161663961068836,15.91311765596579,19.0006594931731,18.773837376309665,18.8596288898018,19.68900780512712,18.74369819278516,22.167018996152034,22.58987332565613,19.94828690809181,22.574025649480276,22.63552477817485,24.77924291821733,25.232285979060265,21.35930476906841,27.799634854837016,29.011279273868865,28.763204502224205,21.43551716221752,24.37063521568049,24.641728490943223,25.97196870077781,24.552724721123305,25.196885724869137,24.409767889732564,14.894409652049282,14.899130079896931,14.077116664824572,14.986526741346951,15.769300665451674,15.284095708626014,18.66657755881777,19.43195757714286,17.678216028418454,17.990693501729584,19.59302021894324,19.696599505868456,19.70259585720038,17.187695105047478,19.32081554388948,17.834648143423212,20.27138678615436,20.023022038759443,20.12782024135513,20.501817716492,20.526579597741417,20.360134389135904,25.39510541036459
2012-02-01,21.267516106397085,16.276018110420043,32.14804359282316,36.29233493665683,26.886357884743465,24.06914877828176,29.05331823179045,22.06711136482561,17.932253269726765,19.48397630813767,17.805872439749855,17.431952580183367,16.777545506486874,20.03713450713997,15.114058698486344,13.246711379287673,15.383704788958472,18.93555293275373,14.709421422005711,10.325395239184092,9.782250706675232,7.677100428129853,10.448499240172431,13.80618590060833,13.189908230862487,11.683194392770814,12.350195955805294,11.472148531678483,13.22513141783586,13.22930938138301,25.737502576829524,24.134262180972147,28.562808418050132,37.53535387478843,35.8770559495723,35.74199370707421,36.080472176071645,14.177151747582185,13.263429964451388,14.63767867861419,23.167729895646385,17.364004329931724,34.44337690107599,36.472551149776415,31.13549006936201,35.33977018026197,33.082921746167564,28.667774353911383,27.384386359842185,26.45798329726146,28.02697433487048,25.13529773162301,25.22571794844934,27.41705174199099,21.985153328789647,19.98234899198114,18.507473343815683,26.21279692806953,13.516283834733107,12.609886193268226,13.418679385283186,11.801550984635249,36.66541630998738,30.673825132767057,43.59555337806277,32.166282856973815,43.93035525947898,46.91662323273425,60.556842751158506,56.938602990679016,48.141791476008976,56.05649352466722,55.831151194302265,51.60044692024698,44.61639765989984,49.33974082673957,41.40340829978077,35.42943905066466,39.40411341749158,48.3153019552891,63.27964917524385,59.93151911456541,50.00566135495648,56.31728716087843,44.54221949606253,53.9944602627129,14.813392399967626,15.172410146374236,19.68581112876508,22.20651846585582,31.62481891519033,23.846318613024437,29.61869288650502,29.85600264489234,27.112761353324668,27.80368521967523,32.42301506465265,34.57681554710084,37.69117278087512,71.48037212713635,41.94392931456932,70.42234217467609,41.1570784537619,40.79032489178422,42.01824385289118,48.66293726216213,51.53951386657441,55.53616878127867,68.39952888188931
2012-03-01,40.42218605496949,22.34470871224433,58.86879895852445,58.27516027142861,46.04421616599389,45.52439090772448,80.99709182017534,46.61979213662544,36.39995626206288,41.394535136275344,38.559201566930014,36.15181248562385,38.91806575669685,34.823789165247675,38.8361178472638,41.416477514512266,30.144472261183143,41.00771793880179,29.23985694455346,36.0909068158316,81.54715930931754,38.609465956347016,36.56789291185808,25.80547157156301,21.780126661540077,30.05505520628866,32.180191227673866,30.272281014110884,40.467265159614456,45.52159992084405,41.71192426320828,42.83687484472836,39.05783468294388,37.157105509099054,41.5631524206271,41.02043578786554,42.07452952018103,19.714956328323613,21.92857221965054,27.033640867256477,21.34957241867658,26.905083573552428,37.972728029670776,44.1177926468884,44.17865361834479,45.914271192434505,45.30801524052554,47.15686141441471,35.92624662107336,36.38983196766775,50.90979426502386,54.97727755665672,54.96863561876091,37.37414742019592,30.11601371047645,30.174464121144783,33.30391358304461,40.950769830828136,23.287922456616634,26.9096125117037,18.33801583070644,39.32191143046711,36.54262572231828,41.917948176171,43.758565330218765,42.128507538515855,35.775194956152966,35.32676438897143,37.32908119237037,36.72846571760014,35.520848431345534,42.0322823310856,50.37941725194539,48.266532557234434,46.803841782671554,39.96078613189388,58.13083174050952,48.51783606257128,51.32262865707043,92.99177346225105,38.2889173347371,45.980324106856905,53.58740820162342,50.86499493441112,65.20088244956997,55.09686472274203,15.965604034585123,16.15940665108387,11.401153930725537,14.625791124395148,28.82461981458024,17.042289118001005,14.690297314287005,14.558327329872702,20.189751986105595,21.281863692797195,18.230143348900697,18.933106786358824,19.766441882314904,18.137419039304834,20.395134092067543,30.71697581083115,38.79885675671109,37.957061051115296,39.46327475083377,38.575674350189786,37.51852821232105,35.95223103482055,40.06766106001132
2012-04-01,75.01134275958613,65.01041504324395,61.421103608455866,60.414163306494906,60.352286127496924,61.6386519455306,83.86614815835877,64.69437572584228,75.93013791465282,70.73759601907044,67.51592517526397,59.67202454423712,71.974076030492,79.13937053061939,59.54536495474416,59.155513107358,69.51322082144617,57.38076949638839,71.61066111675294,74.90765602302393,38.30179309543091,76.7728963131448,67.8818552000515,60.17585017921155,50.41656985237461,70.37390271639421,65.27892936925156,71.13946146632094,37.24679579900206,34.465063407106044,65.63771896497327,61.042284949842966,57.67729936576392,104.3702964444599,102.11603053697466,102.60904910571246,101.68371269435154,79.15900239048923,69.95304455613002,56.88179599576452,53.573643947527295,57.32257143738008,67.73823048298597,63.56790466958415,103.10915232220152,99.19254986370468,101.2741311612042,88.40746130952982,76.57144259760938,53.49888113629776,68.51612366749151,63.049943761706906,62.72249102039933,75.08622656669965,49.50685782176415,47.38381766433578,38.41870307528376,68.94614594470697,56.12620821867048,60.731424604800566,78.90990580064793,60.08149845156776,87.49254051271197,88.11034679788068,90.38118778706182,88.36973020433535,114.57137759608048,95.84048635201636,107.69168451666349,105.32538187833336,102.72090456763564,101.4635205896232,93.473175774585,91.54381176465584,83.1799918176895,98.40540236901003,93.96017199996288,92.45363123520411,93.2311875115804,116.61101737153014,99.57118755098452,96.39341854566882,91.67740995858372,95.3639143058708,98.02664960560506,96.94894929651424,72.80449986829981,70.36923682839077,69.62270527993846,68.87440918666316,82.55312994974699,72.5901179814256,92.7439223217394,100.04964082069498,87.65824907950132,90.10492041729448,101.12058045578888,103.82348270084836,106.11153271139548,132.2796455801077,107.1528352375551,90.65292163808842,116.09956090930936,117.05893210020764,116.52262215084576,112.53130338249166,110.23737750260504,106.73917690874624,91.83822852080368
2012-05-01,89.48897972927156,81.85776921342087,64.76128310504176,58.39103311286273,68.00049628441919,74.02851805648828,71.9425716973613,79.33302216970714,45.8198308465186,66.9667163393184,61.41346944763538,64.46332591392795,61.189780225259526,41.58251974977778,58.43931393151623,72.87139416704339,119.7566355722531,83.04268905399785,125.81816299703095,113.52945523978616,81.97843663355839,105.4026041684358,99.2431098040022,94.58868672220731,78.47272964840157,107.14904382715947,83.19974639377055,110.1715063140022,75.73227618162052,76.32532385768195,73.27856309590956,73.89413995406967,54.815431500341006,127.81671477370112,103.44964810427788,105.91185220253092,101.1817083697829,74.04008028177334,76.3654606121421,74.31712787692105,66.06759190560965,72.29811919559981,66.94074336127069,68.23683819854428,112.54980110899604,87.80583414968949,100.68534755084202,97.0292448911872,81.8064306266827,59.59086553503285,72.79828436907817,79.25152720522073,78.23304983676766,80.20514723396454,50.31197168543496,54.85331501543135,61.97334108134449,76.60439457202843,88.42409807890664,93.48918984933913,65.55502760971362,70.99435697031431,215.7631427553302,207.50061061750696,226.3477384608123,210.6539154218337,120.7049987289172,181.74754996896172,195.36124299648844,183.16192417305865,153.54717015434682,192.9856325167576,148.17923615440924,127.61367882118196,107.85713581443116,149.60688270204815,73.30176085518241,68.40002145841467,77.7772282362946,97.97256417143504,208.6831007765632,171.6064109808541,107.92889779530368,142.5613459023539,80.12500543292282,129.28975961744362,80.01560854974221,79.20065728430393,68.37540659256459,65.41603877697543,54.0913279211798,63.91592999944395,59.5567067778799,64.42368280682128,70.62302134669483,71.46072777238591,67.06818934094113,66.49046373934863,65.45601007347503,66.98041232710385,69.07141420323772,127.3334847373093,127.90174826641066,103.63340044327254,101.36434741655673,100.12924325932786,111.0056105107938,120.06215240501488,187.2644646316033
2012-06-01,191.68422918515293,161.31080326806992,149.82286449912115,129.07492321981618,147.3598978344166,157.42786427031317,189.5245689975497,170.73667762483586,108.51879903135246,150.92880097194995,145.50741979701726,156.95723085260448,119.58916367307415,107.88720388179232,142.14082542871776,134.40249581941177,106.6158265501518,140.46113954071924,88.64031348412124,97.41398833099818,69.25021770688716,125.38398673605931,97.5738046006158,63.950911783352666,92.53932310255324,84.45245802127549,84.25659173396072,117.52942922838882,74.95930618326176,78.89633831969171,84.28041391795057,84.21592094332188,120.02222844825792,138.1867190483164,132.65444736886778,133.457654812293,129.66512463154535,81.57214392727992,81.75483042743537,78.35512816102676,85.26168403390368,79.37025265950835,78.01746756681737,73.04761249294006,98.72818037517246,101.35415194672396,97.91898645003896,83.60585008099592,94.4401012307016,76.46089072707657,70.42368717233224,72.63343893649746,72.38699766076704,91.44216451843278,77.7367955636415,69.77945060900467,70.55071017555669,85.55762861378187,70.09660336543715,75.46783140412202,80.7723975556561,84.3996239901192,222.45351541476984,141.86785748282756,153.45859104111446,141.35362507069834,87.9444810397303,162.9616546754417,48.80268261151137,65.3796741315203,126.48006990313932,71.57799394306619,83.07334621225537,71.25242436871186,54.9767123038168,105.97256320298828,57.42941781972264,48.43127548660079,51.86663615021038,69.53298686312795,55.84866580319368,60.26077116011509,62.91666176817976,64.04632791737022,65.64483431136965,65.31009430571652,95.12658740380438,94.2559525157092,90.93113394067475,86.93988183569968,72.96852151758911,84.10263210394962,71.4547910763727,69.04197900584755,79.42462698058978,77.69408009471852,78.63221694663831,79.45520233421529,81.982471985396,88.47460773073063,81.40286650370601,84.52528141853833,83.42325057159135,74.2570379751608,80.16137805723407,81.63043469951003,78.41654302204778,78.77164365059716,55.64613765821378
2012-07-01,69.74901614377708,47.03249245695653,49.27338008516566,35.35814404642443,44.917811619563416,52.54364347520884,80.51901254876734,62.175409949203576,128.79143134776132,96.17779376995765,89.89233273367654,74.50807564376596,133.6431721064576,133.05917430515848,100.02464298866909,107.79325228952412,41.97375712102679,60.30204828388859,92.70334954773853,93.16870213087869,62.72989781582213,83.14168964096665,75.11875832226394,71.21721558808268,63.01920226669005,56.26800582783626,55.90011774799955,47.703660586888354,67.72745386869363,73.91216396804899,65.72482704740985,66.62449493282088,25.41263570487306,67.62650873464074,82.41096694291905,80.87443838370012,82.08910383580854,39.4089976555364,40.01008343575273,44.646813085167736,43.42384684254184,45.10464422696971,47.82705021531595,42.39606013786264,79.92096904703956,77.30741432387049,75.50900132420469,84.49114174868771,60.27879269890521,48.26877023554798,76.64285566376743,85.02496976931954,84.68245811863902,61.06614831612668,50.01326363321114,52.627569177908974,68.25110521383286,64.60854365735342,68.96212583674911,66.48659357520181,33.82282611749771,64.09132742761159,81.20901170936114,114.21766679316296,70.04778105279384,109.90907690610966,48.4104166250236,68.32914672588898,38.40713782646949,34.87026121120432,50.59775016446818,43.62048124071924,49.69906901250286,47.17949150079851,51.37796332797946,49.33300406596488,36.55058624369614,61.991681940105295,42.89606113490112,19.458611357694284,42.45102153633087,35.54592132246752,37.08357247994301,32.33306208616933,27.16211012456261,30.200274339332758,43.99079134461624,43.89513870804287,45.55991497234653,48.36493084757716,69.90966583739642,54.11939281250334,82.55138833984917,79.18323089487504,56.64054837479112,54.438790555765394,47.85489739939931,44.77991548534021,42.2209808444366,11.520627824349445,37.83935958252107,11.976785119326012,51.13428591572966,33.70866452605111,33.619804039594975,28.180333396444748,26.91154358576447,24.549862877071984,13.255253782787475
2012-08-01,51.6734040917846,37.793636872198135,37.35842435423573,32.076628473653514,35.37247587605689,36.48491933352698,48.16564620989661,39.359004546930656,69.71256560217611,61.18568965430285,53.54125722405917,43.89706735883159,79.12705212385727,75.7056767642264,56.37570482667295,69.33856387181818,13.728257035931644,34.709766491456,22.104698877730563,44.413334568332,45.80702408748918,56.303147303850295,47.32134678139355,18.732996908551687,32.01098184947993,36.82091336672126,41.14512277475279,41.59224670039556,48.10338795376819,43.768007319360784,53.752864217789984,52.124467547442485,28.60331308020148,46.698861519200605,56.4915432961496,54.40962893640888,58.16119358997462,67.04925551157956,67.63901161003778,56.66695790158969,54.41540090899922,56.0284317160545,50.49318967247768,46.54586252243221,50.90468998785073,64.8737836826733,57.91753359482018,48.73783095912225,56.50908379938344,35.88576198556658,37.21834138429784,55.0497138379974,53.4018048070916,53.55379835886707,43.81181382776217,50.69556428845004,52.99732806622873,53.2608898383293,21.595963520941023,27.77237432494539,64.77490852172265,60.997431518554414,38.84503159522297,41.48137542579662,40.1708262066463,41.46500421178564,28.420767564193195,44.483841441267536,38.67279088496995,46.69543853702746,44.686084835706,47.29346840377664,46.68562582483396,44.19308945201935,51.9848833506515,45.682859803997374,45.29426488172373,52.09024115672377,45.8061738088482,40.23983989941619,39.851593440115856,40.560810479912526,40.11933622120889,40.69211544756888,40.317128531257005,40.39839738450051,72.41396185779438,70.7707866783073,80.28553028525886,69.07506725483509,56.38831920838447,64.8372647934732,44.76374060129029,38.25279532513824,49.50398299668584,47.43079188781857,48.62826254535707,47.57919787278816,46.66331532095219,27.380377186737984,44.493951418314325,31.212546879562893,30.46891103826494,33.2327654352449,35.32880117199844,38.25394604469274,36.98540980323506,35.88904597749968,49.32545728330145
2012-09-01,13.954252092196436,9.102984893032232,15.094044214180204,16.756806486603114,12.576757253810024,12.739742971830552,21.93522892854009,13.863090549782116,16.020416134035916,18.274289832227414,17.23123968231084,13.277121860841346,23.83495189336604,14.386685589658644,19.014487712271805,19.688638255108295,5.104641708857402,9.585980443706042,3.5498719803666487,5.067936866641537,4.833922042608586,5.811780271506609,4.922210181987683,3.301158770321437,4.699699186868765,4.147372251495887,4.890999823324405,4.292994612261369,3.369943078035907,3.513950957794524,10.584443395071498,9.853765532524545,15.17727638274068,7.749924865142282,10.215682458824574,9.930856249956362,10.390806423529456,6.304371036126477,7.956554994472496,7.28767846317325,7.311548936040025,7.606815134855602,11.05059260868444,8.72036914610541,9.566987536652103,10.68070321133369,9.81787906812788,9.33219216276643,8.96603143524042,6.942816510461959,8.767248708125043,15.836577592511633,15.333867458554591,8.766995618033972,8.925478450654996,6.69552700554583,6.708239625096221,10.09044839261318,3.622177124695701,3.658899376578363,6.182698647130391,5.515563735373409,10.14211558025658,16.209387383232674,8.103038911345221,15.456727425011776,4.683142609429785,6.91894988169468,20.33118338201825,20.220209298777966,10.670440579889922,22.98911638177396,31.50759153493411,27.68869104551313,23.873996268427284,16.06985166877414,23.005683409157804,21.121970916158737,27.946582929626484,54.72147738085487,28.02933658295167,25.468513883894342,19.921394784265388,25.80636826732983,29.657714945947504,27.997974780038376,6.856290627363777,7.015535244111001,7.615253547639516,8.44081686901337,16.36643174923452,9.839134505119484,14.94486557008969,12.272927016361438,9.412754346725444,9.207036683598645,8.748435669083097,9.021650764199997,9.836425285397633,19.548394186997527,11.424906923201943,24.221875472437755,5.50262870531922,8.350018331768013,10.012101865735213,15.131400902496638,16.273428667516935,18.116274550828123,21.549625587777
2012-10-01,53.89682447407804,45.33643369038705,60.71853740001991,69.51325014610154,55.71758096697884,54.51350398387949,67.18288013294251,54.35495969958351,38.193417971490206,49.84045185403669,44.06675863827658,43.37475444260055,44.8668975496436,36.14582927230288,40.77632999189766,45.09310666169325,36.40104813439976,44.27842801639033,34.05077708552425,39.66456033736825,73.34569806205631,42.08878463118248,45.728471503836815,35.53242314320775,43.51589809425894,40.95464921677679,49.67106510173305,40.56933989155851,84.71776071075742,87.80462729274754,81.7914225127356,82.95607570863582,61.451889711843485,48.17536587507721,56.40496863135115,55.737360202761,57.304672078363616,73.9690100958606,73.25830531718806,77.68912676003771,74.55273186351455,76.33069369245207,69.70409066181232,72.07464747104015,73.87172226579463,68.58082911314708,72.24411607253218,85.26198734372126,69.80432723858378,79.40844510568081,89.71325004328762,90.01000783206662,90.00485721773435,72.00205332295604,87.29953047487132,91.71114835521134,97.6684266072685,78.24552487944581,36.714726533262834,38.37458477972488,72.35602705237847,62.482097581483885,31.337847379719527,48.48108009664593,25.28802248426353,45.79689062312213,48.80569874954424,31.104174400875596,38.20242068430869,35.49473326194659,37.68951960620928,33.20216165555311,36.249796805439104,39.08319933617357,46.55261671582632,37.9165208183099,77.05898344472847,79.94397068542412,69.2105710415559,116.46028187197976,34.911553113471534,38.9714896629886,44.837942444838,45.691944937487165,80.56716863002838,55.19257577511611,71.16194329358262,72.27422087366267,65.4428400120209,64.33785128947636,60.889388730567084,62.83725076100443,45.58622827479888,41.94759842109317,56.27593746598114,56.11076377551444,47.03625442130897,46.36400049035366,44.928954947539424,23.298123544659955,42.64636963833917,36.55283242711734,53.25910231031541,52.93381414515901,50.312463606461655,45.85442489846027,45.27150911771485,44.6814229292984,40.20961197280352
2012-11-01,33.60907344730466,26.32800356344638,42.36542927885692,44.5534974059874,37.85055793029093,36.73731536019554,52.499240142757785,36.60390610606163,32.76039464148782,30.103350571889667,31.528385153475543,31.711760294492198,39.035446209019085,37.96527096830921,33.30457350901184,33.84828251863926,41.20511522085603,32.96097861400213,46.71212720802094,51.54388062268149,49.13432881828697,61.56148051493145,51.06838343547958,45.99259969356729,47.58202239315037,53.77462994611204,47.55332082237063,55.719079233305024,47.97613903823036,48.63061671566054,31.756499606669745,33.949501522002606,34.93381354513546,17.12404861588673,18.66015087569732,18.37895221398204,18.87770189446333,37.18897648460443,40.36956111860059,42.60121132923172,29.693527657486303,39.212278284167226,24.29034684723035,26.776729224842438,25.547764899838658,22.3551487107964,24.05841323511418,29.307562517584067,29.44334406099993,30.99952536086976,28.97316735215937,31.676428889873243,31.49531234263273,29.43555764817473,38.13457207041749,41.79096387274348,45.90504336755285,30.861428358283064,46.41400218431426,49.28865990436096,38.5314641593594,49.32341194645702,22.645433653484424,29.39702162133074,22.22350862870513,28.739515048136248,13.911658761788225,17.655510826984376,15.5295768669725,15.7043460916094,16.398792223472896,21.25315453535247,24.608152767410324,20.263822072566125,17.87860302959945,18.038967580852923,29.11271540081031,30.781012926352464,26.536501960878294,34.79689287972165,23.585146774170443,20.610133197152344,18.840564043353226,20.26382136606338,28.9121935223317,22.3261201814712,39.063629676576895,38.6465196239304,35.34242985138238,31.926064852683982,19.266107175968312,29.406013288111826,20.18718735531677,18.762017667062192,23.829007409112045,23.08979534788829,19.65027653511137,18.889317093620225,18.11900842738536,9.000915343832249,16.80713502131801,10.108519503036227,13.64335253618612,13.7484682150333,13.182600070450688,13.285662340433872,13.200910056106224,13.030886110820656,26.615134727382102
2012-12-01,20.89017097473138,15.466222911746035,32.870458535867456,38.26879072824527,26.48616403429079,23.356453443803503,34.13286745114673,21.68018970515667,27.849121648086925,20.77974634526478,24.301386295803614,22.857186261269057,23.88155441099358,28.829936486711876,29.45218396485167,25.74064135509408,18.922739638494832,22.237204568173876,25.46972429699928,21.48560069029677,13.40081602147721,21.43700089648199,20.138517384704837,25.961957612655816,22.247015784738466,19.976646274127123,20.68557419400437,18.524824898975048,18.43408662692521,18.847602659249585,18.213278091403676,18.145702791173804,25.79244725220052,27.19549030349727,23.33880951200669,23.676234779780817,22.93451565742829,17.86528697633504,18.379185887891392,18.062645342890075,16.010420429879492,17.476942481309354,14.867971535750549,14.816934688014074,18.607411057754188,19.598884517974835,18.927293498470863,18.182094624867727,18.77424477091982,16.640877413960446,16.81355422339645,17.3556755991309,17.28462850018743,18.50153718238373,17.54060793282416,17.842620492844045,18.681396052742183,18.190406140948177,23.854872430576943,23.366672845213493,18.35749949769571,19.047445085854427,29.572113051243797,24.6554888963433,35.803997101877,25.944030164723227,32.57134176545837,38.4897113659901,47.93854927155616,47.53826140487723,39.30960296306146,42.71304869537605,36.685745348766005,36.36084473442188,36.18506103405354,38.84496452616203,35.83894787932908,39.6928136049157,36.68932995226553,43.061342280007295,41.77216622277079,38.47736053798979,34.87767655242345,36.76617297880097,35.701068582182515,36.72936761016163,17.87212182298029,17.857289748917875,16.77993073380375,16.670554967347307,15.794563062035133,16.804260387691496,19.039226633134124,19.38065811637392,18.8746601926105,19.36101210728707,19.33774815625596,19.969235911391365,20.39494904578561,24.085274382058785,21.34967274555541,34.30118599015777,30.7278694764204,30.65625520931058,32.097472155103134,36.520491922938376,37.98272147085676,38.61171318333708,36.684395936878026
2013-01-01,18.9001748225149,15.840132458962769,22.6307859517785,25.925890018683518,20.159572700655733,21.97359571075461,34.096349211826734,23.749087137370253,31.887199325235947,27.858989006420384,27.09137844243885,23.279253872753223,34.67256320267283,33.229584860302715,29.38038287092412,30.63888912420096,29.688989669620923,22.49315340876042,34.508981381683284,29.940518803735426,22.150473545440995,29.41501788879776,25.55994911189936,23.218210570831005,18.58258985111149,24.39135322309803,20.291313812101183,23.987201691140847,21.93709319078008,22.84142594851675,30.303845422899677,29.67824723316391,19.544498315178878,25.776506469096464,28.31946405489915,28.086346458665115,28.645152529452453,22.702891499584258,22.4217735983136,21.203733595404497,18.86000194685577,20.974927370770704,22.88431810408404,24.2976985571751,36.58554920509614,33.02256472568832,35.164942330285555,40.149835375845456,25.48900708240392,22.60214400932597,37.373000545564175,45.28447358622449,44.58765958644761,26.42722924624219,21.40416610242485,20.19791270462525,22.01410132877956,29.68836832716536,21.567738619332484,22.148744319445868,22.653185441728237,20.55827749608538,26.016341121834607,34.06632726372859,21.706172805005835,32.64186387967896,23.443412536576997,22.44467280257771,18.18830538244925,18.43122753654629,22.716244325696792,18.44466935991478,20.815845436242896,21.168482669884977,23.592422000977688,22.028921729152245,25.75379586127765,24.60511975651493,24.91031357450933,32.00895115206948,18.75388628302454,18.22324760743384,19.567557937610044,18.83629079421036,25.206845111357197,20.311743240731943,21.14851247904401,20.85253829425685,17.870490149933648,18.684580800620505,22.15032129582079,19.48355244864097,19.204087915679978,21.057021973956697,21.5284054011284,21.791150343509603,22.26719311857609,21.96187920100148,21.44154951684008,13.079927262402556,20.794528828521297,19.67184581025553,20.655954618578686,20.56883492267281,20.720456409223583,20.74032537231424,20.36068217161625,20.09637284837241,17.29884172298869
2013-02-01,12.004460082313644,7.404299502223463,22.919362179632444,27.623378608192144,18.350505216904025,16.25441094373771,22.300102551158005,14.505252771783708,17.340513593226365,16.16043470358071,14.633436748795342,13.7245157916607,21.50657693347277,17.305307069373164,18.10461352237048,22.002432467221688,14.221065202121144,16.528548018035828,22.12381906288613,24.11134862281892,16.66275855454871,19.56627117064992,23.23447716394561,19.392650889824772,25.840267015037423,26.31507054661822,26.385711719443908,23.55265482771196,24.345142827028745,25.33655134324568,35.499043075615425,33.84696127502183,20.904655114374943,42.07225895021124,43.637643641557965,43.30506031922802,43.89235500197221,30.6458615587735,28.628153793848742,24.60292400798466,28.2127279222989,26.20840115559677,37.81260476110368,39.340567645334936,42.5263688632989,45.00390548445711,43.68181384127631,45.728398415513546,35.51258480110339,30.28224281443638,45.24928837223399,45.06125715415281,44.89747060716627,36.055640401934895,24.26401187401397,22.19383533644601,23.641204064617764,36.48623600483036,20.392569408923965,24.166179802891943,32.45311291418308,26.290804692271884,36.765203330610106,35.42863880248892,35.28557762922652,35.13502840119138,40.28560903325748,36.503737104820566,35.66112717810437,35.865294341873145,37.936690800171554,35.52156654895297,34.76102157734632,33.74351841755162,36.46982507164563,36.94439934976364,34.38977180309282,39.15765228252211,34.89507313533701,34.84906000602443,33.08680868678792,32.187347957069825,31.9902397217082,31.65659229670982,32.77471125268384,31.80541193315686,28.693425950743432,28.318237098766524,30.676866605380354,31.37731982550813,38.7298463880473,32.6495627082392,34.004967756395004,32.84563117232965,33.61459859772204,33.73326774236211,31.803032830659543,31.881486868190777,32.096857342553015,35.174343839904225,32.514947026001586,33.521107736577974,38.53732366667986,36.53820546230559,36.40139941713674,35.289330892861926,34.939183978003264,34.58727221060528,28.232343209447627
2013-03-01,39.56036930948733,30.20893632905045,40.08124942786064,37.491955960228815,35.10755308133574,36.014781289890664,55.05710217359043,38.866490427743535,39.38719607980672,34.23177553496792,36.1148613787216,33.95371125453332,35.67376870735539,42.62006853597628,31.68415372812799,30.73886995581037,24.478984669537105,31.886264554991985,41.92166728189784,30.66261272591908,40.46123769653676,23.60726430382493,37.60192989227798,58.52473979025621,55.33390913110665,42.389505784888186,49.10621118527494,43.2019013163383,47.520229451903965,47.4755731770813,42.82135967281773,43.02158034837224,27.02660062119461,51.74471291575472,45.55414546565154,45.54845075716996,45.3871282533211,44.68933523498792,48.50402561699265,47.4423418150922,37.80966664458991,45.17063105890243,38.24925871991597,39.29042238188912,53.66439591330674,48.127500547211326,50.730308770294585,50.72329902959808,44.50919278455853,42.241223392117526,44.53939187605056,43.41941925457672,43.34005480115535,44.50522367435011,43.50151917940105,43.06654841435223,43.36341858717792,43.69541399679089,57.65781034320055,50.58687459730395,51.276003463909625,50.83156081912293,66.30574441316608,55.21314739924154,67.849166959951,56.59491117469161,49.38283875808138,65.27677119811703,42.73456806034085,44.09510803633568,54.46248949074571,49.79469364239783,58.48028619192392,60.78299176217342,67.63331336523537,56.399185277039614,68.62478299653117,71.58524573610543,69.21009275371804,66.064171453757,44.126008774231536,49.215687648361424,60.385279645365245,54.28404181155791,65.81058023884368,56.82630946337741,42.04426306688331,41.92599911427041,37.582913208240576,37.04918760661561,33.22699063189495,35.87213483758574,26.47158364304262,23.6441297241691,31.08463861142633,30.77528600115991,26.706523571522983,26.80603548930833,26.96281482346261,27.75280856450385,27.35827496487503,31.53372902907033,45.47714659067642,41.5881177927804,42.07266807245559,38.80337688708807,38.72893734628248,37.95538065576597,45.35141201845894
2013-04-01,67.93342362310096,44.08798673816606,72.70010892743339,72.53642017547025,63.944916435262016,60.87291341013432,78.09351573245593,58.798946808335415,43.94819896187567,53.13653147832135,49.26047029341996,46.43694733212568,48.714510871178696,45.9301177367454,38.96085552719005,39.55383479483103,49.80865202874904,49.1433774203208,41.20927578729435,34.68442336286982,34.24124914887498,35.640428179155165,33.827616456231425,29.719271392660296,23.552016205926613,31.47488760626318,30.42786515083498,35.07673505030293,35.893056701260825,37.99685760788934,54.93366636915422,52.32865592160926,58.72261353796566,74.07278487833588,73.18029114668259,73.5392180878454,72.73423087234661,51.28891342406385,41.092320449927925,39.39367789523715,56.154122133988345,43.76697406887106,60.27251631020308,56.38013899146011,63.0548709637476,66.95925699938132,64.34293782982571,56.40711145082473,56.623855588868416,54.65964363356903,52.77703886777053,56.78709392449763,56.4646402444538,56.21600583998823,51.837683527546965,46.39230063463752,43.86365622945074,55.43792076155643,28.2258427216543,29.12267720085083,42.10224452550672,28.19779284618344,81.09140839801964,87.24967873927456,94.34367182484034,88.31826686190307,77.19333127144208,82.96479726786447,114.35910712694788,110.89989961332532,87.58186967043204,134.77324945124684,163.20563443412124,169.42185799805495,176.43648966858257,115.15274918548286,171.04978726228453,184.66092969420117,174.71922760342008,175.522856766584,137.97479839186508,151.91039212923377,173.9171362715223,160.93110027699572,174.71870508428296,163.99449616313206,49.61666493549053,49.29781097379825,63.1739475197682,62.64259083850134,70.81021737388997,64.61873812491581,80.02226807787996,79.81885076384961,70.1170587493169,70.39998353088082,72.99474088468499,74.15688029547054,76.8463912763103,105.19325554417009,80.67935228819285,102.57937535186905,78.51583869278201,77.03726752638347,79.51185111764863,88.18510592175257,90.6480972278054,93.1566043506082,139.24342616993587
2013-05-01,100.97233962004174,84.12926663205258,80.97417036594956,69.2865364766329,76.97594873486432,81.57681493134781,100.47798803684672,88.31511951509789,64.28755495931414,92.87948400626428,78.80907480562608,70.78878809207978,55.37696906324536,60.67899336444812,41.95972786795655,40.76452061557899,51.505376730814106,63.891041343806464,47.06834045990199,35.46938256461759,139.77458948804878,38.72971345982085,68.9113020448126,105.57103569960496,97.19543386334038,71.26729123999101,105.3727332359139,84.13521124876888,121.26198186483086,132.4291591161562,97.93877377951009,104.85609870165584,73.39658710380361,72.51300305002034,73.76197717601563,74.57424737692624,73.70434842929288,147.23142615830704,146.3324973457998,121.6504697583714,106.08272483947052,116.76155334417363,87.91738601299885,82.42677214054426,70.98071101771988,67.16221304200215,70.32972483345209,84.18584026762237,94.43196099008016,98.35969958466968,93.76863713535656,97.54210484373664,97.32737043317276,94.06357894761858,112.60227257926758,111.0043606929374,125.47515831047176,96.5788578604004,105.52383765583512,90.33856839099997,156.2927963651617,112.23050962145363,116.4695996464171,109.54318841256756,137.06360601529315,113.71807159007116,77.79061008194371,106.22419381062473,141.39086573981243,147.60170718946597,113.80223001800616,148.49498877866947,180.1466667081521,185.5331478394441,175.82043123019247,135.81183941895625,212.2371964190245,162.48899512361118,185.709800737772,259.2375876175435,150.86032125196925,178.45528360867692,202.94554746639125,194.27236292930684,231.8093515234765,204.44977757734844,149.3889003212922,146.3285044381601,124.54162385101336,119.53013945002849,86.72869678895422,113.67694593938845,89.50644391773969,93.72677485682406,109.24584089339166,110.13853973675612,116.96842053418128,119.26523947715842,122.29634149166291,166.57527643743927,128.7354799197092,147.27294293719004,84.05315883497119,101.73101265248084,106.99906293104002,129.33766829898082,131.75144499035434,132.5495413151423,191.9749862852371
2013-06-01,163.52986187177345,122.17678535430454,108.17607602901155,86.93724109098012,108.93789862769223,126.51085808594117,156.20309182393277,146.07448639092718,111.75242364002229,156.9878952883668,138.96835606889272,135.97935399417614,126.26968087296186,111.89125706325724,124.54975597200516,127.41366384560028,97.728102048889,116.1181384462623,90.08281829677192,91.73409108883398,118.61429395575946,103.04744558747836,100.07075239009538,70.83448106961714,76.85587639409054,71.37246779479598,98.44556881510228,102.57542762217916,75.22076663090337,74.06943192964465,94.24244175321404,93.19252113871865,83.57428483326649,131.66256544718996,118.40775336718076,119.777869095817,117.5632244905308,157.20126429186837,132.44533176463412,108.72541456375195,113.5931605408468,108.85063507939198,103.93154179516291,96.39599510872776,71.58156912411852,97.5927217061754,83.63664100705306,75.69507043180647,107.20212986188238,87.05352212316294,88.33378039500177,85.49369781218958,85.36257471456719,103.42230538690364,80.79390170106342,78.53210005139078,74.11025961675546,97.19570700684376,69.65666506429704,68.44240216135742,157.51342594945697,117.17590148373198,96.36352573797926,80.10255897850358,105.95582885047338,81.8180738686398,149.61773227252854,128.08008459250712,170.15940878885118,165.92745931368452,148.3996202158617,178.92938893290292,189.07996671616252,182.5739286820324,182.39930526266332,160.78780860781387,210.18698704892384,189.26237013347796,190.00492546366368,175.1405382363384,179.4536110104265,178.3870254463318,181.4525170839188,180.75868315634665,202.493912139962,185.17049635898567,132.93514509167613,130.57794521136057,134.00616485181104,119.31591380756475,92.86882772072148,114.29683487800406,81.56575487546877,86.66156875290878,113.54587801591626,117.2832043809385,116.65507540576657,122.32874188568933,122.4672576096685,87.38177752808494,119.81616995562868,114.44658066382917,150.9336203991801,149.53324346657348,151.9531782157582,160.1499360314405,159.3176334424162,154.30009929437438,161.58187585364155
2013-07-01,102.95339270220924,63.58016382542051,57.71240050815248,38.62482764624677,56.17244099151757,66.9869858882768,95.60612789526894,79.96822416425391,71.30526179332114,96.30394456527226,82.3870666803857,68.69629419197202,84.13908216020519,74.88412120435133,62.30348456943391,63.1259838696034,46.26300677140454,57.83468440756042,91.74525822227818,82.15886958132464,113.8446652733502,83.63978133722607,89.14090015423078,90.82440564866728,104.42863783303272,91.54831175468097,92.56904089339513,95.80016022710156,74.37946346327112,80.95962873816121,66.87321325286472,68.65168479001588,36.59566301461595,69.4641334919493,60.52361789661842,61.37446280264006,60.366434664293735,45.03395954702401,45.98950467587193,50.86572916209291,53.21953682539128,51.35751587748979,48.33574110230811,49.044700636474296,68.80475585470103,62.890660114962905,67.30967443441698,78.13649850082021,54.99186339068166,49.247530150885495,69.59237384205797,86.11516277697133,84.51642399667276,56.03912801538157,50.75387614677784,55.21863940193498,70.45078364600568,62.66620344177977,93.77289251652932,93.92530835470602,60.71404732623248,74.51126746768901,83.93561567303725,75.58873478550512,75.53880588291119,75.96922055777581,62.30270098110857,63.95487698154599,59.435881352447765,68.15771996813179,67.3210144032701,62.01298608820211,47.38702834234631,38.61301395755946,33.23869932751755,59.510919254244776,31.37049504322175,30.71199718384799,35.89503077449769,18.3451114171674,40.68345720604119,32.9386146629499,27.09829977944571,28.81754231982273,22.4469315987804,26.939129612113945,43.20621162314345,43.61253452506365,44.53867103366117,47.34506832685079,59.19554481701681,49.81451531576953,48.91595890425853,43.61367909864488,50.70913476968901,51.11566279261643,51.89018063304192,52.52192792913239,53.55968573661481,82.90768520067377,56.41653146997522,67.12696085533199,65.89451657789178,67.71743817955371,72.29762540405986,78.56945057668347,76.32385853308045,74.62163639538241,24.163001602574244
2013-08-01,63.30248502140863,36.93107497448499,56.50828811064264,61.70065347627349,48.95303129678041,48.33881049751763,63.07067849950021,49.77169309308003,37.78450214521487,50.10273309043009,39.68390963640206,33.712373125545454,61.23079467992141,46.20977411553094,34.7164102302037,40.26385947754946,38.73527719429844,36.79363943762824,43.70797758125451,25.42210493694305,61.405354933337016,17.87570241786352,37.27656205082487,55.615010192949775,53.96065116257817,44.95449586759159,52.06114440197606,46.6918783880337,59.0925883405484,67.24256405395849,51.80891499225508,54.52619758836866,58.85642594742943,45.28141746854077,40.46611895983435,40.1679784362862,40.68110012854067,50.84823189245128,42.66046403384393,37.13313494562818,42.19304871831292,38.9431668592156,49.14980373833504,41.96652099626011,48.206725606767776,39.21673152794604,43.34613641749476,50.79633188121301,40.40991840351784,36.64610173978426,48.1985480534025,74.03738814615937,72.5694739962,40.51599890391135,30.616412667450746,32.233831794734094,50.66631878337113,47.77347287796216,52.630736668961305,51.80979991399194,51.63824111188097,52.83642897201888,43.37325960183401,54.26008620831411,30.299793589541537,51.197384215114106,39.90897117633157,29.390448468038063,72.83058738177277,55.57640406597508,36.20597526180835,53.62932904031153,71.28970487715411,72.07989227092744,63.32838208737067,45.95084085999696,60.604068568262974,55.2152891395016,72.46340120380749,39.76534570378827,74.17692823585402,62.65880478451536,55.52918498757046,56.93852186924193,42.1896679854452,53.28066535952576,39.1876667734461,38.99770158537677,40.87743359491223,40.47705576910379,36.05466161088551,39.03827545846054,37.05066757996878,36.28514204166193,35.49887332907426,34.59045208758914,34.56234730011097,35.71323806811242,39.44945814409871,63.843165303091865,42.55417825028741,74.47077850544872,36.66451438233713,30.8997584793212,33.07407385751817,56.57054262805567,61.75742275782361,65.05212615352286,67.01369546504552
2013-09-01,57.82306232445105,48.71445506933914,75.5796640393326,82.770321428731,69.67557721740448,61.47535914150488,69.89679738349457,53.16542690538152,20.0072718782846,37.18616321787111,30.135346487786887,30.24097227889825,15.556366917420975,19.16205734787367,13.108575446762469,13.043268288658812,117.3144159538085,49.681524248783184,50.83152339961179,41.69928496654915,44.209410321510646,38.86417747674494,54.76123514327009,59.36181483544939,69.6469152035453,55.86155781741032,65.44809306207348,61.006676780544815,59.30206630597873,57.97775112233816,90.36609080469444,86.02707897697957,74.1492249997034,76.61631190475927,87.59802974340548,85.63803434220836,89.36206289020139,79.93375616904488,81.25923923069203,80.622012320398,86.10548746708128,81.86518358984021,88.97262883478204,89.31673529795995,103.6889197557306,101.31238319409684,102.41402415184488,97.06243726499768,88.06569721694022,91.34031248743648,102.52908835119894,104.25047554525776,104.07580384552352,89.29795669017264,81.42492541784738,79.99717441949728,76.25296817766498,90.60074305685768,63.90278367175666,57.562035350049136,72.09928533205931,66.33010292837818,82.5052899375726,73.72991839526442,80.74183100745195,74.316029901543,63.70369399993361,79.24541267918882,42.40677223064776,44.951361020328285,65.32571235234103,44.97573462788735,31.89330986215653,28.04717853917404,29.22586811394162,53.27295217705271,32.86360102768232,39.30957196662314,31.629358608794305,42.720506016495534,44.575790055237306,37.2919648776866,28.15952356869844,35.2043198063904,37.69938991881373,36.651341201418816,75.91654298686414,76.94385277645266,73.40502957320146,79.02118999081972,99.59159547676592,82.70102937240807,83.90966104043414,71.0784249460686,73.63335367682686,72.05649592327123,62.40215817235808,60.67910204925678,59.38372996409487,52.125487529049295,57.69974607726109,42.87742244044991,66.71399235261296,64.19591658722423,62.84718370912257,54.47313673317466,52.999182324500325,51.8417119654906,34.385753757288754
2013-10-01,44.609360560632894,37.317096345498776,35.592713602609024,31.25408534172877,34.30685113433053,32.194728017797445,38.750628629668505,31.977144288379165,25.976012327842398,38.06335404615409,31.43321306706999,25.72589277301397,27.620124654049043,22.235097025551216,15.469241843308584,19.66721000146172,11.404148578192451,22.44775139582895,9.112412513672124,13.611154683823838,50.48235334652657,23.36737931226636,34.877023107763584,17.320020798665514,44.61487099430053,31.730504947730356,51.58162448879051,43.65665821867688,39.35093255584064,35.421439004653024,86.11975531028392,79.84420956059705,26.566625071371234,132.7811306602624,129.37779343305633,129.50479164421944,129.0359735278806,107.86203654233448,97.54859467117872,78.55389109632782,92.8557985401378,82.97654585375187,105.76563467273428,102.24152629210712,107.49865803227186,121.96066627361148,113.82115411895404,89.83223643054204,102.96006151487911,86.58726824222737,85.64717233460621,69.20019829036598,70.37418951506226,100.69477106258586,73.47557404941102,64.20753443519386,51.153825622307096,90.90192374257612,24.93705946703574,29.323108044382707,95.072002993358,72.25033481563023,122.98526156191876,106.31171204124374,120.71080708604728,108.343818097448,130.4145032813831,117.2660307060684,82.02456630087946,85.2160709277504,112.56665614762572,74.04870891158038,68.63188387793475,65.05215728545201,57.973024693831874,95.43871257305952,67.19871173457378,58.04676367129503,67.09483296047293,58.41452565910068,64.23949003011428,65.13373377445708,65.01332417524416,64.42693339721855,60.44031016729527,63.31042559623053,111.04259039359287,109.60694325977995,118.32565926633396,114.44359258670832,113.26161840979768,114.9508545382097,123.13095465692118,125.01287935316044,120.05174896390272,120.72616208251306,125.18719808056936,127.4624871060769,128.56824695410742,130.1362222527527,126.0961232332675,94.31679771002936,123.82344953291486,120.46353969495428,119.71087074929544,113.24971466203908,107.88494295043776,104.28236898906218,72.35560215047248
2013-11-01,31.756104734667257,25.57876917343971,37.78666435795466,42.338121131033176,32.71207083190564,33.842219797785205,50.621235392792336,36.44783726886997,46.39401417934961,48.86158269805871,46.10749698173201,40.61688610243949,45.70351743937952,48.976814017503685,45.9009924404706,44.215158053375184,17.623391784232137,32.11360008363417,26.96772527532788,29.47385070900049,27.948816852280803,23.054627432405688,23.378997582329003,17.951781423098318,14.348632597967308,21.968325365330895,16.73206885983157,23.182315127156546,14.55993535199839,16.798993049650814,16.2323430499863,16.83545448048143,30.98845458943481,6.387183626122024,7.802842559129815,7.682960306248689,8.004140547919844,13.602085346310258,11.945441728918512,11.346485604377042,11.673924899133208,11.541493914378112,11.866868966844288,11.02529217172798,15.317057766877287,10.604684693902804,13.320493959066528,19.69203817166885,10.735025094529767,12.438605006643,19.047316745134687,27.143720638147407,26.4937674936546,11.509376413185931,13.85453633379264,13.95351577286084,15.759168188841594,14.763577390883889,17.30313531908428,18.33341053984485,14.247018610681687,12.109675126013698,7.34174152383546,16.327174132441282,10.770332514504156,15.840404523374636,7.325365122661308,9.737093249703074,20.56747802737997,20.079732278514246,11.782730044669467,23.65468561675407,27.01029904924259,28.64757188360768,30.1473641279518,17.62769070590739,32.319049502114176,36.33743516545981,32.67106433818612,41.34158953095724,24.209258618956227,26.037483827647463,29.085669113731324,27.494045348226223,32.31431884356986,28.77735485050837,11.171983078751692,10.971296997313164,8.877636522065465,11.016348203096069,12.292787159081271,10.946017810638445,10.513576125415485,8.96885380405114,9.559762811319178,9.43719363853145,9.231752122102248,9.1637024132292,9.349273106350845,14.034411345185989,10.344975290111051,18.340230982108626,7.313550698313215,7.929690247828918,8.358387633110397,11.064725760841275,12.275241171263747,13.41918893448588,27.114280201622798
2013-12-01,36.280628903959816,33.17693798224902,43.55389871146424,51.04158860073706,40.90026831146863,40.83548491906996,44.75511390429915,40.83313716814289,56.93071598633456,50.97038264274989,49.48747195907243,43.80566122286676,53.14802311033018,54.5270807801225,40.38918748513384,40.06548739492448,34.24583468181248,38.34909243404437,29.97334888674556,27.088967467069143,27.35102928234113,22.45059825443772,26.624533699226085,27.83496466223288,24.734184875994465,27.48428794197476,27.806269746660345,26.70607965669585,28.26718434069818,28.11706198404896,37.36168890333845,36.19647705445048,42.71279051652614,38.60308331910908,40.17207282863872,40.05319344747834,40.17834001262548,38.4843084974585,36.52394068379962,34.75661311012504,38.794519254834654,35.59745321473725,38.67750415716152,38.90271016301928,44.11139010157726,42.49498279484543,43.2932018410872,42.08388712920892,38.14532443821012,40.14045722751487,39.00978412091639,38.021590332146445,38.0075359422455,38.50048063660274,38.94314691638105,36.10141217786985,33.84282123907048,38.07498534663815,26.996751680589814,26.78983567012639,35.59650178832546,28.68205120481404,42.89070175772831,48.21567149504838,43.59617784548719,47.89147387365565,36.79331155152895,38.836642578348695,37.021202301789735,37.78813534628556,38.24206892700676,37.74282917848137,36.02633000631982,34.62828559150659,37.19944634060786,37.6019332517582,30.82482461452442,36.44529050953198,33.45957895762654,24.659505202353028,34.31568995386422,31.164714261453128,29.478432677090527,29.05174909392807,27.42443401274433,28.32649765834918,38.84661151681007,38.83696475443548,41.0254234660146,39.99769951030429,38.42824021826056,39.65991310089881,38.78087364969841,37.63500158040133,38.610863976576624,38.44959400171356,35.983005737084014,35.56219394627631,34.82835759437464,21.972544316162985,33.144331590312646,25.28551876697574,37.29188605730312,37.46706608430029,37.4791227910408,36.796761267395226,36.219503548010586,34.86829269874562,25.738034014701764
2014-01-01,30.92138171197291,22.59167925838917,41.11027911477448,46.052321530482686,34.328497461222995,30.311263793173083,43.42233162802279,28.02962210224709,35.39243947851874,31.81923854089272,28.496625962579365,22.78981656561796,25.23341191214588,31.779625444865808,15.785421313140018,19.267752450762437,13.711903279137855,22.22730926665481,17.09436612325995,22.351936184040454,32.01026481909457,28.39459440828966,24.790819179115363,15.90014411115212,20.39753940549125,23.02638254402508,23.120080705653898,28.6060833376686,28.87706855426137,29.52775968583835,29.284329636567215,29.484616592644382,37.08932026821645,30.43725540095551,29.14482904532653,29.118466494449997,29.11468450042577,26.23705722721781,27.113801035929946,27.26057165759676,26.834384919667844,26.993734913116278,25.9820216569358,27.48947832872381,31.71581696509532,30.344807047637197,31.081891371569963,31.783872214553725,27.991123441655844,27.147736398891777,31.858366744372187,30.7473336716852,30.85385767714601,28.286624989262748,26.82440312674655,27.13318310169467,27.758353408467496,28.89772376062745,16.60436707194971,18.90110943552694,25.12940156865504,28.106166434328006,31.255123719728005,28.45252151412381,31.67979478003332,28.80851611909,27.398312280032087,31.96190429783295,26.65880450846969,28.576352647281382,30.40377234028569,28.960527896861265,29.770384821911936,27.872838336668742,32.65042853067505,30.146213063853125,23.92371089527244,33.69243302907923,27.65324996043096,20.187344625401185,24.768462879067464,22.14817922034397,21.375352660389623,21.151666106124747,21.2890857326411,21.00668776161899,27.37637879775506,27.51843134743467,28.068878403153576,26.973150400182675,24.301295391975238,26.34621816937319,24.46576676566585,24.214493092680968,25.554937464073767,25.69014431081072,24.471011574140125,24.744327017165464,24.202152642202996,13.775107098643556,23.046171321008085,19.453162277150057,29.06185975108751,29.570819726972235,29.11312290434989,27.784107607612142,27.26252479727456,26.428279784228703,18.932448992252382
2014-02-01,20.350074520448025,10.04824288649186,35.99321912735873,40.35899267788341,26.584829349443314,20.30448123419083,28.378794349037456,15.90717317773944,11.492463821505511,11.127199179591976,10.799977891478989,10.01843606355396,15.611380773693645,17.095038612996756,15.211805623011998,15.081057759475833,14.6296998247811,15.432918047491585,19.69436205984596,17.980284188656338,20.55349492722999,15.179244494719129,16.287091450111017,13.443373746423063,11.008965334505971,16.04033753615148,13.127408197016004,17.45390308784107,10.83436236411325,11.906746893165788,12.791254134907806,13.046743048698906,26.057154226545645,9.868400012606006,9.371314585503203,9.332725801193378,9.38549198653676,8.662575754653842,7.928516596390947,8.579676313405743,7.597815538119596,8.39015514999366,8.083081356048412,9.212747585865394,15.224930079939975,11.150700525399271,13.293646603662822,16.430389672220816,9.084623964518094,9.382354293777787,14.461159439770368,22.81564323715376,22.23221104127094,9.630445604589555,10.225570968359955,10.038039754089398,11.110879937200888,12.164438189967566,12.63751673250631,13.48962360379698,9.075958673757707,11.650017303989236,19.5085067221157,33.03059054552099,29.513613449123,33.10093959902813,9.844121807830662,20.785806215846893,18.66815178677398,20.370592427093268,17.209124756508952,28.62172753937793,34.91821888424644,37.12368502695284,43.43563797625528,24.505534188760898,44.85827857271354,49.13518584226435,45.78642361946319,46.219456531868886,27.794625864324168,31.200389897110146,37.579647915808856,34.19003170403799,43.1962231553454,36.29429983002535,7.752276468934966,7.7847708115061,7.486864362345135,7.486244759333996,6.821832047591043,7.280138429314229,6.553978073547537,7.136780083050542,7.397135463077066,7.480666350294806,8.387693139203286,8.49752538130693,8.626904726540275,11.164016029150991,9.256594383140524,14.425369758003525,8.695597998343345,8.608754133428734,9.069022223941236,10.22952829445562,10.856255617202535,11.610144482781113,32.16454169005897
2014-03-01,44.11907160854247,28.278289738242595,61.34701806414189,65.23251588324462,50.9595390043625,45.79183468035208,63.6340808186498,42.57015272750162,27.9180442901132,36.2495336209366,31.824694223005928,29.46546550829487,25.719210992614837,27.40012245201164,18.836875786431104,19.238674328440723,27.420294690826733,33.63692244892863,21.50366736212002,19.17253124164741,18.340824060014494,15.950674589850388,18.96996691949003,15.825370345057523,15.609710187209927,21.760218320064823,19.533090945528777,23.369058946696928,21.908085259932484,21.927710904891267,29.84722291482253,28.798054825234946,50.51549526393226,23.846576563493805,24.793616178607017,24.989305117671936,24.73088658486376,27.710824873379305,26.762460509436025,26.767197545718243,28.653214636502444,27.287820655670803,29.83235533502807,29.800987211230375,25.422191207364744,22.555968606359063,24.139987474635276,25.60295223560639,26.50588062933876,34.52864795600551,26.4906474262951,33.392039043157894,33.15262853677305,27.09006626448173,38.17541698387407,33.72152518150248,31.613206127816863,29.41981589180753,15.47922363341068,18.09750363034224,26.940729213353457,20.601534365072325,36.543063158690174,34.34317010391284,41.26763648610552,35.327197053013435,31.795193509061903,39.506729996249184,40.55231612653488,43.37871059388063,39.29179809781951,38.17779077933454,33.09673355018777,31.60692500276729,37.84148374789399,37.71707067174074,32.74037014954708,43.03684331871215,37.38104882338583,29.99564892839632,28.40641507379972,25.81104445560129,26.366820628535965,25.912587928753787,30.48180022373512,26.925063163934983,25.86105357886675,26.02909028145329,26.14460421023035,27.735070880580555,30.54942639490489,28.35874583035505,34.84118291932906,35.120506677567455,29.225949100751745,28.88252739908297,28.58948080374964,28.48102391714508,28.09944871201803,20.172517943368216,27.45114934651558,24.78542434390193,33.88230628559383,33.76835262102378,36.41682009190976,38.74275233005621,37.46983386109788,35.59814378620846,19.12823946563758
2014-04-01,49.6715681344032,39.68931257203551,55.4696634887836,57.2639504983198,50.06784136969261,48.45555206699333,60.92128957908493,47.901264899494585,33.24930260382384,39.75048500881572,35.6322589200996,35.27219441522206,49.45107357114901,38.00977617597562,45.71299422332493,57.28870047753124,37.43956753273273,43.54100335876016,70.92117080999854,83.00138840923364,63.1035797217141,87.66456040570283,77.04994789518776,59.27146190744088,61.763731820575536,73.41445131704168,71.4174930586364,79.18122776349138,60.29504390739498,57.86281457039272,81.04553740784375,78.49516121614778,51.52082932364566,96.2185162488807,89.2822861426076,89.05651978352562,89.85189050317946,70.43233402919816,74.15238605928754,72.22581297086309,75.25281418059873,73.2376262520596,84.59308194315544,96.2055487528602,90.46050896886948,93.737806108151,92.30137082289076,87.24545342964814,83.49948786265142,83.0812153681307,92.8922037827864,71.32165907785615,72.77551374197056,84.46919613173417,78.05068236757305,72.615743400121,70.78482872684721,82.06011122073711,58.33152237895249,64.6531274131965,75.14438182350503,75.09068685024398,99.09976263523536,95.7537664370536,102.46647934179818,97.91356280375813,115.0034066075218,97.1463421259083,87.69952580579992,97.58667683824576,105.47181463583482,105.40286546712062,125.08840828461648,142.48067648634662,167.3131134666542,117.781813050109,170.42746098880747,185.6457810205684,176.7254947642538,199.46953319550693,98.50405898509996,128.82848220364315,169.4838408684343,154.32526328737796,186.50346001764032,164.37549551466591,73.51395445021153,73.94343968528527,74.07969951038574,75.80806441160782,80.2752609476711,77.10599183672718,77.74766080260561,79.36675735636591,81.65594668550064,80.77113762245625,76.7302296052896,73.09571609628603,71.51868139031909,77.89662922535149,69.95042623876952,59.21854486045465,102.55086269440574,73.8735201115881,74.04103508516958,67.92850367050252,68.26112210140407,67.93911891411526,108.1299239109821
2014-05-01,83.91650194054337,81.07907215793823,64.19502616309803,53.08737621831354,67.19450953959844,73.7100308603718,103.41887902911328,81.22373732117812,61.40623665379536,94.87155274370384,75.11690408469194,62.89047432055666,62.46054081607927,59.039469437507215,40.04280529338011,52.20682865948427,46.88981739296672,60.91362206825407,51.08031336217433,61.915723250859415,100.8016093988519,53.27551686457039,63.7843999706063,48.90892038435525,43.75615439525812,54.49064511850635,62.50391149826963,48.18017957252574,74.78838869899737,77.2320744004428,94.3715648076287,92.653954495036,45.47545397796596,88.1810568335427,88.48550618391177,88.54366880870121,89.15025033149209,77.07952078782183,72.45880583104261,73.52308397343414,83.00991140047178,77.99498744524914,95.92328585406152,89.20737510242604,90.27555566395496,80.69479030050624,85.79888810335292,98.5400403473118,84.96743795640735,100.40967320536184,100.68548318456416,114.40178575026836,113.627865551169,87.50386466905866,92.03315642011364,78.43306567675258,84.60001573001836,93.68452705882056,46.5073259011961,47.38524890884801,76.63449532658743,81.2370983582819,74.86476612501505,87.126965604332,87.98648577200542,87.66092038800558,110.45538961136916,91.44693282650653,72.0910889679127,72.00444238348852,89.73126273063313,72.00362890004565,83.97881997701411,76.86682500625568,80.37357911111772,86.10578527332235,85.3743576052162,95.19561145425229,80.4764784663766,111.06430861055132,70.79549144375832,76.19446627918603,81.35879974984486,80.11069957448798,88.09529651668409,82.89147091069559,71.1952384939612,70.12399149447393,75.97464426987472,90.13699208735072,112.44727316252364,95.08702712214016,121.47736091778164,118.94029231454223,98.92929506587942,97.67393567139452,99.75664156271608,97.27684166008466,94.68532111467324,70.53727848519686,89.2296768368802,49.747839633272726,95.66294654859745,84.9779792837516,83.02911344797607,69.76812287080162,68.36144016543653,66.64566940509572,76.59108112982193
2014-06-01,176.58310656302183,135.46362905145676,189.26660044830123,210.21943300590345,169.2962275358394,140.6267170168462,111.4353538647333,118.1417499840193,82.50634677653579,111.36887004669526,100.5642992043014,99.7107951757239,100.9005246930062,73.87050241326112,104.21831423149104,107.78737029443757,130.67442191006452,119.67681009601569,149.06948545744908,184.1628256207804,177.24027881754537,225.70919672191204,187.16418560146968,143.86263597701424,152.18405388508606,189.2720265337544,175.41113458407565,214.7008531829366,138.20809980260825,141.67976248982328,163.073418508988,161.59449017538128,190.8429563458219,160.34847710522635,165.54756791307315,163.0689629982995,168.19224461331066,147.0903958374368,142.37356250274098,133.0373276417244,146.79112631397007,139.19019772118904,174.9460876170263,165.11740365441045,187.92527654524005,197.34783026273124,192.91009319541905,187.6582387477431,157.87420935124254,159.26469857862045,175.77991258335408,183.0156238421682,182.43623500293168,160.0481630003904,158.6387802182148,149.19077743345088,144.49424508133995,163.8379984309513,142.01470219470767,164.58324599086123,149.7663900926994,160.86648521476772,206.48633667801084,196.4836145999059,190.6187126380113,194.0553719259969,157.7454751320859,204.1326079762168,341.0372196946768,312.2885830224679,217.55560134025933,292.03546857710666,232.77523884908092,215.52211102501417,184.8930305075302,223.82383644305324,219.15297461552865,174.72031633886195,223.91723297801653,257.131995234872,288.3690286079791,250.62409184473577,205.4970073521289,236.68694689673927,219.13061756724585,236.22172856620023,135.7510164619271,135.70106926939613,131.9472839937581,143.6266600083639,167.7102274454641,147.22976262740207,144.99075861857628,149.80378317969598,153.59244392448184,154.20434483277322,144.91041678384374,143.3797645646756,142.33520402175765,133.01344973019386,148.17034419717504,221.64663787227695,162.62863291727518,155.75639744214024,156.85840297738287,175.7311834023142,193.79316053092367,204.5439707999251,214.36904683590012
2014-07-01,62.62382389677856,28.07586631162448,27.34733223704624,18.431768738056533,25.733694870475933,32.802783017050025,52.19207490570032,41.22598830817243,73.75724861140769,61.78235050825442,64.1792108133752,53.97556294531592,79.67221955073761,92.76422931153876,85.40411784724068,85.78797410069744,39.32123893998629,38.682619504890106,39.88936256649953,43.29120148011347,32.76178815260432,36.60171208701189,37.196239795697096,41.13172154727027,25.850818959921764,28.184520664744447,29.67178578574585,37.6063981181366,29.614735928306445,29.22194373746355,60.54239388894808,58.51911523012434,16.0956839400004,47.49767453388838,37.31110462751649,37.45650014411789,37.00965064072578,45.12692187650866,44.57691365840074,47.1390654053446,68.59296606879326,49.880675079271214,48.26112960831295,56.57993803250903,50.9817029450034,36.82020530552657,44.48795907199043,76.1721084273913,45.36374274686671,72.79515154669004,95.13727222344896,104.40937214409703,104.07697297211648,50.88309039357871,62.0713930751962,48.19567418273174,38.49880680612775,61.85851691753255,37.42126475449612,31.45668620531969,45.22748318174345,27.541185625202488,57.875724636413445,73.44491295163482,51.482217607519736,70.7574898346958,37.79774082013351,75.33161466831076,41.59623686298606,44.27085092850337,59.83656471094374,54.47764719158479,45.08489486540753,41.78755348144915,64.34324579827616,58.20531121070969,57.81817492384324,56.03648942619986,68.94265461825177,42.389025650510405,38.278809090681904,39.914767262602645,42.24249985348644,42.70158400312033,55.86998143759451,45.10578878879639,54.88238845096678,56.50492160266285,64.68486384358448,49.13773235518431,26.15320096945553,43.57487635168372,13.94540651191238,14.304817452395962,32.42609994598849,31.45052950865964,25.82718112647364,23.97604396863329,23.137738829874525,25.64866002365276,24.781427718294417,37.98970062876142,32.87560875058275,26.3735754577535,26.733806646454116,26.57593662468652,29.037154741942707,31.546389876094334,33.82371423723074
2014-08-01,97.2369901194495,70.12487323894528,87.16776390715546,88.19633762352393,79.42059804359458,84.30244865355172,99.3737570284954,90.54389187299267,80.04413411307925,99.74102795540912,96.98222812271148,91.97475654066044,65.72286266574143,75.65045150837891,69.32250270756484,68.51395680018639,136.26472558892493,90.34138794150093,96.21451714434592,87.26216032729377,143.1520406622527,81.58156539461557,101.86275853880429,90.57416824408072,76.42730921446052,79.78770349722033,102.366424524607,114.63808700278032,86.37290095730856,86.6535717522806,88.3957253458864,88.57849460239552,82.18417054738758,104.8180299844626,101.83930099964688,102.12592879815574,101.94438830137896,126.80650438394446,111.18038227148114,87.47779042717461,76.35841347199253,87.33920559028367,94.58767086364011,83.14972188810661,115.82769666228008,99.0148178718106,107.4626725583546,112.51911595093507,93.7565474524118,73.35139021190273,94.4803371349199,78.51141163509408,79.34082257705194,92.97344937913728,74.47056490671821,73.00134230477056,73.12425108496302,89.16005570643514,87.30779792888572,82.23736749152695,102.11061233569087,98.53423465754324,79.66231940544587,91.69221791333496,80.15839519379101,91.03536301971847,114.15488646321528,70.75655167392054,97.88504191940284,96.71550182540965,92.88726328567616,101.40695359643132,103.82041935687602,102.8988376824466,100.37739388478973,96.65219134719268,99.06978168394812,101.04776067052902,97.93394235887595,93.5863905273196,112.66908307483838,109.89196762174905,101.70089093353504,106.07698887909196,93.57859244651851,103.2026019670973,111.1274314532104,105.81488249346756,94.22864003628152,103.67857034912068,110.85448356201994,105.38757584676362,119.5859946434624,121.1200315809778,110.90047738112676,109.72410751437984,111.84902058635416,111.58947588573012,113.27291645436917,171.2828584432305,119.68743929734818,137.3572821522437,130.5423778971223,122.4052422026654,124.40568394248312,120.48980288282546,118.3048680773755,118.272217490722,132.8804945225784
2014-09-01,91.810264680503,70.87238380533083,79.05748494008421,66.31667355821055,73.7835975815519,69.55106926756285,79.01462070037424,68.18592553399145,49.66189629440768,60.46565948076484,53.7327201122612,50.0825771023453,45.92293168816672,53.41636918339296,40.39929681470875,34.246619880934254,56.70512091847599,55.09102635785167,52.63950448713016,50.78235933903199,60.35315030768625,46.51117845622005,49.945001190816434,49.841978406404834,51.61923826190033,44.30520723461084,48.84990467342005,53.99781433772053,30.70581252804813,36.77977047675604,44.78796414128577,44.51136281769405,58.155269746859645,25.844823820074478,30.58646450633276,29.46531500606591,32.81791168362307,33.95139042644928,29.008464833092265,28.247297018808663,50.475322865847886,34.20297170756928,60.57699883371865,61.60033428620386,63.03927279771225,62.689123573606935,65.18133293009099,49.807331673373405,40.78649843795914,46.30855845662602,48.04673545592979,58.92177468537176,58.4307797982063,41.98731410420087,35.36192985793024,28.836211089083072,29.277609058800326,44.13453629591788,49.49647464703936,46.98236772797768,31.78895540994022,40.75387435146962,38.4043878188652,54.186290613948245,56.06150868944832,54.62069337667669,25.54118760032599,32.76928722872433,61.977722364479945,59.25941347663278,36.75422756435772,57.70989820454832,71.11621096353376,103.0756086639985,121.41384556641464,56.519549205177405,108.54543984240952,118.7049231295919,126.53039708763002,118.2142659652988,55.68887921399874,90.75713285007852,135.93271791840385,109.36442906622555,120.79331050444084,113.30888199861796,35.249147921767005,35.66335333639791,47.32542415144828,46.91735390906256,39.851133312055445,44.03801812770567,26.024575371498653,25.748313908219277,36.02742354944813,35.43847798648486,33.02448908320079,34.05224755384212,35.54277254314145,48.06610885532528,38.396926434890446,60.79121442129183,25.71415452274669,26.17571039050617,27.48137148991636,41.18250323769875,44.90568996098048,48.08010374051096,86.9615164767335
2014-10-01,18.464800681526707,13.258914680945248,26.49350940981589,27.84211074203645,22.167881791212693,20.74973537179499,28.426647924676555,19.89045311663117,12.86548492050303,13.718718442875383,12.820148944297308,14.538903303334184,19.018009726263674,13.99479053464487,13.586592672395014,18.32759611989612,22.672144982033664,19.95087256624285,44.11341207324058,38.15437893319311,14.447596372084686,33.97089934216315,28.936478143957597,33.015573931904505,17.158419255352776,22.706017801385663,20.096250428729302,21.228567737579528,11.407138470790066,11.13134765530996,26.040701856209147,24.868847977514097,25.71738811705771,21.00762121262534,21.19132015750632,20.796924920735837,21.13807374022077,17.41793603042811,14.341074740128388,13.57436563973784,21.77999069499402,15.461834982096883,21.34589381525621,22.79401374296335,31.334692652715145,25.995143723197263,28.538510076088023,32.72960562105014,18.940209479978165,25.565687228548867,29.958354559602668,42.5718078551484,41.69750564479896,20.42666076798084,20.60870592388604,16.883302460290462,17.017771899779998,24.752965780205905,29.11631558154264,23.635272452511757,16.962117276422834,14.447939279895298,28.92372561199697,38.2991917947952,28.00379553169113,37.08222088747025,15.106678756775423,28.037539913280582,27.29996340940272,28.3679643987277,25.065699017290463,34.8162463601393,43.1600935089609,46.41926411190933,46.01629846670105,31.73767277149247,69.23382719100005,64.23179840887965,63.474151883416994,73.7092385891079,35.047685065395456,45.5077631083334,55.99501068803885,51.44807746225332,66.5476215005939,55.05910509239664,14.523414671386844,14.85241473493032,16.513893111938977,17.806847697458462,18.999930550650756,17.90953376555138,16.590224871757364,14.63812805146529,16.18704786553997,15.975590567454985,14.777305811600552,14.684799409737696,14.69122866286549,15.239107347656612,15.024463624929368,19.90340940998616,14.855033456339871,14.97482230536358,15.51781293310058,17.72127781550793,18.768806419172464,19.43662926442208,46.95460196991876
2014-11-01,71.05582291413408,59.96934345259733,78.31325866601172,75.91318707650979,70.98972925702557,67.86384455690963,76.47274659205705,66.30590051047682,45.27451318292957,50.520845702646845,48.619556063203326,51.62130743474828,55.3018834383532,45.389728904020274,49.52217440755638,55.36775573496829,29.378846151235088,53.07185173417481,35.20033317747008,36.96285691683732,20.179966190094376,33.1505952663774,30.74045270385183,27.16701730968003,24.37355678191881,31.63591169655248,26.2619678264901,31.770815781377607,19.43429698088656,18.737010293124225,21.21267232741872,20.896597497605683,58.05961494715056,37.925477319029376,31.682057362717664,32.21735756608852,31.126362866770247,26.84529577509139,24.849099327977736,21.908954473414177,18.75772954324547,21.27937941868801,18.977929501774742,18.279618422439626,24.75540526803232,25.315126005990862,24.69929226098342,22.592639548985492,24.045998360388253,18.757966934095972,19.55667673900197,18.25293215067695,18.30055550780995,23.35130163915372,18.291963269323297,17.776714363121382,17.641136672282826,21.737018232685653,26.03114551969315,27.683147241801585,25.64160682001044,24.118832910008017,41.56734175464448,31.357632450795517,46.81448037253184,33.46719393489643,45.38041812126357,44.41961605721619,32.96688296442881,35.02389672469217,41.54524593077885,37.33418522993676,41.626679402746575,41.42340373513408,43.134345754034605,41.23823333709778,31.79686217291852,42.11788907749301,37.58188173804205,25.66832354211191,34.218846188714274,34.21701563921484,35.88072487135371,33.72359580487005,29.874073078275757,32.69105982299334,25.1242966915753,24.55243258329212,24.28937964789845,23.187889931804698,20.30805334835584,22.984077685117867,24.974943361115564,26.442903283809795,26.61567543575436,27.564462116200463,27.868424750652537,28.24241162988065,27.654849741449947,16.813909960272625,26.309067869350315,20.65436196827772,44.55221169799464,42.304805038480666,41.38662128034223,34.9471770541733,33.41568488997109,31.684605743661937,27.58356941856952
2014-12-01,21.39160033408916,14.197100095178245,30.86883927024292,38.11133151838589,27.33103885878348,22.84893681255184,21.62441381921777,18.67595959404319,7.826772153073201,11.167832376805013,10.414596524376304,12.707274518520498,11.048885719348274,6.840497050981469,8.648434452546029,10.763905176225895,13.291763348141483,17.179369578179724,12.081182250041756,9.73394989802772,9.081222858914046,9.806052585213228,8.957828344637301,11.98422147277028,7.671645633450735,8.18627848168896,7.326436566830139,8.283090018865295,9.300288378057768,10.37434609391429,13.025688503264908,12.709657151282636,35.510466112502534,17.10929186466707,16.071796448793602,16.20112949445742,15.962193088028592,9.29795957630152,9.09143010243434,9.149467411436778,11.232740268061344,9.775445130647435,13.92209853050124,13.579077803828234,15.051611114578147,15.064398116810734,15.045619803659728,13.76876280072298,12.749619082393655,11.71731013525756,12.251107146433611,14.191809630565936,14.044917993661016,12.714840072149777,11.02673017574603,10.60672122520254,11.533685149373522,12.90805921882345,11.174632995727606,8.769340651347164,7.858322800447144,6.295820953850252,21.22725184519574,22.042129095864425,25.721902117547824,22.64032969589139,24.90937232929357,24.796802385681566,33.767701459444986,33.33866935471444,26.464854430344232,34.96146873820092,35.02482645897334,33.018650128937935,33.59177068326083,29.2668266305782,37.92204558382666,33.480163559558804,35.35031017958906,38.65162425920434,33.00370464225316,33.2437982405832,32.92439794275391,33.83138418508608,37.75714801287633,34.87174505597904,10.47452276694982,10.6188939278919,11.463299055664542,11.7731052915305,13.489299040525449,12.12045476543275,13.62563617298554,13.388147843685315,13.828564775487797,14.309378180069054,15.357196210063329,16.15335881143253,17.06207110344021,27.600195901155853,19.55828609865988,39.15159563003157,23.33586687013176,21.83075005545953,23.023993581211137,26.342285430142283,27.73484116499847,29.58635519905229,33.74018514898624
2015-01-01,18.59616451265285,17.777999354168358,26.1845211462764,31.75480209924848,24.317194066563847,25.389084690617636,36.09271546173295,26.32641709505636,40.1116714896085,34.40559782060838,32.69389449640276,28.82386557595472,33.21764813574009,38.91432990853716,24.48939091477417,25.32860021966944,22.957676265386223,25.78150766368035,27.786715271714208,23.36845691185641,23.16167971851505,24.322799497549,24.70661538384837,25.689743318971143,27.43737613476312,29.846683991721275,26.842498314039037,29.580501751090782,25.17131127752667,25.989929451696117,19.73174261854165,20.504947792505,28.46539648631517,15.122653266339736,14.950590495858354,15.099065471960602,14.860520308251282,20.98196653632138,19.153993994041173,19.416320004119623,14.009390736592865,18.21824074564124,13.187069817172722,13.033505995649657,16.04228698323107,13.786297368618532,15.054732048292838,19.07408073948242,16.220861325149848,15.623673258004354,19.74811494917485,25.426159628802367,25.08763391767519,16.47864566562116,19.21114519793073,21.541341279102294,24.743239527548624,18.91457656484207,25.994186075260927,27.353843671782016,21.32553201964951,25.676842028951576,11.514457324444946,16.876307694936056,11.711780281281206,16.234543275478647,17.521260769872843,13.297248283154303,17.326125122588444,17.095669106525296,15.350679941550345,18.02505143611302,19.280802015819333,20.230657101131627,19.12201769491702,16.68377419994454,21.255430564861943,19.34426458988008,20.67718670911341,20.896685914496377,19.03198355939884,19.91937364258416,21.298261936731013,20.604784193121517,21.10992018630814,20.716761890317937,17.83602947242431,17.433285039728183,16.02377784073984,16.683650123656353,15.092065909800764,16.613798968311485,19.382079310578916,18.96888496315748,17.358645463306605,17.300112138195715,16.422677678203218,16.088275277225478,15.682020222697862,10.220266385009827,15.075668205974171,12.894834191521497,17.150253570952767,16.04191882849551,15.959622935484024,15.08870957078624,15.030443738245632,14.857551112845387,19.6911925440214
2015-02-01,25.606832848641144,15.929306586338804,36.36636376467781,38.51292284826645,28.840916033393523,26.59830590472532,41.31835348974653,25.751337338540807,29.610433609845515,28.38527345964769,26.50747034448278,22.697938039872984,40.76549114187503,33.05429193572993,33.791366606994735,38.84476802302247,18.98992494943458,24.18513816781052,36.85480763924547,35.65418574153475,23.310103255157525,31.63767020103129,30.83361355420691,32.331720860868096,30.50003380723936,31.74059803337868,28.43733291746395,29.828740090027893,20.5855901185616,21.41661464580329,17.838151140041166,18.347330448541435,27.306489218890057,16.14906794066123,16.28259485136816,16.469206013502895,16.134642853900015,20.694074321108797,19.623944903090027,19.053800344526994,16.397886919488446,18.39171037628538,14.97645894356824,14.557262901405052,17.130813682643613,14.832756593134912,16.044573451280183,18.586251988469048,16.87923287939911,16.68410560429375,17.68083947231894,19.88343641566764,19.725517577393557,16.936757689161553,18.17740573429435,19.01765852287178,19.929875460833912,17.647578105676867,31.355842208791863,32.12102182616907,20.84973018244609,22.87223651975107,13.60307624966602,15.643863530998225,13.326259113550568,15.232393237040254,18.81874832022712,15.29558177975044,22.07240538998768,20.799447830554957,17.335703683491175,22.404884287598247,25.52413933546991,27.90012704589303,25.12093217881351,20.25951362502828,35.55526706593942,24.5409740303404,31.03107471373469,38.61965551269662,25.32073007508774,27.93309683685384,32.44264437562011,30.20182255731217,36.43176623909304,31.67316753678845,19.07747685566353,18.822946497063853,17.815547093868684,17.86585441536642,16.215335095113332,17.770284303111655,20.263645871743936,20.62544989973049,19.150725545576883,19.32103556535053,19.43066062554864,19.56944538107873,19.20606968473745,13.646036419735012,18.758633200669845,19.18456600569082,21.235785272024007,21.999387884368385,21.70539630962273,22.123379310545527,22.209065047059987,22.11462508990559,26.099315221002083
2015-03-01,45.254176649299126,32.17499348714066,52.12642974126221,49.762233441146805,45.42023201532766,37.183795926669134,38.31661096903757,30.481142629898347,19.832717336858835,20.59777519789584,20.244780154599333,19.616426190492884,28.030951899393777,23.8667986482134,27.57265998978461,25.49771725012633,31.071303124279964,27.54464600185424,23.757997574923092,24.602223796922928,29.11862554150035,24.585115160325472,26.82223881474413,23.782620869809957,30.32761220221051,28.701457616875512,27.92951855130096,31.51945623822592,28.36136028538493,28.37360906445794,21.195409532079324,22.041841047090596,38.59296426769797,19.963748693596465,18.55400579736065,18.77337601040696,18.37990872861607,21.542958978866647,22.23722005850797,24.87629683507677,19.449234702263,23.48505170118354,17.290163002251802,17.43778841142253,21.92933763564196,17.509806168997525,19.860372759248637,23.836247031650437,20.548403457503813,22.899454451168346,23.61248158165004,20.21379123071844,20.43860844563944,20.99331083622866,24.66388336399561,25.653780957106655,25.17070250874162,21.2457864250936,25.174952863243178,26.24807658365149,23.228751907867515,29.053240831117694,19.168634426351133,22.97421389563913,18.2618799775397,22.469710575485596,19.03048782033069,19.425055604362623,12.403481436474356,13.208352672182803,17.23199173753605,17.96202629437648,20.72079871963641,20.885547753337967,21.284302435315563,18.292861989179663,19.62051688678564,25.75268171716929,22.166325218752405,17.002621635609458,17.129189494515362,16.798164336114148,18.003107067705418,16.53181830883505,16.495649525288016,16.39466746325015,19.67530783065668,19.88212274196092,18.94749130099048,17.921795847637643,16.47024405431653,17.64309600402759,15.83541075602266,15.450340883781546,17.011182594526122,16.87699327867164,15.040403950727118,14.615930183753711,14.301901972438833,7.783628756951331,13.76204717939812,15.30436795628363,18.79905926524323,16.468648012544104,15.863823426184656,13.200410112695987,12.857615928894296,12.811339993144305,14.595406590441604
2015-04-01,42.43830794450161,24.88485092763986,31.29097315326537,26.11586924460572,27.632629717154654,26.488488156120347,40.80983670909008,26.84492081727847,26.1890170042936,24.67887039507279,24.27283956905281,19.50848959885275,30.442892667289364,33.516388163129875,28.830225161988757,30.32919279213692,42.45820552391586,23.726410305192225,36.540339441565614,32.74481961472468,20.747240949227876,27.826248647816424,24.82860942006739,25.27293779186051,21.846858157993204,18.44219227213771,19.0055074370704,15.5323358711257,19.26411427905601,19.621770723624724,26.320509858543183,25.778692666453637,21.63191332971824,35.31903162825739,33.085718351168374,33.226750967492706,32.81499329882297,23.05956518889653,21.62805806309941,20.866379268077488,23.327759723488324,21.673834925721778,26.812384319801847,25.378964754978064,33.4464434363567,30.95632262087514,31.944290708785385,28.180956130779848,26.567234485853508,24.781901298826952,24.01384734407956,25.98881523167297,25.87001394873993,26.40303680489741,23.982927179786763,22.134598103095964,21.165222777163184,26.191291343352557,24.386510930106184,20.85238199248861,22.721925263692277,21.38398139009001,33.84666836106221,34.473278761119666,37.75948507731323,34.70130429866302,30.64044328085537,39.4416090361952,37.92317756315684,39.22944870777361,37.20217332833893,50.11613506903733,63.35663299201056,74.03841655501311,73.665295706765,47.95472975835504,112.42147435355488,87.97030196844159,99.158659157406,108.8587221716894,53.92072902808076,71.74690498665515,93.93969484366085,86.42043654391078,119.01107592689446,94.0176991848382,22.051719260327733,22.19818697956108,23.17203762306593,24.23305908294697,25.776986509992938,24.52263283077467,28.048253139074497,25.906891179756304,24.99450294526276,25.144120696291637,23.98326956220073,24.39612773210581,25.10560679416636,34.3851963900636,26.80801861057072,37.47183787839991,31.30434069491982,29.90201710724296,31.10871326222534,32.31941550065171,32.32265817988315,32.450316287884725,63.92655064862913
2015-05-01,64.3530594631541,38.8066532866457,63.79182490346245,63.9394802074432,51.51854458434553,43.12568906956195,52.07691095071189,38.02858571563482,28.78365810048281,43.5657638503855,32.69655696492745,24.189223085905684,37.88388211396752,30.10048173847995,19.632477411176275,22.500493548338824,28.2269885332824,26.35428957551068,22.81993260339441,18.95987944649983,69.72341582016541,20.0623712583405,43.20036331271612,62.26292373938182,60.30549993455551,56.47865875698732,71.0945593019652,59.62356715963807,111.1549609036686,111.90177606511116,135.6696854830173,132.10532432125908,62.45426444492366,133.88728949730776,143.25534489732195,142.45147586875234,144.18841738055937,133.55236600389347,131.14071588277173,126.39916841101164,158.44548219023764,133.99602939561936,159.5542577438987,143.0320048832162,144.71311705903378,159.58571877391782,152.48454916535394,142.73142280372682,141.83767096232606,154.6841619655322,129.88009218234805,117.3356884434174,117.56009905857896,141.81560381929637,151.53628547782031,135.7180708972492,129.53139346754833,136.71087249829225,60.6748221440692,58.88174817579136,118.50735802519894,90.35595967384272,108.0098230721427,125.5414704591004,120.51827746450525,125.39241122744716,129.86191463931905,120.28045406719984,109.48335097927608,113.7055222525582,127.22024236350114,126.40219347145332,140.94380883967162,138.04931148029303,126.19633277243253,129.16476426960122,127.79120203478894,135.05136674127573,131.31321739342377,154.64374296911132,130.18700413864713,135.4158088252667,137.05132608613062,135.99127263756083,127.95562450064978,134.858320417523,143.9098781336867,143.67225120138212,150.76186496461568,156.6835987250062,172.45930987822018,160.1036633564529,175.52915825579043,172.70701275786857,159.1248533926579,157.28382591487664,152.55266426753838,149.98548258313534,147.328566513796,122.48505490356064,144.47724655767485,124.57296106994866,117.46037996307004,114.6857340704963,113.96817158010056,116.36882205097368,116.87706168494432,118.90637797469176,151.8359060456702
2015-06-01,91.27746169876517,49.87768408240161,54.29439778398134,45.29420165596883,48.37248992553269,58.53368271854168,96.38677260469984,71.77662357301071,59.95578731753616,82.84161692446813,66.9490180530555,56.95332417878527,65.09283739164047,59.53766858124126,54.43216269543657,50.86339382037361,54.43593512501841,49.44987043336093,30.994947946505523,40.065198095011226,60.2706777500283,36.439712997963504,52.97988689845951,45.96595089011719,81.50699971099084,56.31784406633159,66.51279691188775,80.50730567587836,63.34028440911703,62.63317609644602,90.29283475290316,87.52235348825258,42.06268696236479,87.28156699404204,86.08180805557232,86.08183552343652,85.72095981994809,95.40317117436744,76.14866442167214,71.67461052501453,93.52561080664184,75.6978738683496,91.18790654749066,95.20344913187998,97.71128377481014,87.39296330359446,92.4967766787937,111.35533541233714,82.03675711020823,95.85073817816536,110.10766559362946,117.97695269758546,117.16450644416165,85.24822495453392,88.49928764123148,83.72800435512069,73.9009927693987,90.47080995982202,51.47408164028799,56.39015531920713,91.52537293344449,60.02530610963656,88.66714644192528,94.84855740505898,74.2659160557393,92.70351772399226,80.81970523780558,78.29187604292471,134.73615004325123,118.9844328513157,89.97024968722374,120.7534549619724,136.79560371465277,149.09348744829256,148.80522278110982,107.90820872340542,155.55017482111816,142.3821867275702,164.05916891101245,147.6133356770477,145.30543374110377,133.6026710804085,134.38305462716846,131.75272918937546,127.594378789838,130.8294414838769,80.28919095124587,81.51077136059861,91.44241343420984,83.88448367786165,74.81258741584877,81.36529772997208,74.68641417591753,73.6841515312551,79.35933651108995,80.39449020526004,87.9937623163783,90.84451868861092,92.29711635059704,82.34360250780931,90.45078733741272,92.70945700173657,93.96749539577176,101.0286202161531,103.3708763263502,119.32779855747688,119.46501634260432,116.66298141315175,117.8608954800246
2015-07-01,64.46111785982576,46.75998676785839,50.03959579193879,50.95745845871255,50.13725852066292,62.14537068120376,92.70253132136791,73.2706739631409,98.20571970911055,110.12137940579092,98.91712309913272,83.15302144758869,90.49967280643186,93.64287179733104,87.23145256728453,86.20764069934353,113.75806944986006,74.22204206061579,109.23057974166296,113.1686230175048,121.3094227958675,140.86943481894025,109.01503423962735,71.57656431383123,83.47156896311019,96.77502803148856,97.5113505929094,103.06078581133995,114.1870568569839,111.46920907537282,92.5122940080894,97.2890181727672,53.16077327956511,87.88130433946873,77.55444003530644,76.57354076781367,78.68830685584335,69.18385805390747,78.68541949819007,96.72327242308994,70.40279007138831,92.18602933980124,78.405074509602,89.86265877303538,102.00659063784865,97.10295585410934,100.2337664340874,91.15876125212684,87.82760321261988,84.34534325289142,90.28898997953976,93.5747962799058,92.9636913534412,87.82036733644607,97.54876605086568,100.64190424508617,115.596202730803,89.8677356725056,77.8581182785764,79.76301443075296,89.79927776314624,127.37791877381942,128.41753342858016,107.7581529355841,150.1399716962814,112.59062929007318,64.81000349260589,123.14320092434158,89.17981941913722,83.87834985213081,92.51512868529431,84.24403581188697,70.26877471346397,68.53768454582588,74.92055134105537,86.72532343271257,64.67333101449418,78.42598886465142,73.29105355622681,89.83613773352205,80.27893016159625,76.0259854124509,66.244162290085,72.89550427311215,64.22130195461575,71.87503420213586,69.80613997963643,70.44263900347327,79.29207363198515,84.00268086093516,59.9649763097448,78.12364726746753,62.44148215706461,55.16689735274112,64.61756847778858,63.33784242170438,67.02408299060417,69.19343393458975,75.73581454402142,136.73905754678162,85.15024733686863,146.97682584475808,54.163399162459,56.36579698710447,56.828413868712026,76.0967381996951,84.22463564101906,94.4379915974642,80.09573172127527
2015-08-01,63.22060949914329,49.44642365868097,36.13841501056023,26.83309631582456,35.33765517757393,57.30273171596665,100.41765408043771,81.61938898004964,68.149817340763,95.76339647662324,88.31487279879704,87.54522700029608,58.06872558180071,58.98637229853316,69.08361671237971,66.8957581421098,31.27930526560904,62.68646028074833,46.61366784848627,64.25117558561226,57.19852435650132,74.43533201328344,57.54494353510448,36.55331013632544,40.73461660571732,72.51630389909589,43.7422630774985,65.85252328697659,38.155946132267616,46.68637055880962,67.574237374878,66.01302327724683,25.808309716020304,89.78356191557732,80.34386642583212,80.65961894988399,79.7222889102534,43.2797997604604,40.415001728689774,38.30669811312487,43.71422033759937,40.70557677192505,55.83448569829607,61.273110920544,67.65241326604124,71.85559044309119,68.61649058951446,64.63393226133354,57.40064045795117,50.63708789648824,65.57102255123003,82.3963557933661,81.23473267665769,57.53158097982536,55.57026697327192,56.66374047809512,55.58123768004176,63.17915821116048,37.46775528249222,52.53122787143516,34.54297837013862,27.12600628856156,81.707564019637,91.14164324276037,86.28373575456575,90.90137127648178,98.02865104565016,86.30217121458256,96.92770045307527,99.26461481722671,98.49032629935752,80.70995988211212,110.5040616489636,138.79615045455128,143.11847974994393,106.02254156692123,201.96333940085967,135.30408641145314,167.14282739050802,160.09505582188663,94.24125407130082,135.20778952734491,187.06093418604888,159.6250201775561,199.55164334195032,166.7980725386036,38.84462896906175,38.73003504217954,36.635417299499146,44.5335457291007,52.37566053852242,46.78503803651954,61.21491694683381,65.13418180861783,58.863769004386405,61.1212295837735,65.07208343024767,69.77080730684243,72.27534593694925,88.50045019118791,74.74119225086531,93.8707968578237,93.30634600868822,92.92364393490656,94.34489432163365,105.74385280744151,104.68591791324282,103.91664593867335,134.79872723322018
2015-09-01,75.62508908566573,68.71345605090528,52.40274820141894,45.75178711609176,53.86446529763325,65.66646661731394,92.9111197763812,78.4606657234869,99.52399122886126,93.1835515748786,88.36307304435572,77.94007907278296,90.9523999638728,96.2179677121718,88.57343658151233,83.20167464781608,75.96159284808157,66.29800060757927,56.60202977762032,58.68514233620179,27.59664688564176,59.10346503120318,54.68897603462554,72.31330884401959,53.9202179809771,56.73752318025223,54.48732523400293,49.52748782499,59.16262355262904,57.11422582007836,49.73706337133624,51.04520736750368,45.02237345389783,58.78673909747676,54.40240711267274,55.22529879832527,52.773654897564285,38.17125513176342,34.74329193950513,39.89560712177857,32.17125674225621,39.1761644252104,44.476715526617525,46.63819263749067,44.14435977943901,38.65505733334783,40.56075900486543,44.66881933673963,43.21682001447209,53.26609567083627,35.68125993969861,51.08067167943099,49.82673973837208,43.43322616076984,54.2446330654462,56.95310267614965,61.50547091991247,45.98798554990611,67.79680363894961,61.6560349970141,35.03745573711323,62.07815592597265,99.13993931119369,79.6819366697512,72.23039103998217,78.04280563712182,19.70998053227657,76.28959039901585,72.50669384695414,96.0951819721543,77.58296967577616,105.7999771819502,88.66837412103261,79.93427653927864,101.16205283691802,86.19417700352113,92.56050689567182,87.54002242804995,87.33803682175562,55.36224733384813,74.72575634957424,72.44915905395588,69.50893358860935,73.83267903599379,79.1803055621085,74.40750468742566,27.62293815711269,27.29108840238948,27.094019579655487,26.735864704802932,33.21680686444073,27.558627070926345,25.884317634966383,24.812382813476084,26.80807869843901,26.410419095941368,26.822803336756184,27.85826831005804,32.38650666545627,94.05002287031655,39.927665892531465,105.61077860295342,22.198171019935657,25.575109058932775,36.20621481647526,65.21819205678071,69.64409272262489,77.40801366958954,80.42339106867206
2015-10-01,21.199778304273792,14.717876625194076,27.44880520868682,31.97430311517152,23.613273640042078,22.34739969424261,34.053047724367055,21.30975150549739,21.15006536881969,20.975316363461044,16.972309673427045,13.13331042301268,27.254579592433505,21.773645571212704,19.94371551491016,26.47013691102177,29.538057694927552,21.476156300010025,39.60977048511749,41.433598311918125,46.5883031088096,42.48503037685919,42.931490719873146,41.64115494133496,35.27721280905736,42.13392960250771,42.375649841281216,39.89189184667925,55.12089861574549,56.2479602555591,46.86787953334592,47.670004796741466,24.3985577122522,37.76311066288226,39.97587962462542,39.504991679532,39.91139588229888,42.77379349246653,51.59968073281394,50.8765440785257,35.81915467923389,47.25339337351757,33.30422729957146,33.7150499108065,48.18698503619741,44.95668022279396,46.21657881836271,50.35664908897599,42.7517686558033,40.26152414249727,50.38720723412456,56.55262736799563,56.2734670417843,43.19126404353994,42.515363935251344,45.95924588273516,48.01221142220245,46.19187059793121,41.9269368801352,40.40695735769638,47.05097833176416,52.68977719195024,50.28289392275872,56.84686359634407,53.06045930873047,57.04677044657977,24.48376917679205,41.1211532834223,30.65767636160145,36.40867761660061,36.2655209538833,47.28698448905955,45.29552538263897,41.16786657998848,42.91997581752482,39.41606904279397,35.30308373748822,48.13207284593842,39.01813552092671,35.57669033008422,44.87711325527077,42.84258720731331,37.06356183548852,40.65492121931511,34.28166655606309,39.32609058529243,45.2923357879663,44.96419115059213,36.33124594250547,35.027882681579335,28.29583774908841,33.7503364544994,26.488288851723823,26.920749708143692,32.2456430132925,32.30838602191574,30.76275588708096,31.09479930731353,31.439708838686315,34.50156219093455,32.23419505499949,34.64393838790518,26.487417774217597,28.36478101572732,27.041299411167344,27.911458424820555,28.02195321735602,28.43655920776768,47.83485795277362
2015-11-01,46.85027103369867,29.84323267698953,59.80447844531986,59.51739128759356,48.41218570052941,43.17446159822668,65.80087480038767,40.33094797987659,31.06306850090265,32.89818411713695,27.61351058907549,22.97433415909945,39.119987106342414,30.179497145158063,28.5113498612827,30.55118002679533,22.94134189114877,31.269180156882477,26.99487743586576,33.17191794004762,26.770959156586137,41.49033062063304,28.141027923660275,17.54230496994617,20.379967001881944,21.8416963916834,18.7826038163023,24.696443616422957,26.26097345950409,28.0343897464666,39.89393240817469,38.581090425222754,46.72201124848029,51.27860032432637,42.59583832231221,42.812238372759936,42.11123517259377,12.202987982212662,14.4525398955015,20.15710955735389,25.70284035194981,21.30113560056453,25.842354655630853,27.796861587538277,59.3856104481243,46.36731880632149,53.10717190665642,62.0271527419999,31.221139825480535,29.59939594441646,51.54623073207035,65.33204751083862,63.97142756674154,33.119851347011675,30.826932767614903,29.357509018280435,30.76394121475788,38.8395225870364,17.84807923875346,19.433892455939297,10.644455590092294,17.74100241957423,71.26743728377485,64.86125354027705,63.34017096023576,64.46411744952363,52.54255362622844,71.2066775266645,76.72607550198381,74.45428486694622,68.80326045964559,71.39553329369454,81.6098483583229,91.31441304581864,94.30360670630442,75.04654383298973,94.6661276600113,85.11421355275986,94.83358078647692,107.6273187351871,76.15118440882544,92.89930392019107,106.80250581576328,100.25540324660965,100.4870796375476,100.8169407737586,15.636477398216345,16.511446977366294,18.767236862913418,20.41661096573793,24.214232266450185,21.219649274774795,25.55761079923293,26.680764306404136,24.286725348857704,24.70041601135137,26.680288288894157,27.50411441174262,28.962215026899703,46.70265822629388,33.26961618713536,80.79281303836312,44.932636942296426,41.72453110056626,46.27210668417096,58.37576131647455,63.08912292828346,67.73865723685456,99.33937254848142
2015-12-01,26.24969189558339,17.785478626870624,42.97108116253337,46.65039236185854,34.53385849624103,27.81364314874732,31.30833137383605,22.711939267442013,16.61842816481485,16.99999251922597,18.111350470312168,19.46093663245716,14.212068207069958,14.488030989021391,9.079478671325235,11.40433957877523,17.70855421509851,21.469533896523057,17.18378368232509,17.020695449189873,25.197088735224632,19.969172725364874,17.9196963179328,15.497359812273531,13.640377487304985,16.55526815567346,16.93926563159482,18.91796912330897,32.61395476435509,34.222624193781634,34.57813696098114,34.42862931469966,33.6379780679125,34.947855147916314,32.3769709142016,32.59582057341805,32.08647058428297,26.03679708117209,27.646188607031227,30.14617017307821,33.29127169671207,30.13917508925725,27.07262652329952,27.148675070384208,34.42262625327259,30.372270736014315,32.31807209157179,34.86034556098435,30.29684531648337,37.62925276053153,35.05259978403046,41.1047669452487,40.87398984142163,31.211002268562844,40.86679003910257,38.14654755467223,37.31774057501199,34.1447353630557,14.925977919824838,15.090405331352606,21.376798731933945,19.39650640481012,39.14300430458701,48.748563554383466,42.81346902570132,48.269092771243,39.29954939888703,35.70571530146387,49.3464396569977,47.43848358070482,39.31628481976768,55.4018319744884,77.34018984918066,90.43909381248008,96.1091416462549,54.51834470654518,121.203572883551,113.2387389584056,117.47490504876686,139.9182564526589,57.83970690443243,77.16208601107716,105.87180767633096,92.54868094594848,124.39737364334177,100.55576584829608,31.780911311640235,32.13087528440028,34.11197718586397,30.962250331178467,24.021392280097928,29.76355637831452,24.82423219654628,25.27192043695325,29.02357514233512,29.217809448729536,30.44837086512426,30.97956131623404,31.57913988921717,38.0630606406313,32.865754912944126,45.94547406507613,37.29472816233381,35.285789098544754,35.68097075241298,37.435729818434616,38.73573978922108,40.15526259585372,68.50478528195842
2016-01-01,17.471091321856292,14.02674875524198,30.636104115979837,36.334962933689695,25.80093588010503,21.598682449329527,24.310469574461784,18.227979518688493,16.502627394153276,17.55840546645167,17.599290074183855,15.801585827319007,19.81547991771177,15.149021392754694,16.480835384132078,19.23718539277753,9.728225410687426,16.34461501956476,13.817197463147378,14.146017537185088,9.91534037176347,18.021521518706365,14.115002691885817,13.093404845905605,15.754553952575591,13.794243478409532,14.022289031567254,11.390898574901426,12.662189400053537,11.986165288402864,17.100194923615298,16.39604603627744,29.940551372729637,14.84960534468844,14.377426589015371,14.386864117762803,14.507797187131487,15.00853086296187,15.371758888959675,14.89922825359703,15.131483801747946,14.984990641273496,16.257063433716745,17.682924851325446,21.51226568146861,16.77505254038491,19.575599471277297,24.961031056829736,15.693408491462057,17.119069475248583,22.40436938107105,22.440315048349923,22.26719562892786,16.458269620583096,16.233635748233866,15.163700444514648,13.757011083138414,17.399278805439387,13.694875866439222,14.207825023831257,15.93990890797443,13.551369899828275,15.623355249031569,21.99944641796081,15.28979150021564,21.288367322365723,19.855951557368456,16.524076114301398,17.50007171933771,17.86022208278432,17.39010437365472,17.490897078329745,18.643363611362577,19.973039805870343,18.92297557465932,17.839772544297002,24.99837291746517,21.40108859620975,23.632182385188933,25.752880100892494,17.711903284104757,19.49579938792116,21.874570126300583,20.659093944568284,24.39794444300461,21.548270370241056,15.321092051719267,15.276209038818102,14.3115175514505,14.415621091485288,13.742628191900437,14.188634739550976,13.052195051899304,12.264189124748745,13.490879276459555,13.55664703199896,13.514072706890015,13.95841688017643,14.325920088832644,17.407547236537493,14.704775933539684,15.515631798924096,18.058398402394147,18.13775221513428,18.511125970809992,17.17799145296677,16.761435010533912,16.441142041662353,20.233678846248303
2016-02-01,10.809427202633488,9.869290321570434,17.0996905094274,22.192968636678025,15.720181605457183,16.162924727985477,21.41707132331659,16.69743859982724,19.77962874856801,13.36489911375279,16.40183272743655,18.480792236401523,20.34865418635433,22.22761359562012,23.84751351249028,23.69544571074812,25.453563068331466,19.004674652784384,22.880526155415183,21.30608056294142,21.47236572585697,25.45968165668637,21.85915449325959,22.976359392243587,19.747608709437465,19.98614807427064,20.622889059277124,23.05760553629247,22.216004214007057,23.298709825363616,23.133847327611136,23.369224151349226,17.527735609682697,19.317345831299903,23.08789940297257,23.11081140229588,23.276450990526023,19.10486609724628,19.30181905925235,18.85782961504241,21.031630986920284,20.13460106177966,28.883125764739077,27.41549123646484,25.206105156466837,23.10449074815759,24.461202468542773,23.625866844046232,22.82679480214058,22.366983627089883,21.946650656369066,22.226845202622776,22.210136322664464,22.815298861290703,19.667397840562284,18.01785182967619,19.4189880358542,22.67122656117614,22.15656090909376,20.506210118142057,18.131232299037286,20.91268321416488,17.8767621440285,21.80281506992594,16.722818513258325,21.20118064568236,22.909275649075767,16.94285836523557,30.93749951103354,27.435935987447664,20.731812705101436,28.642596637475467,29.85489903835108,30.53172278468464,26.375991153241248,23.54788859250257,31.180290215800163,24.88670447080704,27.5444279559229,39.80625010275057,36.25184733304939,36.59443008675256,34.57794083353699,36.51390203280965,34.37280238964744,36.33858745005219,20.087308910677415,20.00870260567673,22.04688055337106,24.357527402086536,31.99472880250641,25.700901727408787,31.847505531957964,31.399238656320644,27.17925495991671,27.06778262973335,27.87899007492642,27.56235901642201,27.55775255204211,29.299370326129768,27.710648378662444,29.51380551121715,25.81374855131285,25.72071710683081,25.45321495720345,25.895344070757343,26.719864707486416,27.61151696759985,41.76944917722408
2016-03-01,29.6974764528236,22.275034046750854,38.54416955947555,44.14735495087328,32.1283355064848,28.14090688460617,33.231984628621355,25.329241029260203,29.40390886708587,31.294895238017595,28.84297890223932,24.244812147632544,32.25654388099941,24.276626522853533,27.75276322161192,31.185824220862862,28.240973110428836,25.865551965417623,29.608288440801637,33.50029490417008,35.01722174449223,35.444995977157674,32.98678159845786,22.846654920569215,15.792703835781094,31.4024051628268,27.420106212144702,35.89893087685971,39.64486995242515,40.87005544860591,30.45179521142719,31.15957815162388,35.258553017994544,24.67824345892324,25.86841188216312,26.00674678941542,25.766739416907807,30.810816615978244,32.835922820303665,33.56912348818454,35.35816598564262,33.34602217255492,27.148162336899208,23.861606345723278,26.501800717738387,22.85263488530508,24.757197868857165,26.65263537912803,28.99781733672176,29.6344962734526,26.703620174117468,36.75141768334548,36.10722172732864,28.782533634575152,33.628058356656105,35.24123039173597,36.22963678185153,30.259723101396503,20.429025146026525,24.517614419224163,28.033749256862382,32.23406774750174,42.57536088486555,46.94478641383096,43.923527555048125,46.49037630091381,26.3959961146585,47.335133040974455,64.4246901560515,61.98715362560256,44.22808980971588,69.53073293466663,76.51829357047505,81.85983413381032,88.45912082580703,57.150059114807306,98.39984693050106,103.5222149574727,100.52305934734233,86.25678620069036,74.04489611016332,77.0347491070354,83.9504947591928,79.65621192368774,89.3354168224923,81.4819484692848,34.62251112315854,34.843441256895034,33.88448904626552,37.37839901648083,34.333992747836376,37.10388052356048,44.45422090897833,43.08164935074705,36.90488513148016,36.16968435141497,34.699795914788744,33.89635247650544,33.788161790300215,38.26122779591135,35.26611884980855,53.88389578822782,26.734865592692994,27.259626309637973,28.333585400244207,35.74368145959227,39.28408930175348,42.9515359252848,78.39726862940934
2016-04-01,23.185927439640384,18.181194836537465,32.01920824464791,43.69365910598242,29.716395552367903,28.84159058110406,31.136223142494423,26.267947244995817,16.530479629647004,23.31006024498843,22.64389202288908,23.710968654294977,26.97737168033908,15.615555957703108,25.040310067850488,22.733713986804688,60.74339672326627,29.76905874921122,21.185998981818575,23.22007186095343,65.72367566151176,28.312073107094616,43.50076348220678,45.70241312176624,58.10390159941184,33.40985888593279,60.94484463710137,42.56962930957556,60.33557327056853,60.9050751146891,69.77265470183704,69.11411980920295,52.95693498369373,68.12584521159519,70.08982572348376,69.14140050751867,71.29633999522322,84.19690869398951,78.60987236229005,66.64924260046706,64.2442021614269,66.71720862895374,71.10053370544802,77.3267283164003,64.34967966871734,79.97075456430623,71.72003590334349,67.56123822417207,70.55187665307291,64.71955099841449,74.31357882455617,62.79033263990064,63.53840185983511,70.51439812281059,64.65327238679755,63.05719796483418,68.6938705597655,69.27137944845072,51.491332863843,42.0413243294682,90.17729241039213,68.57274800410963,66.78007279443295,62.518565236970566,73.57278358234446,63.90361199712287,93.20724752239914,78.75129730161909,102.05324305735331,102.52818731648354,88.0527734119188,109.93259680999196,115.3152456218226,114.18563156721784,93.74803721525151,95.41665478144806,87.05265302997556,64.33439548233478,79.43331167543495,102.71876613725654,122.7650620218395,126.42302168204998,120.81243933334088,124.09240856088849,101.87494938130894,119.34877650907258,80.12593839123325,78.81209822580611,77.24613688980921,78.14441148170673,75.26535317875532,77.6824447459698,83.28129247762786,81.65302160934392,78.3142157966396,78.71649236361404,85.80612882660196,86.22165665550767,88.14092726175649,140.48522689604127,94.3980002921011,117.8883768529636,93.95216017555111,90.8742969441137,90.7120251229407,89.51435879321866,92.01615382430394,96.1275824196868,130.69843491830403
2016-05-01,98.3233111638556,75.84863133906315,95.20264422407688,99.6678036728282,86.28828272930572,85.20447096295807,104.57917800557144,85.0573459141855,100.64710471344608,90.54608020761631,87.03677028978318,79.34072897319581,108.45557983284276,110.66622237909051,93.36529421450388,79.90322898857049,122.85238276714342,89.16027470319965,99.79702651997326,77.7681738637523,107.028052794183,54.65966594703584,81.37994726381056,93.01636180232238,102.40710874133238,99.84103725797378,91.21837908159084,105.05311712804588,75.72966084225834,72.7373387239017,67.98136955595307,69.70144755217927,88.94009139582153,51.78670822102668,51.83455022115064,51.820533421142095,52.2480570994569,73.51810162144999,83.78033364748421,78.10099110984851,53.52264551903468,73.38490432527841,57.26651006929104,65.71197852886762,55.40726409196471,60.39254634582807,58.87139937973213,58.47801462285621,64.38188142105594,75.11369376542225,72.87427634937777,62.01267221320714,63.13806607858327,65.6538713063302,82.05417669142096,86.31653982598628,90.91660063066406,67.51461907755213,95.14246200922238,101.23191988696172,65.47191728943535,83.45250073857295,58.01433451536905,49.93418457525741,62.7972935614835,50.8241388228454,50.83340665173565,69.00535110919887,88.40451329593316,81.63821122148292,63.623426246257445,100.92463192886504,116.31981634091647,105.34704779637178,97.2496213256574,78.55442414828356,74.70568273524468,86.46767743919548,71.02985885957062,119.34403591765572,112.25242096418224,108.6582176445776,95.69236706582716,104.41332942373204,90.36926997504716,102.94177154602272,81.67377979060939,78.81326293441451,62.80877051517231,62.65092062717513,61.89459588559515,62.60414206671477,56.75585445590217,59.94875712103845,62.13337459689084,62.41244234631934,62.88843440237118,63.54026008061445,65.05790096974587,126.37859336865014,71.92322568557185,107.1261066325496,57.779381509651735,68.68143134159408,65.93641979864715,67.99283544930748,70.25300115029512,73.70295681363417,105.24051997749784
2016-06-01,64.25669826011587,46.843702333449656,45.7532894020721,39.55708474379134,43.28653615713807,52.03243885847419,82.72856469342697,61.33041182609793,69.5398574586673,64.98328733971792,62.77390937945759,60.74167618571487,80.66663745145051,88.70697696793509,63.94420264271999,69.56471244876305,84.61498580216814,64.74303966586926,77.78473974445915,83.26091612264959,149.68221807039367,132.23939543659452,98.66071142039183,115.54200729420246,66.30453615264888,99.65133181802892,91.36523958498076,119.35666005554909,101.19408429000974,100.26235691373292,122.52179245497742,120.84894497948126,38.16633924769371,112.05806267698566,102.0272841785106,103.71186212933218,100.26162346005532,28.3189212170417,48.40341447711077,79.59452337682094,112.39694232626024,87.40681765172569,114.51064669097066,104.8819457970356,116.9270578003562,100.659439639504,109.65148161061464,138.65844985232863,95.9516468479635,119.4453371848825,151.53565085621688,160.0025129611656,160.52526588696384,101.52215218294818,125.05394775351634,124.08254630600013,126.10902201283008,117.7337865432344,101.9758034701034,100.27363611620964,29.47355597774988,90.98587979200956,140.16192788173396,104.2401075244918,117.66679155144251,104.82812150137104,116.24461988802946,153.4829005591986,77.21419792540911,90.85313630565577,127.41088591344904,94.52549507575604,106.6171417583553,119.37833953776602,104.07089099584854,120.4817209415001,119.3417711066169,100.31740189690336,129.22962139143644,106.21141929514351,82.78258441140207,104.66189467636264,133.9474632405244,113.98994701561492,120.133944599257,114.7302846986242,48.07050289386658,52.71093873438257,61.14468817585896,75.54785176157907,122.86628011546236,84.82781973330637,109.79481968499032,118.58663062479818,97.88568567551606,97.5106855143318,90.48805250485763,88.13973948357474,85.99945141768768,55.43464381862897,83.0021144096976,76.34891089624084,119.97200998963352,102.07405236852183,101.23141465486133,89.86971074568582,88.94371260154306,88.41915248472537,85.48829506639518
2016-07-01,154.66114042116195,113.06349511475192,85.10003493038982,56.19960681756736,87.80993933566658,109.79912690222044,150.15592332185074,135.5645828525186,139.71500537444047,163.07396783518314,155.34820520891358,148.21380419353144,121.64221314820918,123.66078002530824,121.72256392058472,122.95869080142428,97.81775830184282,115.69602111736587,104.46327610123204,122.01511564617536,139.88800794613775,134.8505687163363,129.42509522400417,91.85683165574224,151.2264696407513,134.74417309924092,135.14304829777484,128.79906018083682,120.43672102673888,126.69669769699304,107.69753653476644,110.65059611944926,50.85432290448422,127.89562961450548,127.47441077538328,127.88153218236484,128.03779275531213,132.25395821747867,128.0603844213116,119.94226456503448,92.78523986014602,113.22672267988628,84.77439765069403,80.79764649235506,111.3799824126908,111.08358317432734,110.672248351183,93.54486734068064,115.17359761585172,78.5687880811223,84.96713118149941,90.77758901033997,90.44804370876342,110.38771528804224,93.09738523211666,106.66390749268896,109.0145967293281,105.40012400649192,101.08560218381766,120.62759672714677,135.31886101126605,135.76483864485476,132.7096803374381,129.72137123603704,116.30134140105189,128.9289413831145,125.10627996847816,113.7675811001491,80.42149527217663,90.45708698509812,120.15537451720608,114.07534840426516,149.99956663707178,133.99632112120008,137.25222228919512,126.15442831369364,94.1321751329112,137.8787715881313,109.6716864666062,70.35038557347538,91.7179343534133,82.51777041421845,90.26156455772303,82.07835865581669,85.93000308632402,82.25843020454593,122.23178383144278,118.2502124678256,113.1586342973871,103.1443209749586,102.7285809819862,104.9010884969736,114.60266371102075,111.02102807263368,106.51321907624153,103.62874626091036,95.6868884081792,91.94567275393618,90.05056367265409,75.62493832697078,89.27465891015676,91.62404838508871,96.09507673013266,71.36134540138067,77.10095607504508,78.73579332881772,80.74311947011816,82.7085098632397,71.43740384822733
2016-08-01,87.97757887702572,93.55586896915788,65.9930509126212,62.59440470367349,72.09911034443711,87.86910841565276,106.82581718840092,104.80253567444454,123.44058166452652,143.3995382496844,119.9664645881529,109.21223355257428,107.69290558573898,108.24431706817212,60.59059714871471,83.24106767836892,70.69732668901084,89.98273313669338,90.25598646232083,89.80519780560665,74.52434950251819,99.39128717765536,80.66050804296992,44.380559871571,55.93304473669578,94.6856441189914,66.74973039220404,88.51444671407052,74.54514480419074,83.91477392515628,113.13883736027488,109.8258023357565,62.63931230911751,122.76473436046538,143.34806815545477,142.97830344462082,145.03620751468392,76.07905113057109,99.70187953992716,94.2243886864868,107.83383425288032,101.30803127399948,152.4650527253284,126.39991422459964,124.90206835031752,120.14093135684332,121.7681915207862,127.03871131876744,126.04398210806065,97.45819973091892,132.97962172894984,93.93960453372183,95.99537627197564,124.0864530890588,106.5593969360478,93.1587328200778,88.7842378189226,115.95720429780908,47.68167285089152,72.3824564988662,61.667280118516565,75.57477715503589,93.84109059447958,87.36028340574912,91.19438155291928,88.38200979925018,86.11453257058446,90.79181983898036,125.39866655798512,122.97169028964784,99.07244409776202,127.64710186698514,136.21660464639208,160.74080828130724,167.69015407296598,118.5137757368083,145.16039111852157,162.29760318199888,164.56933356952575,158.02182285394798,129.9135499911913,149.0587274564166,173.62021575296703,159.49466484522378,156.98460792944374,160.7114700707827,112.31291475038742,114.2971454428809,91.15554760037664,101.35953167149292,156.12111214368417,108.77054897470389,109.85803009283924,111.16621339570531,110.3156661043686,108.98000203369466,99.68083099776076,98.23283441641424,96.50433996042558,65.25257538627599,91.6883499037273,71.7902288624133,91.56643979989435,86.63777159532378,84.55112307649313,96.91381716170888,97.52073462008664,95.1724171093649,162.88527654466145
2016-09-01,49.15278932446981,32.201110710941165,48.94519418742791,49.5365163475392,43.13191995856652,42.99913132797513,63.20828367491955,43.73887719021321,39.208859565345406,58.51835909682807,46.37970904457063,39.73169428514243,53.286259932135685,43.424274303754366,35.41713807698315,41.51541154346196,49.005711864626086,39.660625909368704,58.3932332359149,63.05881363762809,80.52079208731367,78.8117487290323,75.93303109885098,75.76858927902218,91.16587346112482,86.50263548245007,89.8204357754314,82.44245028044196,123.41267383488658,129.9531732332691,80.45673169456936,86.33047238249047,41.76247018228712,70.4195311565111,73.06193652951835,72.02423279214416,73.0479873124435,129.24204352236498,117.1044034217826,109.19860518461266,87.21304415950185,105.58761611322832,83.65274416338505,63.71287812267746,79.49810439262039,82.45582697068751,79.60886998739824,67.20256589145379,87.23153134626884,78.8849558542713,59.091857918194165,53.24993739287829,53.61438940318002,84.39034969405583,82.52482653500047,89.17699788695674,95.19974796998125,78.25092565737579,85.07746980788384,85.29114126630574,152.31695436922632,109.62566540615472,91.86475820600542,85.50642799568458,117.2595219835187,88.53113345426239,57.62744876939303,118.30631097487212,137.1629000135258,125.84646020143798,99.23466055796044,118.38088827408504,177.42097562887082,201.16511445730055,240.26773990449152,131.58933479300023,221.34591554523905,229.1988443969355,229.14789370606263,197.35687350788743,125.08848397719883,162.1878306934718,211.77820841378949,186.8398824876737,231.79520725140128,196.4251472680376,95.72304573918282,95.05703177712536,95.30437520758444,95.4661334639851,85.44620248203469,93.71999538733664,108.41505060112677,95.94214151718506,83.63910707362562,80.91687989796897,69.78093551422475,67.7224277835406,68.75463979040768,83.61620123687219,74.00506548876508,125.73744466040009,61.67056946351417,56.1529172139708,55.73357705582271,66.12771542918341,74.97466974134159,83.40597675168611,162.9394254174327
2016-10-01,61.33156094512024,42.86052658045206,67.39870162627159,67.81258325236628,58.60995447639864,55.35321843102816,76.35145253240695,53.80655772912048,51.084494116489935,53.75967960679201,48.41341558022582,40.34094523657341,57.24193805102369,50.106954555556605,38.81482384283159,58.59463443027138,105.12304674457496,54.06554124472182,106.4998692616784,98.3314160421012,84.04606436012845,108.1586634776492,90.88555270518084,96.55777768517405,73.73151315303079,97.17618536749322,74.80982270813202,107.7647863892205,45.618782497686745,49.25870082725878,49.10481790556631,49.38735108793281,55.695812053520406,74.44289727642385,71.48843266398262,71.81458481503934,70.64908875070675,32.14500934529647,34.04417229680888,36.43518412469134,32.42606384524332,36.36343139914698,41.73020863471093,39.26501908360413,74.6350007432416,65.5741567602706,69.6079196840062,66.58279439447534,50.39995524274174,33.42641758593964,54.31578825506603,53.79132763083435,53.17607736023994,49.729587539357695,34.3321895005538,37.40597220233299,40.81193233183373,48.9074181678079,92.07817263655352,90.91061058669963,29.152216644471157,54.255031489462034,97.0176959483523,53.8782342962582,77.68614890165442,56.19791612345276,57.63527531979371,111.34295710687682,73.86766916352278,79.51919199675353,85.72467067106291,80.96709361094358,77.32450036356823,77.68341012776966,85.53611932180432,83.4991734723992,71.81458060298482,78.85129781702308,67.46965911071787,49.02534456480176,82.38070639446774,81.64337888270126,82.13891424072224,80.55622660481717,71.66047028950302,77.96917877760268,37.28913758703236,36.79486499612111,42.1298846558653,38.16154581702489,44.168791850804006,39.49012966884847,40.69188554246181,42.88195023567862,43.47104744767997,44.17411080714145,41.76937996548544,42.080299220239134,41.69763896130632,27.619880179534267,41.36657275851674,50.739392927755326,56.12038751510779,57.8712862042226,56.285408543245694,54.41634953527327,54.64885683594317,54.94786408605885,83.71238632102668
2016-11-01,10.1570905532414,6.224389008475594,19.248504776637603,21.537892692832635,14.428767017567518,13.590578995320222,26.534087230353386,13.561049549752289,30.507903448687564,17.757449016474673,18.59806393618384,13.892457179019187,23.602932812601043,33.68746582985044,24.50649978191967,21.538344753865463,10.867202010632,12.3450414196801,15.690825907947486,17.92779442217344,36.44479346251479,20.11138816729981,23.896042691367413,15.93695736844648,30.14835892361091,19.07194447199918,29.447909015565735,25.64912570602332,33.888983239724844,38.927304594134455,41.375376307824894,41.33587798168149,14.689515655507623,56.032755674465456,54.68110185597284,54.83954777199347,54.34308532006129,46.6822213524144,40.80052563507056,34.31601828437801,38.31427685193415,35.729012336848875,45.89092024727934,45.95098909685442,50.86697763860328,53.56141464541113,51.738266986346446,43.79850853222846,44.23568484622145,39.92686880086845,37.07715560633962,34.72076027859481,34.76648144778183,43.66510930541557,39.80114082706811,38.32352867655253,41.13620824836607,41.54827489714544,18.20631844546248,19.88772267301177,44.41277304038769,31.19032903643105,61.43107406256921,61.73315176614495,63.29923875853997,61.95203551785155,57.94783395762207,65.82710172284918,62.59409440799051,64.23068966810216,63.30328687138597,66.47752256694027,59.92920127166027,50.680173841589,48.096971307205145,60.50547691590966,39.69505204775904,45.05412722908263,40.20743947648207,45.350560665292896,63.06710940805319,55.53855487561006,42.91691161787508,49.72220089379623,39.53970049615646,47.565853606767504,45.04691183083793,44.207809107126,46.87113822679022,44.451077618499895,47.21878869364639,44.90650719156156,42.21238296310432,42.84950467371985,47.268426142180296,48.37270433922524,47.05753586761729,48.73692692749713,49.51674447766708,45.55065923136573,49.63084702567144,55.67594567712335,57.41416043502346,59.03306737101884,59.25757386788648,60.44612598943955,59.989629959587965,59.696582959663935,54.80380303184579
2016-12-01,28.874298546580427,21.706980740120912,37.643917854785805,41.236888149421965,31.73737948178045,27.24211281747707,31.689684394927472,23.942897421630512,21.38743944312249,23.50917904676848,21.41532756134218,19.638242915991988,18.776571235116887,19.859410097342412,15.24008717364961,15.247836675964397,21.69098861761624,21.351593175848624,20.79392540922534,20.1149368793302,58.94142034772648,18.32840701176179,36.929477515889175,34.71943958889424,52.88982400873086,38.89711530917002,54.21215801127454,44.17747176842714,71.15133724200089,74.11701903294886,55.65650827756189,58.16166492367548,31.456119830179876,37.39912473504327,38.71732793665609,38.9024258263453,38.75023851114384,68.47300496763825,68.47850039984026,65.44260025060166,61.2015901316783,63.60629650391664,50.45966194720573,50.10742397546591,41.57181874646071,37.95162122692305,39.99064697909143,45.325367238577726,51.69724250693263,57.402870285258686,52.96353034063464,55.16862274576663,55.32736072991536,51.9414863999695,63.02082955102555,66.04497073334176,71.03219935205243,54.37542009919613,38.007703646449286,41.002348669225526,65.05862902574123,66.89281184677793,42.65937248826314,45.02148076545649,45.35703201258285,45.16353967879865,42.5854706990517,44.70183766612078,40.19264681336643,41.18526075670616,42.11422297145681,43.43194387877567,46.471590204412806,48.17660047512007,53.16926137018117,44.42004935371998,51.53128548024981,57.501345434038,53.8664244514885,48.73860897310636,44.3528702711145,45.89897942920655,49.43300604491386,47.24316096886572,49.98489309303604,47.82124874319842,70.79642525219454,70.13292176762535,68.59623708404328,63.90448873001997,48.46494908993616,61.0602704120367,49.01106372918533,48.42307186829572,55.438843582695455,54.48955906494779,52.66708909128206,51.13117821664376,49.91813488398746,37.35026239832807,47.68856943652453,32.36084163747731,45.25503853649442,44.84557417894432,44.33850225810205,42.78967351669243,41.95981140959485,41.11764575823484,44.55644144035419
2017-01-01,22.559340498101832,16.930230894678026,25.312735615258724,26.614922268451867,21.813312425336576,18.818421237372164,21.68509425663067,16.706641920062673,13.369508975618466,15.593127756006446,12.892382308281126,10.993358120739666,15.686795214810822,13.276347834333704,11.17765133133459,12.639566353804923,9.193162423594996,13.253348222442892,9.413554818458053,13.08273777768713,16.72480151450123,20.30322100601701,14.584178145496908,10.175517543114209,12.049175451172186,13.91095423376191,13.553272449680556,15.108461734126632,22.65409022652835,24.021204621529293,27.15305795671347,26.661572976526585,23.4892708387415,23.462804184890043,24.865900013535036,24.6585412264862,25.039236206954723,21.65172444444201,20.35189735803892,21.03414290448442,23.22976403029445,21.691818257535,24.860530327464577,24.9373601939572,33.106266774028164,29.66640515254866,31.609620040879943,33.279444283691994,24.180450911130933,25.380161646877045,31.138537674211488,32.514885050554014,32.36418155954363,24.971099472909167,26.542874067294928,26.05437916046049,26.770266570705147,26.7576198722245,10.685606520016506,11.762108663966355,19.840724648519515,15.845263276604284,28.16658744894938,30.505897503088704,27.769089447357143,30.1912470788538,23.52821394784956,23.96508014328993,29.683602047004843,30.108065196996257,25.2862362490258,34.99377263793159,45.99201675100592,48.57222804164776,52.09309521909476,32.794197407616,53.90785855231598,56.31288843214039,54.153732288908905,49.90271655717517,36.1983626276152,39.63931667293027,47.45462850463737,43.00468667035569,51.844003123694,44.94682741772021,21.70971448104578,21.766775274172925,22.70111524851673,23.34583541049343,25.32464809021814,23.62471434988823,25.20571576354388,24.60639654686998,23.587967883032206,23.50299385583244,24.006563951963173,23.909470755822188,23.926223700828768,26.897674507496816,24.60640797958496,28.96604620165365,24.1814772840918,23.911122384294032,24.40133678363343,25.960251060137008,26.07959994556144,26.45715214486124,40.65554485808923
2017-02-01,48.31728465857427,33.22794892725523,67.7153699968134,73.68204841729361,54.8515744753106,44.838999802209685,48.06691693876972,37.65574540940845,24.94166801177696,30.822268272335755,27.453973554727003,26.25171707966585,27.250541071528307,25.3292703621311,23.16385949284976,22.99018450985245,25.645434831153835,31.43865805265376,17.74043285303008,14.34992967444012,15.27212260715311,11.225250601682763,15.202426660463514,18.876774950821524,20.51398770173685,14.633354776961362,18.082892779316754,13.244923953842372,23.26472923818617,23.46633526986228,20.42896548756949,20.71087424033477,54.84276898208959,12.822954396700702,15.252725162762191,14.80686672667435,15.481505271907189,26.07721980876016,24.14771023998152,22.126414876813865,16.728942585109003,20.74924498859805,14.79778041373693,14.712482287963129,26.077184233365134,21.7409505796363,24.13594439081352,23.30198925841563,18.44434729431991,16.533353997432936,19.691503282918816,23.66005579306245,23.357668632976644,18.501598201265043,19.37785356782384,22.467201908518085,22.517483442173795,19.677600932267467,19.32556353582353,17.218565506262028,25.62154042334719,22.39567568240759,19.84305071032332,29.9766333462049,16.662489532430474,28.710484942761976,6.9056075699309485,13.609581518069463,13.905615632818678,13.785435161548978,11.955001886332882,17.42635356897495,26.10350689592984,36.146837425225314,42.15766535694307,19.10535165730244,60.13363383639224,45.79356585159205,52.20422915134508,59.70759582925714,21.409324747752407,32.13534199949294,48.60907446944832,41.058569136339614,61.54532603178194,45.8041104850268,20.76824655854519,20.461513911547925,17.019669286293542,16.84349632432651,12.934408021919266,15.9300270885231,10.76996959142582,9.672984803807337,12.658173500989612,12.226765999596244,10.807935247518904,10.083304009677144,9.646704906884086,11.225417645191202,10.116628688440905,14.043194305418824,7.206363753397148,6.482467804369587,6.193188125240454,6.176980126815728,7.145489108743013,8.291572790702428,31.47058005576983
2017-03-01,25.894710938361637,19.00002806965602,43.92305992996567,47.20858174170573,35.63218608812896,34.03568539606012,60.64098812898073,34.04246094906225,33.71164986285077,30.706140268815076,29.77821607241833,26.39188135353339,38.23136381331866,35.85899826616777,29.281623748504405,30.720445494601943,21.462668994033905,26.873344828832803,21.844750498600668,25.178150613208647,45.78454232549712,36.80025769401252,31.708496947177235,31.262236364283837,42.57956447920953,31.075877307366408,32.62879638507765,29.71192731983062,24.161726110533355,23.366329440170222,17.89741742110395,19.698951295354096,30.78539497402097,14.596398349307682,12.844503589375012,13.12389378592568,12.639756266619216,25.00783814332987,23.0710406887356,21.398093577655683,15.373543523912089,19.722491714107377,11.268319098823904,10.399553404461647,15.438680303522874,10.32467878614003,12.83103003832277,16.25330377322193,15.45377977034344,15.342894434153123,16.72709461373558,22.280613640044685,22.03316224491984,15.526062286270689,15.974202655372013,17.127329639392116,20.16660930198553,17.12107138769478,34.23273926545077,32.521550781455964,25.495547586473947,39.775974965092914,14.52677180880124,22.83333248038413,20.447992113406563,22.735856460674636,20.093227649842085,18.926431188998567,27.935776468616197,27.528323652915148,21.08135953625103,33.820066180676044,46.677665074710255,57.73141654144872,61.90056265894122,32.140270070209255,64.65409099772054,65.47261896943589,67.08858796614606,70.2633663306746,41.40644738627211,51.29592692526875,65.32227766968016,56.69200006254909,64.92539484050407,58.68126115397496,19.84765472999483,19.184970453206056,17.990989640590648,16.588777154614085,11.79986610404418,15.879800680090812,15.234987074548554,16.285543714770867,16.511074015406475,16.710557781491417,17.280755714426924,17.43613322351901,17.610668874325988,16.035430875165055,17.83422883980229,23.977287323936256,21.12220276789897,21.14993629743028,21.640633155814275,22.806278231817533,23.39439422132113,24.33003543068167,60.86241569826137
2017-04-01,102.00629140079212,62.90232307842955,88.58046397512739,79.4335414514575,76.82711969701867,76.44011834219981,107.71838189581612,78.30699481724969,63.06668954173389,76.33822007396695,62.56254699331543,54.065595692064434,84.33375033293557,72.05486187028231,69.63403988368484,67.0235792547216,63.43744445042593,59.0963773788163,26.178663686423995,29.19599802665272,21.988447348886524,36.99440140469059,27.080883966606255,24.1932731284629,20.158485254502835,31.08951161832149,23.124480966124448,34.12648736043817,16.06822369782586,16.989574863813775,46.22668520797906,42.66066275470124,75.91334686080054,51.991645582501,53.7841752435621,53.636150461686064,54.07831112402709,32.27859541503084,30.52578744692009,26.83992485489019,52.62486107149569,33.766840416557244,65.24947073671548,62.471620358559,63.0059769299527,56.88222624065505,60.35019255021507,65.01951698240975,46.714892316427125,51.05827844145221,59.54673121082406,58.4027418711934,58.03720926604195,48.25620059576291,39.50605264855379,28.298786798335705,20.21983496592721,48.19353918299593,23.742948484909977,25.64933684071877,25.678356768243244,19.87021122955498,54.02122908200722,64.26315019767152,64.39981709706657,64.76060529449632,52.50636738116028,58.04463021490813,75.23009791259197,74.4476549856812,61.04425527617885,90.41881289822264,112.5408310398174,113.62985501777604,121.5442344416124,79.22564165340806,103.3050746673897,113.2404587393511,103.53246748244014,116.50713807741386,94.23417020952849,104.88057868099416,114.281442330668,107.43116617980208,103.6224945911854,106.48986973001628,35.22281309709963,36.05522942335493,42.96443468294293,47.68690414828092,59.75090409053735,49.319636682165815,51.85190137756484,50.98648829680253,49.10183727503493,48.49725510589073,45.617291508339775,45.55792665098815,46.758819645594166,65.8122546913441,50.10739776547449,73.59437915739495,52.93462530334181,50.68084448183292,51.38960203631251,57.60446629465596,59.96093958908994,62.52940043847805,114.60785660767397
2017-05-01,69.6928381266717,50.65401201653409,75.1144312310381,80.97242816653807,68.7154883515559,62.2254405639868,63.7697484297624,57.49113298164588,53.8082777744637,66.39433407449972,59.31884986447179,55.69764717574512,64.46652160036807,57.22455287680826,57.86873571710429,60.82269076111877,27.422510822696417,51.048386841087535,24.346321172506887,32.10445269812212,53.48917461562801,46.08449549209036,32.87386436770747,18.51022317956344,30.477868540017813,25.85285218687438,25.856971992475543,26.33167147433876,63.35566639669103,74.4021165761099,46.32556356633184,47.934651071923874,81.19774209795388,80.83805927592255,61.08731865165091,62.393640758224585,59.45125142789613,23.66034387364857,30.947014698152056,38.71532021931232,43.3850530088598,39.03833172351554,37.24651813596702,39.16490769984754,57.53514158805675,49.12973673624694,52.85774908724657,56.783517311965255,45.47479268628745,40.653741118598425,50.96347664320447,51.274843064462274,51.08685069682246,45.75334084338579,43.66606205708703,42.08760337614666,47.97433214181508,46.48590763545561,21.71163734520631,23.35608696099103,25.67934650310861,32.97252360280618,98.55390826158614,84.45132092746702,110.82941984469316,88.18920416037862,101.3597158066798,110.75871847870197,144.09828914908772,139.77360275469604,115.08994604238094,149.08136539908872,142.18035174019298,133.98543279435364,127.0768244010465,123.56741129434418,129.53749640065425,140.52475969856482,125.18529765749444,139.08394893604523,137.67337478471254,127.07446895430468,124.74145269444492,123.80274084842512,132.54198440189603,125.3179983737937,34.30132591053808,35.755816085229206,40.56389592850841,41.28995055482485,33.15391413505797,40.05891874854673,44.69058831545856,40.50471135101346,41.407223793774016,42.21117849798176,40.83871769691758,43.86524391244594,47.32698079949811,84.80660137093649,54.35557298363387,108.49567742797986,88.17111633798939,84.29801924798433,89.39651274724966,98.87799412068732,104.16166451169217,107.05876602269532,116.83255538524824
2017-06-01,78.47036046951476,59.674933312781626,58.13862648767405,55.63007948790332,56.48236976575844,64.15026312846281,81.42317413955537,70.48064440709842,90.78673142529168,87.74177922718832,87.07430181702529,77.90854362654112,113.9724316907103,97.81398233488088,88.90205213892291,87.55752595862003,29.652839202103067,60.62908230821305,53.18811079895869,65.4390271651071,72.27888967658829,63.72386391351038,72.41927500628097,52.83023179569668,60.48577495795504,114.40505884797548,79.19560264577957,95.3814943448774,84.54246950155705,88.09236655195042,85.86845510749218,85.3224506618895,55.29378571497195,122.3659266718732,96.89757721405466,97.83501175894244,96.03779414633084,62.683238115666335,67.3470162752578,75.17065002072783,78.1049360731702,74.5288159328972,77.1508039967567,93.9989403511265,105.70030217934573,85.59231096517901,95.6124610966321,117.594135296788,84.33010860304036,77.57761973954771,113.48615482681996,103.38093808559898,103.29097961636968,86.64691347558822,60.05196158164404,57.69176715326783,64.44504561956872,86.74567975241618,51.41379013702897,84.0442515842616,54.86953743689479,85.77823874003246,127.6345424031434,104.05844838020742,110.97628663136904,105.15655063747346,95.9672502179974,121.36292823409386,130.1328282487072,119.58699906859384,119.03912979507771,111.28341258222947,129.3703164894085,124.49978825846692,116.91118898507092,119.39762185517256,99.1896360941498,109.18173859252636,119.79644587245322,71.4360866431541,121.31191584256308,106.58739171589784,98.55074142992451,98.02905349460572,77.40812212865902,92.57488420621873,69.5501584112147,71.36833032707287,79.67969933346478,74.089301436782,67.80625686027851,73.2077237114818,70.2814791922342,68.70510924300558,71.9847062638708,72.40389105842719,73.47847985059133,74.88401277272241,75.8215114865144,70.87020937732696,73.85368402702606,62.34719436831002,105.10456431579222,104.8634030568256,103.27720509047872,102.4798819565448,102.60343254558352,97.36400881003104,88.32593912239678
2017-07-01,38.027268730087,26.098199713955875,20.37302495886167,11.47508842300085,21.86653336955514,29.59974249864128,42.858586445279926,37.71016978421442,75.16794396276566,69.47498733622643,52.10073022837589,36.545509322680736,95.84422089528223,86.52176013283132,49.32881131724728,66.09298173181855,4.615748773082872,25.518959724066008,12.027081592248546,29.822426250291603,30.221113497014787,74.60633774845859,36.52888704748329,13.877685330780311,21.66638009564316,16.308276550782836,28.99438365517333,35.567533063672286,36.160107752478346,35.80041222653993,44.86737148534991,45.84846540358054,11.87381553952,62.68273378108673,51.80075700488092,51.76013972584461,51.5914695764408,10.24866382623538,27.73626460707317,39.28428586836032,41.57030284793524,39.75293668168517,36.7710242313254,37.63551585363569,45.87068813223965,63.79822950170859,54.16149815165935,37.71696417995877,43.296691739970896,31.98286103977007,35.836954555944175,54.21111139959647,52.83439184825029,41.866274657753536,41.17179323970246,42.1779906907777,34.879021895627126,43.25470978344119,15.438043750762368,14.932481331949868,13.966421772129904,51.0977579951261,63.5167147229897,52.26823820826522,66.36762544514997,53.73997129253049,74.48254069773294,68.00470472944426,115.30648937185174,112.04373313426292,82.25230402489528,113.44847143639822,128.38348028035833,119.7870942033054,114.0618038070698,95.65087438872662,106.7885128644537,91.91839505381432,98.35592106185962,50.61678849633552,96.83197955369764,82.07976900318411,84.86834999264424,78.90343675240243,80.76927192672552,77.37760741527498,28.76864524957127,30.44673525932906,28.1769751320374,36.46394679222015,24.416843527396114,33.8587121333694,21.90327803374806,19.81974353249864,29.57380741898129,29.59284134094791,29.81489625943125,31.360574446484826,33.715644946616166,49.42196954356319,35.07582260135948,38.5620587299066,66.34474512479721,53.08415773405338,56.34592205908419,62.43371014199408,62.73469491916772,59.31871254982955,54.04753755361916
2017-08-01,22.33348343758412,16.978013863996864,12.781053713868287,10.076776911335704,12.070749832544353,19.354187118045736,34.741856465602574,27.43407568435456,38.91886215729807,41.05857502089326,37.2564256113897,33.50683629537431,51.11669259855896,44.56203182309574,48.014822790287226,47.598631509284736,23.242125238242963,24.268954924872286,33.40831938210353,27.92598180415482,53.52467830026085,32.715103889609324,38.06668460564714,43.47209974983781,47.74336335527705,33.88897791331649,46.62897226220727,44.5226444952726,50.226344638022894,50.2197314913757,83.54674044680385,78.62401977616518,8.408458099309733,184.28154282335856,155.2235296406607,157.7004953645828,151.93334035727568,96.5055678757915,79.1297242279391,63.665642015484885,75.6857869306715,67.60115843011832,82.90628315073798,62.77009435615598,117.99214108905808,123.24994634898891,118.5009636290593,103.08675009597816,98.2496728384154,63.35563393507627,83.85666561642208,82.29518808022979,81.67121753128819,95.10147103633764,58.06668859525743,52.58259439114045,46.87417148864929,87.95150646381194,46.19394142457733,38.232762304163714,80.00785877844895,65.04187717009891,169.62416041202425,135.8974369956627,184.57592288560923,142.27606146852412,212.4168485449358,189.5155529774329,202.7154832121659,202.2933978296831,197.12433073199367,188.134198880765,149.59919916528554,145.8079039941565,130.48333073879843,181.9134827364972,89.07470659993182,100.01071908631997,103.52151111989244,66.17627289820138,192.51792152747944,176.36560925978768,142.45868058115997,157.2992762516883,88.13656146411617,140.90974050107437,80.01127973936026,79.54566235588766,86.08844051749149,87.65320334386851,109.65608785218596,91.98902922784852,119.84654930638769,109.79068551061584,98.8335850220464,98.24648750828304,90.66721281005609,89.67078920526666,92.87036902397374,119.05710764199328,101.81827055599156,188.29207894142803,174.84151968805526,148.79542011651964,163.88277430120814,188.5906971871358,192.6192750878222,193.6459867285861,175.05845238164176
2017-09-01,40.036542838559015,30.28203877225094,27.71130577519021,23.068546248547207,25.273884324810854,31.145866779510847,55.65963793524258,38.907037163192925,91.564876572869,70.18824535181453,61.09159275690695,45.57196482213734,68.0278730635503,91.92131290638284,44.21442596397371,44.69546163318056,10.44625112300316,28.65029653620912,22.169115354127165,34.81674032060604,121.07970026398633,46.619348799080015,54.6498801370931,40.612855201897325,61.70659333145244,51.640306654751626,66.07996299969942,56.52574256098225,94.88917723291485,91.24432449419022,114.77782033096696,112.9488065065046,20.22892214201614,107.62789343738127,106.83863303016363,107.06175215659596,106.67240656013512,71.3745559775565,80.84144576504276,88.8805479307556,91.67214707973886,90.73023544691436,104.90069644692284,108.07317323519132,149.2953795842813,113.77642816527916,132.8364931818342,153.59016578536998,100.94971165399144,99.69984294599318,145.13818375372966,160.45983065124696,158.81110273698835,104.62513848601,103.590926066158,104.69042547972114,104.3155045418321,114.86071862138505,44.47625126938584,47.63351614136131,69.9190340923758,87.72889188715774,112.9919090265244,148.5029188251286,102.1581839929204,142.0219133281414,107.15828716523002,96.25285384803742,118.30739374200128,109.051584910251,98.05718573699924,92.13211469077608,97.24821058850938,93.88736648286834,91.89170671678838,96.05797061258806,61.9902641925048,54.09876676156679,64.65206059416374,61.704589092084525,97.65253243829508,93.17327886579784,87.24784815357981,89.56524194109001,75.59817257159911,87.66701505590686,79.45404777391073,80.82741674546907,84.108337278394,89.98105552417762,107.8644155358478,92.45910394651732,94.30432209186556,88.72764793592445,93.65354915482382,94.96464252800004,92.15087349928842,95.3674253022817,96.51176884308263,89.66210135321661,96.70824240952656,114.68818445432952,122.06581488212828,120.59541950777944,119.15061414530643,122.92886773689447,124.24174267285854,127.55799042941553,107.01189761570286
2017-10-01,49.37246820717738,39.00140375159304,54.358374034105424,56.81173128245433,51.656837970133246,51.93217587404342,67.6862210962716,51.21916109070743,34.31351399213674,40.90937791673813,38.24881519942157,41.72711875458376,49.48398132265418,37.83455500837547,49.22827395584877,48.09183039635747,79.70354285486047,58.65820660504603,36.57889822286504,50.54795670057169,19.392236326935556,48.80098805574484,33.529286587758506,11.651075390914562,15.440430867600892,19.9000433517177,16.82095528609435,20.95519299016289,17.64906249224336,19.154582159715137,34.30590365729756,32.6605865541572,50.92485593600958,52.9995872058537,47.94024160637868,48.41502622008712,47.276658045505314,9.212505017627944,11.217457218127874,13.161110279497272,9.841363701293352,13.58096083491986,24.0557199490478,25.478745522342905,57.761178166263655,46.264778745827336,51.91292883643044,52.89776946106549,29.089567420160325,16.119555677746284,40.99108542251746,56.2518957194598,54.9272279596291,29.637095995513125,15.298071867538354,16.226705103501622,19.6836929099939,33.32488466013174,12.931239739566411,15.297326100685831,9.552790536196609,16.2664047103737,84.09031567684056,80.27070142583058,111.52641221396188,84.59362572527978,59.70115128703814,99.90600912173804,113.10296900272404,107.84246642326023,86.92777463444865,122.2612553177172,117.8384091824695,112.471464502557,108.92058770266046,97.67378979881843,113.83570169514536,121.68431627516532,117.14094372868944,132.247221393939,127.04204089051476,116.04394799979464,104.16087945678645,111.90956545155524,107.37762867508872,111.49827057087631,9.804543494192387,9.679644153924013,11.501343361138083,12.33084246626587,27.649036434182364,15.42523319798866,25.72394766424143,27.90047914817345,23.99129724012554,25.368774019286597,26.045703978821635,27.47261656651031,29.939844022732107,53.1514885034902,36.57377180034933,93.28063023685468,56.807135962086896,53.58317880933716,59.83875793882289,72.20185076562912,75.65179556806333,78.72155764044861,103.49115447463753
2017-11-01,38.77880342621317,25.574729556638317,53.28704699805208,56.806857459265714,43.69966841162038,40.46963599800454,59.01450640805203,39.20824730590887,21.56014115037559,29.33813733501047,26.73424639993323,26.692939863763545,33.20365462131532,23.19345752667339,27.576209498936404,30.47782218109824,22.834385967051222,30.588523017263928,26.02973913166802,24.647834860682377,22.31785251844024,27.093342317655942,23.416653928987994,22.029618328524176,18.596294556018943,23.182102845666083,21.09469242417459,25.16021481277541,24.142982236438183,24.300539233137705,23.19252683545661,23.312756367004443,38.40763417847422,11.45844438708761,11.351665803076568,11.248155138913749,11.516518147725186,16.290386902969264,18.802619009275823,22.084767203315955,21.334158355422858,21.299729348554692,16.882230865978315,19.30357617046344,20.92300542873041,15.053738691475122,18.381357986292866,25.74390268171153,17.50916902416709,25.71954222342576,28.472143678176234,32.28331212231789,32.151532044801,18.9699588495266,27.821236754601788,27.943828837484755,27.67182475503211,22.57626738708138,20.45860422554259,21.649821353726804,17.02095491655505,23.008992457575097,15.585468614156165,23.265505057886404,19.91029470435945,23.09759043118552,10.745086246507192,15.964274678078556,12.989251952111845,14.599419569269164,14.134868890107214,14.079362789921568,11.52988100395987,11.95594983288727,13.75801206837869,13.839745528884444,15.864359512270948,17.92976555549071,14.97704920654382,15.53091366012268,9.96285655280986,11.415922164905227,12.80180221935969,12.402359194598716,16.68504755676335,13.44602374405879,18.648934288949416,18.99176215137276,19.50138128067019,16.750782787613716,9.987068643943877,15.306427913644368,9.23963317548266,8.571850166640443,12.3633424366082,12.195404050470252,11.018426373965882,10.694275693970551,10.417832254026568,7.761330985781146,9.995408104578496,7.279438526524444,10.004680308771182,9.898659725861153,9.993023679560114,11.342773682485848,11.266153566314024,10.865649073371326,9.583099115446691
2017-12-01,37.88082344705648,32.45342865288508,50.94388800734991,58.18370628275444,44.43149873783351,37.03573302638761,36.69597308103207,31.3659537637246,14.09805411033067,27.04687644400577,21.036427447506604,19.56295765592972,14.551490609529626,11.224422429945578,7.626748335347667,10.897226097708886,27.842792917061825,24.737248761919144,20.78085316147356,15.031994819460516,18.870677245252708,17.843764223529504,16.997190798553657,21.159553857376995,17.686311291273455,17.2275480746465,17.57372162939601,17.285805469396045,22.666253230746296,22.26707607037411,28.008147775545165,27.18107968297632,51.706927177241376,17.936946197105428,20.45283571582486,20.268366442453274,20.71087182575098,21.16932126691635,21.20151014305824,22.90790955498416,23.794975702575176,23.08861896191396,24.971369596680955,27.007957885057216,32.89723031738509,25.70801981123686,29.809477435073077,36.37815418690421,23.55026951048865,27.63368219467158,35.33152006241983,38.2757883949101,37.947061867692895,24.89579511568163,28.70232442129006,27.456233753149142,25.734325722022383,27.710208521388356,20.830645521866398,17.86475600419376,19.084315639964128,20.65293593844557,21.263579258862023,31.57056042232377,16.82263643278305,29.99055411797726,16.279502456924295,14.206098513185164,18.967019346808996,17.449829351710573,15.652431222625395,18.402484926980744,20.32151664549738,18.65580208831784,21.14273374118992,16.935718613718088,13.87345889866584,24.965401014719628,17.018323933168585,12.335218076564866,18.999015642206864,17.715132045073982,16.138959403734635,16.669918331259847,13.392829415955958,15.86015603462015,22.009141428581657,22.196148354801625,22.56968436984234,21.96687490714324,21.738534588765297,21.678227310218023,19.189423716701977,17.78492697625894,20.145718587101964,20.12862188922873,18.75404539617271,18.581430266170692,18.554197627847216,22.81892025967088,18.80403895171023,17.91076908997834,17.551567787345,17.926957198737224,17.281730761184612,17.258920594832677,17.499872769554393,17.573668417388983,16.821311354215375
2018-01-01,14.991216658105945,10.056844512230226,25.366144095943437,29.0678737860867,20.21337189529668,18.432320106045424,31.818204334302145,17.610861038639413,20.850440890242066,16.241304534078427,15.097946335075338,12.361817618605937,27.519274218437424,20.82215501530406,16.922198770152292,20.81530354633929,7.102581503486737,12.70994040586854,6.639824191270383,12.65164418812792,12.726183777621708,19.32163993274588,12.704459066183388,4.534839413789473,6.645443327288008,7.945660483201603,9.581119408394729,9.17405761634388,16.67426595783319,16.489463637270187,15.056276390369412,15.098356717169478,19.98284030696691,10.509101822436095,10.174914443105694,10.232027216980908,10.232167817727367,14.587841050229068,15.130747725662228,15.610013078695426,14.175965844955394,15.235019015830224,13.560297000860404,14.242250765621256,12.56133871852034,10.582125565157796,11.79581761693882,14.483733233039755,13.176358043696029,15.546717942359964,15.007215361639224,18.02527994090669,17.83055971144806,13.467773741764322,15.894477447727178,16.01572769543182,16.574544092801474,14.60548709431674,4.923101759732227,6.09372394317859,14.580141294283534,15.290783763082644,11.576805593938207,14.776240416762509,11.926620083733711,14.48529519595056,13.938579411278209,12.607713481208048,19.671476798788152,19.614793667661395,14.604131294619329,30.67468379122096,45.76314903765616,45.43653751249601,46.63548904202992,24.6922601101796,40.83604391851754,46.54159292036779,44.57014481020495,34.386900342680256,34.03086497250813,34.94621323599962,39.73452717052282,35.17889003450522,35.879638272213086,34.929012673181425,14.450250007182778,14.421017711444346,13.600638840963676,13.308870299174677,11.98270113677745,12.926207658681616,9.87848457957725,9.223075898384204,11.459803731786234,11.40357137931571,10.474582498943306,10.800749677784996,11.43326134275252,18.187589350636365,12.07213103866994,14.569333772834833,14.094135923798174,14.275134524376272,15.429588631738811,17.2345507860736,17.03191677996575,16.716441846622704,33.56172259331559
2018-02-01,50.98027678503408,39.00469255860124,73.13672649530909,86.30542566402161,61.95851153992338,51.02890244891834,55.83875824493393,42.23938507344307,28.023012504442228,35.65663273277357,29.50153553277978,26.27925723131601,27.766879176635143,25.88833531657491,15.6100554616205,17.199471593340796,22.337960780505764,31.9564890306746,9.362208163310246,7.755904984901697,9.38322575314934,8.260438728497189,9.35666279164393,12.001635380289724,12.814989066927374,8.256644812873699,11.43197805896502,8.510153561594315,14.188766726901148,13.86982648324108,22.61469649238241,21.36182229129519,75.74814846710946,28.431370375474454,27.06667120415488,27.22458098640484,26.88951912156437,16.646318709794137,16.39610505082308,16.324990152923288,20.36201330682599,17.349596925658687,22.47345087300068,23.28087177030613,29.854723569222543,26.19518541488933,28.076533994064352,31.50642037834594,22.064341000498267,21.92617634778171,28.607222739958704,29.18977256632047,28.973354277474986,22.701800816306932,19.265073538898537,17.020941755990965,15.414267261995022,23.264601666737125,12.477521869061595,10.241652686824732,15.892654919137074,13.770093451229432,32.61999944154404,34.1255791293437,34.29022539534864,34.251310368091126,27.94044815632686,31.25090242523995,32.09222736699169,32.367987332617986,30.501623011545785,36.538367204474056,43.76229828818179,48.57927096509664,48.1221393345621,35.631666889865826,52.91204217527061,48.467433479604594,51.83211845668738,52.88704808457603,40.7954204733897,46.35848841026576,54.0173577969345,49.68328953351618,54.98095348893281,50.81764083360314,17.22279589246872,17.407377199442468,18.58695714106767,19.129829561570578,21.85877516014143,19.743207919017102,22.27140024025466,23.20084405960739,22.233072684681588,22.62882111617981,24.62896090187497,24.971547156042657,25.563186354828467,37.02840408223465,27.172360568725804,36.09521443385217,27.031175164676316,26.53395053375991,26.63573865287433,27.83441448487942,28.50436319662171,29.53758922905671,50.29241462052386
2018-03-01,60.91106709708385,49.378510755035,55.2859268722516,49.342109492930966,50.83745404995338,51.10726971580284,61.294655692291336,53.26870641078245,45.55968246009565,54.43919390440741,49.70951763260787,47.089011799464046,41.39140675757274,43.856593631566966,33.517400019729315,37.5093559235058,48.27552063792253,46.22350600406714,46.09289160670194,47.571372443166304,40.06197474081035,50.98892135037771,49.804332188589306,51.143487624977816,57.39175917827532,49.93001990653431,53.040579702126216,53.61152399553223,37.175264730309415,36.33899672965194,44.66714166325105,43.34428320990694,42.486808650512685,56.3085828824585,59.40510379455462,59.685566070632255,59.25986695296959,66.26511558385614,56.61021790501111,47.978908587308425,51.035470426743856,49.36655555785803,59.618204545756,57.55399057871585,48.01628918645566,54.57976718883625,51.184477635883006,42.67415273560531,54.04992538362328,49.986248617735335,42.13434113502908,29.76101707856257,30.472721644664954,52.71890513632608,42.35544848404202,38.68973071061362,36.53002884647107,46.866660617426426,52.22239049115163,51.02174022315486,61.60563797634944,51.38158908520339,57.604626944903856,40.79364409660435,59.19390664773372,43.23695943270288,66.77231202777607,56.466815820784696,82.56271771606801,80.59080101330858,64.71153452436702,80.42210855518852,75.13200133632839,74.5680124737489,58.716383560473815,67.10815731734192,79.78412854540389,44.25517123747055,69.9825288850379,76.91334058423344,81.84461955283614,81.4782245919763,80.4728160474185,81.61071185661676,82.4501302812006,81.59185609394805,62.24934523982727,60.85165343874006,62.09727568665991,59.24625526272774,60.97985649584109,59.83765406083742,64.87839988164755,65.96579840008157,61.535784523051504,61.18940712268757,58.12157922924992,58.58776053902709,59.30593053249685,64.7421831402919,61.36667034138688,79.61933778761059,65.27125166283258,63.26117008077447,65.33368429297803,72.55545096049926,73.52514748534914,74.5623474162136,77.26847962143387
2018-04-01,60.31105686187265,44.94768976671723,59.22700336458159,57.38218747508168,52.15305673601266,48.571287435076336,68.229782630181,47.9007129376208,27.038626969948197,46.00731940799827,34.49276835087425,28.70202288958582,34.34102616330178,25.301571084715857,20.55900780320552,24.17599339454376,16.960155619609978,30.891175971912578,21.8111875410128,21.64442240330592,6.619852592082591,14.257891979072106,16.57473462523441,29.389358952664043,9.968913639178025,23.427557572524147,13.522551250791114,22.853263052620864,7.833712554595165,8.034717302023054,12.351047511949655,11.641959369481668,48.13030223730277,28.0769012890249,23.893494252344134,24.51595974106052,23.273908459339363,10.547337195721044,7.981969613741276,7.725104205597074,11.401822307700291,8.94449309886719,14.266977659228145,11.647973360105697,13.472838793474672,15.47228466934249,14.086365921439045,12.269146283351905,14.21767247010538,8.722234387976352,10.18454956246624,13.422257326251922,13.152023438614302,13.517756504007709,8.180745868971892,8.59449162382909,8.837512121285062,12.837614330558493,23.716043548893705,21.960717303353142,7.671892871649036,6.415970903097177,29.41585185765381,25.415064848487333,40.30513825964103,27.19178079083122,45.913632469868766,41.767486864143,87.37310898162625,83.01513263298324,52.43991819757219,92.248100272841,98.05972236078868,99.47159210167264,93.09308346524836,68.40209583634942,109.87480006414332,88.58238141667611,104.61140984824765,98.0628931199183,98.28020957970512,101.79313885547938,107.54938167080788,102.85773275757552,103.02314010689383,102.18229968532248,10.549144247725556,10.380004529994812,13.712697335471548,14.694213572795748,19.17084943303623,15.985844562751932,26.359833639989372,28.778675373416505,22.86248905261345,24.019401616118408,30.2214841397819,32.42735902802372,35.85693777962222,81.3420929462732,42.88436249068757,86.09143780774697,46.22128279950536,46.40059582860034,50.28916139163826,60.30082023493943,63.294599087534536,66.46769697626024,103.34061854057978
2018-05-01,60.793656947325175,39.41575122135354,49.67307206561759,49.38624184582239,43.61610638596003,42.699174290054685,57.77352740268012,43.52886226503012,35.94162528105979,47.77125864440719,36.167078037947455,30.97580004359438,36.69660800263619,38.271441853454334,28.91524682817228,33.44745084767592,37.005359744047794,34.319964868869846,23.81719949035357,33.90295889986507,34.45866110094506,46.81965803366804,37.69021815341073,31.856366634469,49.66767320376111,42.837077331246256,36.36979731976327,50.748719679407685,62.168997030201,67.46124569555343,67.4838025888407,65.67987912850067,48.51825777624472,65.1862555334867,64.88468150960576,64.48303134372003,65.23687165866875,46.72904598146294,53.00342341084632,54.88710319261092,47.60037754944254,54.38368091948082,63.5803946185064,67.90008311724075,59.502499928619706,59.29669439743142,58.99683425745237,64.18102787494621,59.7799712329068,62.55201878473587,71.2523562485007,81.6634863350873,81.61935406274632,60.80711770876101,70.36490354491723,73.63524610452207,68.92327257208592,66.70817118099153,38.42138825158519,37.45172685423944,49.15075781578842,40.62084223562477,69.24741449993927,58.68883437880801,63.33365516293241,57.840072163623766,65.88184552015369,65.57596731535095,73.79566399746058,72.87849112315799,66.0477603995395,81.72253897925538,95.9944886265032,109.69733135997964,101.76185212914548,77.99371145391912,182.5581252487168,128.50592213343882,159.736861703253,172.98667733774698,88.32930223442695,113.30239015132234,144.93137822038233,129.92160022796116,176.92778760456468,140.5419106916974,53.835227525389406,53.30326764792334,66.44670926451845,51.48988592528448,52.975034582548176,51.58070498360706,46.99510989879607,45.448654073831776,51.0118243467891,51.1997466947317,48.512743602771984,48.90636488473433,49.90480240646843,60.56537529471594,53.48597732483794,84.67647457426713,64.46475355506476,54.711645261336805,54.31763625782475,57.37571513485082,59.91722210072874,64.0821363533753,131.7394090696017
2018-06-01,106.917496739001,85.06041250456441,90.63251024829472,87.96116542824183,86.31693347260737,86.58055383142916,109.44343369742124,90.1771039725248,85.85503888755727,87.39375497792662,84.73739411195452,81.5974425970427,94.90783924884086,90.115731667623,82.51074076040615,74.6147339174496,58.697701252037774,70.54687338362379,92.2461939075629,100.04288629053087,117.3636839486358,121.54350472022752,124.63046160454218,157.58363933104224,128.58192432991922,141.68983942981217,140.80023152798876,125.61350188567532,116.54236926057943,119.15336286691488,101.724525129681,103.33199180143195,86.39602395546443,102.68579621984873,109.93586077241028,111.13816659167536,109.47286976756754,93.17138490640367,99.083409928954,102.08691618488773,98.236274962985,101.83988395635468,99.79418833764034,104.7529935908718,92.68516734098095,89.12704966578232,91.31791478496514,97.5760103725119,103.95581839196907,94.95382383874738,111.06559069240384,109.36320267873836,110.10348544136568,103.3967957573783,79.63356174771647,85.19175016156512,96.12856872278068,102.76904059815112,145.61174155036937,146.94858410571544,129.08080679122676,123.38506475695723,96.23969972813654,117.92133238316508,95.00122376399572,115.04131742527954,119.29933603817352,128.52811160013962,250.4006148448271,213.4631190634045,134.6040969477904,216.4166505794713,212.1650390802969,212.62951789480127,211.23958737048588,162.30772307372231,184.3656176068305,206.74902757008465,209.43524591030396,205.60168289826896,266.1420413023613,256.593830244401,211.56167316213464,238.88817281110911,193.9424404480096,230.0317935037436,85.8831233456933,85.9634077226222,92.02028241114172,98.44496398187056,121.00335450439538,104.192147904492,110.56084678192695,117.914527696988,109.6908354943401,108.42897343474012,110.4497831843202,108.16331722861185,108.45562475580536,122.08126125620328,112.97793222572852,172.681351747644,134.52494224562338,123.21905533986768,129.9262912105042,132.8911317366621,141.84164975522648,149.95571932243382,316.30782863969097
2018-07-01,61.49324976079336,42.12348580183496,34.162849286253014,22.427554460561076,33.969583495036275,46.4016402569237,84.6095232579939,60.72359023619172,94.83477695287112,93.00561415957132,79.38972074027004,66.3433982485604,103.92582441951365,98.7336254903344,87.96819729073319,90.61188825019374,24.473207943403608,50.72682224823302,67.06238147936442,62.24696975386576,43.374440523213,66.83626299426842,58.998832089040114,40.65011461855818,38.66239533126014,43.605056910148576,56.01818508997175,53.74423439117896,40.51596646738522,39.97582715005324,74.61142705669859,70.01152811538458,19.443940831302253,137.09457890366292,131.65272796636117,133.02576303482272,129.23694850069117,78.05609248412703,74.24772398782564,62.1011103213269,68.97411070381595,64.32153057934899,79.8867659534557,69.01393673507393,136.04605704330183,109.338227807394,120.87966198696418,109.02117903440408,88.6665821911882,62.57454469560598,62.89434042788536,82.66414391979453,80.92811223951198,85.9190553096185,60.46916925077203,45.16314672966577,38.76420939176534,79.90357657445797,39.74905371177748,39.94745309882719,63.536247361053626,78.98681775103825,145.7791402308412,135.6405540519025,128.2399399513668,133.67713993216972,87.75611239086747,152.51065793782402,122.90763236149684,119.16230678810147,132.88339998758104,115.45268652959452,104.84864545978832,112.12228245370378,107.17618319791684,125.79088740472665,93.0616501059842,100.85728191800312,113.76867120830931,78.64763309451212,98.51233992145453,98.24249835096644,106.12302227261092,98.61452473491968,82.49969821134921,95.36297248380929,97.42335922435733,94.73648212226044,102.66098746239564,88.57431250532834,93.55278691594604,90.53312073320596,78.72000058993808,71.01773632596105,85.69626240061515,84.44185422177327,74.3657001658897,71.32114218306634,68.37615149048042,73.60927464426709,69.63726185193308,81.4528900665095,77.99565785191008,60.01785343816943,58.5995365320359,61.791169204174416,65.9178070738098,69.12565889237922,104.69848892196818
2018-08-01,47.74760733088804,27.260606684455976,38.91475304544919,32.545203508004434,34.1426010616569,38.75121657180835,72.5448637297646,44.60543802565298,70.82055049089763,60.71412980027576,50.8907909880289,39.01046820996742,79.44763892068883,76.67129482369337,48.77524245909399,55.26858413757683,19.656664967122,31.79173053184308,20.479156825720864,22.0526512743086,20.73374876406176,22.002754343719,21.066673464962594,17.507489190643565,17.785108175422803,17.56276907679199,19.344546875630225,17.138891509921,28.793411720889196,30.933917601927924,68.16715225090903,63.59668291214725,29.41669080238461,85.81105185042418,98.44564793997196,97.08231635206316,98.44137503228092,35.054096128122715,28.76531813217072,27.967691569351043,49.64763515007823,36.59048363181981,96.31596620974013,108.62572890061152,106.0148556646544,110.0599823963582,107.14880157704282,95.85907108911547,72.61536639836243,71.433623824832,106.18754973611078,75.61866162562983,76.59043443365314,75.96829923750717,35.469896410250655,27.21243423964031,28.93651187279896,72.04644583049839,18.37286084734876,16.80210142231023,31.45800374872095,26.80799981086813,76.44281958441584,97.09614077025334,113.41432013265867,101.12985441011644,60.887060126850486,111.6024661544238,91.50648055508114,91.48424195833285,90.7314451824254,97.62040205832884,97.50883769439096,109.08542157605652,102.97580618762436,95.94090367605745,201.41995813144823,129.45554959804045,164.130675085028,145.40602135515394,97.15032509425042,127.95658995821896,161.887772129701,148.82464645730371,190.0645583536706,157.41436736509482,34.02859663419908,33.52934464242018,52.49427035341289,57.58546046097515,88.30387735262492,62.50376312855135,74.25584100422563,70.29541078356851,65.76910348959797,66.29787165361563,58.91119045546027,58.67652224230251,57.48091038969576,41.17900168424247,59.38644554993271,91.14223103082304,59.8147848466165,62.73007804938891,62.29455348524439,59.92089257453001,63.1365684488062,68.73278180658214,134.44532423713798
2018-09-01,72.58730450613747,50.00747299016408,51.95913458948665,39.68235972764373,48.82811062824101,58.31180666076103,98.6210135596911,70.13803215607074,83.77283773192974,88.2166991075496,78.62492104488821,66.98501460434375,86.71189601028199,86.59553215797031,72.36656281690077,71.74977311940106,51.48623621949506,54.11155302083774,36.57226379051566,44.8095369537285,77.84996544720374,54.20154596144024,53.99285991382417,46.24952092501012,50.20301317440841,54.05571351756478,55.65211842727302,63.71677935228016,61.70341271331832,69.55489213714961,77.06427026810938,77.21275768248556,41.82979170184634,92.40451337489638,80.90478670968419,82.07791334132499,79.36706446320608,46.8187517050288,50.12543928548568,59.12847572774815,73.69762264903501,59.76017090533817,47.53548466918097,49.25249246778003,87.54769118291948,76.35643114709809,81.50276972058622,103.5540796810265,65.99411558531118,72.70956897012772,93.39079737070938,99.3670738438939,98.38461945137593,68.92640191834643,79.27514611429216,81.55224167619139,87.0610615693765,75.21938561672206,46.09701451355555,50.67544101147152,48.64695942257588,77.89724559541526,112.39654642169688,97.54917994003208,119.04403734252472,99.68941141400576,110.32866428072242,104.5610946203357,179.00438455773474,162.79078116305936,116.51323516242692,180.0055386614802,213.43509330118985,190.61509755305732,189.76107376643185,144.15047543771473,177.99574481709152,178.60642884808303,162.93508620591925,187.67811439954625,191.33800314871436,180.4817865621311,172.4070597594091,175.02813444666725,181.53483279686637,175.48821393630504,61.45724640195062,62.6018287056184,78.65222185960138,64.60208064673104,47.38646303907675,62.43979025260477,53.12444281567157,57.46255572828768,70.2691139182727,73.21326516229814,70.23104100662958,71.59303981842724,73.6583458459851,119.66591293579197,82.86937052300608,132.71182065176134,113.83387168767923,104.5644260156629,105.66329518995316,120.78091764775108,127.29552515066452,129.99849767183693,170.87647399614352
2018-10-01,30.032053473985098,22.59418830567889,40.61729310326733,48.61118497250419,33.982679818772134,31.735427292237148,45.1286094461619,30.847682096028286,25.379131572120485,31.545670759709846,28.11368370423936,24.312521991055934,32.31680890437752,23.43669510286042,24.72309986536975,23.984805903705347,34.376153859643345,26.12696885750473,25.81094249752808,24.507131162331067,43.85826923376781,24.520879676000675,32.172313976839675,28.473438622433683,32.14826955672743,37.55920009448271,36.258197793580784,44.47775547883362,63.72358079287118,66.07548177712196,83.11268944198858,79.83920233481311,39.58048526784125,75.93033266820089,80.09519750662653,79.71562071564142,80.62381953698716,45.09608693301546,45.94629598764409,54.29944212974193,77.39464477362745,60.60838336220233,91.70021936657471,99.00394225394218,95.77434379252644,86.1731934523802,91.5416200150268,102.9043348859366,74.651914029406,88.73860360202518,98.08306171239998,106.68076589379572,105.86910068708464,77.9106784586032,82.09496745174872,73.63599841094378,72.8832076603328,83.70328501909935,29.21428340397889,32.48622642129336,38.11419282389048,41.84067557128044,76.70576154435365,102.7989359667,75.46034602836113,100.0573297460407,74.14644919379012,73.10702935627533,59.38471766819679,64.25584123629811,73.35737789331311,61.03433820463272,63.80870062190491,82.1823175041482,98.34621108587524,75.31022013979333,150.75364574293647,120.87635076221656,133.5557433605643,152.68298445448735,55.03339546551699,74.8917877222673,110.81123788668336,93.99795664248856,149.72299861188876,106.89298977575396,55.484699641742544,57.07990033134218,67.63233639960839,70.51394147233513,81.19687259222768,71.75744425521167,71.87355217965946,68.79572100545974,71.3554198598523,71.16341804392407,67.84695997042287,67.65844658510174,67.90518073698236,73.09214997588444,68.3203454917292,65.65594151662208,75.37570414880496,71.57492506331191,70.74786216945313,68.13015723532351,67.16511281751657,66.57097262088732,59.77044656489612
2018-11-01,22.002674284023115,21.227436131376678,31.398472778053947,38.42090487669744,29.86949361703753,29.99474145548696,34.99671752011379,29.965963305384875,41.03834488851208,36.35142171292648,36.75482643221306,34.494731401908844,39.420754213289776,40.66174370426516,33.65520459695984,33.43421569307319,48.99130061168597,32.405460643915,27.3001238804208,29.90921406292737,33.8247809288948,34.77148392684998,33.57440194467633,29.481841267802828,37.291419620058,32.52359239600637,36.30515137304728,36.29310175646899,27.474621586617246,26.92502119173908,25.45627970056971,25.65304130099324,31.177037339839934,30.068867343703037,27.68195464467456,28.20391100014517,27.240927083621557,40.569165565984775,37.50703491328412,33.22536723927021,29.571775671961944,32.0129724744991,24.650605732299777,22.67155815612521,23.857512109955536,22.046797612884014,22.90024085071679,23.7927811431764,28.214077616740397,27.32296173654988,22.425948520490756,23.996346293150893,23.85791167301484,27.57892640609689,27.71640468276324,26.631107825912206,24.68659376164194,26.352822661473475,31.488536841482112,31.695282881147527,43.69040468250885,36.68651746789792,28.343340376932943,28.914635876091022,30.43711790099988,29.061211269709727,37.674232123670265,31.88480751633632,41.91915034366389,40.91878725753013,35.354433596881634,42.41365082208837,43.923354269274654,44.00348907736655,44.09554434295039,38.35062386345128,46.88211988179499,47.52069303799022,46.46218586254003,52.205770731825424,42.39733703827138,42.96010065919391,44.16707033333536,43.65637302927195,46.933307361644864,44.50845216989912,36.06624970095126,35.73081718692779,32.92523313115785,31.95811248868953,26.2927251185454,31.11918889650456,30.136736740526256,29.893455988800437,31.091227495415005,31.252948091846232,29.365246324352228,29.27981460141872,28.75070740391656,19.828061726828484,27.86527566533871,26.219458124193697,37.31763151073805,35.80777084166665,35.53017266251356,33.642903881209634,33.739955593432434,33.323615968881384,42.19131201657181
2018-12-01,12.875131802466491,10.045796804412484,25.7652701897096,33.473454481846055,20.923843392490205,18.675065844971563,28.79862552359772,17.283984297450367,26.88052026553628,19.423388865390116,19.16436415413317,15.547023492704206,29.717145717738266,28.113592922122148,22.3500169349891,22.492108379610112,19.96118534805483,17.174153647305193,17.111015601158268,11.2263885049868,20.03638424837284,10.873307670489996,13.957558603178802,14.413781903758982,17.342626029559487,12.661532348867638,17.40846924843804,11.65998286932115,23.507642200609048,23.82877695383308,28.681981746965377,28.001892785804728,23.996044305940966,41.17984782426476,36.893052695956,37.345438459109744,36.556570438104,27.76819812869215,26.70686733429612,24.830862193193568,24.55233384649587,24.869279621096105,26.78849162893425,27.388485623992533,32.33607603129631,31.99837619317261,32.175183975358046,32.982423019969275,29.64191582728241,25.080244331299838,31.78052194567186,32.049608919493004,31.86174635131393,29.525213043855555,23.200814510084715,22.194202981628457,22.31740555128365,29.156393209845685,15.217926425569004,14.203372476824384,27.38671491079452,22.444922386490077,43.23413537588579,40.54959775710014,43.80221086261939,40.95663558057499,46.3336102499491,43.82421298727751,54.34411683135275,53.00765125986483,46.00699313165816,57.35715512980567,60.71951377998565,62.297449386536606,56.60286201942408,50.68661865126632,61.99461042296008,46.1403771046887,54.83402295797183,65.21303196701297,63.153617372745344,67.91047999254246,69.9469209553186,68.91163165507746,65.79152664780698,68.41196931408615,27.04632069977432,26.887092728669217,24.93248661774326,24.80401982037952,27.0140916903154,25.36888440318032,26.02299760664612,27.08897800203088,28.441170030143933,29.183638010708243,30.21194468027325,30.9429942679218,31.82479809141213,49.87671959253984,34.71747532383866,52.578592382832575,43.77308635162002,40.83454303324123,41.186148045213855,41.85974080763447,42.703104313274665,44.26619165823683,72.89143868498262
2019-01-01,14.925159829306995,11.482993924292728,22.31374056048667,27.156005415935287,18.63926970898544,16.922755408330097,27.77835791890074,15.95191449364117,18.91704950665005,14.887224800503356,13.986354776926348,11.847935842879464,28.147666363816167,21.933735873300765,21.062083111716568,27.31529475413656,16.151245837499438,14.855230816632996,16.980774357256546,20.850962358381977,23.10940528757757,24.96061118658257,20.670961397711796,15.25008580379713,16.416479355376264,18.068757194196166,18.22019246163929,20.34930996257757,19.47321731813369,19.6563488380438,22.11182794039747,21.75963759922121,22.26341902099663,20.880199106135205,22.63974325710278,22.641708651256995,22.71828310513974,20.052937067054515,19.712008222559525,19.73902858869086,22.50356744223711,20.604156269619384,25.142193727966,25.2120043518558,24.44570307399658,23.068079599836,23.897571523099344,25.06575413755769,22.298727518122774,22.608670515967532,25.01430695303459,23.611496923922044,23.650534746430974,22.55963724274049,20.404452363877347,19.48491053562085,19.209069082423188,22.455295734980474,15.427380240398575,16.58900205842654,19.168838717971017,20.68529348633099,18.1885617130218,21.745445338265068,16.985083238129683,21.14700393727449,25.749744457897087,18.94732277482794,30.1713514961744,29.373206502483,23.68908901304887,28.856639939256887,29.410126528307217,29.44877872356764,30.71029939869795,25.768718877314623,28.53276769190045,32.44411977466533,31.00643960695825,34.282626836308154,28.912287832336634,26.588706031896866,25.967474589993685,25.633997167954934,26.98187172319489,25.972211739995096,20.456267303081766,20.572555620645428,22.63393800810872,23.14184183222445,26.235715809844656,23.711747902649293,26.28313693457916,25.979430922047275,24.61549449473594,24.74274690866498,24.577663600219324,24.77898303245944,24.668339589581574,18.71658609658676,23.79337346685396,20.20435243106781,27.60023204306845,28.10723914596829,28.328095363508503,28.84984072719578,28.661949676896075,27.810346722999792,22.82418301332292
2019-02-01,40.03462138560249,31.600341874283075,49.48188854017197,54.87973693380646,42.824026109270896,37.7122120648096,42.08578073174082,34.00560262582813,24.69219565055057,30.10207070097272,27.27720269824514,25.59390461673012,29.94096271881032,25.82459929107801,26.03118024526797,26.39516625089949,24.463016970089463,28.47039139023518,23.691999017511492,21.82968551628605,24.387038524134088,21.337721807023694,24.325173575869595,28.9701138320664,28.894543697555648,23.30851756080125,27.35027872754723,23.563660231195072,34.568441488787265,34.32954125561397,46.60962049498092,44.77169007626813,45.66534774321387,44.27628932484577,46.81950803567477,46.534799652971365,47.09101849819335,33.33352803614608,34.66172732221429,36.48353075255036,43.85459741430293,38.64301659005887,50.05088136257587,50.50709083215976,51.8909815158969,51.035108464140826,51.67040717887432,53.473892741527294,44.38200581575652,46.951680315886506,54.263422783107394,53.83577282708637,53.81536448786875,45.444494432119065,43.49656527810593,40.63998574200517,39.717778218574026,46.836951959214446,29.30978919717389,26.371640894461265,32.75660827373544,30.836884201853444,44.25655910044719,48.452197204100806,46.725808798195054,48.3987829389885,41.052560770894914,41.775475208435054,46.33938375598127,46.320094138071504,43.082224311358814,52.36375994208307,62.2607874968836,71.03651902104801,81.46550681344864,52.1825061657829,88.35669644713097,96.19264678291997,92.18374060312324,77.50347749655863,50.9255212354993,61.52629034162776,79.14261974278881,69.21712012287239,83.27105853828405,71.99053205827572,35.709237810991574,36.23993011867007,38.6816131267462,41.279524876195495,48.79204006781611,42.48685387655791,46.79409027336754,45.91582671676577,42.94513633164338,42.55000782652827,42.272034040512885,41.402433176019365,40.94525189560565,36.42876069490897,40.57127490588387,39.04165160715954,39.11078577622149,36.70882802940404,36.912934063215616,38.01108814034237,38.74390251966212,39.14606606308214,53.65758305459616
2019-03-01,25.71837431912369,15.691888132925346,24.387797834114316,22.908290629673445,20.13691874209802,18.997312954316943,28.45986738854651,18.83913938124055,16.59743834973633,22.99358689301078,18.398642764615943,13.438536416078597,12.503287062154625,15.031596340863247,9.499398703107662,8.76754154324633,7.220030019084604,12.328491217266556,2.971638897095981,3.537487899745259,5.312697351538749,4.919522049061197,4.127066718400293,1.4195457770112965,2.64709095468899,3.8987816660449433,3.962335308744244,3.2865156933056383,11.92671153943166,11.352848214903068,37.09200678159874,33.50371454546642,19.54046468818231,58.99017638881932,54.52048505647072,54.859962793870906,54.12499623275552,19.10383313457762,17.307628916009964,18.102523158658077,33.217721712207286,21.982613738134177,41.93626002722313,44.76810023985741,49.10394610359717,49.61310700508485,48.97583562360168,45.21765021931445,37.54680054150075,39.078141308679854,42.75492283228594,40.17610888287474,40.21415845221075,38.29839511742345,32.709675674789,26.06656980006325,21.848002090272693,37.942560682515264,1.5422026560645323,2.6234674762667893,12.570793014798026,6.47918250539986,58.6034688023916,46.06452233298469,55.832408170479766,46.69399197343655,63.42623515962248,64.10180204747097,60.14141775560263,61.99811201556114,64.46170036156187,62.1451871041948,65.36369687915325,62.60029497019769,60.51366589705432,63.869968898291006,54.44087662168191,50.53390910392154,54.39348181873962,53.497146465135415,55.6991433647322,56.88229019425553,59.16199134782378,58.24279663487224,55.46318898983566,57.68572266021192,23.3795489183579,23.98743018815736,30.31000015304922,31.289561012105896,39.64613664470132,32.95685317312339,39.45200653773261,40.347480939990085,38.94145723169265,40.36694155857101,43.65034322054096,46.566227962758106,49.39231756088111,74.67338890615494,52.96390855767758,71.49472396717232,61.09997620268817,61.778121954123804,62.83525082192728,65.8463493898756,65.72699947387211,66.5679079989505,53.88841059718688
2019-04-01,45.71073747742186,30.8108885525186,53.46861215079012,60.48982686832819,44.16212534044608,42.834625805505794,59.24360765573769,43.09982681121264,44.31588496308186,51.96744416256173,43.11478999003823,37.56280239993051,36.09565117888416,36.812315453756014,16.99015682792514,24.862206182128645,56.35164773082127,37.14057533605313,39.45213050765729,32.84152363164645,23.87499134741564,29.91236106133245,34.48805491854003,40.81515456368904,42.3622586020331,33.35453891179726,38.22356565846641,34.67837829709519,31.50667169819871,30.72060442658431,51.22725171473325,48.40872115200534,53.36097526875406,75.64931083211732,66.94549628199054,66.92861886571995,66.29185953893992,49.60629355609716,50.88625557226846,46.35496401441921,53.62092256856185,47.85025396241572,52.6548568941722,54.09398740166122,60.951501743123686,62.16882534437739,59.97061512064015,58.52507447305832,54.77965890835768,54.04215976065601,54.68842947392236,57.19302294887516,56.87723451634335,54.75037331406532,51.101224454972176,46.263546418926445,38.2071693650168,53.359656203093536,41.8763396660212,34.98398184120641,49.43153893499563,45.940166618266495,77.73725775513685,73.23269822791464,94.15271705915364,75.7749210707546,91.22562150078838,98.39271776020196,148.26389471683436,136.89865908033948,105.5144394484215,133.0389613351727,148.72193695124605,151.7606303115351,134.5037164034756,118.44891493772175,130.79915179535874,129.41645087240832,131.94516982352854,106.30406063813965,150.60288594169924,154.2307306624185,148.89205056847638,146.53602316438537,119.41240984044316,138.84516123440378,49.65412377372827,49.60365801902276,50.29821175294062,50.70457884776077,49.54686176889928,50.455947638278815,51.88234380941192,54.28373260482154,54.920158230193714,56.60610741870619,66.40261549612885,71.04693547906376,76.40334168187327,115.92876614081337,84.38621149247464,156.46898139729947,89.18626442715278,94.03974125271758,99.06753504543808,115.79988279685264,119.9083003509425,125.71529112910612,173.0674758106695
2019-05-01,87.59444047072796,70.94135172917387,81.78927793450504,83.04357404054899,72.66486101717675,66.34282322283723,79.69211709115397,63.46319300102451,61.853031830646856,60.03110851464686,50.658447329444506,39.63201940600311,40.88408467507544,56.48657784571695,33.9574897941513,32.03254589774782,27.557582681677907,41.15439944515423,10.607303945773468,17.19111685173055,34.63585457766123,20.27838971947752,21.535318989680366,12.535321957146197,21.12293333484303,19.664452342031705,23.771770071316432,23.614837221243857,37.51776990420377,37.36996387064372,67.62978543912286,63.23101353276252,88.33258462051376,133.06558345157762,116.73155211770192,117.6352308636188,115.44173985090102,67.00212969948596,49.157992144721824,44.748064877566506,65.62437715230578,50.52260504687926,79.99969656358613,82.30974276705035,82.94024156950705,97.46208560645438,88.76255000153022,74.23268606631744,78.61670556971629,63.231911012680754,66.3941782359981,57.546233248611,57.5657975581214,76.82433502261314,52.36789814789249,50.62597348511507,44.62055075964173,69.89919184155869,16.04487773214473,17.20829162263689,47.47049296944656,28.561228804055705,135.86032001475022,93.51183917553924,153.91947145461842,100.56507900231873,144.0618586961628,161.05588960658224,197.6089452567457,192.89221833023572,162.84188242329418,196.07074545934688,206.16518875747568,198.2107559475232,177.39599784515948,174.24101568933287,202.7408989678132,183.89125682937112,188.16473506890264,219.73350940474495,202.57549054114136,202.79293421500265,201.2919947581552,204.56635017675453,217.45820715466047,208.11359770734603,61.80840742583475,60.94570570776276,66.3723140466405,70.53278354257881,84.3944343458895,74.67138102899764,106.67658953732358,110.76616250824348,90.9821112415234,92.58781303280308,98.98882431439743,101.29115304269536,104.73654032752192,164.97156225997543,116.3233035398291,204.1898463290296,135.04585941494602,127.31508897426876,130.90512913578377,144.6234516459151,152.63271226290132,161.75371148483683,188.3056796191936
2019-06-01,107.01862852675671,62.24379310546369,75.95632331992157,60.56635175556904,66.52262426672951,83.60693261893692,151.4949881224368,103.97722924124412,131.79638627721312,141.93704480718688,129.14528770721614,104.36754143456118,160.4569761642462,135.54162848349554,125.77524644626637,128.2723705259299,115.86315021824863,92.86444824691296,103.70740412355816,94.12705000417004,69.14658757985943,78.57798252645554,94.391786582943,114.67242936797534,95.27428566092904,78.9217859614104,100.60748649129366,91.83086727573092,95.6702664254615,90.149588629749,95.76358870034711,93.7395584294237,52.980008558214685,75.37920952478171,83.76502237775448,81.37719701753103,86.05148351914102,107.63390187320064,125.04704350245616,115.07310341391684,124.5107669572402,114.61825394451417,103.1558410166803,111.70922486718251,102.64114779699536,107.84972535684707,105.73590516002416,95.23974265071868,103.59016457379172,101.42324866284368,91.84012079282684,87.08261475178122,87.76522348570924,102.63526953439592,80.40157818698356,85.36967671337509,86.05489377525342,98.2154610463451,112.89383378471786,90.70375032379106,96.7494937028368,134.5776496678995,90.52648202612716,109.30216117126714,90.4705555501057,107.47845316369975,74.74080597983587,86.6236494257053,112.37118000382584,105.6980707651972,86.47082377427081,104.48668979379006,104.67287917587744,123.45116385115767,126.73413176061636,97.80464765520034,109.60874699669144,121.36578138499614,121.36933820601254,77.75335780822171,116.01635427889316,129.1291397525788,138.5434458303771,130.65152366045157,107.32499350630754,123.90878489885804,121.27116331027398,123.37993224440052,120.3184917021603,119.49402491751242,95.71894148255952,114.87826938061755,103.1614231934294,95.9604746896076,97.8906602120074,94.60928054753111,87.65164595062002,84.64160826424103,83.37441608074387,76.45297316012129,81.7919679927359,70.41779400560867,74.83283049186004,70.49614408184276,70.87884594856196,73.40237535764129,74.47281282281436,73.19360593094326,103.62148722383128
2019-07-01,82.21285043116832,66.0167985008605,56.243834951078526,40.96777869044724,52.890415399888106,62.91627293666312,98.93594654868988,75.36713304404067,107.75177633938914,107.46437842350656,106.51901993791844,87.97261790594308,126.50064701894816,119.0530740934875,106.33642412946404,104.76245568973556,44.28632465456427,61.3676857443196,59.31447669884466,62.37089199010588,55.92255039944497,82.30734335941345,61.5656771692418,74.04995383425471,50.62191078012937,46.772088558254445,59.828709892839896,36.245231296895625,74.76121886759606,69.59626873460816,81.5903005617258,80.40815125832117,37.95135429591143,82.493315280775,72.23847687214773,72.95427210064676,72.34171061572312,98.05306573785306,100.12541288853026,87.80186993096851,130.29218988849115,93.54858029343758,98.55375087524598,107.88488900213864,67.54124490509228,70.58312054593694,69.39427343917828,57.382264733220566,84.2164249069836,107.89587656644352,54.293488848967584,56.11607579652448,55.95551676121326,83.44940881841771,96.8683035434337,84.84374460779573,84.93462510510915,79.04992061944681,69.72942666455981,56.92801022227415,123.6810017599517,69.74752964140389,78.11637816387669,67.77954561880716,94.05412103677124,71.0724384473692,113.8389996934824,101.6848814096346,161.84890654179765,154.30936989222045,114.80662976258478,171.17451792713004,168.13209745443697,143.17949210275611,156.3412451791332,131.3771296636892,105.26998132879702,159.30064883320688,100.51287569378734,80.60512577885369,151.85736999969504,119.1762641832218,96.71960133107122,105.05222180192015,89.07180910169143,100.80910264948496,102.76253602687088,104.73535213966524,130.80361501505925,112.62691643896736,72.95636702754081,105.24412205157026,89.62920102428569,91.31817615406148,106.68329995942504,111.76074063048296,134.98893455570823,141.81903554073946,145.64758276624897,115.99652928292286,140.74572310861893,111.80161760800326,130.19080373292957,153.06805622188884,152.74683262657786,165.16774248078582,163.38046879151435,155.9909976732774,76.58978070394743
2019-08-01,86.67869662033092,44.61785360840939,53.73270354953533,43.65221983084188,48.121793795698174,54.00193826708776,82.35651999914117,61.195509385078296,69.23448003950924,80.4696068395296,61.17905644424365,51.73923819167135,75.09094194558367,75.31612306651564,57.74862178528908,56.83327148640085,45.05583191017921,50.29691832650328,72.21801899797936,62.79248365478614,76.24181390892929,50.07371875690953,76.0149037332733,78.24775964607083,113.74560520996934,84.96809324743579,93.39047868252652,84.02342305249857,73.1376023976821,73.01256365470859,80.95847128244544,79.37531268933928,43.000052487693296,117.1275121161668,105.34130164399288,106.35303254475242,105.00744843621176,86.1990913614698,82.6720655234692,72.94204081955311,60.65891337993288,72.78933357844649,78.6428909715962,77.87799478650575,115.5702741079109,109.49687673062375,114.58545596261897,102.3492874371251,87.79655165276559,60.37985445148909,81.05848234787157,79.8119652435419,79.19666774751171,86.20468738237817,58.908885435511934,64.55067777639982,74.6974855086096,82.33946103282588,81.70493134223375,91.08223611748907,93.00223105065535,102.36995274777776,87.8912675492152,77.40190688893918,78.55259080306548,76.78287073750583,134.20437143915615,103.68587178975004,110.09614648502432,111.39615727157438,115.44667553867087,94.97078477997918,66.10935730967275,72.0281409691409,61.68991909295005,99.58787034748492,95.09902183768858,52.6054907195818,80.67520661700543,72.18504484830329,100.04415665640158,99.55572910842304,92.3839676494451,96.05039585475754,91.4116815228132,94.44566801244284,81.52927665537467,78.01018583884326,81.9940355735724,79.56093966137126,85.09762627595005,81.98514380470147,109.54224065198966,127.5717256674797,105.72965839111804,108.72989328058776,110.3484328522542,113.1673323821752,112.74308148515512,114.51974877345842,111.71435078799094,96.695710557723,135.7925229821685,134.97380541117698,127.6868595230877,115.64003743111692,112.20597551752384,108.64653082165864,91.45629706504074
2019-09-01,95.10850680415896,78.85923646135224,96.54700739120288,99.07857894032364,90.16645729738244,85.41383127244205,88.28986312298694,82.3024015349985,63.15931218322739,79.88172748915235,68.55046909621296,69.44248296703645,61.90309897840631,65.96057068448414,44.53118299959331,57.0175491915457,82.9806258411742,77.80705967946678,128.7433417472999,107.52207431344128,167.13099224032635,102.8377305186991,130.23209642473438,168.61377299381417,182.21015051155865,145.77248266518697,165.36613350536078,146.00636009005146,178.89289455985795,181.7066598630691,146.02051108585363,150.98898057501404,90.31202827680796,88.01265821342315,107.19526846282038,105.95267200478432,108.01140170593536,157.49330195511808,153.0593059016281,165.82716627888755,150.21702364353678,160.02935565458063,124.16076950668578,125.79882489808328,159.7515047304359,135.92794995998318,150.25057629167213,136.79849537443474,137.4979234782261,137.11598612227917,127.30244662216336,135.45602499938815,135.03783195344184,136.72271658524937,175.3896685212587,182.7061303301138,188.40191019372105,141.83721017137944,176.7694045582931,169.25169760426076,154.88127387467807,175.48056204194333,154.02777279797158,167.73014751854566,169.56736573992055,168.69580640383808,81.41756196459629,144.46045896921555,144.02793381975047,145.68331191328878,127.28921534630148,150.91976195381346,188.6740136847241,172.88411240831942,192.25669638329276,144.26311593682212,209.077531236836,204.01981850190137,170.53058617210124,208.64787421606087,137.54285277831096,156.44107817530502,182.35185715417447,170.50628605474745,219.75469153381212,182.0738642042506,167.45486981139922,167.6935440796642,177.00341038275667,156.16720142493278,131.39954265412308,153.0151379943695,153.85756567079935,148.4407202003849,144.20501287912552,141.2364593063442,140.40050232002446,137.66633195666407,136.52585133866413,129.4430698567174,133.12650290795645,114.81079947700448,86.6073118218801,91.83995887417504,92.69376844740005,109.66334394428986,114.9501131298573,118.66341811961024,145.35484378595925
2019-10-01,25.917663672392933,18.2077912313446,35.0069874007907,39.61407745069764,28.81925289726718,25.465525743832917,38.00980945429369,23.644477893540586,27.00215115940642,29.193307953005945,23.22081521876418,19.005292718337436,37.590628559243534,28.580319910913605,22.11931030841721,26.41617063874822,20.689749658017316,21.634025442072097,15.553946469330745,21.276506796613017,79.58595483402334,21.175497917979715,36.1020714257319,19.99003494950361,32.68660727056653,27.68111129272944,44.996951541218976,35.782104811093994,114.75955132007611,117.65569041482856,106.1773492048042,106.71143984598552,29.731677556876104,90.05009396170676,95.0116418857665,95.14352856817185,94.68894039347704,91.54059244603472,98.55720774553454,107.89131374256708,119.97350182074032,109.99156509238531,112.13134127611195,106.91759210833,107.518754922438,97.48354923683328,102.65721258711308,104.41973263947506,103.50827958079388,122.22734069434333,102.32122756921686,106.72969457910074,106.5587197607488,104.61071158432335,129.12972779575253,126.66433120635038,123.58303328919544,106.49397521396396,22.232998574987644,25.28167229279784,75.37942890781093,81.17614457432623,102.32304443732691,113.74973909988552,100.971169432724,112.76502568391118,95.80173015542373,100.43333528245356,107.55701324332892,111.2950497173382,104.42358211352922,113.52399731994728,126.39104660010317,126.60371514151626,130.0700852301207,111.26167630249346,142.67903292694407,143.89116713303542,143.43595329083269,143.57826594167767,109.9110755012361,115.63735224357872,124.07915278774806,119.77146582448168,139.02514560054615,124.09259168412044,111.24316167339067,112.17865596607172,115.73793117023708,111.74345448540468,108.0487868046318,110.42918455908244,96.29353843607944,91.69789803418342,103.35415777025212,102.6178489843663,92.8623533274054,91.22379466652676,89.34436010021597,68.83751073687023,86.8841455587278,74.19399396489797,98.31870679993966,93.25211377588882,92.13975879719275,86.55019482138077,86.6008199967851,85.67004780312388,110.25285083553788
2019-11-01,59.53703420509509,47.88238803662664,61.13453768522548,62.754224921729474,57.20904519157054,50.7055035760427,52.01536435587712,45.520752403307775,49.61635389756521,44.08376514009934,40.65031307514486,35.72233682922513,43.562695352718364,51.70413241119551,30.22723106336889,31.41865980646785,40.84084631005776,39.433310456042335,32.99078209436929,27.483539091655345,30.61974096622893,27.26606866738573,30.221882354476158,42.22748645724131,40.20023771285427,31.073174046985027,34.06518476907009,30.498834447118835,29.84052858410467,30.370886429495062,31.794351147326125,31.720379338236054,59.270390102116046,34.34179364785641,33.07883022171293,33.40356811540599,32.84495645104636,33.334293099039115,31.12230730914923,29.575136546105465,26.860129757862097,29.21105603750511,29.19234223625301,27.21555755458821,30.396892790626453,29.999222309264923,30.24453287073087,31.769850151122743,30.252376598930592,28.332434814489154,30.396589481181184,35.293531105571,34.940767597560615,30.12548862732673,31.83518954643773,33.11482737855815,33.81135852928133,31.340167213799432,40.794408222952335,36.75516235033322,31.63495472125313,31.24197532554723,39.46084830638799,38.23247582090009,43.73879189961933,39.02271986143838,40.25284207498176,37.14920874926887,49.07870961897174,48.57611396740038,40.74996839537171,52.38532282205973,63.24170040113698,65.6359594684516,68.85904168905975,48.65848321823615,76.55160600657662,81.03935124189773,77.64006785870949,56.8606078020524,54.79823270091569,59.7298882922284,68.8416829432273,63.64944961267151,72.54050346732127,65.17234940866062,32.50649580909496,32.12023454297049,31.168568098925565,30.63533441974845,29.73535687635925,30.51257751102409,31.684416012373664,32.468863064900084,32.13933981194948,32.507126273599035,33.9402048198689,34.60640328069199,35.546842852900305,52.26424863331097,37.36187749207892,44.96287775740648,39.21925276628316,38.426222747938944,38.71759557713542,40.70208834447928,41.505503530004944,42.15849128000721,55.806833053250855
2019-12-01,26.54068980343064,18.412434303060767,28.52283192815764,22.72576877436017,24.423037723298343,27.05663981407972,52.46033380515173,30.627513254291213,24.477126759251792,24.542705927275332,21.398165594314467,18.021787518802476,25.14993467794068,25.614471513579375,16.012189289235323,16.3836192058578,16.00005706755396,18.573986788595885,7.867435256388632,6.212675640111432,8.870264302698885,6.377918418357421,8.263880867797212,12.305670994705284,14.310336395108378,8.10571667731567,11.083315059888529,8.605754688349736,18.25559128059836,18.06882684269955,44.76196515689095,40.870131819487625,15.371343129640495,55.010940616374086,54.865925274994574,54.85265114060928,54.905676175959215,24.38235713055484,24.358046876860023,25.12017197968389,46.47511678954788,30.33933131371969,53.29049728207561,56.22271887546626,58.07779105980381,56.02634671098559,57.06997102095833,57.06841329590195,44.0203312172468,49.968006735086526,57.82969605111588,55.477237555219126,55.52636971950145,45.71515759070007,40.804670118213565,32.5672393708608,27.67408688595826,46.57663004643352,12.87554100045482,10.437875793619902,18.94584059880465,10.823084554196004,64.24238528400326,71.28568097713298,58.73310307957103,70.10709226291485,50.98202433573463,54.5659223437541,53.57772484373368,55.311175576562775,54.92935888262363,52.940760771812506,50.797546416401126,49.80143666239132,47.39611888806812,53.10000984343667,44.86472800971734,39.14904613892335,43.20261383978825,39.88000435361281,47.06043198100966,48.53429267125208,50.77328066487851,48.50771334762451,45.58810521871533,47.52684404386631,32.3757393416112,33.30572862516793,42.3469270134194,43.99984669201093,50.38232310004647,45.06654332218133,51.41144192170964,49.30435506333605,46.30496477319886,46.190168413700746,45.56133780257769,45.291616960577066,45.22334978476288,45.91137618695695,45.55393248871736,47.04792071225169,45.58074338595081,41.75303990848334,41.81370231768064,42.45052217647737,43.13528361420336,43.72706491230112,45.78658593869582
2020-01-01,19.480371039097097,14.40299599827389,32.1014559649827,36.39074271696608,26.531537342717257,22.61184527308169,30.34781188351561,19.56408677760137,19.553048611984025,16.686980549329526,16.586628991006783,15.764810697019588,25.80436925489162,22.021920059765545,22.443603381240504,25.98384758467737,21.334848032281965,20.095802697106567,18.469882041621595,19.501642369571783,23.563810015589407,24.039739085916448,19.64062706536805,15.415312045276576,15.796653627718053,16.542233239482,17.33163072197872,19.338709310681978,25.906698835220823,26.64666667977391,24.291965169942053,24.34178216585772,25.641617515902844,27.692117922757348,25.77324195214712,25.85211063153606,25.643702702728746,17.224220885623406,18.33567101891493,20.58443483829436,20.36134411177636,20.69186599250273,22.81396528533536,23.597962636170475,28.558707161715223,26.028365017028285,27.34778860665769,29.18794230223188,23.161354805526106,23.35606224780815,27.741123485146872,28.08461417833144,27.998227824788493,23.623618564279955,23.05525039495705,23.083331618364493,23.56893060099081,24.378081655625536,15.604717255914972,15.64942726769017,16.983116395429786,17.889328764887217,26.640946284467816,29.12500293193292,27.296891146446253,28.873948062864663,30.017547539039672,28.70481528751144,31.48794053183098,31.51872145226592,29.82054391790881,31.537705081987102,35.288537021687375,40.6987350577372,41.40457166760992,32.636686829917025,48.92074012148503,44.016649634325375,48.02049466433234,46.80527393321867,33.34035345580696,38.81354703059454,46.00416315091144,41.942978636714926,47.7633711653303,43.17956960882972,18.87998945718397,18.976862440003583,18.91202944770641,19.3583693854778,21.322652645860902,19.674784334111205,20.48434539421611,20.24607490330248,20.16394640769838,20.200549981849807,19.19898263490684,19.10347778563384,19.115910243993607,20.070967708007373,19.40773655218177,23.484556433717824,27.446073321191456,24.263125382487388,24.543687442496378,23.75614817012657,24.240415354534036,24.505326985098492,39.54521587916303
2020-02-01,29.69291593780524,30.7350760438856,35.14255888514407,38.78246788330959,33.21626911005736,34.381903506951346,45.6497855984738,35.998423680727306,33.47443387506734,34.321105877687685,31.898668959220878,28.03063504646009,33.11620894384754,32.796384798609374,27.31192339041523,23.89479229583373,26.972405406890054,26.616052577008105,8.30267523520169,8.2756620811987,9.74279061501712,14.163500165362072,8.926273403293944,7.794294343964269,6.876372412102024,6.295201678428255,6.92902537022671,7.346829893848525,5.329821886352429,5.6162126758221405,6.838279273883057,6.814686014669118,28.507388429946584,5.630716897907507,5.8537872311856045,5.833579158548216,5.83066773599376,9.466451532708271,7.342795217238178,6.52958152430911,7.414870751225596,6.679536070697253,6.823213888642827,6.788478116619216,5.95031754088563,5.977717066960248,5.881946349775215,6.2832179072827605,6.282662261887506,7.355633002412766,6.632635317678361,8.017845297639946,7.959681962894749,6.384912342471187,6.81547462096702,5.9754193732662015,5.7214508330378,6.740337862063737,7.873946868736535,6.353580525490815,8.482499343975114,6.657907305205903,5.330090051754014,6.430013992303365,6.881903412014021,6.4343487424237935,7.691083457982166,7.535022505184452,23.39563269549432,23.7627495277068,11.924782895672976,24.153555451156095,22.23844385781369,22.658224396320584,23.977879156981988,16.199249726463627,21.228747825940573,23.954161274059743,24.09434898331744,16.486013372504747,20.4463912288628,20.591996073182,21.363470854087318,20.44228480533429,20.11041011392104,20.239008004883196,7.853866598387728,7.77488327920717,7.819931978033004,7.56021912778787,6.737555142888312,7.310792447036692,6.340839589856228,6.201211575848807,6.797658570754805,6.794445677557542,8.852448924385648,9.28705922530952,9.811285366411424,10.376791762278549,9.691261803096662,10.174040592923758,7.465269262518478,8.544986218652731,9.676479205083842,13.947213448162362,14.59488111303725,14.30912818754208,16.553167967889394
2020-03-01,59.95804900559662,38.014136090043465,55.843560038666176,52.187808342883045,47.53947887060344,44.73264297327014,61.63640021466727,44.58421969421564,30.016305388340307,35.859153180142854,31.666002001408017,29.347388898624992,35.95654694664269,33.53184769051975,31.83983773416208,32.79372591253406,16.892428888755315,30.93275915811842,16.542566208985043,21.729058695151803,12.712141876115084,22.417827861175,19.053532740705176,15.158822774240868,17.994786798708045,20.47099917166866,16.679940018478078,20.60279011997389,14.896097443774584,14.937799852400314,14.398548063736673,14.391851641521692,39.24386400826025,11.259244523616092,10.706225239055872,10.76334284659821,10.5997036220102,13.746185235331408,14.061258537745069,14.440327815947326,11.622032601294928,13.42656134282383,8.097919576162166,9.131714678117714,14.307553242832658,11.734272437216006,13.131688229426128,14.7637727541049,11.813756618918116,12.589875432312304,15.251679376540007,18.85951909275308,18.66072521533495,12.134892987700846,15.178496790378258,16.636311921426888,17.161355370524788,13.836629800552616,14.999843472812348,17.347439836709952,16.193365097481948,14.007193498744371,22.61196729423037,22.51247126628244,38.29666613112499,24.769117563365587,17.17354903481288,33.48809858830364,49.37343409717449,51.51219543345088,33.5847290777453,64.387414424899,68.76092081786827,72.70340466094805,71.29159950636986,47.15849228346655,82.71476935151874,79.81303412214338,81.94092850080808,77.69883392064095,65.8507730672567,71.18612740182841,79.94650918656464,75.69643680449902,82.79779202047516,77.15435121788154,12.115642970903348,12.176741377813276,10.917708028146802,9.83489215253376,7.902974528709143,9.49628664692524,7.201777931340888,7.645391093193651,9.307200606296076,9.479464836607685,10.99018224181613,11.734298380824512,13.292811545447083,39.05454125095833,17.25612253683657,40.89160125827765,15.647986748605833,15.328240076863665,18.046408120305763,26.282114070474208,28.670136723600763,30.694193069067545,70.54496523188938
2020-04-01,42.391019824207,29.876143461726222,46.57506241241354,49.81803094224486,39.34239641653785,35.05032737334499,44.30765889528039,32.85666300889959,27.992591592629747,41.4357015370629,31.172382610373955,25.757580511793847,28.197896429694453,23.502062791154938,11.88652363842209,20.235564670975958,24.59389686514132,25.932069278026376,11.616469169819794,17.004407905281266,51.14144339812297,29.7685482322236,24.393207428341064,9.0140169848664,11.9191201387903,12.387261108162637,21.745240697367432,19.99627687770995,45.48779582843318,51.83347113509793,47.46298296298812,47.15644758963209,42.05947603148224,57.20110603586918,59.991947650928914,59.6072757530616,59.89980534440279,27.4550168378744,34.41735452166064,36.85944278710464,35.54174999017182,37.48325566068851,42.742755644609005,39.87793011009103,61.83651101878952,61.89709694708882,61.33244383377584,62.66639161317935,47.38922056959966,40.75903401218382,60.13741671229039,48.8179722466698,49.381400193887295,48.05688858623,42.36771985649446,45.53413605560192,46.92422340182944,47.61116723794936,9.44264408216508,10.536576690561311,31.170493367010657,31.541555396426308,63.12680659663352,49.16138366317072,60.51080207486307,50.28796458394925,47.600271299324646,51.365199039875016,44.18465095491131,46.17590905939456,47.92653653505319,52.3086789054577,57.09072557503777,51.56030088191,55.057672199495656,49.7648058295711,53.32617571423748,55.06823803094386,52.44554005180876,43.707023606718224,44.79961311198945,42.49390885105505,44.04340069217594,43.20565400793501,50.59854526279053,44.58551830035247,29.670453239192053,30.316723388437403,28.771269369240468,33.02962415490646,53.52773976863239,36.695481917006894,43.7989654223228,43.60877830113403,40.52796644375461,40.702888347995774,36.786503861878536,36.36747381041061,35.3944540728187,24.030346470157145,33.89682058707455,24.97048927532287,50.51217365967675,45.1603811055572,44.547671205264656,39.51343621157251,38.80809689714378,37.33983555615832,34.74067599992829
2020-05-01,87.97478000475454,88.70501911309823,89.64316535391906,99.34397419108322,86.02860477876312,87.23080709240475,96.63297488198168,91.07805422782016,111.9574730707717,110.9132836776939,105.53400226760454,92.04440466661836,87.37185229363938,104.60727620150276,67.37313450977243,64.68865968168268,53.4280382636045,73.75702049726897,28.346264946841988,24.79081545207269,25.298743635321483,22.780791870079263,30.64703766105993,34.0159848516649,39.94637573600359,29.758985299076144,38.935155325406754,39.74526985417991,31.805977622729472,29.994280101155088,42.48097174127865,40.67052052774749,94.41290835047208,65.25255274775569,59.8380148943083,60.45707369625864,59.17704723390139,36.79632697294742,40.99936317296243,41.15750925605328,55.00413640492668,44.25493209647989,54.70833914054394,55.04605754296955,37.72079686863658,48.54600236533551,42.45377994145417,33.50779715400627,50.010979465872666,48.7809693601824,35.230922913990256,30.45944397002513,30.916298978214844,48.64720248552337,44.0974177116788,39.58384726469216,31.04806951062995,44.04323113771971,33.856006792982875,31.50447784552106,47.02654049044283,46.07888966229003,52.67471890369255,34.44474156090377,57.40526946257874,36.86814923683157,73.41965390025099,65.01899706217472,98.21715494314104,99.01862137466692,76.26734208399563,107.56521616889384,133.45855636414404,145.50201500703298,159.73760248277603,99.00696912352218,134.76618869223674,127.95901014416305,141.99476998803993,118.75859798511428,107.44325389331718,117.24248801359926,136.82193704141443,122.97216994856932,128.27713489604176,123.65541090529042,40.65791948116184,41.75685040703899,45.45485131186543,48.55153227183125,58.51966734472367,50.232231180922525,52.91311651214086,52.78795621562043,53.81360530368977,55.03708819394839,60.34334917264721,61.68938247318095,62.28177518242896,76.53384009099877,64.4527421637341,80.17795754281536,73.90045481231384,74.58693714321994,77.95117222373726,80.04188410149825,81.13131435714622,81.91301829292438,106.18607675147986
2020-06-01,159.93380821336572,134.64254742491036,116.76827931998614,108.26636289925725,123.28701692610277,127.34634383398485,132.1614498530648,135.14539752133797,138.47787034348602,142.63318414133795,145.79699578924988,135.6604943801771,135.079934984046,138.53358311989643,128.75391357553278,115.66126449226034,87.40751037629413,112.947343537942,100.92599926013185,98.69026258651712,57.51060940238036,95.53646552923531,83.38906172578211,84.85859765161219,106.91646245817412,83.1946803844071,71.96203630542769,70.81818209242469,40.298098025041526,39.42568418309416,101.32824054667466,95.49768225444458,96.59310075083287,65.31621611232231,78.08045699951221,76.385413403238,81.59893996911991,53.25678837804941,53.31088326625928,56.69182332693554,86.97095094807823,64.79512621582406,116.85448856848711,136.45227795599442,97.00668711731412,114.61439566960884,108.2296022438601,89.5633046649638,84.81772758129509,105.87413971016208,100.77952741607923,135.56643414617372,133.6974328209087,87.62370229690522,98.08430433300576,86.72389152704947,77.02977141169107,98.24330966924887,85.72008612722014,86.56326817994794,64.95719237094467,40.6690040735409,67.36502089208999,66.70712421755536,68.60330315210531,66.15801006361514,68.31050771128537,78.7432609184924,46.23824442098733,53.14920133670452,65.80583720797942,82.95897769292701,108.16898531652215,96.67273204247893,103.18026641030148,77.47293697469172,110.70957429157902,151.1273316081605,122.84166195851029,96.63901123192352,79.60545114646611,89.25040723294029,93.9564138070776,92.95495441620186,98.5469613322225,94.63107406413197,60.21175768830552,62.74777188200876,69.37371582303686,69.90727041825221,89.37487442123036,72.47337396450952,73.67592882674663,71.08151292328732,76.06463198179243,77.57009538940318,81.25368181684972,86.05077384466702,88.74952071609522,114.07333807402831,87.32061547328698,51.82361124291028,84.20152251292026,88.41627943247852,80.39244966592652,67.98449581078484,63.90266929032738,61.37732097806528,82.51282290982718
2020-07-01,38.00336626909993,26.70177377357963,17.086732591058215,10.526333245076986,18.701414470892896,36.74713848832368,82.80698676544473,55.31491034710334,145.87828973677938,128.97430643396288,132.84460551726602,100.77092014105412,126.39365857166698,154.93818425869884,121.44462586370982,119.72534767165928,39.05934305934378,57.51084847442702,58.39093187794063,96.99418154566538,130.9549775349441,106.81096595129084,86.43893899414917,62.26965082057491,75.53784600974974,84.93502911188341,75.26479982986486,76.62506970094836,91.14639347200593,95.48665077989418,93.21711505185104,93.33857173161924,10.106915579881404,69.58697004232161,80.811564996653,79.47722245229859,82.27480398698142,59.9278220860349,91.13185085783248,96.8488799393715,97.89285835076156,97.21819693444216,99.7338056438096,103.0991483088656,109.09711594977004,87.52917502004267,99.94226848909172,116.46098745745309,95.70633074586698,79.94723099206554,109.19365770144074,83.93340132135812,85.20999292402846,96.31947656370454,73.15422826262262,70.6537989029147,85.75041584842626,93.67114487384772,67.54329755938542,76.98851126353962,77.98768861000457,101.35110109437773,91.070631201864,89.79581350643497,93.22618277497844,91.33866257090386,57.02429516708244,94.33715647722258,89.36732671714066,92.28151977338143,79.13408275450985,111.99888611764185,101.5349173651461,85.89992425299222,71.05219179769074,83.9193315606559,57.37341176017389,46.24025580896923,66.81687226674993,81.4732519386638,99.70037144002116,76.83702357771813,60.372174602279344,68.25694410581319,56.59538450655357,66.22870548917552,89.40513583131275,92.30701249572613,111.49729042697724,112.9631391492084,121.7431280019096,114.26117614366024,122.59458328977178,108.93160712340712,102.32505570417476,99.31584899719417,98.05403676736252,95.05285841837468,94.00960739686188,93.7755870077127,96.20123272856009,120.54777340702783,54.16181726096652,53.59902434316142,53.75576509928235,62.83088831118458,66.44912227178429,72.26422009896571,50.55252018609959
2020-08-01,24.266401459138915,14.69709593059671,13.251147504937505,9.65573502082857,12.407820403153726,16.065044785974305,29.08441244032101,20.706606562069048,54.97436086411982,40.1818622358442,40.041372216498345,30.69963130600645,68.5089035612679,67.27001080053688,65.81674750625255,49.10121339965399,8.374087936378837,16.820689925099607,14.580355318728422,25.77576638020168,57.06468802862673,61.17195916385964,34.59894181548307,16.844973624275184,16.663332295858407,36.56877603786148,28.072576701124596,38.8438623167856,28.218423932686417,26.743279155701668,83.8808433533057,77.76838936825388,8.481331723565749,98.517272027984,105.67062321905048,105.2222799227664,106.3975196919354,54.54374673301075,48.91308385477503,51.03735451698925,104.49951384241216,61.41088046860422,89.37889629963345,84.0366868727732,98.25142121257818,109.36301422668848,103.92131745759656,90.42024958513568,83.36037716137145,92.56088910965435,91.25746593892912,79.50582613564539,80.15878169522202,84.7713285688143,88.08130373722628,62.786954995076,49.083458210246754,83.60134546442353,15.77546911622969,23.054560475009573,32.04403300548987,37.51868595842943,113.81345017360992,97.7887893133624,120.00088329760926,101.4187173620832,88.29019786310394,95.4510502816814,70.90908602000913,79.01355301243525,88.56426443957542,84.42913579723636,80.11255382634647,63.21544232288902,93.33106823049152,84.80172919981514,20.545676337641737,88.21618083496436,47.2602246252463,26.86358594717168,56.81571678278838,52.07927558948008,40.382548008113744,47.04388596135173,22.183025967814228,42.30961376050239,62.72413364744391,64.36443211781277,82.64817758457112,91.96752430085584,98.80449192505236,93.5493406320501,98.96062556349531,97.61044240636492,96.34580530877916,95.85174084067508,82.378147799979,79.10711201905988,74.4831980237419,26.85957089619933,67.39226179131401,17.619379827808174,85.47711850965939,76.35167040901365,75.53733773392308,66.57093503792407,63.53165562050701,57.14051979571792,35.22617776177343
2020-09-01,29.05354559341749,25.74946621475689,30.438311114437223,33.28850475061427,30.91953811575486,32.65849680556276,36.30815805317336,32.89869961833527,32.077915170990885,42.22050111786955,37.358127035443374,33.96392194762083,30.47693216473168,24.221659839105502,19.324825933094807,29.34478111423275,23.63395343665909,34.28360880726357,19.275516669042307,30.266845095570933,24.527852658433503,26.624333346079112,23.97878788839463,10.48935938236669,18.653592785859505,22.203043496075068,15.235494241160795,23.672065973577578,15.800851005029555,16.858783512848294,19.87624677531827,19.761546004554383,29.255846113368136,21.766041686210837,20.44618789511225,20.679773915896376,20.374888251468327,14.37637328266679,12.364574311455874,12.545398465909932,16.434856882344487,13.506225454851126,16.840587094177376,15.422748756553888,25.943646304340582,21.23678779285656,23.808156021196453,26.98253958150153,16.748352443885405,13.741558739358243,19.718218232082847,31.3440587124316,30.331068377994605,17.00476751652004,14.395786753118095,13.216463032266072,14.771441652660268,19.045866610422465,11.53335386654207,15.99033320981073,9.724263499109446,16.244931466248712,26.28481308030915,31.667808023291364,27.636961022511574,31.60797095240993,28.05611669424989,31.12391730061886,41.95550147216286,47.06260823433146,35.750598274721774,54.09165040745035,51.39105074505846,48.42108628323184,74.09754918743357,44.56146683022988,57.08849085858601,90.28648814993204,59.20002973489673,69.96180069026457,37.08308986668347,41.644899907958624,46.64024496591119,44.873846364547134,56.71904043750504,47.87510237267019,15.236396118895446,15.277024779299936,18.889507592953283,17.08302726197682,17.366412147387926,17.070513668185125,17.33317686606453,18.77262543138629,19.501216461467767,20.30207338714608,20.934659106254397,21.687139811942757,21.85415640506581,22.203434685453946,21.759193102717024,21.703870138767847,30.700771371022952,32.94164539664332,33.90574461295788,32.74078404091236,31.99210552415321,30.623270304085636,42.33425349315303
2020-10-01,45.29698582129403,33.29547029109818,57.51370622054314,63.490086958989295,49.286475040534825,46.89618477340955,69.30392987718821,46.25236681489629,40.8966652953043,51.36813544039984,41.55267689585694,34.95854135602329,43.8838863543776,34.87411035878348,22.69202580545832,26.74446536582209,31.86755947424237,34.928910577339586,19.05518957974197,14.913346745392433,16.49089931575984,16.61741625365384,17.542597442664857,22.68402622431889,20.280313573843983,18.954430149424287,19.80627664149933,15.29262909785857,23.09554733159905,25.746762421455667,30.761016396613737,30.099364460343292,52.02720927901494,44.59985804420629,41.52286172340168,40.98991205028052,41.7601754961319,21.849239626602724,18.75407372266448,18.963712739368976,19.05093646401673,19.520029900168957,24.543584297883672,27.764021331701155,45.7972494982161,47.26995525021635,46.19361067045877,41.76758467330603,29.838420599004063,22.10609578366965,34.2471350338365,37.43708834987558,36.908664410779615,29.96349555240405,19.81725239576868,19.206784721182103,22.179929336710032,30.39554681007189,22.27070821607568,21.9116545631298,20.387049021171755,20.882479220202967,49.42122044645278,55.24638159344602,54.48412913790843,55.79284725057528,33.99966383659571,47.47554601569623,41.941366370721816,43.99510078339863,43.30781766065462,57.93203283261544,67.19690022951954,56.18011065536874,47.92605200029824,48.74367147623418,41.81790916971202,50.522929236525215,43.42529336504328,59.64844055985557,51.81387978279759,50.94661720350003,47.374596813824695,49.15270571446207,42.17914962075211,47.5291838062078,19.492312692506605,19.249842007859648,21.400302941568903,22.824067644263884,27.482718576680643,23.86755566312984,29.919858706885208,30.255955812166476,26.83386650660642,27.121019674820225,28.302415229747268,28.211103256439426,27.903476898491803,22.88549715746881,27.18931084192285,24.774471804603216,31.223434199544084,29.96862062446199,29.74496916878889,30.95771155048537,31.83536638690164,31.87526168331016,52.53484977571828
2020-11-01,30.72800806323342,23.70912689985061,49.77808775817821,65.2630649063318,43.7483830037072,40.39082553328412,49.04587472506,36.68611796442581,33.21047922580864,30.257161271524836,31.135453444776555,32.443548750591326,35.27969024331997,34.79608664349984,34.654341872165254,38.74642044008838,52.152660064396365,42.01035278948303,38.59591268169552,39.182297598518666,6.9857497557566255,33.43964198390504,24.65601452081349,23.32313808987376,11.117974285884252,19.875358959904123,12.785240966256229,17.788613090186125,9.258868591908849,9.19849471460555,9.56733324528923,9.540454637673967,55.96012946262218,25.034554990940656,16.869145735741576,17.434927761045728,16.18458220813002,4.654537935612553,5.611995646714966,6.441183926387125,5.228562244083088,6.19086897933069,5.687451397800376,5.185977291219761,16.95490129050343,11.742176063628351,14.12145536826969,13.359269694733838,9.555535547530075,5.6625120892641885,9.129627459865294,11.471705958680804,11.194796776893936,9.353791166692623,5.672702896428361,6.972506290118998,8.372689083949783,9.39664124726523,20.26045482958435,19.35968384457901,5.137562633539597,8.25191677618808,33.17243713531954,28.009230845535395,33.43031323923144,28.965192964592887,28.211702440436397,31.891238450260783,41.22856189818206,37.6765206337946,32.9827548176018,37.93579482349269,34.63899585743639,38.18590336417748,39.96037768891704,34.84699010540383,65.3800856372703,56.69251070808483,61.99696930215816,59.54019379177944,39.49537618798368,40.192197010308426,44.75206349052467,42.72824361199626,59.45944438737568,46.35465901932445,5.405743930150163,5.528405179372473,5.032427305287179,5.1085206993435,4.879942441171471,5.073549229226915,3.858502370459281,3.968682834748281,5.745134896006178,6.094777614036368,5.698866327780863,6.4897317876651,7.546496954735538,16.630715813124635,10.41433023448016,39.12239864779838,23.14173967273752,21.077599793889203,24.648225298621973,31.748387816402232,33.60523759410896,35.01137533024886,35.723360664245895
2020-12-01,38.889436681120806,29.56561410836094,39.83853471769018,37.08201830054168,33.798983635051144,34.62612895561174,50.71326630671812,37.40011184982425,20.085132340934454,30.8444299466965,25.448649690416055,25.1171128967989,15.993579401642297,12.659760938506087,6.3195229897425085,12.120945981942397,16.104465226048355,25.93852716546881,23.209593573623238,22.79368967829547,23.40083493537752,19.098084732533035,20.55851395715757,15.999653089869124,14.482725510679996,23.65442181765289,16.777517510659244,26.969577823682883,18.91021831667998,21.00449600305542,19.14564740594803,19.45713037375752,25.34913758204237,18.12308961102985,17.777232027923525,17.711847758671954,17.76636499251659,11.046824867896746,12.08902279509077,14.684923272242733,16.200550544343802,14.912175965314097,15.910607059277758,17.014527078372573,23.277070136015304,19.920141438378213,21.690397591844164,23.68524419690698,16.566547022119877,17.354956193984293,21.280015517106484,23.10788059666293,22.91907782719608,17.093760422990844,18.06785954224273,18.265674313675024,19.630618470891186,18.36130878830127,15.036034160198872,18.502290423932852,9.0686989689954,13.049163530299923,19.94294824777007,23.83271844551153,18.99791993371841,23.291477988597205,17.524362160327097,18.657637552630284,15.950788543696994,15.95047932321199,17.67982807045699,15.988421013665148,20.04117966865545,21.084411027296763,24.255357296013837,18.674374357837625,20.17151990079402,20.166806031406185,19.03245799791336,30.342348265911053,15.992241667785011,17.878155136117087,20.565859314709847,19.442977472853595,23.110768261852872,20.570160498851312,13.71633827331343,14.115985267451318,13.530316975656776,13.44196170449959,13.70223358021473,13.380559215177133,11.8774908084374,11.96025397885535,13.570168148814444,13.81085634387288,13.859463258110283,14.26321386632661,14.649956247967726,20.359193328839588,15.404061116609126,18.427956579350298,17.91545626609986,17.74638573427819,17.66173578144169,17.376945312475122,17.24845655501549,17.238628595019797,17.266270518519228
2021-01-01,8.00826934088292,4.294830374216256,16.8857487661243,17.920302917641877,12.453109715844464,11.654174301479433,25.073762883148696,11.64401001581337,12.545811364115767,9.622781735124764,9.896899698951875,8.472642962387985,18.430688826934936,14.318275673990527,12.606346035429864,17.81506879494389,13.497131744388437,11.32761636227154,19.842082478846244,20.98557149835314,12.868691939605554,23.14316124102397,18.899397464766693,17.587722191674164,17.06396464641985,17.736558644962283,15.61216420374187,19.970769807645382,13.314879481279087,13.5159148007598,16.716609904077828,16.35848770290682,9.519180968441272,21.040739376969817,19.998854848467182,20.307183506687537,19.70085875028354,14.481925227656951,14.590959067476945,13.733481338930725,18.186247538741892,14.797781701408612,17.218100632039768,14.561698030488332,18.54659021481992,16.910395417371028,17.672798334950997,19.0402379981415,16.591498520746583,14.850203633201698,16.559357302533975,20.86171684380604,20.510443984323757,16.50151762778158,13.610752747054292,11.9654849678031,11.657284791368768,16.798229751558026,17.731090219577336,17.06010022708768,13.774149003719709,14.355156659653248,20.96325347308277,20.045707869589883,22.526867620228003,20.37253166460792,25.103332290319848,21.868303389196164,33.183284367331225,31.71233324824553,24.905284701483392,33.166159386057345,35.35150422602388,36.05583169723277,36.050966310590525,28.625953028253917,32.85852665304048,34.20282075637423,33.72124442970282,33.99304388199986,34.106314778537225,33.722387111104695,34.91358016462786,33.94391903886845,33.55544044834056,33.91592524769415,16.067468762749648,16.221293612010726,17.918817903915443,18.01849972540824,21.086676443682048,18.5794546064098,18.389532465072055,18.01781198303558,19.47248877391697,19.81588939579033,18.12579234141745,18.49773302667364,18.44749463112604,16.33226029920042,18.562500179600367,21.943489880781332,25.886804278050867,24.892167876671888,24.753286997910084,24.10591240518088,24.39874249217064,24.340522688161624,30.446987662748825
2021-02-01,25.730347046497062,20.416848526408995,34.512908385167016,41.83475692767207,29.774933756242174,28.884899917549728,45.50337388614222,29.4585361018941,15.864351473455445,23.09553326972453,18.094644252674044,17.46661401092901,20.582863571942703,14.303207450319288,8.899258386228627,12.023446893452451,10.223867408998618,18.638787733659587,11.0665569344024,10.9212907283759,10.229542180839172,10.853462288109217,11.28351640947969,11.114779191120297,13.1177307484791,12.934124528241275,11.926183588901388,14.436734213122255,8.585402349862667,9.159703216475728,8.379817838296184,8.53440615431858,34.63954191709512,7.30960882448904,8.166557158635449,8.00899677461208,8.250717421691785,13.446431391852116,12.944689188684055,10.403391699255184,12.409327607580272,10.643676795430435,9.783639106554537,7.579243689612769,8.503673953063027,9.50542736086625,8.865108116740526,7.240881086457764,9.351922612668652,7.3094098839584785,6.531859465729578,6.596892702088441,6.595362370744061,8.966176334941899,7.36952376214132,7.6343072851228575,7.597449073295989,8.367880360538631,11.870975492280882,11.487034349202196,12.960760017988775,11.023833253799552,9.152956706712008,8.274330329024776,10.538902426862345,8.649596724460324,7.727525994522714,9.114412674065743,19.950235604251475,18.373026264137582,10.989796316723634,22.999905821049424,29.41250217521332,28.980491040865385,28.709010431043325,16.946221264857332,27.36468764678761,28.59783094297547,27.347679057345704,25.422882584363588,26.93868387308787,26.809798282738605,27.69795260928471,27.11900278918971,27.52234363629615,27.159319169303625,14.40947280316008,14.391183874756264,14.995310673682136,13.293455892999532,9.201107755952554,12.359651275967376,7.707632846373557,6.787603432464745,9.642565844525658,9.336732795371905,8.307611946413166,8.154638046568317,8.451148483086213,14.187237051985331,9.605753080107927,19.136406406101734,7.5282891668683805,7.436809025841783,8.161836765406832,11.460466566425252,12.730410620133323,13.95486793567976,25.711438202718792
2021-03-01,25.78122725031922,14.93276377448232,31.374022992667744,31.155585609266996,25.351608146963663,23.38534232942437,38.23662910246194,22.73259817188628,12.705632131119662,18.81851898903362,13.593937983999028,12.258243748308915,20.39120519739904,13.20482243745339,9.944668294090649,14.686374825215584,17.54042725799821,17.373560662784126,18.17606107375869,18.055351703771763,18.980795461048167,20.561575598107275,16.891975296652205,14.609534619177293,10.109279554719455,15.90017625572308,11.704590908461952,18.262457344111898,7.562512808230754,8.389995164961944,12.53014848821152,12.392492119348525,24.37773710312733,40.03287126275038,29.923367270316863,30.588136862958443,29.1229385043279,5.888802042164088,5.677664625652271,5.9552322578606285,7.631459257987434,6.722673030130955,11.524595351993971,10.426588075589684,18.65687437034095,21.32248920391499,19.37384961554619,14.265774358182416,15.156844867795929,8.27083493864653,11.114045186926957,11.9209545655366,11.797821875553508,14.387758582379591,6.485715119405686,6.001955261791638,6.2619495978172015,12.990508372370074,13.375478805210612,13.66888165950424,8.18149491247371,12.10006049153504,41.08287004872869,38.80260167453664,51.90721503125092,40.52018021532295,52.42378146757386,53.46169104904224,67.15082739762308,67.5647455551631,55.95065390755939,66.39000474818846,68.30113586807953,70.13891676735429,79.0911412905808,61.72732893502486,67.86168953456914,79.50356322634632,74.56567418715089,68.99072838774916,64.23748442486938,65.31379668968809,68.5568004946602,66.66960667090144,64.74834270430311,66.22357350787978,4.940595502339798,5.072174831013967,7.03640721023043,8.322173263178218,13.223732266905976,9.491772068158047,15.88830473120272,18.38068376632002,15.823546126359984,17.178655126649222,20.97944271970012,24.198786324721333,28.06173072641917,76.19941057385425,35.46391837197195,79.00287945540266,49.07424502358912,47.33805883010214,50.12862240043524,56.21772864809777,57.78894954621835,60.43179428486643,62.95006764396005
2021-04-01,42.77742313935182,28.54974605832635,47.42233215030424,46.89042729929858,40.33219283177747,34.84884673245137,41.56541663426774,31.144663935221068,18.69223608894371,28.566855677646597,23.488751643122665,19.433262225561467,20.922996504512227,19.46776002948232,12.652446485637007,13.86436805214365,24.41215973801621,23.64864101002985,28.492009991938605,33.02540099958875,28.55956001676364,42.817322900215366,31.97117678061,32.986321674772505,33.69957193493194,43.75463788072536,31.134321241812117,41.049231936190914,21.954567391593727,24.20827190172904,51.03529868382212,47.99832882936352,38.912648466012165,74.88614275728011,73.55923749710198,73.68899028612472,73.43897930834818,23.95442026404688,20.214033963654035,18.84935725444536,19.23290748819399,21.2772557676049,49.052060525862046,56.089341978679855,85.4133349528045,79.54484707044953,82.74890279159712,78.89775692478113,48.05009917869992,32.1878473815065,65.42032507393183,75.05475670756041,73.7576793248467,49.02141986949624,24.65581130168328,21.223731455630773,23.78230919567573,51.38936216467253,32.64003683493653,37.61938769567072,24.922593291288283,17.0177841207172,100.44053477716238,95.34289007435072,100.69600696235368,96.48909551587032,71.57662871046729,95.696941972801,60.161421858882015,68.44700107520521,83.76532507052228,60.408941907927904,55.97409766135655,53.99661295245253,56.17149847993268,73.77112813263977,31.495745300878877,55.23531577504721,36.98807482962824,31.25796385471662,56.052695726081176,59.02780445997918,50.31006465492092,53.23978860051163,32.84753887171836,48.44133927744687,21.71227479168165,21.24844920303642,22.25727426732911,24.88745471330514,54.18719158111428,30.16211969346088,41.16908258973856,44.50492110214897,39.54482862075211,40.688273486180165,40.56518801551261,42.08338876170993,44.05227055731091,47.20471622653902,44.204158913687934,54.74544650350583,71.06295117121678,72.25492436969883,72.66655232848734,74.35162457334994,70.74252952252283,68.18570429844341,81.843781694694
2021-05-01,73.88783341053515,56.72057531673404,77.01525403119936,86.90696837620638,71.10475608361953,70.49770296228981,74.93395603542524,70.18344953512077,88.40872248760498,76.5813640051801,76.90985313717148,70.90744659275535,78.68068172133334,88.07725080703409,81.40883792310022,65.72313091054465,77.9178862025852,65.79772260689366,59.80355544788276,54.95203099045058,25.938638722337004,50.546626362609445,47.320881909583335,55.11287856758575,52.04195679011112,59.74859409090229,46.76684756582229,53.00358493423131,44.237448552986194,43.43745322033929,35.96491499985392,36.685341283941895,84.47103050922253,36.84432266928394,30.275100751752543,31.503566812908492,29.398069142603195,29.782261914156557,31.272671269473907,37.16553477949611,42.310070419436414,37.53262142688957,33.353650959513146,28.267809067699364,14.798748865218778,15.302653579679871,14.941972013391952,17.321374317543103,31.51352389472879,39.741630314140345,25.391098230426,34.41463045653917,34.1382763030087,31.2666689664606,45.865398626212006,45.83802043933637,46.417787444060174,33.689054267101206,57.07471606981366,57.30740967948091,28.69934669888405,40.42482748270831,40.69309442047475,28.782291175045945,48.47469081432724,31.16214514399203,41.58088367013134,42.996537337830645,53.9354414703467,52.75113558630136,44.03740814618576,54.59904374827093,67.00905979362943,89.2284830950467,107.72156759613053,58.23455979778867,131.13429126092845,120.01834328044755,130.70299072765292,124.60952440533303,53.641779054296485,76.95003432476514,112.40085060060724,94.34744378471572,131.97615475007197,103.06190062531142,38.0269940653279,39.37707990838689,52.536830786199744,45.740146408743264,35.88305745391515,44.31527989079274,49.97842745916827,49.880020280902286,44.844265260507626,44.56134279933973,46.3981073138722,46.22124633970023,46.12172470460585,51.58942108655907,46.90348527859107,49.4317087183478,41.69520095969232,43.97475675774492,46.019973205701135,45.91246529238845,46.13260761730467,46.22752235835026,72.09289795428064
2021-06-01,51.31459648754187,35.92220094256499,52.6403835790608,53.379883696280125,45.39748018043467,47.92126358010059,68.7045925444391,52.55313273268994,54.35441915682652,68.66103272146653,62.186178347042144,58.55380325076726,59.70149708245876,50.025515983902295,52.82113065128351,54.74430171969054,24.072817460200863,49.10375378298315,81.4873797490574,86.21960061770953,56.47219232427367,94.20230967921334,84.17638836277483,125.06261461648208,111.91164591835216,107.21315643203354,84.09631926475376,86.29456215226307,23.788149725907243,24.83545431379871,43.545205658224575,42.86180124960742,39.51488414868201,36.60009745992593,38.05331242754143,36.60409979585484,39.62485739001856,52.2293271192047,52.75497775387103,44.605689876337095,52.24324611014579,45.91987556772792,54.58826313242636,61.49535990436279,46.23919400269449,52.35574420302191,49.16501201348727,42.33703341543649,46.0813663003721,38.27334353887996,40.563672885508375,38.02791874164476,38.37565531400605,45.18822631718044,43.69028400681105,39.1386092867598,29.870599272974133,44.28795978872186,125.95761047574706,110.9147997242934,59.74450548077926,58.48873799724713,35.60531084002711,43.78661825168192,33.63715909654472,42.72253616609318,40.4708614983175,34.22043722151342,46.96028903839386,43.26801005973854,36.475150437096254,35.81328297698041,46.27217010507391,62.16704428416399,72.75413799243961,43.23965831237244,113.95094691028469,89.92028249022628,115.89179395939772,89.1577509246994,38.70089802300976,56.93455525970384,85.05045819237647,75.67500295621181,108.41092925000136,83.9148516378399,53.76547195557062,53.95526687012116,47.83930663109258,45.48679076117632,38.12710187718163,43.21783001213364,29.468051972252557,28.493744019929228,36.03520582948798,34.93279786569312,29.530949444461665,29.29249617152181,29.406724664688447,39.094971923115125,30.473065356916365,37.12426055041284,35.44040565892835,31.55566437630545,32.49189592291885,33.23104302101671,33.75812119376894,34.2410720291064,47.32116643536428
2021-07-01,64.29178465117381,36.11820813859761,28.42454072117173,20.24636102620442,27.90490819909675,43.08664082877824,72.18163015514648,59.49610658202385,60.166667607221925,85.13913454794768,65.65890645245466,55.00202255483807,61.12017116745592,61.61521067824437,33.015226463701204,38.21771264765593,53.40724998622928,38.69316508871821,14.70388131624811,21.366909718555743,29.328253921690536,47.42241750791564,28.41881534640467,27.093509470680555,25.478025282285092,21.66036186262515,25.390046718023974,24.992944386545812,7.942308668533463,9.259077420878093,31.214856064082863,29.90112339677335,16.01596897508894,86.6601956983636,62.20780972431985,65.05599110242724,59.4130816573048,24.18675871164811,23.262526980456016,15.016899568614908,22.52649159566244,16.867449634315257,21.147099666302413,17.493846410266137,36.55138629638217,32.70749585579375,34.21269123911265,33.782102187323865,31.264108770433555,9.789424559049456,24.15333051463367,39.292790226941605,37.80789861121414,29.367031017579013,9.606818274384604,9.432809711901871,11.505035075693286,29.37334755195617,29.520281022212263,23.16728524844536,29.629621665712605,19.05313555132115,89.19411596160836,57.69826019596786,92.3317387314414,62.0493881894086,93.02545890205324,92.95732814529724,66.16718098120657,57.74089603881867,86.52688215386044,53.30615517926403,66.66193006568255,78.07720937328824,65.90489605369056,78.8914728709546,95.8441744393382,70.43118447070516,87.9029154989219,118.79782125340256,78.47284830273179,91.12685078210296,99.57040333376196,98.2947448024162,103.88951968982366,100.33436694925686,24.718519911436648,24.81856400726709,28.558254079949982,27.238033797256147,27.570141114051165,28.106308839442644,33.41324191684369,38.74879386302503,39.45496014460714,41.46434641276215,47.00196607698229,48.20363087124608,50.21247859529139,76.26404218386594,53.30731190357972,66.13991398818769,77.71603279824171,64.97965584805068,65.91339177460215,70.2719243274648,72.84068439374438,73.24865280153065,96.6295418337438
2021-08-01,107.75600247018392,74.79350232140885,88.05269337067952,74.09150978595403,77.73192765457317,78.77378524160734,108.64200573419696,83.76384454118187,74.4555637879101,108.04488201444796,85.31416386818314,69.5566723276109,73.78588121927363,68.07837169916971,45.72970382057826,58.17104722178346,57.25314676463432,66.29270830728265,87.52509254043912,81.05729123916369,156.30671993691055,85.78158582588581,89.15043108876537,75.63880565852122,51.87295702862156,84.4637800024964,82.06537380111148,88.9515028776234,115.97890206036068,109.3667604779308,88.20253619463536,90.82825495256124,63.61962541198208,111.89060545938784,112.40287225934853,113.91048717244324,110.30702365008146,87.73325916374877,87.57848341873343,106.60001562141156,119.94861036587167,111.23602124847682,113.81982220514148,88.81626675958873,77.72178339978606,85.72410957540997,79.52287239947121,60.19133971017495,103.79232936490672,77.29877668033386,49.39557023575081,49.01322941749053,48.666699698369285,97.1413887253328,101.50975747187888,121.30822164668736,110.23245452374496,87.56117900670237,66.7482725812587,72.892393114588,101.4294242213744,104.26044500625902,124.46440975028617,66.85778821938118,146.24505448933897,75.32589473254762,108.76148701025728,168.07580947838875,132.8967095667427,136.42190569363325,141.84763459275587,158.20283935627776,188.1422997384305,179.45106516748797,190.68474629740228,155.13844260904264,174.7009497665258,182.9815412044567,183.66226159120416,119.7378862222625,139.14575798855958,128.4488517344586,146.23835645911393,133.1790590115011,150.62314436186148,135.87276715731636,95.66954794120542,98.24112078561735,99.01489742058126,115.86561477298643,151.4569868097206,121.3566566506708,136.33524499213382,129.48717122257688,125.83454953748154,124.67248022425942,121.25720567552791,117.28725117450256,114.75413175507238,82.78626303911886,112.128545195135,100.80503275356676,101.3225707263842,88.31448805907257,90.44479254839882,97.30319477580068,102.4238902625214,103.60462286743892,83.36137504140399
2021-09-01,20.38759564888286,15.80585210500185,18.32379853768896,17.4992658296722,17.573610443831594,22.444249097771845,40.89290008664268,27.66343724787164,42.62789304983469,33.63966731261701,30.15751722921339,24.809000119135888,38.35447341898632,43.48448515284455,22.73793693426588,28.61467426909102,15.243850973749986,18.59999876628344,16.644427882637995,18.6532082596704,14.227566826353804,24.437692390636972,18.092172224191952,19.590330303838304,6.159183961102167,31.053979413950085,17.381040594362716,33.15528898324979,26.74473563216147,26.87185644151176,60.13395765327844,55.28401585888208,13.733430223659903,95.2774834627018,96.21626552628682,96.01844152719846,96.13373978084633,20.759801620539463,21.03360808510096,29.47963999849044,44.90006247873915,34.642932149194216,63.66921258407348,63.20314635288738,119.35282809040504,99.65989247804995,109.87546319592104,109.0905261011577,64.80526477368484,53.2528836528989,79.29137164648067,71.49379120351286,70.72569686878833,66.29881090595285,43.60611806972445,50.69504307384189,46.980656068293285,63.43339942210056,15.081188008085032,19.28801110580612,13.217547610191174,14.173753380027774,102.78213049483772,113.61990218874128,137.32916138773783,117.64091125291688,87.41100496015702,115.40468520501604,87.10822246093034,91.523948983096,101.16454603947388,82.35089167589646,65.12053270836559,64.89605009873112,66.0935685933686,89.85967622854805,56.78250817323311,63.10680950303163,64.20202189240332,53.06865488904073,83.90327956530123,73.04754267892139,61.83025318599756,66.38675615429247,54.106531406877416,63.2801098264678,32.80807744597559,33.21183651579941,35.49992875982441,42.70375089941502,64.85298135110892,47.56905549319817,71.77018338832458,76.26331421364742,62.88387617392159,65.01308687504246,69.03374841263008,69.19130421678757,67.78704665648795,64.2051796022084,66.43735026359117,58.09538564511981,84.4368753471698,79.36651184994038,77.01564456000845,74.22808851641197,73.76276516890358,73.14213571278542,83.80736359996281
2021-10-01,45.0628114730223,37.82734574706407,56.10333498000705,56.70799653824232,48.242478855999686,39.00849339846359,42.26676230343764,32.605146381755375,26.80360450294397,30.331045776303156,23.13802077166684,18.8289612910082,25.218454482896664,24.55277075070444,13.078489679251856,18.20586334994637,16.957090921372526,23.34666162488961,36.88928304308105,35.82160370251035,45.11254110412228,34.913889385867975,40.24431439869674,35.6246469791369,40.64835177751425,40.81610179567974,45.24457918676497,43.49732782422285,69.22150949869554,66.14636694250733,101.535729416621,97.4197382311486,38.879153390949966,117.53366361581678,118.9101736897058,118.57988339771792,118.76492870017158,93.54399888064812,99.71799141534908,94.541616129235,118.43815339508537,99.54383941524476,115.689947310751,114.0403861978785,93.91581946766156,115.81708511050442,103.19978958928658,81.97272322886666,108.00703775273897,112.53525495084338,92.71252322769624,85.22106871947615,86.05580249584456,106.80970824939884,106.7463109105832,105.68757081182362,100.47063536556898,102.53158293389762,37.65276894831509,38.05008033607979,86.72297393810094,54.314846366199845,109.64426196374032,95.53998962097518,116.33586610907555,98.22868359599444,113.3683729411935,107.51152347388933,93.2220566619036,92.08166636070573,102.42646348879828,85.10714882474973,84.0776471037647,82.36580136138453,72.56088051139032,94.03533923059344,99.38765576253356,63.808328529736194,81.91882115696163,121.19161431355894,88.49320006737021,94.1262636510162,97.90687712017154,99.17227232823,109.68324008466044,102.44486763841446,101.6045853487332,102.98220264518174,98.69017137811022,102.98246044659098,116.13803805513896,105.382962461782,106.33143799930966,115.0443375167706,112.4108595004078,113.35991392293997,116.5145869894632,118.52111838289972,118.90569307398616,125.7376403993409,117.82324982751142,101.6086479564442,120.94857221860124,135.81879038092598,129.5809184639202,114.67853000881014,110.7430263423648,108.1768602835784,92.02060740362506
2021-11-01,27.380432096446985,14.5579863176903,32.546792582818675,27.94294313826628,26.53933617765252,30.24515526182301,69.86931743745,35.11657660494501,21.78103070515285,25.697404937119558,20.66501467920644,17.04290939744538,39.2177568759113,24.72249909299822,20.692027225779466,31.460652546028424,21.054085187626555,20.790727618499737,21.218381352981957,28.03605882236651,49.78525623140898,39.7364963710984,31.65359811278957,21.875235698449348,27.046472835422332,24.64899766804798,28.01150546222652,32.621169159984895,43.607538486690046,46.19110270891588,41.7813181592794,42.64583115069004,15.827232584820832,29.66627158757668,30.5919786405942,30.06534848770297,31.020698884107357,27.93390754149757,31.76792683897051,35.99982127502985,33.03104324033093,34.741805937742775,28.0395369743884,31.64035019634744,45.05022512935062,40.350206122509285,43.1495345364329,48.91557413969736,33.87433003004689,36.83553254765549,49.559569767972825,54.38368785997671,54.08923085701187,35.47313047276693,40.621224132019314,42.66332838382508,44.38491814335545,40.05228788777784,22.453529412053783,23.199511900124676,26.86761510805195,38.11246760144442,29.755815828099145,40.22356587550805,26.52346613078491,38.85067773614493,25.811337892853462,24.936031425179877,16.240882930097648,17.168266893883704,23.449004288247604,18.291748074531576,23.804663452089827,26.483301459048004,32.51616763893181,24.2102382474128,35.756270243314894,34.312119585724204,36.688590987807,28.82364198485992,16.13803716202014,20.283860451234208,27.99132868253117,24.003746754442652,33.63594241388957,26.103816156026053,30.29842263601696,30.84998395782084,30.45145844936546,29.44326093169463,22.568506633766077,27.970030985737704,21.120185815368945,18.47246859364988,24.078252833132293,23.73129438112995,20.180839072642733,19.61505222947612,18.9559689633788,9.401283167823577,17.832815025695822,13.184678307010063,26.49790235849884,24.354326764854022,23.971330237435275,21.011686225163224,20.119783904561903,19.16141227777994,16.200667848722002
2021-12-01,28.19001507855702,19.83415374151556,44.69219328278132,53.90934604370202,36.058391676161655,35.995765790902475,63.51942566337683,37.51914407102519,34.42803494110928,39.21221742995416,34.56524136736781,32.70752567717377,40.55813470737087,34.58656138422262,28.374566503696272,31.88993435974386,24.101797218840343,30.54633529337005,25.43217792594734,26.09123314565683,29.33146082103694,27.86617770903527,28.91976098738467,28.92287240558169,33.11565241186989,32.31945534985043,32.03440305863858,32.64944039194838,34.49272160722673,35.26567859421921,44.002707060373176,42.71876610690217,37.78694909815213,42.47126359535371,45.44528301757222,45.01471019930324,45.75219833853125,35.631548636601515,38.23736434123455,38.40127371935645,44.69196936371095,40.088323635391184,49.06019133319827,48.60938310123344,56.47317205877375,51.98250237049776,54.33228191116202,52.07400349347549,44.34601342094612,46.88396088631325,47.73386892710433,45.78971815660875,45.79000233042042,44.97249812649491,44.78770959775218,42.46504619676759,40.484030517236434,44.72657305794128,29.84484128756984,30.78525361707713,34.265572124864114,34.31260357920126,62.20823379327543,68.25306290191152,69.59341124362757,68.8048797648207,34.71638091908704,54.75390805677189,46.05722779681922,47.35073073284423,46.35350084846839,46.56653443266175,44.01676342328042,41.99242085154677,48.3808840582368,46.1060137806192,34.156195478802566,48.76676088974206,40.044254097308425,27.597550404375728,43.98420000282504,40.03227004163576,35.51632531190549,37.016618577266826,30.67242732535457,35.23366331661146,39.788627238787896,40.15200816248098,42.69010678588136,41.33037970614615,44.43779151963063,41.43992282240702,37.90813429252415,35.691817644470746,38.2420029510125,37.48093259593728,32.71655872896088,31.427097003091504,30.227485253670874,19.97288173249729,29.342128299942445,31.17414448221226,32.64451567027248,29.78692026793032,29.510837740658157,29.92978778154152,31.457226282378823,32.15089499867943,35.382733000140355
2022-01-01,20.20509819077612,11.875814102014145,31.67793404885485,34.44293624493022,24.798495746760125,21.951280796681505,36.38592497401436,20.257205186113445,26.37823849272064,18.246199588800145,17.76543346042444,14.695120420518023,42.058728360510415,33.66082372997716,37.370429501188,38.07078232982365,22.126131706977944,19.538585129223392,22.98826206137211,32.66221475805771,34.849615190631695,45.62685080725875,34.58688634782874,20.953858907065207,26.91270931923689,32.60792454784347,30.989697912079222,36.23237466583634,24.34283005068368,25.17248220875488,23.040162907347504,23.56069800252516,23.27419183765753,24.116377556460144,25.070279820633424,25.124699598288014,24.97387856997002,30.73573167722944,29.314918459398395,25.49374810835272,23.37780472588878,25.10120890100276,22.797477945384937,21.150677009399875,23.262007618309788,24.20015928643193,23.60102509888997,21.90611702079383,24.569528259412827,20.83126135429848,21.910837639283187,20.8894710076298,20.98930437883764,24.10287744316983,20.74420414374641,20.515862508103968,21.772823341440905,23.199308849480857,21.60027361638409,27.25028088150787,31.20786686591821,30.534852486334405,22.74401111149676,21.08122931920703,22.017853812276247,21.055873032392576,25.10244444916685,23.2656981146946,22.97969578239676,23.932054787128298,24.10402478689359,24.72009845061408,24.615871578123443,24.743043903802832,25.579912137685987,24.370655392224243,25.08781932361404,26.5025241893508,25.793978925884534,26.083381000111796,22.53236622316352,22.64791312739328,23.9911141279231,23.200410234220417,24.624649596905336,23.560257992658865,29.409532559652305,28.792498873055354,27.743035715877447,26.833307906041146,25.9304880202706,26.576967401247,21.829412489421237,19.98807728683644,24.141380158766765,23.809049197800032,19.48251937300328,18.548534596826816,17.483930688157084,4.796094793942308,15.791697302409991,7.067885601228655,24.645311282442652,21.659106788204195,21.433103143808783,18.593782834152027,18.202638455643807,16.99285119727462,17.854817460377223
2022-02-01,25.748924325879067,23.810665263135025,29.937153821013496,33.13046212419132,27.861077587694357,28.213395598456646,33.18370972476123,28.807201895559903,43.00161596943512,33.91858905725186,34.30127869115836,31.179901630600984,35.53079197442273,41.16838455724934,25.563492923800105,28.276726988546137,32.787979458916574,28.963890634817005,27.11144212992168,27.819312433339903,36.75775180001423,31.80700891433216,28.242662449543797,18.59358622099655,18.24524220608819,29.69919324860477,24.461100368723255,34.95478781089318,33.10427859813891,35.92162367330673,32.58419481121681,33.67816770372924,26.27257828962502,32.877607926746315,33.55234783121308,33.42532583142531,33.47026806195422,17.889448079889004,18.808941084511,22.980446317398687,20.823900996308357,22.698572842447373,23.405647738815205,24.896221870806464,42.684200632341394,37.534077109593966,40.2982114439764,41.34384207117714,27.971659308794266,24.570479689845044,37.14460052283266,39.37824623093935,39.20192256087071,28.75056702310606,27.02476261201464,28.186220922924377,31.67600994489053,31.23664560400584,17.79587788055507,22.794533126104664,18.24297735023617,26.79483056783662,35.86549160865858,41.58375446206642,32.9283109866238,40.76012882680819,24.785725297311696,27.63839646814523,15.63470605858331,17.245504249984062,24.712499375686452,17.939478166632213,17.97650095014696,17.76722340750317,20.874756643938635,22.38391721863429,15.452983934376045,23.30354837497721,18.607530561700408,9.795791473081946,14.891844215529066,13.862987065944546,14.20828373005494,13.358571042616068,13.017177213259144,13.047224092253492,17.794094502084164,18.09200494657977,18.75093077480466,19.50759433373421,24.93670998632912,20.650985612536196,23.51158087003884,23.895081823203736,23.016334406781368,23.2697445148614,21.919289597734885,21.44369486076169,20.47597338812489,8.840302671292674,18.888185966760773,10.244479884541226,24.197873836418268,21.349028798949075,19.85393793360389,16.393773226373558,15.839020986691745,15.143167858764144,11.787836845958893
2022-03-01,24.82354358989712,19.23258678017373,36.11036459945036,42.30855758035054,30.892561676155346,29.614759228105576,38.98300786434531,29.10353293155004,35.73046061818236,25.61069973062459,27.151025761519133,24.797886858447107,35.40475353024857,38.33730921927084,33.537136765321286,32.842579498158095,19.350942634639388,25.853400126530676,24.84610955854442,26.18498994024241,23.877806061245256,28.57529675212912,22.956285013214508,15.196685798720145,13.551113524496463,23.90580790671768,17.231500597681567,25.758824363384186,21.52490258324461,23.79033385151379,17.919321393721646,18.811072949747835,31.37983128615723,19.694084027576608,18.611282801791567,18.811673950873853,18.377093534197776,14.179249407540429,13.78238766667268,15.578595675190709,11.684342919381834,14.673844325375608,10.611963868697911,10.660261354713809,25.17210443610993,19.914740008485825,22.79797191473261,25.88761738172138,15.808729679309884,13.899060090871098,20.763791344267844,22.837601448814997,22.58631921982106,16.274254257955196,15.818573190272758,18.26941452621628,21.46782522703881,17.60842239351832,14.20520138483547,18.85812603723728,12.439897289674615,14.754917354086826,32.39168658309605,35.63912662892592,45.13962924746873,36.7708922602094,20.14345967550311,34.81115008294124,37.04045993446477,39.73101670310379,29.622248629644485,53.71387481484082,61.43313624129792,59.412834970626434,63.74230281190571,40.81682625274261,67.39367849452664,78.39737694400567,68.76107310134681,71.8315643285656,51.74623056776143,51.448570058760296,56.74143330500815,54.37586457741775,66.25068945176872,57.24613134510556,14.564312600072462,14.346207770838086,13.839246818817884,13.44238388880803,11.06706825600134,13.25824353962723,14.365799435180753,13.918197427149831,14.69755720592271,15.211127779704604,15.47479617380815,15.650987964906657,15.283219004334542,12.875808312245862,15.12588536224006,14.743729452700856,20.91905316256521,18.86648283355485,17.13444093022061,15.728613224193248,16.81159070520801,17.17101850800059,59.19665474689134
2022-04-01,28.44056857477721,18.494037766134447,33.1288092773399,34.65677267342698,28.394858220173305,30.128606784708147,43.58192637058165,32.556190399789195,39.96555148992989,48.39094294056312,40.638510197500864,35.72006549547194,39.78498284485461,39.75550974322811,40.220284676358176,35.951586912767105,50.17894488721579,33.66261487823042,35.766980685799304,37.44875364424786,107.0263571897095,42.87162238747539,68.76089943435628,60.52828069005771,117.35159753487696,66.4951440207756,99.02782121874982,87.23200684676412,143.79914274340527,151.59012390646006,158.9664814150216,158.08395747517602,26.506502039630167,129.58432939434837,139.07384560437984,138.38646781651417,139.18011881031805,168.3922726884971,151.5980556868187,150.02688781958977,190.9993563534412,153.1425008396714,136.50038035297635,143.71734787119465,178.49296872545443,152.9641424806992,166.71270504195388,187.1771254826428,147.8264469791734,182.3510774594432,192.14691405476304,167.99910214615727,169.50212606810624,153.32351004042485,187.01781157276585,169.3914154534054,166.45669458647873,159.0916336967161,75.95492947289416,73.04461287453307,143.88757665579126,116.70192026763874,120.11494161840768,145.58915630334064,98.38701972181327,139.65210356129654,110.57477214548196,101.5493160907456,84.65517155741921,85.15095372607239,102.01567373760176,102.10668546684649,125.51657007247682,106.86553708724207,105.7524400421036,104.45904289154784,143.80021754767725,101.8743351058593,115.16083936485916,132.45896236421422,95.11163927078016,98.47682187536756,105.66026138659709,104.17304439025868,139.9190626957219,111.61168187478232,181.97781676017723,183.5898955709513,198.1846845960746,168.99666293999965,117.90647759279334,159.66589122229473,124.57772331871564,121.07401520148754,142.2445342806114,139.5848927120676,126.71369695046904,123.62195769411136,121.36178058903236,103.19630274635192,116.78597660710504,83.71102380492832,106.81000024354331,99.18206196806663,95.88398967809276,89.57595773572268,88.69024786082493,88.19493066222238,85.52809517147622
2022-05-01,46.27307695091743,36.544443177190665,47.01675957589317,52.741468750399065,41.65773375118759,39.47012849567729,43.77412399002766,38.10457043478544,35.312448460073,38.140366889821664,37.97036044618895,37.07040057184761,46.003313918889184,38.54250519666549,40.03083650507142,41.38441823617909,40.594060858312105,38.35658402429595,80.27073202341732,99.29158522885012,187.0300599267925,139.14886695531848,118.65401526696604,103.03527140087238,131.25029297638426,113.54168136941936,120.7253271062994,138.03144114515916,140.56474567214525,136.63490220570085,139.4957193228321,140.29941544074552,44.00119887972506,126.9317427700056,134.732146272009,134.23403287820432,137.2875819867935,122.350582128757,134.90618504174046,142.79350218472044,110.31756289798015,134.793426051041,111.5940263079223,140.32447689276034,131.33773536879335,137.92178590641015,136.4142607340017,146.90985736280678,138.19064114910924,118.15600685262902,156.90073211944332,155.35711190621285,155.45056398254468,138.32466529046494,118.74195136400014,123.86217748473042,125.29660140771163,140.34101320965297,113.66366966568292,114.3851981985342,101.84754952965248,135.0531719266884,151.66961357651385,130.83479945707754,150.55591885396964,132.92815528695508,133.2115474666005,157.50161362304866,120.29845470535123,123.43559038284116,139.28141170745283,137.55507484071737,135.51170061261774,115.36220456613114,121.70392641660436,135.2208480917047,87.73736108643192,112.26394366589264,100.60819414527413,116.4007661971611,135.7041469680413,118.81786226046216,93.12613141946116,111.19455040980704,102.2785195264847,110.57907425798564,142.73745575820757,142.1082605936234,147.99308385541858,127.32239588415872,107.98060343679384,123.9940201609542,99.94355371144582,100.03659070755364,122.89881329387856,124.51648287014784,119.80514613242264,122.26967992601172,120.99055709675704,95.56546060476502,115.745622330543,74.96243072686171,144.18219498817072,143.26168162506397,134.84687030972762,117.01510412419968,114.57978293664772,110.55080744017025,104.72813593750192
2022-06-01,170.6244518999521,162.00730819045697,110.99097711014726,83.00168345138431,119.11855909909042,143.81007975705205,182.5979555965309,169.99920729305828,202.41873203822817,194.38544105948108,190.924289313882,167.70932553547118,159.70920639536558,198.57253033507044,152.27338873715846,131.27107892103095,103.36540764603892,129.14976885027775,37.06410688512612,54.37472619440674,82.20834208370788,81.94921453942854,68.91320019733304,37.156635993527374,52.00519579875194,55.09500833508768,63.474083216195005,75.74091889510287,106.92434033600156,121.27529730389148,70.85239507410508,75.56951605173563,75.99873821261862,37.3550961727108,37.28330275592931,36.70477105313287,37.813186756549776,86.48077925470581,107.4488077936928,114.28179592308658,76.2574111134599,104.88269525805278,65.825679473384,67.69579247711962,56.87249968015853,47.93789020623338,53.23945228088778,57.18273797928286,72.84622906103633,68.2997489541207,54.28779137118728,65.54417527693693,64.76371657606715,70.93372475692148,82.04498750574513,106.01485493448276,107.7490742124278,70.5797997503937,40.22119789356002,46.29241861009343,72.0610658016821,95.5915967009338,40.13435126167308,52.383421605808685,43.80224514958656,52.126890069976,19.77703211339872,49.00988213503042,64.39902302566361,67.81915511265527,45.10870604562518,61.75085515232097,67.13612071910305,79.90801558580384,96.4865635611362,56.31549429192222,90.2330774147,104.47982240013845,99.07267732622006,119.5525270112552,70.17827873239146,75.263278343097,84.27636814448634,81.40120902341063,88.22028028516354,84.39974130433289,100.77596360578258,99.98787188627766,95.03992236688003,89.81183762050625,49.29212422474781,81.8183343141457,55.38168344946924,45.64246580686176,59.892516605310405,56.38552536671008,47.367576317001415,44.47207707357991,42.6966601807595,39.075429306439695,42.56016130856486,46.51207161045097,17.41408005431194,19.99956282525636,22.778789912811007,30.026021616052653,33.34091960546698,35.94462957439302,77.0577806601835
2022-07-01,85.15210526806327,54.48244751291662,56.59511728567107,45.26817395546254,51.7130483452975,64.84162532878491,77.55687972997217,76.21076096974727,90.54998467082552,88.97119999740873,88.89928415020815,81.56501727844339,73.40359583023557,95.91359989967724,94.02032668180718,69.75580182598523,68.89497356677244,73.83310552952679,127.82712147820892,88.65848134036091,111.9449334394769,79.08719367022012,88.10979033034296,96.16303706524472,87.8159653416754,104.611988850421,84.35878924411084,90.74435545812368,87.53285118218635,97.76726238672856,73.2787988818882,78.44558606431809,40.32654246502949,70.11830548263713,68.82689069749344,66.56729540632206,71.13086208956263,67.0454406501439,58.26447060055918,59.65729617197064,70.88437846121288,61.70909813045582,75.87291398167284,94.61233077467418,69.52772614343667,89.80811729750918,79.47424319583052,68.27712120820357,69.49967582505175,67.77006863562445,61.96968229127672,76.65724821145929,75.55175800767773,68.92075130221473,56.52681112662765,61.15813167721839,68.67207706158052,70.09699969982825,91.47517190128124,107.80136029630424,66.75280748861815,57.85727583834153,72.39035714527112,83.65553221272239,62.54802660759161,81.36171808922046,46.66267493670717,59.29624125550492,32.526472653660726,31.742335205933585,48.61748341869992,41.41756343326003,57.47227795719509,53.15044046904175,49.68964397850589,48.8540234547477,56.6431558806507,66.58388214498905,47.88416062144842,75.88344910409971,48.3896871529336,50.56887946906299,53.52879346072532,51.03717599130626,55.104264086009486,52.02567023973689,68.13816235935218,66.60665308210704,85.01369387182301,68.829662771835,57.62499399689296,66.37956440595066,75.21023504293822,63.002886848289954,59.916052536581205,58.45305115112254,63.60854387368187,62.87110454177191,64.8244231410282,67.17472189986738,66.42742235421618,54.7065050825191,53.6654050228028,45.291207544982434,42.14501786116983,36.16709649417261,35.96763729974896,37.73043331731667,56.95252840602009
2022-08-01,49.99383967859609,38.54780872395667,35.810434436937264,32.31079563006385,34.70014621911486,36.29345791322704,49.29892165399737,39.27445295651225,37.947720047709495,58.43167000118488,42.589285829031326,33.33572354776326,58.17862008111913,34.19863123734393,29.939073082456705,45.775230428758846,19.544161020465783,28.98299248134733,24.14043620977579,34.0995810638294,66.00441056518243,53.18901817704295,42.463493287399714,24.355928194861985,24.118585173611084,47.128336803566825,39.21277160884876,61.84809307969972,42.03954495980616,45.0864047814824,65.73117454743995,64.01280351637499,25.599066619668857,70.38375105452249,82.72301095215737,82.94464148523882,82.44615808827885,36.32786057838692,33.060644553750286,38.71136797642791,39.42454689125665,40.271375667871645,60.19482297936729,68.17142292099795,82.96655810285371,79.32714390016642,80.88357226276682,82.70172842913583,61.77366571591581,58.02807503229529,86.61681697654893,85.02946268354974,84.70946623235709,63.605207930322464,50.96977646870454,51.760048462929895,54.3372728869201,66.29977733285875,22.846474850097284,32.79441725816769,32.23415237128043,53.01747568048297,75.64458280188305,73.79588796383376,81.70238421505879,74.88616383982567,82.53667150217069,63.68726548924926,62.83644194834598,60.48022127690573,63.84548488896141,76.4715231518911,97.79196233268772,105.64944768283864,124.01909294199469,77.97417654341555,114.13375324134128,160.6170356437471,140.2089364419568,66.78146533546379,86.83267327474871,87.42966135656333,101.23874621054595,89.96612264261336,90.41820998394314,88.8622072534599,39.26445346907565,38.22278295815705,38.13360664951055,39.32555473883803,49.81296895448428,41.68164137323013,44.54972716922774,47.07175994413839,54.61123194695054,58.63842203160321,54.002633227658094,55.373941631441625,54.10054270377289,52.34811570141704,55.75384047539352,74.66507397443127,110.8564976185568,108.68517304930056,101.840789952575,84.79015906694781,81.72431672942383,81.11067253181464,69.75259623589409
2022-09-01,14.71295277941387,7.4277373432890705,14.330565471601254,14.488477117612732,11.62346088228288,8.88639584248921,11.80729125485911,7.011185026456817,5.882350463860464,6.83687402563708,4.955203696440167,3.6348493586849,10.211450517409212,6.977136065937572,3.9443050298066176,7.809810795729951,5.069976490607669,5.497617369028811,5.198292047286035,6.163404570066595,13.017006060672037,8.192281624660502,8.326781753687404,3.593401225119043,7.930407602477341,4.386859667683115,8.674289889238276,5.042363281131718,25.79503174305761,26.393791424404863,13.678291090276502,15.070723364769702,13.325385911876364,8.329693574558096,7.188749818285476,7.285107857714769,7.094224840271773,13.137326560808145,14.249949985897231,16.896207558205084,8.627623979932043,14.735132356368998,5.011901722702532,4.974777506342926,9.99646745324711,6.990232984248096,8.497386537965337,11.887525299273095,10.280270941607524,8.873940783000638,9.4635631193504,18.264115212485333,17.669004116529567,10.18061272366096,11.456998268277756,14.565943715102843,21.81629572063984,12.090429718173706,4.828561718363835,5.440519288804738,10.035470717207849,13.734529619589368,17.763372313085636,23.699093160737306,23.769786142918445,23.98249754365876,15.151698693702482,23.037339117146804,7.875879441165951,8.53352725450644,17.811204592961197,6.605903363271985,10.694670577129331,12.1057271487402,15.344371636069754,15.377897673597513,14.091193024890629,18.52396327431733,14.025484675440136,15.606832732609096,6.693145836666765,9.008227160402592,12.286669804501196,10.85342915931328,13.966947446573249,11.781454361145016,12.920914995616858,12.494734070385062,9.051928536544736,8.390869675014637,4.034192618899958,7.558951728663665,4.071887438748736,4.5101650249211485,6.791918625739422,6.922211301616816,6.270077441901593,6.621324898601113,6.782509125286547,8.786201603710078,7.180727452870621,13.521164689477928,14.982117711532188,16.003430691256526,18.549362440854008,17.925130552500573,17.04583988024885,16.752401181202202,8.609809531580234
2022-10-01,22.942547449942985,15.89691915726638,22.2449320066088,21.73140670545285,20.254575377387248,17.262056043069748,19.2050050020633,14.535667267847474,3.5774112340612736,9.298211130716004,5.845939406367386,5.402590758722071,7.098352692742761,3.0906922274572386,1.9868662808791029,5.062605587226935,21.41003712288165,12.416587218527326,23.55311680100209,16.256597390876156,12.55074839703921,9.541888513200597,15.350046786981116,19.266235844590263,19.29011767079568,17.714672686620254,17.271543409160792,15.950802528529444,15.882055075542226,16.04942514560246,13.228726240636671,13.675675624866852,20.671990696531324,4.771463222959838,4.966407756810827,5.13223214377439,4.9157962701407865,19.526206687116048,17.17409544213133,15.351148374134956,11.57328143798321,14.594926526138051,12.448042382815196,15.13814192533546,8.050701862848289,4.858554009172396,6.650352568658354,8.852322073074484,10.732537094684767,15.562875872417662,14.202190005365637,15.039618231242368,15.364804498894015,11.28951068216313,16.545521858727295,16.401667685340858,16.098650227837624,12.788870381525753,18.9641863770014,18.281475513819107,20.77546910904564,15.471642461537192,7.812458531587775,13.437965792343896,12.045716645341775,13.37626010245858,6.041070542778729,9.630737875381586,5.447442081970338,6.362060315113337,7.406534267757735,9.872503570160315,11.367620343233586,9.564289100113616,8.591540648457716,8.479687337884979,5.787751389220851,7.991783233181469,7.360187548010691,9.013883496269765,7.20730467934521,7.759103824231164,7.2119111332777,7.127353188952946,5.359443556137244,6.763051165733039,17.02401247038083,16.61278915996862,14.3446303356574,12.61750400742752,11.923919140245092,12.228133901209846,7.22012111187102,6.658217468896732,9.196879854688191,8.72893047736496,7.494698633888231,7.223471566786957,7.054455923678121,5.279899243725757,6.895031828813265,7.649499859800953,6.057333635849547,6.573665039315796,7.072064429908095,6.520904856372129,6.389099394702781,6.428703421322753,8.583884563851536
2022-11-01,24.248027626050177,19.904073865101974,30.70391892152002,29.900855940823227,26.561361348418,23.95190991208422,28.258784923465967,22.394338946674875,19.381744280484547,22.99945471986891,20.92618304914741,19.67906182039394,20.63438540334498,18.93443129881977,20.81379408304996,23.627649855707247,18.34383803955977,21.87874500492474,18.245507826313155,24.748673979867696,11.178267311080653,25.92657794436479,18.53523906858081,10.774946150121684,12.879081238661492,15.333478588495264,11.832332522929194,15.885835942290242,15.774815144306617,16.379550934508313,19.72358213317807,19.299258623018112,23.391186281711686,25.16963769175025,24.092300028953403,24.074932714002923,23.98084234539336,12.897187550662965,13.653947465026924,14.556175336688518,14.92447381936983,14.702467534310866,16.666955144725748,16.769723646537397,27.297048731419338,24.695030384792798,26.0299111861622,27.398126659808312,18.96007705503175,15.876268698267369,23.20295226521864,23.58706165699121,23.3607293478388,19.246317420748927,15.80972566397572,16.69851471439887,18.07540225816427,19.693532270337183,11.403882458769676,12.32605471519784,11.292553395291783,13.281600740254117,25.013781756555133,28.15088708617257,32.62487575037774,28.92756969809956,27.30544456624348,33.476671251540964,35.932851971784416,33.72451584708641,31.924260581732494,25.2654432501242,22.63864773116142,21.352525509476344,31.344342688351755,29.388459571626964,14.54793690260908,20.53576587902386,15.930019451906304,23.448956838194064,23.01850551879916,19.11245831503187,14.81120710899155,16.371207933132,14.233923648990894,15.949583794814114,14.60927155335741,14.6823898082642,14.621427926632574,14.57658460160505,15.638295405343056,14.798589100334226,15.00522556969215,15.231964726946437,16.505442869674614,17.060065574434635,18.24227351590358,19.351083736247244,20.15096883700388,21.55336363541055,20.223466823669,25.000077463708138,28.88111799297605,28.91127038832716,28.917928949069346,31.59432785239275,32.494610750555964,32.26376069867625,16.92388699846237
2022-12-01,17.309865803562897,15.225911355168009,23.13682348757098,26.930854237060355,20.71569740208605,18.4151842638335,19.57989431092317,16.334597087419063,9.554758399304664,12.10241613334879,10.833063042578033,11.541282935690498,17.740689548428975,10.74758633117109,16.167683549654885,18.37107406050366,18.64311019238422,16.795496660169313,17.435745559036132,21.78710068905939,23.677244326746408,23.925768190097003,22.906796095817107,20.62022187504948,25.66086544109761,21.541120913915343,23.54470558867664,24.63746107638912,20.948923707199214,21.980223549253324,25.58251669452989,25.26347770668717,20.88246408758163,26.54954551510583,27.641447233332453,27.73223543712132,27.621520008863094,27.044585122988025,24.801367985604223,22.77186025339488,25.900042011306585,23.97705937368877,30.740175522159504,29.5879333614048,25.577653121491466,26.47251862629597,25.98527364338652,26.123771010061017,26.18914450416488,26.81875461287085,25.987875194792714,26.03006492748361,25.9825623604929,26.22562930434399,25.52405411495401,23.846442093602228,23.406064094988945,25.925254287159547,21.746852985442924,21.940806831795516,27.02027408511264,22.37474646686149,26.57520182817809,30.52163047208283,27.696754056349903,30.398665594310412,26.83386113026476,26.889258655532675,28.70568902002304,28.433324699194973,27.093494436638085,29.21085643105676,27.990903401450897,27.682392258656904,27.735164240882312,27.520573937375566,27.92293033410914,29.288815950384645,26.791504874797997,27.44420846993297,29.818921179387612,29.15668431665574,27.83664871004248,28.339396629676425,27.799497588307453,28.09388555253228,25.55613067815601,25.429764112737065,25.67811478967564,27.05079412520893,33.12711437977303,28.137341238334173,30.13203567836613,29.78991218776497,28.75087293484825,28.61756184848151,27.613203056810946,27.403091979065927,27.684874719465217,29.804129278338053,27.9665467221892,30.09370978084614,27.09431186261391,25.86382546134501,25.828107247873568,26.730048938236788,27.13678687852973,27.665106089863283,29.874483175650447
2023-01-01,6.409225684702552,5.145924418104788,8.140426667849912,9.172185915650577,7.11821431275242,7.106797386820011,9.490194315119547,7.306762936689915,10.63461553416269,9.019822840609642,8.047334386230297,6.763638558995243,10.30007796236399,10.777483413187728,7.078843340109963,8.302013255931385,5.954194370494963,6.570738636019066,6.437767582298831,8.209075880681889,5.441574667114256,7.812208890996709,7.058803563814211,6.311462171179757,6.188251672662608,8.683177909903446,5.916185319752951,8.920269684326431,4.1979804101655,4.601215246012902,7.175021931914294,6.887756087003487,6.976202242458269,11.459684029088974,10.08465096996722,10.163517729147522,9.92511813184164,4.506873220622337,4.266956527063399,4.2162039053118345,5.4969857775348006,4.657363239798733,6.919683860386183,6.550327142389509,10.59634449266622,9.509192212560665,9.965792379847503,9.68074468000668,6.975201414603284,5.984347530238183,8.270719254061557,8.259046361040678,8.231610134597798,7.07070334777867,5.889514524501752,5.742484024191055,5.802292394377001,7.219345739633984,6.465045864418133,7.207152328251147,4.123183815259847,4.013372549939615,13.64787819070606,13.806478086893357,15.988971533532428,14.203267173284152,11.720654256040303,13.886240422246466,18.272251313028672,18.16350242727833,14.2925198351049,23.416717131863816,31.84543279582647,36.54689618541498,38.72070496095967,21.160669921464415,35.25175517458292,37.56499766869347,39.21874194250411,38.06070368942508,25.35169832554097,30.241745896005675,37.71753841281903,32.86938412246992,34.128942109403404,33.1830481544023,4.521761673746509,4.549591306003079,4.902278584468236,5.251430030336433,7.442534400454821,5.598893176276581,6.149068563263285,6.087509208960433,6.250006801919447,6.439568149631156,6.344924121635824,6.796493673717444,7.500684612590121,19.472218156625622,9.771638312858068,23.802448320429654,10.719829707357444,10.719868082520922,11.10910526871076,12.760672529281404,13.487779768820294,14.725892140423191,33.229144710814246
2023-02-01,18.712151137559047,16.02046561044947,22.49902874772129,23.41982181180221,20.24212626436419,18.79765991528572,25.57556742022244,18.06772619685645,12.44478202656656,17.271174098776793,13.29631390177348,11.379812881221316,14.782272279766795,11.815997818017358,6.906903301614825,9.374834467008256,7.155373206450835,12.174559338997032,3.8594140278628686,5.654595092668508,5.298279101288802,7.247114506440116,5.709659834879952,3.913486835605226,3.994646650601313,5.024134560776568,4.935125226652839,6.423746185578628,5.881583455323593,5.818929335363766,9.591162597957975,9.018878796717472,18.06935070405659,17.407133445401335,15.562529251246008,15.68685573446365,15.41657461365813,7.399214209274478,6.13174591151088,5.818066338617836,5.603157290190729,5.998561236318014,8.186930329861417,9.097814047473246,14.305826854173032,14.290754673501551,14.238174833817666,13.809976991779138,10.14121341955184,6.805211188139213,11.980296141297224,11.911975236769432,11.809259829241714,10.145201340913705,6.691511781112844,6.5606491699705165,6.277066458505408,9.975989680709093,4.047295002589729,4.204694209367394,7.014429113248727,5.17380935260271,18.3915100183687,18.05929159486884,20.3065286926832,18.38213926082498,18.871849816611363,20.7381071252507,26.54715263327125,26.056620090629437,21.5256032033819,26.873618659275333,30.446709648355306,34.9410734638958,40.07230869668716,25.84869701528907,38.20536870837565,43.988238921273584,40.276104240120944,32.84691095611416,27.187872371150664,30.78109040397397,36.9716443284358,33.40096163480911,36.80963128528475,34.02424204829158,6.465769362414524,6.337571996162999,6.391007879459927,7.148558956876319,9.86628287696047,7.8032207714018735,11.283544446175664,11.796145631019847,10.376012549302128,10.837956495214293,12.349798183886062,12.972840051376975,13.577499252149616,18.497203531377604,14.457505092343292,22.222191095457635,17.198994540325597,16.69444707081519,17.311592585381238,19.49528534553892,20.28474005691445,20.85496766676971,28.603403858807365
2023-03-01,15.068801522352462,10.572797435258384,16.084029510948746,14.823908752968473,13.992935393064,12.44187504697599,14.57114022878866,11.354634726308788,5.108157125339289,8.82849939967948,7.491353897465498,8.121112070906833,7.7416778663199874,4.9542787581861605,5.14942492420235,6.2726747374722205,14.82879438636844,10.194746889871643,11.27932638162025,5.998526939050252,6.287162543990074,2.703851294999522,8.186435374023798,15.446974556325593,15.672367167126623,7.993264540712045,13.406341761477051,7.916338229793858,14.882268121407542,14.512838319101878,24.75984630718213,23.05391013281931,13.661500950285951,27.37689961334506,27.840116154093582,27.98478789292139,27.83670029540496,27.4404690068706,25.62812398831082,22.436346434845703,28.588595359285844,23.95437699037748,31.42259028810389,31.031679021592534,27.171724206241464,26.014973274481164,26.67970046947536,27.240720035919644,26.449090896839348,30.56523187439304,27.204754688065563,23.023295935553804,23.290549200532134,26.80500555186944,27.398419675001247,23.770721944450536,20.361877639743334,25.68378453213341,15.7149807628939,11.918037834265949,24.769794898984703,14.988073665766168,25.464904222325863,26.168946560483214,27.21705328359793,26.29338172029,28.92765603881993,24.747158628077653,21.55502110469526,22.914599606426613,25.583499636399523,23.80382866726393,25.21071006956369,26.21911816671963,25.94344945061123,25.57672787146774,29.17531906024965,25.743972336861628,27.217687083329103,25.843464994063837,23.98084928386864,27.894294587848734,30.20346495544106,28.251338563713844,27.429712563696874,27.82222632812609,28.416206183545544,28.354489784322706,29.265054596749856,28.985547293960927,29.52726618165019,28.94290466587231,28.01749852516543,27.275309589800745,28.332857757052484,28.201106077690767,27.581707435484255,26.937789109883237,26.122564259384674,16.01730692608108,24.826792704981298,18.85945606959436,29.606552336205123,25.661149553373846,25.26053629343862,22.35477114654434,21.98262136358893,21.813559805315418,35.11981844859809
2023-04-01,19.07580582151221,11.574389828707918,19.38020031474857,17.618445348216884,16.351663363992806,15.917992551607568,24.279536590444803,16.337473163992666,10.334037247959705,15.58827717804096,11.97868474056661,10.35185236492597,14.64756802724024,10.451406572783569,12.82904725119836,13.938711055163663,10.456211227004946,12.364896531829082,32.540811329615366,24.025034829894423,25.162693086748888,19.734727118160947,24.362946640287888,35.41019663816013,24.65630237025145,26.11166679008319,26.187373836788016,25.47004250271832,29.51576161210746,30.901796236906616,30.493230973855432,30.304936485050167,13.287633071904471,40.887710686255375,34.25457562632117,34.90365339285093,33.68413777305023,23.910543167721578,25.92264426052218,26.61407823792309,27.433315616695356,26.80112322729213,27.86221004563278,28.899071211825365,32.98026403665639,28.5964791764464,30.79895500641844,34.44929941599318,29.188449453695085,30.908616737951416,33.126179148995945,35.226481978442514,34.94763511364179,29.62212988765253,30.22187314036905,29.514261361576335,31.178986750605358,30.51455335025161,32.26866422058041,28.830848216169134,24.589912629831083,26.020170434782774,49.89619525216364,41.68759682088865,61.35644254407688,44.18320546619763,39.503089474183305,57.48039916556765,41.36830667235802,46.44003647299347,50.00392952957911,60.98373121401549,67.76273965363254,67.4980654820126,87.2314582506278,58.15323337396141,63.98223747311328,77.84394326732877,67.367851849935,43.966122197285,46.79237157512652,48.76863835080324,60.047429460122615,53.64721331827014,62.56970462012674,55.10127740163743,25.97280536161237,26.00670029445584,26.44799241780025,26.22846107868924,24.97291571745981,25.995935575439287,25.965003128178992,26.3327067919266,27.503668784695297,27.87718028921878,28.513604695510757,28.061024859440774,27.062232075425914,14.967068671923078,25.4944041571803,18.286415666167912,36.02167056779049,32.74586329006375,32.42960497959569,29.515303014414485,29.258423880449573,28.09118227776512,42.57547857501373
2023-05-01,16.734770455589924,9.197466703488493,18.18181990027047,24.759270318004504,14.995309157694518,13.60666952604994,18.29632975650859,12.22725049482721,24.25407957266012,26.550251061020614,20.54816597423307,15.30754547563961,25.785513015139895,22.44031719950001,12.375972573308855,16.885387577993466,17.89745112293116,14.630117610171352,24.811024731141504,17.871677810328148,12.469633112413463,13.014262226453445,22.89207311845909,30.054035449602186,48.011571472644654,20.114714044927897,31.23996563091325,23.96144829718726,9.240506273821316,8.928690901375772,24.540664295638727,22.69914343683809,24.574107625535856,20.02969238623087,22.02843192843566,21.80708968671364,22.063965157489022,51.935594148291045,36.350950330731415,23.15951097725123,31.541570658365107,25.617816279308787,34.52909477251825,30.85232457392503,25.614868113978357,21.319560203512165,23.44957359398466,29.16872581822185,24.999886459014647,25.464766528785457,27.48920217415661,31.83678631796053,31.2994296635236,25.19996994232346,20.128033590128677,16.338112441715282,12.182807075914155,25.488882047884186,34.850703207155206,28.76713709181751,49.73712717248637,15.896811673462384,21.937191411952732,23.117259546704013,20.17521122855756,22.425850838372625,20.50665610707791,30.796719652786283,58.92334499052134,55.86642440619988,32.807220255776414,70.02944533984218,65.94933884381422,51.90822929373986,43.72810510951134,41.748663237719946,45.41776246026342,34.353352815396114,34.72872976676577,63.43633670491193,61.69928948722725,55.71929424699094,44.65008550871698,50.75431492290417,52.22130802308581,51.16371495969626,41.19484524150438,39.552435809084784,42.41137367806039,42.09459986518412,39.23793354018287,41.515292382467685,40.69904302043179,37.163986362265945,35.39135291648004,33.84484131725179,30.704993323811728,29.5057353059396,29.327308563282124,39.15561137796228,30.82545765588957,34.32090057500067,16.77062212918371,15.558858469609568,17.329402824416707,26.34255985401473,28.622282097076013,29.35896081224757,50.03104283379549
2023-06-01,38.91306929003446,38.48444299038467,29.05614355124947,27.891209367115824,27.667855739333643,35.70084078723693,63.8543074974968,45.81979712526634,78.52541934053201,66.34783163971653,62.643074592026935,47.04213815825287,82.52916096592766,83.7042809969536,49.42234480771194,55.54955093555828,24.717985178052963,32.8104847948077,18.70371901671274,25.717455193841243,34.65521076621139,23.74373139735716,27.582118462606044,23.950205051832462,32.503618317041685,20.703256499545606,30.225291059798295,20.86111444731574,44.6938434253816,38.77628413691712,41.02897540408157,40.70533141415474,24.246818237172786,28.749299832175385,30.5785110687552,30.58255598929955,30.985586326645628,63.93510162927092,59.98729624563421,53.49808245523255,29.110930729124902,48.53615451273458,32.54732574534202,34.48367175779416,40.5658633159553,37.33695279962068,39.91004965551772,47.27298957738981,40.68965943882849,29.795808581308123,48.25013483434882,45.23136126982649,45.05816153103943,40.26883483597157,36.15582515108804,42.302526224302206,50.23056216977957,40.41356943488067,26.126088948552397,25.962505293029235,59.42678471754237,56.82922601266475,39.9919008666773,42.130462465670746,34.350155540948194,40.78631972522877,31.133945329001477,35.943253678105464,40.22436377280392,39.92453233601693,34.63395571411873,41.99816252431561,41.535685497556734,36.56413369887424,27.192724928433645,35.3099131515191,18.23898201186028,14.355022157938214,16.94658230699011,20.78153990614773,41.22356044360436,38.55267329873151,31.18054440287116,35.200591216108535,21.6591930313336,32.4214480864441,55.0584245731101,52.69437057937783,43.00155921212208,41.7667038209106,35.714860686493395,40.89206823768585,45.41739949756973,47.71168207075628,42.36829489085824,41.85946396693584,45.47682913506616,44.09188906142094,43.31798138960396,43.17495944461499,43.98934923518136,43.02112438474887,29.86321410570067,29.9521551214852,29.94848345954485,29.571066985580543,30.367783762514303,31.64163250871749,39.71440208055866
2023-07-01,22.079675235399765,12.37701695850483,12.473667627104058,9.57895792192353,11.86130339989049,17.15705666503746,32.43732846178348,22.70082164751071,41.83954617323116,44.945585637494005,38.60621124479862,28.894277881610417,51.37405734886008,43.092205598741806,36.89370781426162,34.7441439908842,9.462695620216223,17.644274000738047,10.212939404222077,10.917857113888742,18.96699004683305,12.210650623662154,11.61565147669657,14.132837978883428,14.685714975750578,10.44298686023825,11.22230045392952,12.203057621680705,9.227268030580683,10.947262709700254,18.88666658664232,18.1609577573396,10.228138253983596,37.11809340916878,28.435267031510623,29.67834127185463,27.40924630965916,18.084215989899967,13.654052259321883,10.959642522476644,12.792089834852511,11.798341144467432,17.488323076006218,12.727717641879677,21.55642597785075,12.343284620326832,16.921766434555444,23.925201837275523,17.181059546200736,14.265530978688105,18.458672202979287,26.89729449302465,26.427976645234395,17.269051459316863,15.001771980850402,10.364412652430378,11.380985377693277,18.66381729317453,14.321430982248769,11.257458815644585,16.275605267305938,8.28203505510361,28.506130611090917,27.99478051322781,29.516136721538285,27.825412119731293,41.36738518805009,48.4671738682334,41.41113823416493,38.60573043967619,44.30288295788466,33.376655311221334,31.764745816778287,28.40394764410489,28.471765839234696,38.93062005076091,30.11334307328285,33.84567126678742,26.57504294070828,30.524427914107857,36.059162879476965,33.82861931889813,29.612644343261795,31.9678626761482,30.312296694506514,31.30086191606945,13.874007868676308,13.689092808662563,15.14575436141794,15.424891732607184,16.77298552349196,15.753643222611815,22.89548642280244,21.898311831417395,20.61126873140095,21.97330259325335,21.69299197071088,23.631777741900517,24.58256100833733,25.47071566085025,24.98000968032595,38.0603510564253,42.81165144361566,43.53649163186969,47.49137842678898,49.5772134864144,47.50085935159287,46.89012444886111,43.22646216889117
2023-08-01,29.329715930170224,22.162217624777817,24.29334781314301,24.508785931219595,22.397156821405243,21.90798972464596,31.117040916740613,22.50752822254881,43.94465592296734,38.709765717388,33.734069728984515,26.118401864582317,44.64512601708721,50.3905682504464,30.282284604407177,36.00331135381691,12.61222951163011,22.367983299044432,13.344739568540511,26.90045065899643,19.79064893423296,33.81449266663342,28.87955081555769,22.16815477182895,35.51240220120933,24.67441092399981,32.08667343293461,27.365176727372337,30.66075061117837,27.15125952324768,30.88746154332175,30.12162999744151,21.559376674185184,51.12055075770491,42.81474756321557,44.0514775934434,41.76166302495852,29.79468160966748,30.49975303267449,31.30465335871059,21.927924252119485,29.86545355127671,26.35877654489869,23.481224580842177,21.7887629306466,25.12988280494074,22.95072394300796,25.96614352539422,32.312309997730594,24.83690020040789,35.23481927977447,34.23185406510552,34.4425598497947,31.80984396271564,21.722998357182423,25.443506509109596,32.33081096285273,31.357742022536247,24.42237922480379,26.94170761981085,39.94605363333849,43.30464433204641,30.53452272672641,26.28329229690996,37.98086484457678,27.455487489477235,63.31772833793004,53.54126441089749,71.05128836105594,52.73263677404635,51.59574507402481,40.309870634707806,60.13002743806592,59.281462944494685,44.53706397738547,50.37991104183585,51.404080207739646,27.32007760097251,44.03581344904094,39.82771544725826,44.279549540519575,42.064381954274616,46.6038476921425,41.9531279886528,51.77535227361654,43.413119345118325,26.70889887229375,26.475186664382957,30.96223505628297,28.51057596756773,34.868999664488,29.995101952238805,32.59955624320435,32.73755500058848,34.76147075784376,36.4344150514728,42.32908967070766,45.08478858673244,45.56038759046446,30.94715149614491,44.65103793273442,53.51514796035735,64.38884510675622,66.30511551104593,65.97290511949205,68.56860003257508,67.04811477395839,64.55845093930589,32.716015058174456
2023-09-01,19.443220581439483,12.725065347672462,12.366566135214,11.275847905440305,11.054454331939445,13.268256790587731,22.53008689968669,16.28796181814799,17.899932381896477,14.426878334697944,14.260884881281797,11.718429165712276,13.534748666455927,20.23347300717338,13.60329387994135,10.648295368363083,17.68016354541037,10.817375492544777,8.367897669561428,6.497669505615668,14.38439285894679,8.193976574427046,11.054968984889086,12.45431658960566,14.00495437603828,10.20900551757005,14.949715387271445,11.418185456203467,36.75245331749477,37.78990258087548,44.54638898852627,43.36827152620644,9.817008152313058,37.95965444112446,46.39555833526419,46.87472447674421,46.26765001366481,31.774636566260813,37.79307010958547,42.21235812904551,64.03523462334772,46.97730132310088,63.39771760811888,52.04025645959475,35.82327388256982,31.256026281057192,33.323920213006225,40.21360489767873,47.01417215718638,58.33412922547603,42.19121319383483,37.29105861829073,37.803197736749055,47.20911728034081,53.28473359698902,44.08553779439022,41.754871408123925,45.11494427318408,12.89789249205326,10.669743828188029,28.99967221623718,24.587342685832468,36.0972804607702,51.89353373083528,47.25864156706018,52.42989086826847,23.073553215140414,30.488994176195312,15.173888095221187,14.780935732662677,25.74250517738484,17.509813460514117,22.7451412044984,22.82221649956597,47.66165042909652,26.473106379444257,30.53160059408611,56.26304859588176,43.76599099290259,25.61005145244575,15.494112885082965,13.958643883176924,14.017519213544658,13.798059909239308,17.965236020504392,14.729550274759788,40.763388533207184,41.31787705538098,61.8751066248656,56.36634683614898,64.8453391882147,57.04014232779826,46.6971089787188,43.3235891524039,52.143124133245735,50.84107398217584,44.68365598338647,41.97681383361813,39.51217336803266,12.664732677904698,35.80074651112111,15.429947366444384,27.07094893072541,24.442827536025423,23.212574438494386,19.389711700241357,18.74828423945016,18.66579846710952,14.124221274764658
2023-10-01,26.65693970177593,24.615058641514366,23.138476139068008,23.563068874839946,23.14615800020958,24.065774222850624,25.618146897757253,24.74815800767918,8.664793653684182,18.324362838485616,14.472145512061328,14.75033089237444,10.377912031649602,6.6887481447404,6.821900737166182,10.110285394481402,18.75230973863233,18.836086213375797,11.002774098670477,13.631198588829868,44.4105745137972,15.850263279611552,20.44294882188603,15.611601608579123,29.13801016987116,20.55384012703987,25.770621326498848,24.47141780565305,35.74219607254423,35.3121988968751,34.10181944724804,34.21101719931164,21.69799014600297,35.02968029745628,28.826883193656595,29.21401328665844,28.45925545021105,38.20399457416255,35.96763075775453,34.990643171087974,28.92359599074564,32.661922302720335,21.459241602052927,23.146147616139963,34.76789644253718,27.174751897193065,31.185622161591976,33.54072095315728,29.462623847725855,33.652589661880924,32.45824842324972,41.751486018232136,41.32342463627264,30.086973910626483,41.94171649783294,39.91139417280397,42.18021008041265,33.34852430378723,18.517185175551365,19.55689305006305,36.98088959597538,30.272735500698115,55.845781172069366,42.27627146244836,54.615810523118704,43.13186405018973,42.90630884020474,64.10662793029292,76.69251659576946,75.47957304191586,58.66526938898239,72.56981128129854,72.9382929351826,62.090403125598726,56.24740927243765,60.69983754398272,40.3812108705172,54.484297370468255,40.09925697165895,56.67191254290466,76.96779129403656,67.31781549160307,50.01942414430371,60.078662511128215,43.00701274358442,56.957565682957686,37.59811775153276,37.36325428959109,31.94870685198525,26.618384086302257,15.253647808716153,24.33817312117205,12.559334842479656,12.950829099395524,21.74084331785544,22.233124621767857,24.50322976651111,26.60935912396392,28.913897326820333,50.11852405760238,31.315386091082527,44.680087950183264,39.34170649929864,39.2869990386742,40.49486719296098,43.97443654826576,46.39492788308628,47.88223426298588,73.38472644834438
2023-11-01,5.776209475220437,3.23178871458253,12.848875623112212,17.87346033710993,9.988339796517415,8.95417733355657,13.109071103295502,8.261298044622253,2.438514744151105,6.996345308555202,5.088490297666244,5.542670341900916,5.238513014074787,2.3132615464768738,3.3244889128400144,5.344442084916429,15.850076651090545,8.006000322332937,11.46203228633137,10.96536758030909,13.003411527305596,11.876487887298603,10.895791971754589,12.595831741040998,8.059515716718288,13.849363232617844,9.19772745385317,14.106278092731854,8.010977506395296,8.835090799218806,9.433080034460923,9.53243717603159,15.090716592697188,3.839899676942725,4.376626764688957,4.335072719795658,4.441690315984952,5.704489637065697,5.555473203196932,6.100662322015803,6.601707438467982,6.098668842815412,6.03140634318622,8.530526166298197,9.78437349808616,6.250267943975524,8.26118492818832,12.975273175837636,6.009854356898139,9.845826387117166,14.767991548447888,15.89243722155572,15.85332893375143,6.991153451315127,8.190359752805392,7.328090789292326,7.959684565632691,9.022786432290472,11.426116801470878,12.120174933776802,4.705971969141657,5.200418415960899,5.587612959884143,10.32598866739795,5.070860204384518,9.899308110858549,3.525739140966793,3.1138072971763378,3.001457297573768,2.705628480208943,3.2984684697068194,2.427444996282773,2.357133233768068,2.417275078966728,2.448676874579106,2.9692605288791176,3.293582412941185,2.641765115478834,3.0024851067064158,5.969350316606013,2.7161510604407284,2.686809070795751,2.695617163859038,2.772652944321755,3.6719262190246,3.0443049407826224,6.11149180112946,6.18530194612002,5.815852450582641,5.25117124866698,3.9112374095677263,5.0534938988204265,4.512483606470465,4.657048067968371,4.891529736897289,4.839951174483465,4.718735454837621,4.658758140465047,4.619557542483492,6.904049592855776,4.623317658898023,2.331033754536352,3.90458621971634,3.719979116147832,3.6773010978918874,3.349101580931823,3.2342172397836046,3.0416899279030143,2.6449102572220164
2023-12-01,15.279681080023671,10.513054816532412,14.799999837744844,12.163862333879464,12.33256423305115,12.674524554729636,21.602371201604345,13.86198209351059,11.32962314208346,14.234794943609032,12.524344686419573,10.176781086733143,9.349482269816058,10.534897550054731,8.223856044875287,7.393819544640897,3.598332229407824,8.47750057867072,4.471857447247933,4.826424115543235,6.215542404784896,6.481417722262953,7.5359639216691985,7.35646126900865,11.343737413352189,8.024752687451459,9.324737352748643,9.913796723705218,8.360386470661158,8.98951297400773,23.5019965953566,21.55657840947621,7.989365304616463,36.68686010279095,34.947155782291965,35.036146117342625,35.07749159051098,10.087880908648676,9.673486833261345,9.525196101640663,19.40714919320113,12.71892186383985,31.856764456482047,34.015183919796804,26.309982910996364,30.20805361810364,28.270922319882352,26.414984336128786,24.542760755912106,23.4603310393423,29.488412372403147,23.632815984231257,24.067211845775848,24.99262465646424,15.893502803280386,11.939302204206998,11.913821640465429,24.15810299744152,8.111026887058838,8.434978385121841,8.1148183492969,5.959873779205971,35.18950866474709,34.4800034108446,39.13406202239582,35.26970031161514,43.457423163774095,36.25375274276456,32.41709152841961,35.315590796390666,37.737180676210535,34.463699814786764,31.819976100501982,28.73955043176365,25.976156941503884,34.957606291633056,24.136002440642944,24.88247149814303,24.7866466191265,24.907841524307536,28.447974903791184,27.603214080490613,25.93348500021718,26.63027732157313,24.098756661402263,26.101675370009502,12.37040494007685,12.59165643841403,16.838440633678637,20.410548963097344,31.359916226127545,22.34158544499593,30.875619904181,29.87018426553849,25.56431071312491,25.680487118161032,25.8720243339458,25.551659917940093,25.333126493953447,20.701788306146696,24.89200908171006,24.12038162169073,38.39420875710534,30.148595184540746,30.498508982478363,28.599454044655403,28.425469249173272,27.958440802791152,27.91730072823853
2024-01-01,15.94719249842294,14.649797368394216,19.69712208975303,21.37725566798949,17.74347018952567,16.187974577891367,18.842712181443787,15.419430189300211,11.104897674341744,16.0329256341766,13.35959661641096,12.35921946821723,10.90488829858874,9.921285117413603,7.138602702642613,9.45282940397948,7.096995292657742,12.293412119028003,6.882663515230895,11.218049625870666,12.04604526814871,14.835715063037906,10.946056887548869,5.983282715063562,7.611083498111604,8.724298559255677,8.53863331701076,11.019457038504653,8.092172050697274,8.485862893881189,7.171750141975326,7.496580226555429,17.19683312566357,5.687933312956146,5.225866502337225,5.242755662154203,5.182982965017263,5.690054831783059,5.09288805884961,5.481906713719955,3.695145702481887,5.092208026681025,3.890449750531954,4.55932164283274,8.147713960789533,6.003152766410353,7.140792598599341,8.466190358596942,5.136144041381523,5.9809347350449045,7.8257341389381265,10.824968465867622,10.622032687307565,5.450276740983769,6.602833720165369,6.607160232798231,7.952449706258152,6.7517753858260185,6.142366941743009,7.313952924872167,6.148441077376193,8.564484594320588,6.792146904565564,8.822453334564248,5.8629421977130765,8.461579382995348,6.450413847132433,5.75092640326409,9.620363014857952,8.46447210321846,6.508514378981651,7.92519798646283,7.505200847032668,8.802894405297582,7.964690665110324,7.058133886704078,16.26545265234587,11.156987352046048,13.44307019881738,24.643465269390862,10.084470883060431,10.824928490084,11.764044965556774,11.864129743760234,17.14177281853613,13.27252967655005,4.487498009448851,4.376331029452901,3.9200519324428615,3.9307711856957135,3.3433459022116585,3.847517940465146,4.107046117154044,4.182080790560452,4.122411041667432,4.235791205803741,4.673196348518923,4.9087620106717145,5.246845064037367,9.77919703590296,6.222139523908947,13.541482785889992,6.72889397654927,7.270565465640038,7.405440658602308,8.377184322161648,8.760487122813727,9.44337951880401,11.791354275712337
2024-02-01,20.75839819633247,15.320028238924603,27.738251890970947,30.168877404473665,23.543816742012627,21.694155787956777,28.85213849194766,20.768124925936718,14.271490329016183,16.59683996716683,13.973804015125516,14.19461877634865,18.505058136130227,15.134374017059512,15.06165995138533,17.035214022738025,20.48522976348889,17.623503615223278,18.14726384030692,17.01522495307855,11.24139152166128,16.406572958825716,15.026320287474473,14.98920027914979,13.036080410770309,14.140157478946335,12.391132252060723,15.366889174742012,8.342086637822677,8.777635277600417,12.290616353177562,11.939780061009346,22.171565442909365,8.642527320327599,9.183846283687426,8.95588484353786,9.426047477121095,8.403595808850564,8.01520570128464,8.393901390588466,9.671755591011811,8.726909225638984,10.580129242485286,12.852807927576588,13.928311905878378,12.983428537230392,13.685999785966146,14.939908374800442,9.95627892290016,13.342010550307716,16.76843303956844,16.63914146286283,16.690965204434487,10.76996827493631,10.94948013370247,9.079685462188705,9.145095873916915,12.068084797727956,14.201882814330656,14.211427759016969,8.602765690008587,8.417574049711336,8.022373449475968,9.416795064153218,8.107975025577405,9.211018640130728,5.798323280196533,7.507251512633966,6.069080040217114,6.008226171798707,6.789048772764977,6.5983489428661,6.69241418302669,6.242363384489319,5.675336919498781,6.587311767287636,8.798353380602245,4.73310607557158,6.310527893068959,7.929168534120434,7.574380044612975,7.573624572055305,7.21686593961245,7.721185835002167,8.920247502015965,7.979064083274661,8.251666636934395,8.30231359120399,9.256204777225578,8.743467983462125,7.202195804042275,8.298689975667331,6.854221637747654,5.712514188314164,6.956942013209871,6.875183859392852,6.122493104876979,6.2328042301960345,6.31938610473969,7.564734940706002,6.319316637895479,5.744172607159937,6.109387407944833,6.332819010603622,5.906835126545331,5.598350648844544,5.578196722282239,5.589797447809525,8.4666371664712
2024-03-01,51.51997109112639,41.01443568110803,48.56317274287499,41.47808021135727,46.06948564802335,43.51815169006427,51.66558329689466,42.19185364223664,28.801801378726616,35.1854582299963,31.190372232739183,28.56173077367921,23.39424219272557,27.13017492815084,19.5660790033098,22.856952113039966,30.266017459394387,32.31233153861603,27.318590045325507,34.119302664882944,37.39408284355196,46.21157343760339,35.226437394278385,25.34959231607129,29.010211152361357,36.371051673392,30.687162514533465,41.16053066129902,24.78962436014319,25.78745174416837,24.342225366234448,24.738086078103688,31.29711885225293,33.42472437864414,30.440701717732143,30.71006202855117,30.023077517786238,22.694384349219742,22.24631988798456,23.350759571692333,20.60617412750479,22.81716519922799,21.509397121153423,19.99718791655233,29.559005880657303,27.71083299945009,28.412491194538998,27.31783635822177,24.92555008614599,19.60695784320717,20.99571269636424,28.479555665870816,27.733632739853704,24.309348860463405,19.95005202105129,21.102031850997555,21.056941236361936,24.17879436131249,26.008172581103253,30.19581276359965,24.19477872797044,29.006865570394325,31.95839009351928,33.48266344337381,38.66209378157392,34.275014908071505,34.0607930310142,35.51506685070271,40.23227108980814,41.19957514763056,36.288785294781135,45.79260610545735,56.059925205211584,62.14203356700871,58.86149392744413,43.87426306658305,73.13223769022726,64.45899139052719,71.1683353448566,66.70167149536374,46.6273137039638,60.09088106935153,75.8196001076978,67.96119315519157,75.66614178636317,69.84177127750921,21.35676246608004,21.32371932753394,21.00354714961694,21.485467639594667,21.966290813628497,21.6738718982982,25.007786477065693,24.80247402503773,23.107154426885117,23.12309689022739,21.26891457666933,21.02300672231722,21.26394680172329,25.326127306470557,23.190804414617173,39.09334807352522,32.71560028172117,28.15830271151492,28.18379901660373,28.644464907087333,29.688611024377717,31.067747726709182,58.41836463364331
2024-04-01,70.62720851421868,58.98231748806157,52.02057197182424,48.03237842179842,49.891245662127695,53.58841273782697,66.81281186410467,58.07151293469018,23.126773084952443,39.73011967448311,31.552473700118885,34.51706067567184,37.89614226254376,23.8296491589993,25.92106046540671,36.28761925301367,32.564927289317325,42.52390902596208,29.73497767818835,26.52984583587485,71.56199342817649,31.83907252718171,35.34465674435712,21.319437804094623,32.88152947187611,23.226986588505536,40.41388641976682,25.768931493118597,61.01714788299248,59.97259938061025,73.81122788887379,71.67619603844828,42.82385213418038,114.045028227991,98.46786976115447,99.8504588160043,97.37894796351758,71.54975998927499,69.38465120279032,66.34356989619562,72.35998020812514,68.38174636386432,81.96170819239362,81.36843068758527,73.3897003009828,79.00569374460201,75.6538426182038,71.75767198378601,79.82035506427327,74.55110131871841,72.37814540405319,69.75027539240004,69.68752916570824,78.70962902292787,68.34669489791041,60.143530936171416,57.69133165630339,75.34765587069563,22.891333923331267,24.244472303134767,72.47270746492373,67.70797076139074,117.24832597478355,87.4755144758096,110.41180888557176,90.2378607826169,116.54784585759737,118.32871106386408,121.34044103673594,114.89644160385129,115.19270777709526,101.93542560183285,83.94500760460058,75.6217367648292,65.12579081447014,102.24376320365349,77.09762979110684,86.03869959171297,74.48833373368585,110.62358726103623,106.73988758632672,100.95758316307617,79.77935289592557,93.46304645557753,80.93070851483196,91.24619308509564,73.53431564469817,72.92591346628194,76.02693412473396,72.12733082360397,81.04473812222503,74.36048306152006,76.62181070647614,79.83838955396352,82.2434016531978,84.26874690305583,87.15153114907234,90.24363376650368,92.38932243219568,118.60773222772724,95.5158648569066,114.16564317426848,111.4581268892878,112.0631860646633,111.29608345288736,113.14957954397468,114.02576314029572,115.192396736304,119.75940292422538
2024-05-01,98.43863068573356,91.18016167175956,90.41215450296068,106.60035059604049,94.32781720576229,95.58584022126004,97.37847883603928,95.72851553019558,88.04960874946292,97.95315570042295,95.79822595270858,95.86078640830704,86.00467564559223,85.9002058729406,82.55379642135263,86.58517977210411,96.82352778441874,95.7906499726912,100.80822047935412,93.9911599087704,152.4076542113072,102.59126499115698,101.46783886809378,92.81405792991492,79.24010658677616,97.18766411419855,98.6551035009224,91.3830876484717,167.99780463630827,169.37163294314274,124.4325865989436,128.01575006718335,118.02885929212592,131.8847011277907,128.23892091010552,126.7518602881522,129.377916123413,87.30180883703188,111.60480625063772,137.6431773652675,114.285083117105,131.2429500124986,111.84430960416884,118.80063629523984,125.83766333041874,139.36457558308086,132.23246164866194,125.75843512774576,129.4541706092441,121.41079257368344,121.72671672958596,112.94590246349668,113.13874027670212,128.32359213801809,138.3457212795198,148.62030708246354,152.19389931080255,125.57647726831786,90.40547324765215,93.59973629574496,88.5297924065789,132.40350389122707,121.5468816913198,112.40162334233804,115.76351084787412,112.83487779021289,130.86396397591713,132.54624374910904,143.4107503178641,137.44715474993853,136.66919348847213,158.9895316508342,199.75748448975776,196.7742366840057,202.73086959176203,155.9847193464961,207.102190447221,200.67783095053943,199.36975453171115,211.7729684527797,183.1778838015335,191.55248831893223,201.1313752025221,192.42973576672728,207.28415170028308,194.69181734529667,109.04868380431816,111.25565982864988,109.08061473969954,103.72603842124664,98.18807803613944,103.25732553748678,103.87313442621652,111.7018363629401,108.17411747625584,107.88783813486202,107.01624823144434,107.07390267571154,108.16225682558736,120.81655864637264,110.68956348047378,135.7149698842255,132.31180883202865,119.87983635151342,124.51594385490333,128.82327445130937,130.67337435128738,133.40875430255878,220.8329893099372
2024-06-01,80.52523404329185,74.93450570530719,62.48503857596498,62.3465764596539,63.658712115412754,74.30544360891177,93.70135307982864,86.67016945951477,63.9656156524566,80.6451876446316,75.68739508950657,75.66362335611197,85.10624186059592,73.4262668689124,82.53533534840207,97.28541593003654,60.627422401255856,76.08432695698713,102.04655950582492,119.72158770353096,124.8785831312854,125.6592194913654,118.05023056370578,80.88308931787896,101.0195497916102,113.07531882740912,106.68509529656971,110.30021703238369,94.59095634272263,103.32176016303592,104.201883987702,104.6084568777333,57.48436415295448,111.86339998135075,105.11283980050015,105.82575440465024,104.18977559763408,78.8290745423347,87.08648793947012,93.33265986510423,104.517432551548,96.2493531266698,107.9622939285371,113.71822347676076,94.43451149838592,101.4710602269584,97.5980232216594,85.89378217857752,98.87072170960091,113.6921973732398,98.30610952135424,116.38173683765852,116.06891514230672,99.57442150018284,101.70340312107538,104.6780053954252,102.2013406645709,103.40432596106,83.78493783341915,103.4182534434022,83.06584110578157,113.229096259667,133.37880600841635,128.3184791712846,174.47575149229752,134.7101239797424,150.64077758688964,150.42894291227122,256.0051932728647,230.85413044969053,170.3031908956878,223.53528588341945,207.9288530633899,228.3989007035871,259.9963441697871,195.3086877714153,195.27342575655277,255.48810782183705,239.53200849289,131.50528507780717,261.54675188953183,238.92394250959327,217.47921381099215,222.3045708656606,181.66224426873583,211.63686183310887,85.3817487737108,87.36898888661646,89.4449868781205,93.63064698873823,98.13812918010876,95.34161895790294,102.38827120820874,115.785187815158,106.14404664556643,108.14973353059708,116.49683619801787,121.77882754843964,126.99731424715904,183.4967692323323,137.89662752831487,245.05215895335337,154.6368874379757,151.2548208853755,164.3354735158303,214.2600212475292,226.21008824182303,237.3675371532441,264.7563031928722
2024-07-01,53.2258706525193,24.03255267665816,30.94790599808238,23.222343161864423,27.819670299617915,33.26410995396227,43.56020038748311,38.9056039168939,45.66333488510683,49.9988031647387,41.35782408153356,35.79363715440876,71.09810099724875,50.57138622651754,44.71032052015976,52.0236912562745,31.815551016032597,33.30634305627702,31.44490680976428,32.165595916144014,74.53631948592373,50.96833272765902,48.52065200422211,33.94083816209447,48.13565494212244,48.68228936777592,60.970341835617305,47.5983837772155,81.99461773001201,84.54909353798676,88.30218645968387,87.82412597474259,20.698370477914864,89.31765973832849,87.55671329433368,86.827859961278,88.32848470946034,90.08753728023652,85.11658384167336,75.8823175535607,78.84021546701196,77.86274916589053,91.5588688570175,103.5075150239054,75.90330148967189,92.06410560754534,83.32745512727978,68.70782926245099,83.84586158141742,87.34113829247508,76.46561095233898,102.28482930740184,101.2845755363282,83.41823831698758,71.54390420481216,71.37006016945277,79.30168698699303,87.30447375561066,35.28104310186098,42.41043582316276,93.55889505028456,73.19370711237453,113.29894118070332,88.9236334680296,107.89775865118928,90.64945948260788,123.18493413338544,123.4689384347172,103.70172188392677,121.0286651976298,133.28378640188888,101.23324745914024,95.56087136030985,99.66251530454964,99.21672060734424,121.37643505204024,148.55892422442616,86.0430583984332,135.86699731767146,132.66473363312764,86.51192419861046,90.5024032217474,106.18806253998142,99.91968656174416,144.05825754465167,110.30233124248626,87.69300286022454,85.32394918308589,88.33205322994328,84.44159302833978,76.74471859888307,82.11525395456769,71.42478725007308,73.38546570760101,81.0877591762686,81.72154143497472,83.75220313417435,83.83986155400596,83.48350894521369,68.023766870895,80.68745937070446,57.75052301003068,113.9277329885121,98.99355726253178,100.25124855334604,97.49019371443671,94.06909379934444,88.65142353453828,89.4927802355125
2024-08-01,128.77166332306652,94.52498336424644,92.5961572835695,78.6790398856193,86.6754468362716,87.79721521537634,127.65546328172204,94.94729530467752,99.35188177605274,125.668735992435,103.81659069267404,84.72466330222156,95.04544436507402,94.69467139622633,73.20701216907909,75.28365006527842,29.55422161136017,64.96153057251041,35.66352700297775,49.16092273272112,71.44643836617497,68.49686234900545,48.92403964453084,40.07785664676395,31.268555768430044,43.37104084162856,36.98992173520054,54.51108445857486,80.44604904620402,81.96201735261678,103.11787588983032,99.20337594904746,71.11257407028373,180.8075433926104,151.76528943246595,155.24717068366348,148.57084544031326,84.10457975335365,73.5283561411452,77.50407206784163,99.15748507262612,82.2419781374991,94.1628583610988,90.79115633131993,107.00730632879952,113.3710723217231,110.05105857061932,110.87258189572998,107.33263877696102,96.39456703315834,101.1152193715593,93.08567904972176,93.42821844179366,106.09257142106622,118.35038747023592,110.618233553153,102.50295443847672,103.93043217753782,39.356130026706616,37.31570074450714,57.13882680221431,30.421120703939657,163.73512153908553,130.99203675687266,165.9752731770932,134.33843061072955,135.01913447396626,144.90077110323426,58.093845733911664,67.56660872020531,125.68251432132452,73.93423126529945,78.02544897158583,68.83767552851427,88.30335818879237,107.8937347848908,57.468572532429135,95.7516065341954,66.07780376083709,55.78354258784951,58.296078391780725,59.780734965577295,57.48930908847497,58.44288945435213,56.16222104645285,58.21910280734675,100.24046280754074,101.38202598415162,126.77385198563772,116.2993371448453,123.32456023391065,120.15549828022058,166.69212666031206,166.29021179387544,131.28045177846292,128.74503969902062,116.41938332817072,111.17690770879436,105.5243895034627,55.0761627355601,97.57116722695,45.42302094105944,122.67397332110438,100.50321308035925,99.34571913665803,87.71556951500122,83.24718902397005,78.65160196674617,72.37328040020711
2024-09-01,48.67474338634247,50.87763666003435,45.84945148318651,47.384968405618174,49.06273233886596,54.21327484413977,53.11328375794425,59.92405569539935,37.22024348173835,43.31919333157799,42.35906666884552,54.223484154663126,48.11574714275983,37.53219545290804,53.571027099337535,59.77807910226696,106.29590098298232,59.66745046645645,49.63186137785735,48.477583916486445,33.356801291531625,47.671276028216326,40.41662608856756,45.24770800936097,39.28093073736289,43.39126186011776,36.0264107207421,36.78340488367367,67.20240359764956,69.2967087796712,29.453957156205767,34.06832461820557,39.88920590867861,14.304065877780236,16.251420120730693,16.207650339263534,16.397873073337802,42.74628873716799,53.60474215336087,61.332417152033,27.320444949088103,52.6947277295112,17.00298927057381,17.505151315313185,11.853748879619015,12.914055288261917,12.547902606779036,11.221558610686795,32.75214662136848,33.87689049473607,13.893006633432517,13.624957172483612,13.681138443328686,30.929378720783166,47.112028017249685,49.12435858295244,51.21827036723196,28.599251975409107,39.49656495629926,41.9021824193758,46.737163207321736,53.01720794293794,13.74772004863172,12.920904416258354,20.405795302389546,13.504447843028188,6.324104990368979,23.299051904895485,4.05555802278853,3.823560952664288,11.315583255187216,3.4902521912729787,4.055048269074483,6.650355543687196,15.679860641087105,9.758695503189903,9.4757219701068,52.39027896629948,14.758461756658692,18.935163217586076,3.5172130248769804,5.216283537923384,8.889604888745746,7.188961506002674,9.6578443294933,7.75933661784674,35.09711942910181,37.46900608933512,24.104460300600213,26.674459377197245,13.423557005576985,24.184427129631267,15.542193074827823,13.57883769544443,18.981524428950472,18.22709092849207,16.554189245054925,15.88586122230938,15.569459271169276,9.330331532644738,14.978968418356104,10.751518613722975,8.415617406611428,7.558594190218094,6.38619509605859,6.4383124973147225,6.335404688765344,6.807531033165764,5.408782211176565
2024-10-01,15.388698697610527,10.91920826967856,17.603455241286763,14.565992318200513,14.647192499382273,17.092663295825027,39.2713186241062,20.558472449814,21.736269163380403,17.646368752748256,15.731123142806654,14.693932361409775,30.68914630423972,23.460433012423707,12.901940299021485,17.95712512212265,7.082083168449171,12.880691532655169,7.294231933199752,13.094278675603103,11.198041143895647,16.752665095264717,10.472106612225264,5.26714402371908,5.2875914882963615,5.322032511300708,5.336707161843484,7.892897464629699,9.281186445754368,9.469769303025837,16.190285677495122,15.50075363724764,9.499060376067517,8.883941613930052,13.66396557020271,13.349093849051409,14.00600029952598,9.777798848816332,9.164779953781975,9.684266300380065,12.254133429609425,10.762837532148222,16.767851451735552,15.829693798468222,24.63807019123613,19.16671040282571,22.17024823443118,23.639778121227103,13.530468291098922,14.775107833340876,20.340240088463403,23.811095853404044,23.51458421989653,14.32816103997466,13.80166826853984,12.972183645308773,11.868504511837536,15.828726820255849,5.722176376763423,5.162757849340688,6.046655455008588,4.901240737470011,10.923320126856511,20.570685175112416,21.320018191421266,21.00076614938488,7.177462628833904,17.25606177835133,22.123324421919783,24.92489204331037,17.06114460370454,34.94799766595731,41.56822181580998,36.64161731768433,38.50152347544448,24.9523342666448,26.67343306991612,39.68422519259131,29.975449522316676,28.781717463164963,31.31456509774785,28.929786031355995,28.215066793333463,27.634511837902583,27.117726021273857,27.474486205668143,12.325127908598445,12.307291058031527,12.695874196358218,13.545275840028529,16.152290531910882,14.028660229709011,15.55788528668687,14.957402611632114,14.69947957534556,14.679665897747292,13.350949763093473,12.777937452592983,11.887615743129777,2.780415106640039,11.038195874130578,10.824488703824365,9.854200100913712,9.71830242804362,9.007373411002227,8.221518337997974,9.233930875177736,10.029495087784724,29.974983520739126
2024-11-01,37.42770786434564,36.53166707260827,43.16954764353741,44.66612202033658,39.06570104373432,39.78288248058696,45.39373129903648,41.69962198361495,26.26766093543792,29.31519771510475,31.04786263290789,33.82836304856998,28.87320100892005,27.21426348853233,32.76063605662176,34.10504021000534,27.419684100188547,36.52094749249597,47.27916591433963,55.6945993803169,74.91135072910365,51.08966268697066,52.92816571749411,52.65429302161297,41.33054310217497,49.08088960008947,47.81802318374272,47.381861872600254,61.2438458168129,62.992981708245765,54.47440350000443,56.224013745782734,34.73275720599372,59.33049687474946,56.23179825051766,56.2473928074703,56.15043218912331,54.25018224757368,55.92269149910765,55.62753456870577,50.436931895134165,54.26257624150514,50.67119618579671,55.7729913206493,59.29380944695401,56.0792134578654,57.67589010028761,58.24520467918981,54.95478946133534,52.78711905452989,55.129546362372615,52.500501485887845,52.67232070181505,55.00530577456148,52.72481343165813,51.74457471066643,55.85841070726361,54.78522537568516,51.8372663780102,49.68242416865375,54.60165006613141,64.21561574717697,59.79654109932863,55.678565265476834,59.89000544037589,55.8463083789727,59.64335390747103,59.44964067066078,64.46494912976674,67.00181287326664,63.32971663098039,70.56298443493897,73.97272738998451,76.24584567036428,71.73645219150036,67.35015326290592,92.63286603509746,78.23239592203551,82.04942222154688,97.9407931953898,65.05116386773905,76.65093548582699,86.55407742701672,82.8016523392313,95.46090181912612,86.10929734291122,54.67122940962733,54.04474059888551,55.63219645635192,50.18694149852383,44.0573427313588,48.69405947783165,38.27329222158392,37.69373192413087,46.01688920517591,46.28265211557368,42.84717076182619,43.288203768667614,43.45392041897112,45.500609353368,45.24975517280909,67.86153973916541,53.4148191081342,51.73775133873639,53.62189268605361,58.23007338803305,59.63236573967151,61.15025267100012,73.56278066470135
2024-12-01,10.755935661456958,8.035423298085979,19.14043689763216,23.90926428119244,15.897174462310852,17.52024747035188,26.8456959749994,18.903942529182075,35.79568497333111,19.44781885048301,25.544470954921152,26.64454369567759,35.08631744880252,42.612084446366445,39.88956606230074,33.43791593588682,38.04788162007674,27.93017678390955,41.13533553554402,40.11657963298622,38.53058335649512,30.094150350065757,36.07257709089605,33.86274756514935,33.24050629154888,40.12827193047743,33.4866594015656,41.32458641124578,34.711691318794294,35.71369022650531,26.791354008523104,27.974084685860564,17.42570736018979,16.771136169627585,18.222859986513456,17.97557165030783,18.458072056464843,26.18138126357983,27.215535648215887,29.00598594265055,23.652778223175936,27.558061721369945,21.589431296973945,22.917043021320023,22.540545579254285,21.878446788565967,22.348590181415886,25.05557580481498,23.53951012594099,23.983668726127394,25.66518038052208,32.033081760216525,31.591013132710824,23.728064087402103,26.75121781864582,29.87020702607184,32.52878496659695,25.87086034440433,33.30070777623432,36.1164168689009,26.29399080490725,30.990210346214376,15.977620358032222,23.896099533124648,16.144236565049738,23.09141554608704,16.560657850783407,15.496823509604036,17.490692622381147,16.430725492931337,15.914794956281265,17.10751795903142,21.509909345493263,24.618187185590397,32.048300005796435,18.896681534617684,33.43524996327476,40.24228732163641,34.869340101536025,32.23867974971692,17.400528692172326,18.93845461761516,25.155101915209112,21.74149485911285,31.5663601568568,23.98672685146758,25.473398879125035,25.49399577583246,23.01247369630532,21.989059871293293,18.43535605928591,21.114050917038416,16.082890654026055,15.349931106329452,18.773834431178965,18.544790076837767,17.44976812683011,17.267506191459002,17.34609495563225,16.35161040724626,17.185997031653443,17.16245041949629,16.874842767220684,16.610483400240497,16.344935979862527,16.10824783992862,16.24386583191548,16.45225721157085,15.697957805097548
2025-01-01,11.101098478612547,13.03253285235535,17.031056416287946,22.72512747321081,18.14601225836972,18.45178648993337,12.928979099849837,17.207031861378653,26.31144137192449,15.488340873847855,20.36503275026877,20.792514903922218,20.6464421703812,28.79698790346833,20.104171339899,17.106675741995446,28.0427615814624,21.12092897657808,17.53088405378157,14.206951417350409,15.743482927679311,12.990343135206896,14.50978092150103,13.759778782951871,15.3285894272537,15.334236288717198,15.075639141506707,15.184805573585171,17.128193230929416,17.437362236295304,16.87700098478324,16.955895180461997,22.63260542886142,10.008325209637077,11.681683471233752,11.42963019450914,11.889674313518684,16.89654185067022,17.16482449664023,17.21171086949902,15.662538355018862,16.616594611995513,13.621614395357929,14.940292809445038,20.52011432441512,16.861690005746045,18.973364125422712,21.90643365086953,15.06564575611534,16.267959478108708,20.563061486064885,20.9138612520523,20.81373043681044,15.658758377027883,16.755184389535902,16.623622054058718,16.518807406195357,16.769214597769533,14.18119540724944,14.238453925501318,16.851573299846255,17.057666743841736,11.8070653030845,16.74902575433724,9.404787607680872,15.973068865876916,7.020041830365274,7.391733212214361,4.6379351161756,4.442127481890122,6.767508428142887,3.6622484469865975,2.879214471735577,2.8505087878371698,3.318864995172336,5.389500527063058,2.501788455931106,3.471212054651828,2.6294474219647905,6.655555981432162,3.656139655901931,3.362695592525017,2.692483925997216,3.158850853331595,2.743504881167787,3.184427600797965,16.849677102780127,16.859390967386698,15.650226174156389,14.48829851340598,10.876437430977504,13.62856422968891,8.672089678248902,7.661734516140145,11.057204344416055,10.788508101191,9.46055615850629,9.009599183415814,8.60854294871454,5.84010192587061,8.140272088966064,4.317194482707876,7.345509570531635,7.000571742565696,6.549133251664629,5.342267707531584,5.090802823033028,4.855782400158445,3.3005474710194385
2025-02-01,25.99187913588909,18.691163407557063,34.90740540804187,39.743580763711634,29.184579365897857,23.660361685162577,23.815735054450474,19.201112433176668,10.437862500705828,12.377924263371304,11.745348119198278,12.92535949902224,10.997138135422402,10.55576567104857,9.439160916797013,11.81149029678908,18.692158789558945,18.05102480229933,14.528226389163848,17.468390245670285,9.171499767939403,20.614362811783405,14.33509279148331,10.922884726992155,8.287601988878851,13.946085387024372,9.098285871190654,15.615556347204627,5.480492395503321,6.650034625379625,11.741697065950886,11.153594833575776,32.16922917617546,18.53639321562113,17.19931529609221,17.32583058389052,16.993269713534282,9.784317241593127,7.538161598502438,6.549806960041467,10.4451042682757,7.6050049302189935,12.168214724212673,10.8281459691773,15.509974414213094,15.547920979180011,15.365777108033608,14.42389671573581,11.719771882408285,8.50730563089523,11.25226234541812,14.243451671160711,13.926654505012884,11.540093785564649,8.195516132586466,7.754594489070846,6.415498102601698,11.56522391684781,10.31677211074472,11.308631055727012,7.144915461924789,4.695840511906996,23.928136289852365,21.8070025530471,24.535479539418656,22.278694788449183,16.717186102678255,19.91396037416252,13.03257419047758,13.236713827312771,17.1815370888594,12.394838051886596,11.889237744424948,12.676416625828857,14.317439677602705,15.601505989302474,18.605713007649413,18.014457622918616,15.910108824919773,17.722431930797484,11.910918365399429,13.086656238727302,15.533185237910342,14.809182498271555,19.81338078861933,15.929292636186398,10.77335698736786,10.653447752332385,12.63169564430276,12.866369445344349,14.302558169094794,13.20500049270581,16.77994773153382,17.169117238201704,14.818595740324088,14.786707877833992,13.120393780067058,12.678812566617935,12.271522805408374,8.651538687681365,11.83941114304078,9.137438896050195,16.918925010615574,13.58750754758336,13.475091763601556,11.836818051274925,11.60904563403862,11.297021371738492,10.628103094554536
2025-03-01,32.1441491987318,18.163364711922974,36.170424346724616,37.25839378467505,28.41655982847859,30.52244036924194,63.606265361633895,34.68992146339895,41.3309458474059,44.196388789649546,35.81704889240503,26.539134383952472,46.86295436137204,42.40823319721512,33.917766909386415,33.59010647052719,16.678009672507386,23.01461084826831,22.085534762169303,24.468009871755868,18.231425335499864,28.435368619006216,22.31566447441442,20.760186489909877,19.15856589078704,21.352520111793,19.08633093961482,21.590557795243395,16.7463621449305,16.566113764461534,19.57430631674743,19.26189687559,26.11967165260541,26.07841869671059,18.157534983015783,18.77986553538719,17.672563288893087,9.64606688427759,10.994911128940352,13.86050510514592,13.460994336866282,14.010031633661802,17.092877563961117,18.330978294257,21.821224851431055,13.42806729701425,17.93132516406081,24.402795962324724,15.59685839455083,20.81336790826508,21.62494132752765,30.79466434192129,30.05518470661665,16.571378412327356,18.259217201618483,18.442437498143462,19.9977057407898,19.353089666942573,20.16018806233487,20.30390924002668,12.662495713380906,17.531066985088618,50.50155942007751,49.6067345113086,58.91766816772553,51.08388218003515,28.683017112101847,51.75675851152043,66.53460860902192,66.7568329621315,48.71252074038976,81.88059925855654,104.92804642916072,109.63629056044115,101.1573150535165,67.34615221847395,113.7741981613398,88.13411802512573,110.11508531474364,116.92106053761664,93.86840853956184,96.59094186190312,106.32089977898865,100.92560535638276,112.47639031644066,103.98264836164547,9.378772037609547,9.648236036255636,10.14429547080597,10.26149412121882,9.79742914513102,9.97482380648944,8.546750014621582,8.802430752829899,10.794065147539923,11.38399086313157,13.449406286715718,15.25235339632208,17.60505334172412,45.46139280594581,22.54258178772657,59.924059249587785,28.030712341037816,27.266790239856917,29.880099959225223,37.193836247683535,40.11814294490329,43.53603521486426,93.93726205437196
2025-04-01,57.12173080028018,39.3223520549139,51.39273877920683,52.99458800703524,46.42204957467185,46.88098673788814,56.955252352589774,49.15135830909853,35.51982086049474,50.80612814946312,43.29444126910212,39.70561287171083,28.6058836857756,29.08118469689964,17.101133259498923,21.269538196871277,32.73929858207497,37.97077804969655,41.57190871491825,33.00454459293947,27.34527627992554,24.974436054977613,40.66100504164667,60.12078116228609,56.14794415078536,58.8303796514088,53.70384082206738,68.31724923837805,32.95120394199292,32.05299091935746,69.61501331812957,64.7827395792061,45.040596848011184,81.28707278632828,84.61796867659896,83.90439670541961,84.93869561294566,52.61171526489791,53.06150832838049,53.08505679873038,82.65351870374215,60.06847782024652,87.66284368243508,82.21891334832623,95.94240352880254,93.42773998522745,94.37516894603544,84.80340301697089,74.22705529066613,75.91496730409555,70.81564947338293,65.16005070163904,65.25600394413331,74.5197596491569,75.62960839728015,63.12942718812209,48.07461628099875,71.72235692000456,60.783587611573054,58.62600886946623,43.81799080259402,43.23123983247689,82.968398900046,92.3005311812731,89.16707123636968,91.5640300698382,90.13553898766932,86.17256824353983,78.46787134728689,81.62202711212781,85.63929752676661,81.1068921559541,92.03520214339598,104.83812871383496,111.94747038047824,90.68317960660576,115.8514895075854,115.69513699983564,130.0920877124542,89.76677698442985,79.01168470250455,84.5018877448852,99.67730338449776,87.07477171614445,95.39289388710785,87.91818767343369,70.75096306228279,71.91495789103563,87.01145721051152,85.42139088357881,88.38688793967516,85.04009575297101,84.23330689558163,80.63321851822228,82.03357588362111,81.90280908653493,80.79847513230922,81.23409555944822,79.9796023649399,57.84492110076464,76.45201893929888,59.667266613681264,95.08118085694366,95.12212115798155,90.16105653200118,82.48456530519829,80.64457991540705,77.84768740720978,88.98412788715898
2025-05-01,51.40786517315035,51.97566337551626,42.17710286568371,40.69974281443496,42.54700931937795,45.56899879543996,55.81332667066096,49.459781809199285,84.73114169659995,78.71627778349372,72.36646322720082,57.65967095087943,59.16218880348236,75.17437990150094,42.218806671199374,39.660955048557184,31.058036197489457,42.15698217441478,58.2061517661659,47.50229440838902,29.74176854362204,42.80442957157517,64.336395210075,92.44200284384176,119.24884786309508,83.12701702097065,94.51583820332084,80.95444387551636,60.41248144922407,66.10552144661739,68.32869725314046,66.72182200702585,40.37160953497462,110.54076024176057,107.82021712605008,107.7068512937946,107.29577608709346,124.2203414732689,102.67968278785288,75.02869491122037,66.12038216530985,74.4194538879276,79.59365382106496,74.91899895889912,87.46205231525714,107.49137035853536,95.98114078058524,76.53469984881362,86.91729961716139,56.42907642646538,70.11261803993624,43.57058832050041,45.03231615124069,83.65310514795908,53.16706563785432,51.19690744687727,54.60525299805701,72.68244266941234,99.16793500877004,96.52851390040615,133.42173518212647,62.73266951341511,98.47118228311024,65.77745434727605,90.07945584959177,68.31582771088094,104.8520636934006,100.35201105014228,73.30976676396163,75.1977891895107,93.2188031480686,82.75323204428564,96.64778088291214,82.86428993007138,75.0480704308719,89.69473422027038,70.34734141374835,60.742361219358905,73.16068444955884,76.71441901535597,86.97882812445708,80.42220662940326,68.3297677260371,75.68907636340023,64.21384115957102,74.27011694485469,92.32561317116172,88.57313698899308,83.7260322329613,82.16250730101788,82.70353872247163,83.08293326171952,83.58191227560143,85.34064394019865,91.13399670056052,93.74743609081708,92.43914169736288,93.83342734597274,93.00830233134393,77.58573594306492,90.39319604510118,71.55118243964863,119.13470885276178,120.56757836608143,114.14887462700337,100.57859992832864,95.44674026814856,90.37438593225244,104.21016938430128
2025-06-01,109.36196781516033,91.06667326529217,95.66092519692606,88.8793089565748,92.91667918647676,97.76715131015482,125.37828768531668,106.21766050472826,75.98487547642242,103.39699335637908,94.01225982684883,98.39759756531164,91.60986893983618,76.28854395774584,89.6466149654276,92.45681573598388,60.287916787409216,84.83983805564624,68.54033344635154,82.98685543033943,63.74000038892416,88.95677860085736,69.68811715084937,38.57918009055166,33.55268060155527,54.7006864676045,49.24950318228389,64.66215216140445,88.56417711869777,91.24347731153676,95.02446398870708,92.01789198727737,84.64302046649337,124.81849375131806,110.81097179133334,110.49709742762498,110.18615584145569,106.26015733704128,114.08857294084991,101.68403698775506,99.25122478910224,99.43202981258332,91.16648493094704,80.2699576357868,74.42471027723431,97.6972466567612,82.56007147757707,67.61472953895117,98.07029748896308,94.93113753105204,65.68693171918244,80.03146589995951,79.06506450251449,94.64421954707704,108.18303365375102,113.77707531093488,127.33812110738532,94.27963034434546,37.61216143749096,38.88032094433861,83.14511353016312,55.43204922272665,144.45699741511595,106.96909256129749,151.63766802404098,111.99187849133988,160.24750097635757,175.4004855172082,221.1721197962904,224.33311485344493,183.33031436016256,215.4328401975881,207.63213127217315,200.104990336577,207.38520557184083,190.81657687169232,184.70008388554453,196.57072210794527,194.81106969990995,162.80886628040037,195.81261441106312,191.2315543645444,189.8970463734034,187.398631968507,181.3121412597356,184.62667547173723,121.02192496891698,122.24884796622868,102.79120395373918,94.6988049460516,80.16606642802846,90.95185761633634,57.43238612271698,60.93708475713585,87.66733619368148,88.55960020655503,89.58426810876082,91.46048919338848,94.341455354532,116.01296993712792,101.77672775069576,164.55700678461366,147.6374229826245,140.18421072667704,150.98858119068768,161.99776882684174,167.1801739818709,168.5665518517037,161.46504462557613
2025-07-01,190.18273946770924,122.80930615623753,120.27208868383336,89.68457632591853,114.234263291534,130.33511786011658,168.0362551438306,149.67999140204887,82.36532725350548,131.64662928399446,109.23978190391772,108.4171240456558,80.92806929559394,79.68883436367581,59.70338699005232,61.67915440652601,113.56862358856756,104.24220154417672,83.5236063274584,64.83244738011636,73.25447759311638,46.63772197797845,73.03688638129897,98.8608825765839,89.37648261385974,72.83553481148685,89.06121071025973,61.98464871564353,64.96802793590665,67.56039679283239,115.76451252961918,110.36070806794204,83.90554272479882,94.73624510157956,100.45999266510304,102.11660412928951,99.34672379693455,108.14682680714652,107.13474967485485,104.62225130569996,110.58700154407144,107.97730574476738,116.13086977293604,114.81168849068034,105.80511956920088,91.97087881106872,99.54395832334656,126.9975758742929,104.32911680972391,149.8550627528398,130.4828132510025,146.80744651384956,146.38245610728825,109.59551537328784,161.19572274913327,127.72718086866313,79.48711821120814,117.6898653454835,99.23059903872084,89.62930306049121,106.7331675789369,86.21610027620181,104.49013155593718,135.29669257778096,103.56185808003848,131.41351139542857,139.1865523145571,121.14109456147249,150.0690383888687,154.77160042406666,126.8704472615894,164.73295676157545,142.34235535419384,143.50485643184575,136.41486732148937,135.37615060587987,205.77906186779657,124.2649403777676,163.553570303509,261.87619769159824,143.29040799723063,164.25108284624662,190.79333177524805,189.3507643819296,259.45803333587537,207.3231443909804,118.84786059529522,118.75233650314686,135.4321161504191,122.60346666373457,145.12491616781728,124.42485513316342,109.36203973701132,100.09673418358824,112.75946430113775,109.89245413478204,100.4233617561616,98.01762096486918,97.1210920151831,103.85259420291176,99.9449196446018,123.18833101227844,129.57813598169008,97.49774149763536,98.92684676911249,99.32510415296152,100.96996834204576,103.26621766879371,154.8794029225992
