,elv_mean,elv_cv,slope_mean,slope_cv,HAND_mean,HAND_cv,Water_Table_Depth_mean,Water_Table_Depth_cv,soil_moisture_mean,soil_moisture_cv,basin_Area_SqM,river_density_(m/m2),lulc_Cropland_portion,lulc_Forest_portion,lulc_Grassland_portion,lulc_Urban_portion,lulc_Wet_portion,caly_content,sand_content,silt_content,seasonality,Aridity,Snow_fraction,Snow_presence,GIW_MAXPA_Percentage,Riparian_MAXPA_Percentage,MAXPA,long_term_mean_Inundation,long_term_cv_Inundation
05030500,407.198762701,0.0206363461411,4.26635726444,0.92454167243,5.52140037531,1.0943302317,1.11073561996,1.04901808461,92.7247638556,0.0817697425063,283434998.1,0.00024297234582595516,0.444783181695,0.23209641309,0.164334143127,0.00124168373585,0.157544578352,193.848984533,543.130126647,263.015040043,0.6575321287471996,1.0384571702692535,0.18427446120787466,43.503559431052636,3.7479435031402373,0.56842315032380919,0.0434785298084,3.1310248394736844,0.24845912689504224
05046000,406.83564328,0.0614662157816,4.82306873619,0.881657010389,6.76712500656,1.08055445669,1.54120518269,1.29760222506,95.0505722216,0.0503879846909,1913053148,0.00021474903729473276,0.492028215741,0.250233578689,0.135623831518,0.00621041746839,0.115903956583,221.968583908,498.991265497,279.038193128,0.6545158909461979,1.0507956517734083,0.18768226974089322,42.50540394947368,4.112413958805452,0.43194275770637974,0.0455800105021,3.159354731578947,0.24716471716325158
05051300,324.891984508,0.0620388146403,2.47031749519,0.74286114179,2.3130886928,1.58589853961,2.92082556748,0.499216253184,93.1797319233,0.131376898961,4816416611,0.00025014832580913819,0.978112411039,3.66241297331e-05,0.00852314504856,0.000264403793737,0.0130634159886,325.679053663,262.571167607,411.749098587,0.6353147714217263,1.1500628141340277,0.17980463710632544,37.018087710526316,2.3287331695646829,1.0239131649917215,0.0328097629601,1.6246794552631578,0.38848231906176256
05051522,345.851916104,0.141296166757,2.92101076087,0.850016997733,2.98186227385,1.70074436855,3.38971588995,0.597608488654,86.7850786541,0.209447098986,14189939966,0.00026060114580129861,0.918113487479,0.0337596385482,0.0245348437631,0.00145122885424,0.0221408013554,298.460017514,328.223716413,373.316335379,0.6408592028905727,1.1646850229569639,0.1847137494164935,38.125938398947376,2.8116752911749288,0.94936556390795501,0.037176423059,1.7872546894736838,0.3991653965663898
05051600,409.026382803,0.0951463565878,2.9673145063,0.694422684564,3.28409672751,1.53336823768,4.98543904933,0.371835196555,66.7432411283,0.142872394735,1259500067,0.00022438888535246726,0.989348642248,0.0,0.00867843418038,0.000279396275383,0.0016935272958,239.990047522,423.617506055,336.397489837,0.6238074805660733,1.273342797413197,0.19572708381442183,36.19771456421053,4.1414229573879124,0.97385066366501916,0.0516623759682,1.9662688552631578,0.5392122014276598
05052000,381.44420433,0.138862650023,2.92666477114,0.728375923728,3.24757707605,1.87183223751,4.76075440784,0.474566789186,68.6191003982,0.195958888926,3506312081,0.00025325393576522041,0.987615422802,0.0,0.00868863475238,0.000453554434489,0.00324238801158,272.448894916,372.479091128,355.07393496,0.625119779821894,1.2578287334687142,0.19321815503952824,36.853100790000006,4.1726457401421806,1.4563636105550806,0.0566371269916,2.3309816052631582,0.5337895570538066
05053000,350.053259121,0.140002049435,2.95953195631,0.862043245071,3.12797211438,1.67493704972,3.37367516733,0.615293289494,86.4123652515,0.209097291254,12714759142,0.00025367512635912859,0.908988446632,0.0376635923704,0.0271914439066,0.00157366069138,0.0245828563994,296.13511713,328.643393902,375.221545394,0.6389611846310496,1.1668362463076818,0.18421860726788972,38.063168024210526,3.027109293148869,1.0331424681799457,0.0401537485128,1.943025152631579,0.39902687127692943
05054000,341.432687282,0.145816683615,2.88159249316,0.843284057318,2.83073808109,1.7393453049,3.50723949634,0.578657573233,88.4379740926,0.212617917429,15286378161,0.00026100576194297131,0.922135005594,0.0313381683307,0.0227861659093,0.00318794723152,0.0205527129344,309.515362526,316.698847425,373.785677291,0.6420108795290465,1.1656229539310128,0.1847832548334206,38.30459664421053,2.6596678697059946,0.89501585757343871,0.0351471958813,1.6790946868421053,0.3997667832191817
05054500,558.287653209,0.072781565967,3.74000497936,0.693297572238,6.44353794048,1.15852700187,4.25626759651,0.756542344469,83.0578454567,0.0218862407422,1180100285,0.0002385716271891248,0.84692067395,0.0,0.150046980009,0.0,0.00303234604132,293.99646885,335.662637159,370.343104324,0.6301565689962162,1.3388889489367206,0.23437263256106625,38.75625029863158,4.2895605100737537,1.0011945647674376,0.0532745454424,3.1934641210526316,0.4133086604149037
05055300,503.429765998,0.0850685942392,3.39185225178,0.725304339601,5.42231699502,1.27179142219,3.34100342585,0.758813086423,81.0626466416,0.0790548730255,4051900287,0.00022770022883901488,0.849663647199,0.0,0.141177330314,0.00145509291405,0.0077039295727,263.141348848,407.326337178,329.534270164,0.6432789483820182,1.3310267839924466,0.22840177186258998,40.133749765789474,3.5380899433618453,1.0311469782778497,0.0454946362941,2.4681143842105264,0.4122915637803866
05056000,494.844780858,0.0844144450118,3.43394168803,0.730917870498,5.6061523292,1.28148486495,3.52798946071,0.726064858792,79.4906994507,0.101799401276,5168186285,0.00023377993503486712,0.87138334442,6.54771648388e-05,0.11992612922,0.00117075260428,0.00745429659066,255.755864565,423.296920395,320.948982077,0.6484653793914413,1.3155841805939361,0.22695943412711264,40.341173720526314,3.2543686617695204,0.949319477671144,0.0418791921721,2.2762865368421052,0.4061098436080327
05056060,483.127154921,0.0608720737993,2.33052997948,0.599536108427,2.18762050442,0.930782295904,4.46987556867,0.266329051997,83.2091321029,0.00867459651709,581083640.1,0.00029927169552689036,1.0,0.0,0.0,0.0,0.0,284.869499993,342.514332291,372.613092631,0.6771651721329269,1.2614366078982664,0.22937837355100904,45.95960560368421,1.8082213065291761,0.31089881644753492,0.0214300690704,1.0086144026315789,0.4303697872542112
05056100,486.411893518,0.0803878029386,2.5501304769,0.643189758355,1.8720032364,1.41864453929,3.99829398662,0.357145900344,82.968224921,0.0201741183205,1319700642,0.00032502658898399804,0.973553233163,0.0218760911789,0.00394256579809,0.0,0.000628109859893,256.164731653,365.922978798,377.911758849,0.6638657775155856,1.2576092540911294,0.23693385561752284,44.927987284736844,3.4597946070386492,0.52459171430406759,0.0399043554788,1.9746713315789475,0.3726119683750701
05056215,471.054671876,0.0248684695937,2.45575573079,0.592740511831,1.36119156549,1.01517432468,3.2727866557,0.450369295974,83.2332073764,0.00952497124148,1689584848,0.0002514720095126187,0.997628550715,0.0,0.00207634980049,0.0,0.000295099484215,284.768670928,343.28989321,371.942441495,0.6493203041409964,1.2651732986082447,0.23804851921079795,43.818280296315784,5.2674252696501753,1.5406794794965166,0.0683935565874,3.0457247999999995,0.4360147764719622
05056340,487.718831224,0.0303772007993,2.73035995349,0.688994313653,3.6903007655,1.21329691806,3.29056544199,0.590019244977,85.3620416824,0.0153721503926,1236497034,0.00022364548912554586,0.941588201772,0.0,0.0268332109385,0.00134864760413,0.0302299396857,319.581343764,310.600072045,369.818348453,0.6824542936855283,1.2745256955644768,0.2247943923355407,45.398352577894734,4.3516702734964117,1.8478967357255089,0.0601740262245,3.1444393921052636,0.4218183724746515
05057000,472.289483047,0.0714605772383,2.93282048689,0.760888847181,3.69547547844,1.52586239286,3.4248437403,0.625982711612,82.3276711256,0.0913082971357,17810654804,0.00026229761841549924,0.894200457583,0.00331759898488,0.0526817780621,0.00135000113443,0.0484501642351,280.735076814,368.965823229,350.299071031,0.6633649679646929,1.2804212415901532,0.225683513702884,43.356584829999996,4.3429224251636098,3.0794533455986426,0.070569352232,3.6154571710526313,0.4042619717983137
05057200,449.910735579,0.0258536757938,2.63749514579,0.694633388734,2.5784572726,1.28940094245,3.98071690296,0.345747226864,70.920150232,0.164526897889,2116757128,0.00025214795318590616,0.966750978644,0.0,0.0218331031017,0.000162416416133,0.0112535018382,235.578068035,427.958094272,336.463393236,0.6824242658725227,1.2513792040629064,0.21072824274200247,40.422348817894736,5.2082186501847918,1.2315846329852993,0.0643510460627,2.8212696947368423,0.48160461521037146
05058000,468.161809399,0.0713585114369,2.92491787827,0.766614995046,3.68620994216,1.54821673448,3.52897158288,0.603948757176,81.0342461299,0.108374485511,20783761941,0.00025991138538387714,0.904551932291,0.00284301986961,0.0483502179227,0.00120646688073,0.0430483630356,273.863420307,378.022183204,348.114170126,0.6669002213980717,1.2739648700884243,0.22291635771764062,42.94040352526316,4.3768630224067939,2.792852640721744,0.0684709526979,3.454552013157895,0.4030893475896924
05058700,464.408842612,0.0750198026464,2.96676545051,0.794763126672,3.90473792587,1.61471013485,3.66272661122,0.640719637841,81.0445118005,0.104205849647,22792077395,0.00025675172134518692,0.911777849373,0.00259250441874,0.0448188865925,0.00132697339068,0.0394837862253,270.542678229,382.326011537,347.131253363,0.6677991315922234,1.2696567434155457,0.21913044834616507,42.62209296210526,4.2625973179895711,2.5950426521561609,0.0655927067312,3.2918947894736847,0.40364526074079554
05059000,458.403548998,0.0950748448132,2.96825286665,0.791963885868,3.87019898861,1.61386909772,3.69552019944,0.627937526409,80.162419433,0.116587961387,23979715048,0.00025674620535862005,0.915779365824,0.00248586981142,0.0428990254725,0.00130752683652,0.0375282120552,267.683413457,388.517275825,343.799190145,0.6668334314534564,1.267882127058564,0.21701609147820122,42.42811749789473,4.1385491504029366,2.4776237166210322,0.0633312446325,3.1624437342105263,0.40458144839997734
05059600,433.453121493,0.0423222446453,2.80051020434,0.612843069009,4.31092455771,0.842900194138,4.34655711967,0.220624243271,84.9969812149,0.0139191828759,65450517.43,6.0530637974333624e-05,1.0,0.0,0.0,0.0,0.0,228.857421891,409.392867019,361.74827961,0.6997957614692282,1.1763942250143355,0.20313671496390417,40.363636363684215,0.67231121855355214,0.00535706150241279,0.00688223873602,0.3188126921052632,0.368321068569064
05059700,382.975408026,0.0807470513924,2.65578307137,0.62401782334,3.09269085913,1.14159377328,4.03108982799,0.297993835277,79.5218597298,0.0612668095481,2224929025,0.00028501941725732512,0.997969780102,0.0,0.00140606582297,0.0,0.000624154075042,238.798252354,414.730184374,346.471600719,0.6789684886104165,1.2051331889067807,0.19303440905271388,38.943642021578945,1.842481244327274,0.65403021654313009,0.0249016666246,1.065586144736842,0.46342023691071355
05060100,294.446610727,0.072218562573,2.38098567374,0.624378019127,1.17553224143,1.13777555495,4.46340331717,0.384520740496,95.8027650493,0.195404141531,271539185.6,0.0002731939324782491,0.998707363718,0.0,0.0,0.00129263628198,0.0,319.767908472,276.078169997,404.147863551,0.6565671649861377,1.2313445820103357,0.184352470520258,40.29983799263158,0.57718459154872892,0.33184885912332285,0.00973926405124,0.1212672052631579,1.1220508583223296
05060500,330.393508233,0.0581943517778,2.83570866638,0.668179166134,3.00288603343,1.10846068231,3.64270751147,0.271218306092,81.1135300333,0.215108810489,244311094.4,0.00017117562736132682,0.998578268877,0.0,0.00142173112339,0.0,0.0,213.857927365,522.364864248,263.774881995,0.6740556650848275,1.2039282595588487,0.18826566256640198,40.340717786842106,0.58697531232128775,0.1384917301687317,0.00732310275666,0.18847373157894737,0.6547081432991028
05061000,433.704320395,0.100857084894,4.34160957576,0.855379006206,6.14532427308,1.07797174982,1.44396921915,1.01760946052,92.9767952323,0.106786895184,1419406747,0.00024952108932342339,0.467879943772,0.467628859704,0.0217663256953,0.000372821798155,0.0423520490299,215.49731795,504.999513042,279.503055985,0.6455835261364822,1.0383064753065927,0.1953514737983773,43.13683414210527,2.6662148765328038,0.30000629708146748,0.0297322149222,2.020578868421053,0.1723906712802989
05061500,330.667916235,0.146463799037,3.05650476668,0.828019238507,3.5026925736,1.43032643867,2.72424384402,0.485721622253,92.2107905505,0.128084020316,858435725.1,0.00033700639151897164,0.965923304107,0.00490030079082,0.0228554893539,0.00162399784445,0.00469690790391,238.066872397,467.109798955,294.824787823,0.6477018178492789,1.117976382265741,0.18496366513931928,37.58226150157894,1.7025965120246171,0.42845717670964534,0.0221230127326,1.277938747368421,0.40236892634952287
05062000,384.252040573,0.178878349342,3.75933997544,0.865985704538,5.02274198094,1.23153916021,2.14335937029,0.754634815347,93.6315556965,0.119105263057,2770782135,0.00027359762903065812,0.707590930809,0.245517001241,0.0223760973428,0.000694127074301,0.0238218435326,224.099674525,491.49256777,284.407723109,0.6460534562852689,1.0764959324846817,0.19054871917447141,40.522273795263146,2.2665391942141477,0.37013760307495075,0.0264190959279,1.7375847447368424,0.23273427371594474
05062500,424.980675447,0.121153343536,3.98700876221,0.850008342962,5.86777709983,1.26069340328,1.18876363818,1.37209312525,92.9799395087,0.0824871547117,2420875252,0.0002559409795375545,0.466288396177,0.493466766501,0.0307637856692,0.000287383457271,0.00919366819516,223.514233344,477.772586132,298.713344109,0.6434205250005529,1.0357180663869294,0.19826223640101368,43.13413120526316,1.6354171971390941,0.19154154521819985,0.018283864997,1.1965351921052632,0.16738663911377835
05063398,368.986564422,0.0615538331201,2.53347715576,0.745526243233,3.0090202703,1.20695678711,1.2287397713,0.531729546025,91.9566960143,0.0321577745394,435823156.2,0.00026736462634379256,0.98687329644,0.00553398860164,0.00717147104981,0.0,0.000421243908483,215.966336544,480.942418022,303.092010291,0.6488540064470064,1.0669832806101924,0.19251332187076048,41.142768337368416,1.1969041535765403,0.19187473744116931,0.0142784734765,1.0370606631578947,0.16702754503546527
05064000,312.248755891,0.144545492969,2.33673302214,0.667183422179,1.92861282921,1.59469419355,2.58589227436,0.569635525329,106.724309194,0.123818487765,1572512838,0.00027108887303017675,0.995888271328,0.00153617479883,0.00198832758985,0.000470467840776,0.000116758442236,285.79513021,361.250363782,352.953654032,0.6533315692250748,1.1154010511714494,0.18718054425889316,40.975119877894734,1.1282815606783168,0.48874920824192503,0.0157172248454,0.5797069473684209,0.4873371798588435
05064500,393.958023807,0.197803556632,2.89762190016,0.804864293955,3.27802888762,1.66139678819,3.64954835208,0.584112809281,85.8969469765,0.190660327103,51694983446,0.00027063589522912729,0.920424312578,0.0236296343445,0.028149422441,0.00288539266438,0.0249112379719,284.553165431,359.456999616,355.989815041,0.6573654874613875,1.2097710979801368,0.20019520857798706,40.755804281578946,3.1370019647403389,1.5571707766300764,0.0453880697394,2.192520794736842,0.3865726123551176
05066500,372.226732183,0.153742560884,2.77002529009,0.686696932896,2.86087750317,1.20852974186,3.65347697407,0.297997338756,81.6651562542,0.127866128132,3076831810,0.00029407501739319851,0.996022536813,0.0,0.00274368323972,0.000847675269586,0.000386104677658,268.177377344,385.913682964,345.908743698,0.6850568481072158,1.190081154763059,0.20329895527361105,40.08197088631579,1.6919568918563592,0.24403607906451252,0.0197251015357,1.0188250315789475,0.3673309893987552
05069000,336.283022372,0.178357224226,2.97837884204,0.801743385272,2.8982329203,1.47817177265,2.09541538863,0.757159014389,106.538264299,0.107689625816,1287902480,0.00024515834804175447,0.903677014224,0.0770657960388,0.0160643131577,0.000401817472841,0.002791059107,276.292508059,360.271660761,363.437406923,0.6594145037524067,1.0842810977208743,0.19183113821953665,42.70013136105263,1.1171491895984587,0.20111952328892616,0.0132533630273,0.9011006552631579,0.12344991245418249
05079000,367.430746053,0.0873102575694,2.76010511944,0.876033447183,2.34932016104,1.61680434348,0.644747021075,1.13074686817,123.774156952,0.298672064476,13665261749,0.00025507159605600625,0.402413092842,0.4468055525,0.0563885722806,0.000937069722123,0.0934557126544,222.260039351,498.390955886,279.349195465,0.6625331157206901,1.0018924913257892,0.19991755676720874,44.67844132263158,1.0518600229423396,0.49639772411255279,0.0150851833407,0.780445702631579,0.1490923436154869
05080000,362.36233776,0.103029762099,2.74312565367,0.866754321217,2.2980492859,1.61768706681,0.764883943555,1.16876938403,123.317889642,0.291032221459,14629335252,0.00025868817355009294,0.440772187594,0.417430266182,0.0531959273571,0.00113634804647,0.0874652708204,227.194973649,485.402340738,287.402774056,0.6626436000590505,1.0091421771745503,0.19927742251496972,44.49058555473684,1.0281158276146156,0.47412875864938236,0.0146539008613,0.7614045789473685,0.14912787936428068
05082500,387.610335901,0.202745727388,2.91454473486,0.806422669907,3.25762565882,1.64460074717,3.50081743133,0.598000619442,87.0539101598,0.191299494557,61389514527,0.0002745212606248436,0.909405750248,0.0409768808958,0.0254110749817,0.00278856416302,0.0214177297118,282.986515836,359.747782878,357.265679715,0.65855599506756,1.1962262622142663,0.19909566044878954,40.87303136,2.8426629866229414,1.351280698013027,0.0406109798676,1.9788126263157897,0.37436019883640814
05082625,391.424939611,0.119972519593,3.14550979152,0.710084154076,3.51714003831,1.20733112061,3.00901445629,0.352740070537,76.745475979,0.124944624037,748555301.5,0.00027915631968416789,0.992354885287,0.0,0.00742029375803,0.0,0.000224820954756,344.060158288,268.58483987,387.35635573,0.6746982436999848,1.1849426214680527,0.21213810670070712,41.189570450000005,2.456166503771263,0.27085163877091678,0.0283355250292,1.595077394736842,0.42005022634680084
05084000,427.025115499,0.10835206633,2.96850629149,0.747606586734,3.74187915058,1.25449149143,3.26090895798,0.327763956444,77.8383166216,0.12092716051,891789372.8,0.0002977547822221478,0.999225908548,0.0,0.00077409145179,0.0,0.0,299.222499407,312.938377156,387.837450383,0.6647398750278799,1.1952782622883895,0.22552333532043106,42.140004560526314,1.3960388994446307,0.19845121016525707,0.0165156118384,0.9153017763157896,0.3539246622171728
05085000,279.734935034,0.0938514295839,2.68206449892,0.655053592923,2.10676944232,1.66351115494,2.83647923722,0.296898316225,67.4277102949,0.144486766406,293462945.8,0.00027651028763693271,1.0,0.0,0.0,0.0,0.0,330.489119895,257.823553385,411.686536896,0.6487912319266959,1.2307167118473599,0.20982836837984623,40.21820975842106,0.30496654153744662,0.0077660431733298525,0.00316608820841,0.09379575,0.7136917142413891
05090000,385.04574863,0.235989474546,3.05944453136,0.882835665277,4.11759623444,1.57878198518,3.89865245857,0.400116522046,76.0893382908,0.138049843687,1572025674,0.00032519064759917383,0.998589390776,0.000423068269708,0.000420205832159,0.000567335122166,0.0,301.743225535,309.801967595,388.454545451,0.650305934829109,1.1953710500487462,0.22761863316096057,43.7545797,0.53222592280041248,0.11151931331601693,0.00672839895107,0.2877440973684211,0.375318047261542
05092000,373.385220379,0.206674879215,2.85471798631,0.809207892551,2.92719038321,1.68533714922,2.93671034259,0.716122017153,93.4414040489,0.270370580129,87278110170,0.00028418013307675278,0.839474483977,0.100851427799,0.0272770108204,0.0025789555593,0.0298181218444,283.174009547,363.630265586,353.195759097,0.6596953712354721,1.1597795185417363,0.19914442968750967,41.64092285421053,2.3871757195277636,1.5000662535529958,0.0373491851815,1.7680371473684213,0.3764796454033922
05099400,476.993012029,0.0466512889712,3.44382890149,1.12639419251,6.32781111021,1.850377397,5.19117319034,0.432554590945,84.9048615363,0.0212292240864,469276807.3,0.0002416624922861563,0.987328249545,0.0126717504545,0.0,0.0,0.0,269.595567918,340.889289725,389.518751228,0.6485403765302336,1.1717032916598622,0.24467871299666283,47.79101247842105,1.2385959691670914,0.15989114004026139,0.0149989166411,0.6144227578947369,0.6151510301633049
05099600,482.30732208,0.0975620321495,3.22968725495,1.0933659424,5.54683260497,2.19885617579,4.88957288223,0.581165695977,82.7141299549,0.0336850831964,7923868066,0.00027212204704151209,0.948307130066,0.0345735253045,0.00776937747187,6.22422497893e-05,0.00928772490834,271.813830344,336.328699269,391.857610527,0.647499809583832,1.2038450573991293,0.24700015560316244,46.031793584210526,2.0836032748523361,0.85064085744923812,0.0291083388497,1.3643628657894737,0.4088218742875864
05113600,663.033914889,0.073572843338,3.76775491548,0.651763570324,5.97353757364,1.09852959128,10.7186986239,0.442566898146,69.8208886069,0.0328245703596,4427809240,0.00027026771509476729,0.970657033177,0.0,0.0290464089669,0.0,0.000296557855612,329.576603002,262.629564183,407.793498631,0.6608783383025374,1.5977334807164776,0.23230272978443087,40.76141320157894,3.5144921383343375,1.3976406520949474,0.0495263483808,2.2756807,0.5154142844780996
05114000,619.523557225,0.0864837573138,3.21364900405,0.73166856548,3.8130532247,1.63103308617,11.4567387781,0.356266707049,72.3405799085,0.089702509338,22336312195,0.00028851179673715182,0.908760976696,0.0166601042339,0.0715646591156,0.000377467480097,0.00263679247412,331.040288514,275.130811597,393.828367931,0.6740129759849505,1.5149601770747478,0.23232840468111485,43.267009022631576,3.335909488560703,2.0299666547682067,0.0528730082181,1.9149760157894737,0.5873946656294052
05116000,615.362907258,0.089359392168,3.19109761884,0.737148501811,3.92701788719,1.64875608674,11.2207725256,0.368618075694,72.4454665055,0.0875676044827,23729828436,0.00028518943673767563,0.911860751642,0.0156817299584,0.068385330353,0.000509663524601,0.0035625245222,327.305738703,280.291229439,392.402289983,0.6718093522198539,1.5129369522226803,0.23415311503857641,43.028223288421046,3.2738739648205715,2.01268787201484,0.0520941817937,1.8767262657894734,0.5893778793141664
05116500,613.428842799,0.0815239468593,3.48323441288,0.910312725269,6.78445618,1.4918062625,9.09082450637,0.474484237142,73.4285681405,0.0221565599763,2429351736,0.00028582551922331763,0.981896248328,0.0,0.0162599608051,0.0,0.00184379086662,292.592560606,324.561871394,382.845193156,0.641928826498812,1.482781202040602,0.23954061169322904,39.76132634157894,2.420265203320803,0.72160179795151014,0.0310623281592,1.461915192105263,0.49776065699507527
05117500,614.619561076,0.0891385312527,3.23666568554,0.763578905011,4.28984413283,1.65999089238,10.9709246133,0.385910744869,72.5818708528,0.0831800344815,26539603253,0.00028767509516460128,0.919456709138,0.014021460613,0.0626898879697,0.000474660578857,0.0033572817009,323.652905639,285.057817506,391.288615764,0.6685463439321605,1.5089635069210134,0.23339080076176458,42.638249038947365,3.1704260292607493,1.882879936757792,0.0497834992406,1.8242355289473677,0.5780338012590048
05120000,610.898796181,0.0936680618058,3.28706334816,0.768794160385,4.51799605023,1.61209247415,10.5807984236,0.41780248099,72.9484535971,0.082403044955,28565984197,0.00028832763645999805,0.922312946457,0.0130268542783,0.0601639022384,0.00135703028138,0.00313926674492,322.63801911,287.083534276,390.277845014,0.6666862833340562,1.5002898925478307,0.23180250038719383,42.288572926315794,3.1923095404387993,1.8170245725443563,0.0493739279762,1.846809992105263,0.5603533647206825
05120500,505.486132957,0.0819708989404,3.47767487311,0.689100766414,5.68769015902,1.39512630248,4.27678579272,0.747116330825,77.8613922386,0.110243268886,1427781287,0.00025454229008484906,0.843916896365,0.0,0.150865331947,0.00237377726204,0.00284399442547,268.427813209,372.360866446,359.21102121,0.6400957612252556,1.3805879249368065,0.22917351969704605,37.73579832952632,3.0459465771508971,1.4527398285792577,0.0453274800841,2.416242594736842,0.4159739179014393
05122000,599.3446233,0.110740616164,3.28117606686,0.763937981225,4.53216408164,1.60348549452,9.9194088749,0.482290675266,72.7213232012,0.0970059131719,31480023628,0.00028585516874153936,0.900792055787,0.011820984408,0.0822624109244,0.00143016783287,0.00369438104773,314.721495359,301.628955975,383.648950531,0.664511179712629,1.4880575158993334,0.23173985355042556,41.97288372842105,3.1560479586852574,1.9270102792753225,0.0503071870803,1.9564072394736844,0.5282968602693755
05123400,536.905469966,0.150956093997,3.64771675757,0.79028238581,5.18361855164,1.31393961588,3.53946576776,0.775690589743,80.8924240263,0.0833092561056,2441968650,0.00029633022230805015,0.725140261074,0.195482087897,0.0704745786824,0.000740417781378,0.00816265456544,283.143744003,372.864587355,343.990277914,0.6817654810646618,1.2554922689544308,0.228991806100352,44.63026188736843,3.9570088997081871,1.2738225353008641,0.0519009865236,3.00193645,0.30619663620861065
05123510,488.129328027,0.0560722757228,2.28466279425,0.585794934179,2.53673471357,1.09376148605,5.59361884298,0.472048052958,66.8591949289,0.118355238757,2556404543,0.00029068385690497739,0.996918463379,0.0,0.0030815366211,0.0,0.0,238.084579694,410.288783873,351.626921857,0.6488390026491943,1.4534887340390943,0.22832632803394493,40.07207940052632,1.0979905389359552,0.27917803285290882,0.0139151103519,0.3697730078947369,0.6604690249558015
05124000,569.553653604,0.141734268434,3.18468705257,0.766107239184,4.23094290278,1.61397738496,8.28956633133,0.607994066253,72.6556342597,0.112977487763,43609798669,0.00028971539706238299,0.887127813153,0.025157592889,0.0817569916908,0.00118486688909,0.00477273537768,300.826517115,329.135054263,370.038004941,0.6651649383334896,1.4514933550825928,0.2298526554045868,41.977972815263165,3.0671766778841913,1.7141203369483307,0.0475285719457,1.9436059078947368,0.4751121959060265
05245100,423.073545077,0.0273666108889,3.69294176682,0.847155261493,4.3309829502,1.13928733305,1.85690397822,0.652952639491,93.2486651047,0.0930396475675,1289772269,0.00020783599492234516,0.639011465957,0.167231870224,0.112403636282,0.00579996539,0.0755530621473,182.400560094,559.468755843,258.131042086,0.6533883189506912,0.9929581500996165,0.18119809691369573,40.10479840052631,1.7622568481775129,0.21360483123108004,0.0198567119873,1.610072939473684,0.10196445823188505
05267000,410.888985264,0.0707431521926,4.28267914132,0.86336406652,5.1432516669,1.19269774005,1.39212651791,1.12288298222,93.9730923693,0.257629233403,34309482956,0.00023517143890649684,0.137858678203,0.785716305561,0.0264843603799,0.00336501204852,0.0465756438078,161.896064228,583.796510046,254.307322604,0.6312059649835055,0.9700996873136208,0.19086461026678106,43.426908633684214,1.3684675369154693,0.19146563266315009,0.0156734319389,1.1335301026315792,0.07614160376780531
05270500,380.199126866,0.0647285488848,3.83124346437,0.797464330169,5.74575871647,1.11137152347,2.76087404127,0.721991757151,98.3178189742,0.0536175411203,2540324340,0.00021093888224250608,0.891416934568,0.0671688588862,0.0236034122239,0.00329382071157,0.0145169736105,196.712258919,513.655840645,289.631867458,0.6376965619613724,0.9742259054648759,0.1740981127935736,38.45540639105264,1.004736310665618,0.085919136395244122,0.0110010993508,0.7372845736842105,0.152967506782613
05270700,405.756547403,0.0784599294196,4.23617495334,0.855744784207,5.18847447196,1.18639296879,1.57018576116,1.09113631347,94.0365494788,0.244876771182,39253276182,0.00023553426110715475,0.21791402727,0.710410030916,0.025537891301,0.00433525256129,0.0418027979519,161.484340615,583.749207253,254.766328518,0.6310361171932839,0.9695833925646211,0.18874695226195842,42.85212428052632,1.2984542342766916,0.17513581010321924,0.0148032413419,1.0652299394736842,0.07844041969499793
05290000,427.548641402,0.210571150459,3.99756465985,0.777519937956,7.89172180246,1.68957462835,5.88440661384,0.771221800323,84.3624012248,0.0558983994796,1182453854,0.00025020688997762669,0.919775037334,0.00410559148984,0.0631853118164,0.00152380314473,0.0114102562151,301.978326076,295.301221544,402.717783531,0.6099151698185469,1.1456483054070903,0.2010474549417346,34.93203029263158,2.5861823848320435,0.46842911370258655,0.0309859447263,1.6604023263157894,0.4157912799854578
05291000,422.454472004,0.213037839971,3.60393637775,0.688732284159,5.60283627346,1.20323624161,4.59936824984,0.546540816589,87.2749322415,0.0212941771985,991198855.5,0.00033393488809536854,0.97256074583,0.0,0.0264730960374,0.000597492529073,0.000368665603045,293.718742078,295.848498627,410.43448501,0.5845328933412609,1.1729927329800747,0.19987283409929973,35.567382121578945,0.99072533596743295,0.067828825554436784,0.0110923154059,0.6985893131578947,0.27505299596500005
05293000,399.36163581,0.227096147383,3.43793320191,0.710502555298,4.58440294307,1.20425328651,3.99046355467,0.444165801463,86.893496213,0.0185523890476,888373317.4,0.00035354761541825011,0.988016557392,0.0,0.00953691171822,0.000393065832449,0.00205346505766,291.600192695,296.24661971,412.151852574,0.5886744282232738,1.1588628333179958,0.19138435830704364,35.720492396315784,1.2381085694038885,0.085152031829385966,0.0136725688168,0.6260197342105264,0.35753124529516395
05294000,381.896054386,0.103428685629,3.87932659541,0.915307348263,5.51908737369,1.10617503373,1.74246302772,0.914514994298,92.6095860168,0.0739627716948,3443989565,0.00021156697813100409,0.784635735561,0.0864492050326,0.0768584299048,0.000678130335867,0.0513784991656,267.61973412,400.252672556,332.126534612,0.6550933212477072,1.0590048966542136,0.17693405543693771,38.76832387368421,3.2170266943208246,0.36324758484259734,0.0361747865589,2.5473211736842107,0.20363362926294146
05300000,417.686195446,0.229935037235,3.43798623753,0.658808843216,4.42420427139,1.17544033145,3.50276554549,0.53490860822,89.8238525847,0.0256618200101,1888449221,0.00028417975249680512,0.88936743537,0.0,0.106737417622,0.0,0.00389514700808,298.881117901,297.178302165,403.941411056,0.5908203316113843,1.1266962408525634,0.1935558022053117,34.76138476999999,1.4048947538197871,0.36344288903456001,0.0176405523366,0.7500926736842105,0.3280651632558126
05301000,385.376516028,0.199348034941,3.57520692102,0.813940917506,5.23877535191,1.37455512126,3.26303348301,0.805546796956,89.3520626814,0.0580732915235,10861640864,0.00026108861653648314,0.883979609035,0.0278584332313,0.0580886643407,0.000615073213019,0.0294582201805,289.505476659,324.703309433,385.790628221,0.6145547823215243,1.1266614574920675,0.18624742664253618,36.55479794157894,2.4605070733936878,0.40605210240410938,0.0287783218943,1.703828589473684,0.25400169813518547
05304500,354.758466855,0.098620683287,3.33082940679,0.832459505935,4.32281515407,1.29674310537,2.16877930196,0.668846302775,93.8134077411,0.0292181828344,5123975982,0.00023510565922233077,0.904128746622,0.017546106085,0.0426821053571,0.00256216639099,0.0330808755453,300.51636148,312.861388809,386.623501906,0.6502209508789258,1.0415533804800972,0.1703378949487002,35.572466244210524,1.8692595519263939,0.34597099980927976,0.0220699869698,1.5147655552631578,0.16532347577385498
05311000,373.468163741,0.181363769552,3.49150827522,0.817520809086,4.89735320163,1.36725269085,2.89819448951,0.807884415623,90.7369293837,0.0544282492052,16527380896,0.00025455022021851571,0.893850153052,0.0237701188283,0.0514523696931,0.00131161331596,0.0296157451103,291.877509854,322.668048311,385.454430896,0.6261117798599819,1.0989101401486931,0.17963600695106055,36.22496962947369,2.2188923063484869,0.4049397578268002,0.0262633938419,1.613414897368421,0.22189542817565258
05315000,512.337371829,0.0669089649774,3.38185602131,0.737416586137,6.15202179353,0.996619970449,2.41723302375,0.920582034167,92.9926053832,0.00990589478426,536697878.2,0.00023515970348070005,0.990852963271,0.0,0.00364372333861,0.0,0.00550331339039,309.082325336,300.357856204,390.561267406,0.5931577381065006,1.0628143629562266,0.19667519367030967,33.78178024210526,1.3794339934601476,0.38952759583248192,0.0170322580645,0.7980486157894736,0.29534706030947366
05316500,424.00106751,0.213874772946,3.08757710959,0.710221369685,4.58443725287,1.17759700671,2.35328871418,0.77065394436,91.9010560005,0.0135262709996,2061705496,0.00022481069740788433,0.989049442737,0.0,0.00244417660409,0.00298417418567,0.0055222064729,300.952674524,302.573516266,396.474582407,0.5878811066217704,1.0843224661954927,0.19073665347216717,33.36520699421053,1.0363291665606211,0.32618327654771173,0.0134665175819,0.5398242657894737,0.3573640922912642
05316580,374.380771975,0.199052665932,3.36286423202,0.810216606795,4.58883398063,1.38965375594,2.83416825117,0.77153017576,91.1662645325,0.0461608282739,25111925104,0.00026149426170346942,0.926028656851,0.0158530782408,0.0360991608908,0.00152167817972,0.0204974258379,293.646310319,310.815005938,395.538521843,0.6195795935784921,1.0913424104885405,0.18012075010143996,35.46089812157895,1.7843443461858524,0.38160603244688807,0.0216093611849,1.2517097184210526,0.22097272053418487
05316770,370.632801304,0.200217062487,3.37466321463,0.826265768718,4.59022528227,1.43154941774,2.82827295281,0.798679185167,91.3936765667,0.0459658233664,26580971903,0.00026177093215525677,0.928619227652,0.0160774881037,0.0343047110584,0.00163396236381,0.0193646108225,294.625562967,309.209459795,396.164976399,0.6189246663290177,1.0871068400304909,0.17833067421880852,35.43682947842105,1.7312702390226438,0.48823182023857992,0.0221032877499,1.2586164736842105,0.22364550361379226
05317000,367.222096773,0.148724759929,3.22783235396,0.73437145784,4.48739604899,1.1689730123,2.40371687371,0.507428780844,93.5125950783,0.0146723649419,3458362781,0.00025812959850374733,0.996680162533,5.30882529749e-05,0.00136754298717,0.00110340290497,0.000795803321555,288.862644469,343.645099942,367.492425534,0.5796123630934977,1.0578269441504708,0.1839481013112001,32.88927812352632,0.55061618224010911,0.10414665314053193,0.00656874215533,0.272695305263158,0.28387700158509155
05317200,335.617213761,0.119000583002,3.12531750663,0.762375325325,4.08767655387,1.36740407086,2.43452609006,0.641649779285,95.7194391517,0.00619615485366,616112455.6,0.00020590493921803795,0.998886819327,0.0,0.00111318067273,0.0,0.0,245.111109492,426.912263416,327.978146978,0.5817677768683343,1.0160409486719382,0.17458208757286858,32.492554556315795,0.45071800724486361,0.045100255144100515,0.00502380295196,0.2020558894736842,0.3038739755393785
05319500,345.627378784,0.109107900264,3.02117119736,0.697181424237,3.46581792897,1.03592623489,2.16149932578,0.375827622721,96.3312061701,0.00389556839215,2079664305,0.0002558377604213076,0.9951705706,0.0,0.00164616034398,0.0012848186281,0.00189845042824,281.457262259,342.891276324,375.651722115,0.574993143580794,1.0014582896914108,0.17703339125365977,33.10022396473685,0.55328891962932381,0.077933359670471977,0.00644520333729,0.2864712315789473,0.2840666995433284
05320000,350.699115243,0.0872258630191,3.17322392822,0.722920562498,3.34773855714,1.08231327794,2.37600777005,0.54876926576,97.1669054802,0.0105490913903,6441421173,0.0002631455471115562,0.994936678794,0.0,0.00159336943704,0.00153790050802,0.00193205126056,289.141414647,314.946963846,395.911351417,0.5673811415838463,0.98215581173764,0.171480169893973,32.60836176421053,0.71596385034348742,0.088792962261994346,0.00810256738248,0.315590294736842,0.35326853570670474
05320500,336.219661256,0.0783223238544,3.20112608716,0.805178182818,4.18445747015,1.11343560628,2.83517408921,0.730491123925,98.724733629,0.00833144090939,3271123923,0.00025058432286974433,0.991161854473,0.000116932162288,0.00196501059543,0.000984431239211,0.00577177153051,335.289989884,235.25516578,429.457841271,0.5797167923602238,0.9374322077630687,0.16821889413658062,34.30879588684211,0.56905657391137232,0.084061521584067642,0.00664494380818,0.26165800526315797,0.3548595818189396
05325000,362.422180516,0.180196060141,3.32297891037,0.814700719791,4.38962854172,1.39349880788,2.73430179167,0.773923080637,93.2326382874,0.0469862456079,41187014970,0.00026362788017776786,0.951512501649,0.010561973626,0.0228033270836,0.0017117201413,0.0134104774999,295.299502588,309.548666428,395.152074881,0.6022614049372935,1.0507226876195754,0.1769254690709773,34.61956330315789,1.3535547914597814,0.36698631220318223,0.0171254263245,0.9258574578947366,0.22472595854688798
05449500,372.245122876,0.0216239930894,3.40484248915,0.650729273492,3.473957112,1.07586210191,2.70044187874,0.322985359592,99.8012009943,0.00535103978688,1183910397,0.00019457554924784122,0.998702321529,0.0,0.000317767780172,0.0,0.000979910690529,223.79747939,414.495151991,361.709541391,0.5499087440259034,0.9224151540266278,0.15691103869544568,29.452381180578946,0.62970219761365565,0.11046627617165515,0.00777781726535,0.3208059789473684,0.41013356567248327
05451210,347.583855234,0.0337176867306,3.81042451453,0.702463434461,4.44406034701,1.21402086295,2.50778291578,0.721784644616,99.7579082963,0.00185680887254,551464539.1,0.00022805840152759614,1.0,0.0,0.0,0.0,0.0,305.629475675,321.3469495,373.022698909,0.537780576727707,0.9141144310158628,0.14048828983115516,25.50401705073684,0.18263422365145243,0.017484564492289918,0.00202830728537,0.08840587894736841,0.32008927921535535
05457000,383.80554602,0.0338753377074,3.14927516411,0.667039689774,3.97392234293,0.933500326673,4.43985250143,0.473799351186,100.466714083,0.00373477643415,1091565057,0.00020161024647703129,0.98039259338,0.0,0.00172327501408,0.0135594534003,0.00432467820519,254.090939995,359.366768377,386.541640415,0.5641313949954361,0.8830104233884791,0.17342883509515192,35.474376324210525,0.21264152651937063,0.055167948911857896,0.00275513948747,0.1084871263157895,0.3890063859538704
05457700,369.651376373,0.0571513606598,2.9899524565,0.693407554489,3.87996004015,0.981951278244,4.58252612492,0.477940547848,100.472414193,0.00283364694193,2914874593,0.000244714526752856,0.991809079423,6.45319059329e-05,0.000645319059329,0.00586159666138,0.00161947295032,259.402198611,361.234537053,379.36236066,0.5504722661497752,0.8824160486501366,0.16780264066386166,33.87085070789474,0.13839055942662079,0.040386467038201292,0.00182742405079,0.08295602368421051,0.3823623436127596
05459500,375.137073001,0.0336688156896,3.85668056661,0.692782933189,4.79038310813,0.940020963753,3.3753354905,0.479547583772,100.351214126,0.00527914743528,1415379886,0.00019786874634226086,0.987882834333,0.000809464310127,0.00294980748993,0.00122278072928,0.00713511313742,223.881847441,435.583253536,340.535013132,0.5631465505482526,0.8958127316623807,0.16266821619180705,32.33478378947368,0.59459763232981888,0.24091082072291847,0.00842166544349,0.347545844736842,0.4517855004198443
05470000,331.594455898,0.0617247811878,3.58956897356,0.673409781775,3.92583880648,0.996829013448,1.88842539468,0.462439372611,99.3195794926,0.00324177175132,889740791.8,0.00024818860537067372,0.997969950822,0.0,0.00110959838001,0.000920450798365,0.0,292.451279036,330.075594591,377.472857986,0.5406553241473766,0.9355313377577495,0.13539776305796664,24.662936635526318,0.17349045230720236,0.035072459410186128,0.00210929934022,0.11844100526315787,0.22371174656185686
05470500,323.489068984,0.0505375914458,4.0755447141,0.671601092431,4.8713611406,0.973549047724,2.12082417868,0.566328495499,98.8182915204,0.00229235666913,560247155.8,0.00023033718519111093,0.993129129631,0.0,0.0,0.00687087036915,0.0,290.460459365,313.68502943,395.853407241,0.5412951918386575,0.9404914320493404,0.12908479999662037,24.35265370210526,0.10514033053392027,0.017992764897898715,0.00129381082827,0.06259498421052631,0.3453253959313884
05471000,327.134215168,0.0616939934804,3.87015716233,0.687023275303,4.3352089544,1.00836613301,1.97511035223,0.532345367586,99.1049648338,0.00385254156776,1535556188,0.00024436590167724309,0.987744674267,0.0,0.000642950374429,0.0116123753588,0.0,291.364148889,322.683081418,385.952211458,0.5401227851501946,0.9376894760920399,0.13176963427490998,24.513167098,0.1515578857613526,0.029911989506175206,0.00185404001484,0.1000686394736842,0.23894723849843752
05471200,308.25374416,0.0676475751645,4.33722140154,0.642495379883,5.03528264622,1.04728703544,2.5652476571,0.562725534049,99.3516725177,0.00220364405128,771937380.2,0.00022054577084547631,0.997947950224,0.0,0.0,0.0020520497762,0.0,321.064292564,291.610683067,387.330730368,0.5166771295458211,0.9287228720429199,0.12983398982692926,24.438142517578946,0.12592999898279747,0.0042014517244048054,0.00137513001849,0.06975158421052631,0.27315428812537274
05476000,466.395832738,0.0704017399172,3.03489806776,0.725982663262,4.56350028175,1.07564030808,3.52043050078,0.496032781051,94.8834051238,0.00998147341542,3429934151,0.00023676398595405749,0.982022332161,0.0,0.00348648099741,0.00181133275571,0.0126798540858,326.417858984,262.452125946,411.131538591,0.5800196843190194,1.0430293123045853,0.1873194026751014,33.74103615947368,0.98102057424409561,0.35346590153915347,0.0133958098003,0.5796422315789473,0.32426623131590243
05476590,451.547505807,0.0882923292741,3.0817422539,0.739472739207,4.72826160174,1.08828226877,3.42451268361,0.536836924249,95.3779905565,0.0136047659605,4567754189,0.00023074238699960324,0.984219299542,0.0,0.00327274518497,0.00176661248214,0.010741342791,310.381757718,284.554255469,405.065885653,0.5750073691797941,1.030788783684209,0.1824967916252821,33.400735866842105,0.9615194357233936,0.32853433269328497,0.0129294752927,0.5579794421052632,0.3303606295837813
05476750,429.551312594,0.118661385448,3.05984394832,0.716115178041,4.30626826901,1.11153536968,3.16692817345,0.537155851355,96.0152116676,0.0160595858556,6222155203,0.00023790342873145713,0.987615550945,0.0,0.00253171001875,0.0015941253566,0.00825861367939,288.850806657,316.37794558,394.773134472,0.5737570849547599,1.0125426572891096,0.17355442216419714,32.084542936842105,0.88580393440882443,0.3012505380802849,0.011881753854,0.4917788052631579,0.35504668845599596
05478265,375.275190609,0.0531875009968,3.02261564762,0.658152364045,3.0872045314,0.987595471712,2.24022745916,0.316868081875,97.6003106378,0.0106546971279,1900475042,0.00025366096998638403,0.992491325672,0.0,0.00231804747948,0.0,0.00519062684834,274.61082792,333.815804557,391.572828239,0.5598809522245787,0.9730099154439051,0.16924162404812781,30.99314173,0.89294129474375405,0.15183691850706046,0.010512507818,0.342919802631579,0.6301685733063996
05479000,366.755357407,0.0574903331514,3.04290280081,0.669843372354,3.27852038037,1.07654429427,2.27402373536,0.352719038981,97.7550206766,0.00878129419939,3024678140,0.00024652970934394615,0.994516466223,0.0,0.00145650321993,0.00076559403164,0.00326143652577,260.079604979,364.821696519,375.098444764,0.5606877604367282,0.9670341974989239,0.16147538984456428,29.78494703894737,0.68297508298993093,0.16782402111406794,0.00851509515217,0.2715731157894737,0.6283882166383283
05480500,400.852283331,0.130183581352,3.11363988004,0.704978540098,3.89118764437,1.14157715407,2.81374083957,0.535221786819,96.8124061781,0.0160127560072,11003243717,0.00024319299493752008,0.991342527074,0.0,0.00183201926017,0.00125880776918,0.00556664589647,279.857515127,331.329191123,388.814482882,0.5690344444522732,0.9913763927439457,0.1679633423114066,30.51399918157895,0.72962937446940357,0.22341608497753246,0.00952062145416,0.3686989789473684,0.3736531567062293
05480820,353.788149783,0.0312977450293,3.00377318551,0.605374775093,2.88483779731,1.0656200615,2.29093372354,0.255310794174,98.7932695178,0.00411526448632,1238363886,0.00020125070170079658,1.0,0.0,0.0,0.0,0.0,246.360487018,388.186685285,365.453584526,0.5514218388612374,0.9495643519837422,0.1533850878119681,27.685788013684213,0.19210615976312631,0.06533308233653605,0.00255805344449,0.08592908157894737,0.4593806722784153
05481000,349.775952856,0.0362929627973,2.9709590164,0.633584689502,3.05294895226,1.04969259881,2.0655111287,0.34519274368,98.9109699336,0.00363054858454,2258677256,0.0002265491337257127,0.998175018877,0.0,0.000262191611064,0.00156278951154,0.0,242.231312394,395.644851408,362.124882016,0.5506159605446286,0.9484040112497117,0.14835372435560581,27.08029189789474,0.19982436356057592,0.058949933627586507,0.00257835978442,0.10494424210526317,0.3410344316871838
05481300,387.842674148,0.133926390699,3.1642729375,0.757146832944,3.92376065963,1.28094345836,2.7089662292,0.670509992104,97.2651012212,0.0164691880971,14332299659,0.00024033181215492847,0.990898596698,0.00115587030717,0.00166589250714,0.00196429505506,0.00431534543266,275.083038379,339.954412323,384.963478517,0.5654392285365635,0.9808748332420872,0.1625511576970431,29.617289731578946,0.6281201801940961,0.21473096460269628,0.00841754671933,0.33374487631578953,0.3435554445655359
05AB002,1280.93121516,0.174621034789,13.2235178898,0.885519613274,41.2064640887,1.17577589867,36.537130513,1.04932649988,85.5549627273,0.170055646178,2294492621,0.00025193517308822648,0.170037258973,0.238389568272,0.590762410603,0.000533055522106,0.000277706629618,292.271190529,320.854228983,386.872571041,0.6558218806278129,1.1858014888596478,0.2787187371961883,36.06709935368421,0.29435112711510197,0.37644854076474671,0.00676991606847,0.3401767184210526,0.5293788899635422
05AB005,1366.932045,0.118159319,17.429827524,0.600477536619,57.8160287803,0.825327603252,48.7201607934,0.751358357045,92.4566971226,0.0998738852997,437784442.3,0.00020658982965185906,0.000273424570795,0.331071927109,0.66865464832,0.0,0.0,280.336176974,323.803047724,395.859140087,0.6350097679882242,1.2158906670498528,0.29368866110145214,38.019000103684206,0.032836983112001901,0.0010011275339010207,0.000338388469964,0.01426901842105263,0.8718453565554443
05AB013,1382.458413,0.0999894,16.4132479104,0.695009321249,50.8151565202,0.934843435628,45.6357097774,0.820069765974,94.9520919372,0.0725248336152,254142116,0.00019708061939344547,0.0283820295541,0.267630321852,0.703987648594,0.0,0.0,280.719785938,317.706005064,401.568989979,0.4968441942751515,1.4450847894533314,0.3187773005828758,37.08273221157895,0.021729194794253191,0.0010347235616304299,0.000227641154761,0.013905355263157892,0.4739891268142726
05AB021,1356.765327,0.161448669886,15.201004095,0.821564343293,47.2948648547,1.10515491659,42.1732782225,1.01709775694,90.8905357698,0.142548180434,1173289916,0.00023393850414043003,0.105854874588,0.331816368797,0.561785686891,0.0,0.00054306972463,284.644143117,317.743393025,397.610841175,0.6953769401973297,1.0374319871377253,0.2851197206122011,40.917217619999995,0.21314549552279735,0.56958333609039435,0.00788906893298,0.4214777473684211,0.6447455139699494
05AB029,1254.166707,0.133287647,13.3555394873,0.823447176638,42.5432756063,1.0735117831,35.6488696069,0.989518915659,86.2861742177,0.10023165547,127875876.3,0.00018007045103816244,0.0102943349494,0.0995165954812,0.890189069569,0.0,0.0,291.26222259,318.040737626,390.691507761,0.568375334181446,1.4355182849133528,0.29360536367770196,30.709734201578947,0.078829531039787917,0.0,0.000966488220496,0.03627487631578946,0.7240370764255503
05AB041,1450.725697,0.126779704,18.4856215249,0.691715439152,56.7063195696,0.994986739659,51.6977689397,0.904864021129,98.1555403296,0.0574183864896,826297177.9,0.00023140340350610001,0.000726486929226,0.470226561538,0.52885307646,0.0,0.000193875072567,275.368062427,318.565958475,406.065685713,0.7073398084566697,0.9624784971523792,0.29910781913150936,45.99350480578947,0.10831016014224777,0.0075318524682617708,0.00115945288251,0.09106955789473686,0.1630498107803627
05AB046,1262.194354,0.179587976,12.6957959449,0.911919931082,39.4343479109,1.21220592487,34.9797120755,1.07307745996,83.8874319722,0.181584502525,2481937236,0.00025309025293296697,0.17891485484,0.22038652304,0.598329268372,0.00178771257643,0.000581641170912,293.821460162,321.320927214,384.85546253,0.6492663158117405,1.2835004356748954,0.27512891469783796,35.21507050894737,0.30634327328888522,0.37277533428229415,0.00684340065838,0.33681111842105266,0.5280110501779985
05AC003,1052.55502913,0.0929793618183,3.93041720928,1.08823087925,10.6728018447,1.58575366675,13.3686229909,0.713037274121,66.3800510944,0.192226789212,2778599145,0.00027812896283269296,0.877699594081,0.000521164662121,0.117635512529,0.0011356142358,0.00300811449168,302.826609907,328.976843716,368.197080587,0.6983603001979779,1.4872671289523187,0.23423126777338832,30.13548465789474,0.55834490428442041,0.59560154770813822,0.0115485090694,0.5190795421052632,0.6723009081485195
05AC012,1019.47983284,0.089027606195,3.60842861142,1.08373165704,9.56096538088,1.5763836126,13.1010170404,0.608009897364,63.0256362467,0.177241652439,4497481218,0.00027417700160294533,0.878644488509,0.000321982306382,0.114824413583,0.0026214842844,0.00358763131685,304.966786912,328.647159863,366.386001528,0.6772677361049945,1.5931567887539404,0.2336257748446589,29.60673400894737,0.62625055724272227,0.76215386658077156,0.0139247720069,0.622708244736842,0.601887776060735
05AC030,990.68019,0.041756976,3.43913361085,0.66211927233,10.1389570588,0.998606451816,16.4634892093,0.253487731293,60.1359993264,0.0364380353992,398092769.4,0.00018683240823779492,0.988408896686,0.0,0.00990907076745,0.00168203254643,0.0,299.174619066,327.622973152,373.206408434,0.7022705469149233,1.5053636199871463,0.23161175701923745,32.52955203526315,0.53285715516952925,0.54320603380190147,0.0108590590137,0.5265904342105263,0.5222332369878702
05AC031,1143.884744,0.098877493,6.23264352411,0.957777535837,20.0457683924,1.22843488398,16.4845983697,0.910779859126,80.5678147481,0.143381615041,957785793.5,0.00025087482000353388,0.787279246907,0.00151287636323,0.210217459533,0.0009904171968,0.0,310.514088949,301.830563245,387.658590489,0.707054690437174,1.248203580312658,0.24900943101347808,30.60553469894737,0.32571617220172988,0.094264584818116351,0.00430597400125,0.20123366315789476,0.5535926303056765
05AC941,1078.80480924,0.0946677442734,4.41349606595,1.08100914079,12.673776094,1.51085053813,14.2916324732,0.76290353637,68.8153994589,0.203548066348,1999208666,0.00026376422758578083,0.880045162011,0.000724789045871,0.114107456053,0.00149909784022,0.00362349504983,305.207151779,323.029435475,371.764465876,0.7152207652513435,1.416316538718918,0.23463891420745484,31.213438355789478,0.4919864729267992,0.55030052773394011,0.0104277696201,0.4753945736842105,0.6887407121223279
05AD002,1353.7527852,0.257855307564,14.9964408074,1.87165473819,55.3070708373,2.31741041617,37.8717748748,1.75737176457,80.3393113296,0.216543135604,1224924958,0.00025413408179154114,0.686039223697,0.166235231964,0.127256949675,0.0192929565315,0.0011756381327,311.598766762,287.260368276,401.143802366,0.3241565672504183,1.2017068998581366,0.34795322769692144,45.538543047894734,1.0542932614099154,0.33261081103877516,0.013886831554,0.9038187605263159,0.1549552220262173
05AD007,1379.31259457,0.263842366019,16.6473245109,1.36935213144,59.5097675991,1.78590116184,49.3056056187,1.42534221702,83.2046073193,0.256842498194,16755689639,0.00026210031779549481,0.364952480746,0.262222985184,0.359518079382,0.00949267855748,0.00381377613092,289.407206547,330.010582572,380.582539244,0.3944453280363431,1.1878832584741226,0.33913647754537557,44.23384793578948,0.5321530771080204,0.45810792848525017,0.00980054576286,0.6168069394736841,0.22264521549779728
05AD028,1567.21796736,0.23578078444,27.2557093925,1.2285841843,106.534402075,1.54094348297,79.4775720185,1.33115510405,98.71496885,0.075519155481,1619942447,0.00027665775091712186,0.380715073432,0.302874238523,0.29537238431,0.0128319874664,0.00820631626902,269.66219702,355.618958843,374.719406884,0.24842382500181315,0.9512402422085149,0.4140502433402381,55.93649211157895,0.84379640354622976,0.16157342958762144,0.010264288242,0.6903306342105262,0.1545723307401004
05AD035,1040.538347,0.044042064,3.86633321725,0.690384702322,8.70484885116,1.10158224695,11.2999068467,0.366846418314,54.0005343414,0.0293145214024,250816593.7,0.00028550373102256349,0.964609168676,0.0,0.0353908313239,0.0,0.0,353.253864657,231.927786737,414.828465381,0.4928817058089758,1.6292678446528375,0.26015223602969356,31.073702296315794,0.29006915660582938,0.36066430074381373,0.00654254928755,0.3419810131578947,0.6057875713026428
05AE005,1309.351436,0.052896954,6.60067108272,0.837399265257,19.6205185975,1.33126119716,19.3168989316,0.851193556539,74.7389248628,0.12425989692,253668118.6,0.00022310783109189653,0.956161419069,0.0,0.0438385809313,0.0,0.0,306.157078666,313.659480163,380.183794482,0.38190308500978287,1.3710352883571557,0.3342891665641539,38.426866070526316,1.303077871933803,0.39496632395107378,0.0177781617139,1.1244862368421054,0.2647468978732485
05AE006,1383.81288061,0.262149901115,14.9292077615,1.66393162417,57.1903934412,2.10723117154,41.2030910321,1.52541054131,80.5092109304,0.328403432954,3494169553,0.00026120289833483337,0.595517668767,0.144560488187,0.231253818471,0.016626382763,0.0120416418112,296.867005185,318.28701406,384.845375656,0.2798627688575067,1.2459485780947,0.3577224798742036,47.12555952368422,0.82476064949426264,0.30785846307731396,0.0113944926326,0.7762153947368421,0.15630620410042906
05AG003,807.964009707,0.0347889206951,2.9691500752,0.614044516051,4.01944154753,1.11276719569,11.8011934857,0.272827739488,52.6822454495,0.0314290095743,750216095.9,0.00021542994396386161,0.679752016545,0.0,0.318549335176,0.000848124529153,0.000850523749886,286.326883019,343.937152446,369.734665826,0.5922781693281209,1.9467276922668517,0.23469362942042737,25.621300523684212,1.6274711028797666,1.392738570345476,0.0298646795047,1.3308060921052631,0.2937977329832754
05AG006,1227.16043484,0.300092147787,12.122472336,1.61870895626,41.7254796516,2.14805548866,36.8053158939,1.62001494598,74.4141963064,0.294550862153,25527431925,0.00026486988730341839,0.526182113013,0.172175081034,0.289753023294,0.00775776235447,0.00413202030514,293.437941533,329.167788608,377.394617582,0.45878037686699463,1.3526981798690785,0.3033498030838936,38.558952211578934,0.63011255648082365,0.51668446729369832,0.011379850089,0.6346775342105262,0.2719278437272325
05AH001,907.62024294,0.108372055673,5.37428794834,0.754020792193,17.5421820852,0.978596868601,18.5922122397,0.395018027548,68.3466120156,0.0587457054657,259746016.6,0.00023718392717548992,0.623386973817,0.0,0.376613026183,0.0,0.0,295.536547838,315.15078422,389.312304855,0.5708452432363352,1.666552266418329,0.26270947436752506,26.92352042,0.35062782424864541,0.081329456827669636,0.00447163800319,0.22111295526315788,0.3964468187589099
05AH002,1037.834221,0.14655144,5.81519525125,0.850924813815,20.6713983967,1.0558178722,20.5920692172,0.629000337964,67.2919412219,0.0390266116054,487369076.6,0.00028023567454790504,0.831337961193,0.0242713336768,0.144130318761,0.0,0.000260386369051,294.153895114,325.155514952,380.686504706,0.5909336292413324,1.314632799779471,0.2686192884645098,32.156037424736844,0.47787389835199617,0.081114462987166916,0.00566402561312,0.3063000500000001,0.2873127100861844
05AH005,921.6339857,0.097929174,3.62912458167,0.962577366959,9.31845934032,1.4048407066,13.582859991,0.430732229912,58.5867913003,0.0649490587702,8547736546,0.00026464055173879784,0.57352344269,0.0,0.420279440412,0.00253793611169,0.00365918078699,284.9382753,324.437818986,390.623372431,0.495776705674993,1.8104484347990262,0.2616494558599958,31.208679037368423,1.2730554928363611,1.1826796485739921,0.0252151941934,1.0095708,0.5146916734975675
05AH037,1056.993656,0.108009872,5.51885020932,0.816135641292,18.3669159172,1.24084344851,19.3526261818,0.662100506284,64.4695027114,0.06721700813,218882395.4,0.00023376646717029011,0.942498488966,0.027959261711,0.0295422493226,0.0,0.0,303.876235743,332.248923787,363.870974738,0.5629189294819043,1.4478057554516872,0.2740373733230452,36.67093641736842,0.75688639105766486,0.012014069699338849,0.0076887959826,0.3682107131578947,0.4760674698584909
05AH041,1040.776963,0.082401497,5.41797010439,0.741748916083,17.3648400693,1.00169400377,15.2216571313,0.563292234581,66.4929473105,0.0929547212437,431143732.6,0.00028239735301213031,0.124211726051,0.0,0.875788273949,0.0,0.0,297.271191748,332.198016974,370.530691301,0.542906885614349,1.7629761797722996,0.2779376150917484,38.59356579526315,0.6906423329061403,0.042288373636888935,0.00747495979948,0.4211679763157895,0.3984233892674451
05AH047,793.1355818,0.023337216,3.92541668304,0.739525325253,9.39187671589,0.857797968616,15.15483016,0.286795483146,57.096108116,0.012966203609,89473323.95,0.00023095885457900554,0.31903358513,0.0,0.68096641487,0.0,0.0,301.105091335,300.915977629,397.977002988,0.5986708919617996,1.9287004291889325,0.23316376602820588,33.334298666315796,0.48102499715387931,0.18516033495330669,0.00672153635117,0.2746836157894737,0.7568904716735214
05AH050,953.328898517,0.178087931528,5.50450253307,0.850278108501,18.1838721913,1.09054720827,18.4717894677,0.606997870109,65.2782768685,0.0533623420561,767617245.2,0.00031322874389270365,0.611281050794,0.0154094712616,0.373144162914,0.0,0.000165315030654,293.610814859,325.45081193,380.93474099,0.5780542789072124,1.6469595113515585,0.260267220212066,29.361915861052633,0.50016018027949327,0.25887286043223662,0.00759055970528,0.3110589000000001,0.44134782415642093
05AH052,965.4663014,0.179077643,5.14360872152,0.903059815836,16.2112656452,1.19823885992,17.4820244558,0.646844981449,63.3254990041,0.0646988487602,824929752,0.00027595388400012316,0.613958050136,0.0342934570344,0.349406186656,0.0,0.00234230617335,293.942532196,334.003494972,372.051044174,0.5596204606880067,1.7174544918410688,0.2639159257405672,32.431805760526316,0.71809341732276533,0.15269314008467422,0.00868257746419,0.4089366526315789,0.38456210139200975
05AJ001,1247.44633233,0.375231089176,13.9568859505,1.65446871608,48.8041084572,2.12477836332,41.4201862371,1.60534806699,70.9502358603,0.276140551496,55112920098,0.00025862608070262598,0.45582667524,0.197192239305,0.317605970766,0.0226807716669,0.0066943430214,280.901616048,344.197983229,374.90029789,0.5593064994580011,1.2881855521484422,0.2883936101477231,41.872591584210525,0.70238628031805106,0.53940096833821327,0.0123587140429,0.7096259763157896,0.20920232312960352
05AK001,1166.19174736,0.383860491008,11.8638739833,1.76765154634,40.8291333964,2.29479380147,35.6584542472,1.68615303401,68.2014415032,0.267967187726,69969216967,0.00026165496931763966,0.445183334573,0.155776880444,0.374826263899,0.0184659247126,0.00574759637217,283.537360768,339.571032199,376.891315364,0.5568707611493554,1.411938047136265,0.27903466839847824,39.467720262631566,0.76975692696398212,0.60592040349809773,0.0136803386117,0.7209456684210526,0.26144537831073167
05BH004,1878.27202319,0.242308533328,36.9719048748,0.966774737938,140.42734158,1.22200747033,98.7480294672,0.995609087013,80.1362268114,0.196974002934,7780654502,0.00023250959469551104,0.0411892352074,0.496641149676,0.370100587377,0.0781844765084,0.0138845512318,224.852996575,410.530213091,364.616385357,0.5512116088409758,0.732470763136012,0.43334750419722634,67.45083683263158,0.45970261744283836,0.27675663521864663,0.00731362469314,0.5487771131578947,0.08438090076565966
05BM002,1653.03969283,0.293235326655,26.8261452415,1.16832390328,97.4929814236,1.47611011458,75.1298575945,1.18904862313,79.8830707255,0.190347068363,15422488795,0.00025145440056917751,0.224629136206,0.419688607874,0.282628593844,0.065618091539,0.0074355705365,248.511475603,380.210643784,371.277897052,0.6321697394854524,0.8649084108123333,0.35969324368181477,57.72444450421053,0.4691432921323303,0.21826248990783137,0.00706148347876,0.4498898131578948,0.17095740483057362
05BM004,1475.43050116,0.353909127954,21.0048911193,1.38128570317,75.7343399128,1.72390597642,60.2995800028,1.35359371939,74.3404306237,0.220721304082,20538124845,0.00025255913528078469,0.38312182378,0.315152996032,0.243941466335,0.0500557248332,0.00772798901954,260.52717606,368.588730979,370.883878774,0.6511073134341817,1.0061909701483838,0.3153498723001318,51.86077310578948,0.54023236159846721,0.286648070391059,0.00840417584008,0.5040222999999999,0.21036894323372457
05BM007,887.639993,0.0340131,3.31406340359,0.798715132738,11.2545621582,1.24035382284,15.5215957967,0.325109481406,54.9793384031,0.04191370136,130854068.7,0.0001663748171643468,1.0,0.0,0.0,0.0,0.0,305.529676936,306.74058457,387.729301907,0.7651646395368865,1.5286596913757189,0.220530753418216,39.16940789368421,0.72815198619101384,0.0033493651618817771,0.00729574917094,0.2107167210526316,1.0043829394835915
05BM008,894.460548242,0.0371870776951,3.31119671525,0.762121978102,10.6434777223,1.13459024217,16.1596907989,0.283587514791,56.0229179205,0.0576148392413,1084587833,0.00024823955899947494,0.994265907543,0.0,0.00573409245747,0.0,0.0,291.429252455,326.752403536,381.815785344,0.7559395583535892,1.6579846742049082,0.22290559164040946,36.53547364315789,0.70046073193193259,0.18911712388611585,0.00897345544711,0.45008925,0.38739123157354605
05BM014,1014.584093,0.039286696,3.09597144159,0.665168052627,8.71144590057,1.2420820065,14.4768357746,0.291458537227,57.8480058511,0.0288213342877,704984571,0.00024124457770169423,0.99845794649,0.0,0.000255306872478,0.00128674663729,0.0,297.41006339,339.02675665,363.564068993,0.7424487784341381,1.4985633518691104,0.22251791966222703,34.78948971526315,0.38407675292109728,0.086414160984188026,0.00484785638707,0.20842948157894736,0.5585438161196874
05BN006,833.6295834,0.055892088,2.85547317918,0.655925244207,4.75032886504,1.11797984672,12.7209847427,0.294983681688,53.3102609558,0.0536090262218,1445865796,0.00025916294421219423,0.773800475932,0.0,0.217542372301,0.00131338727558,0.00734376449161,287.252015892,350.639993261,362.107128196,0.6416151647686229,1.8228546844660232,0.23086365739876546,27.03285666263158,1.0572999748171075,1.1864312217411064,0.0226998253953,1.2180130657894739,0.19914375403133722
05BN012,1318.58543135,0.412079768965,16.9083206162,1.57562401074,59.925531509,1.981963388,49.2209932852,1.51687790308,69.6494342064,0.242345369882,26559252687,0.00025267389534327128,0.37312149194,0.243706611268,0.334496341509,0.039200780854,0.00947477442925,268.54608444,360.330272966,371.123198043,0.648842049644956,1.1667146775064385,0.28499847277877594,46.65781094368421,0.69448894683605789,0.49352884203548708,0.0119511290658,0.7180242289473684,0.17591082371420555
05CC001,938.290059778,0.0383890418506,4.72208100808,0.805192289743,12.5889945193,1.116371311,7.80669182375,0.716055045214,89.9771754934,0.0907287072002,1742938072,0.00023030896180580051,0.638990043996,0.191808501849,0.118633424907,0.00059643071076,0.0499715985376,284.498356897,341.125730472,374.376450183,0.7927918382213659,1.1379198794590957,0.2285162223072117,50.24396315315789,0.42808438229636264,0.21072292784555516,0.00641385428737,0.42298584473684214,0.12322211494507386
05CC002,1310.1081636,0.332165833554,12.8098848011,1.48348789374,40.7032524244,1.96665966712,34.9693643809,1.77538906811,90.0973254674,0.149708515795,11445547255,0.00026174985438106734,0.386220684841,0.432150372414,0.158401310201,0.0172548891329,0.00597274341163,276.320657163,373.828948826,349.850653583,0.7952696917024773,1.0009415180124763,0.2696777242712024,54.03625009368422,0.40639012551151182,0.21069272468994543,0.00608537320863,0.3562157184210526,0.12504111309755067
05CC011,930.3399283,0.036976441,3.74643048997,0.732745909689,8.77862264747,1.26537209529,10.579738536,0.437979729372,71.8533026933,0.0427864687412,462348527.8,0.00027618278760826391,0.945850715703,0.0,0.0136872166341,0.0394848264813,0.000977241181956,284.252384313,383.039399453,332.706429892,0.803507679187264,1.4624867293520336,0.22648629226709133,47.01491187368421,0.89504371377167502,0.43529344774838225,0.0125465424019,0.6227372421052632,0.3713644836868322
05CD004,1169.67824819,0.351454264177,10.0867979928,1.60655986006,30.7041611098,2.19601940322,27.072035732,1.93045554439,86.7674122657,0.154753827878,17025060830,0.00025861409582426465,0.518420481015,0.312042361083,0.139858983527,0.0138402923074,0.0158378820685,280.556885194,369.015873443,350.427733251,0.793484541612486,1.0707138490070054,0.24974419968569683,51.64850027,0.6751028323716104,0.38931824144208621,0.0105310660812,0.6457396894736842,0.1630996551052683
05CD006,884.4015777,0.036091507,3.86228750804,0.617682359794,9.97357876448,0.986278132669,15.0354510588,0.214971370387,75.7296629799,0.0353095981922,167946639.7,0.00014456517871137516,1.0,0.0,0.0,0.0,0.0,311.878653508,330.160966151,357.967539331,0.7887603517537847,1.212907843581862,0.2268916149347538,44.38842642210526,0.23486641576011463,0.1915466101863621,0.00419639548418,0.16524886842105266,0.5010735370301754
05CD007,863.9329091,0.037464611,4.76752909389,0.730242321879,11.5321392753,1.01571543237,11.8071059228,0.394551907395,82.715698748,0.0590899106464,483353462.3,0.00021218276858032029,0.961262596546,0.00645747525379,0.0322799282006,0.0,0.0,315.046441832,312.311347113,372.637192753,0.7821363254860341,1.2445499252062007,0.23058395743504692,45.81121687157895,0.48220668723171184,0.22360317614003805,0.00704377331527,0.4556747526315789,0.1889486001038004
05CD902,850.6396405,0.043317617,4.91838060728,0.69737642764,11.2792675081,1.01788534292,11.9169587794,0.405973711398,80.4613485709,0.0749679644643,813051868.1,0.00024346919790756825,0.930236651218,0.00566749723543,0.0609787280675,0.000733896614667,0.00238322686482,309.407093933,330.352419928,360.236172107,0.7820802020926717,1.229731265324135,0.22976831110950588,45.44591838210527,0.86873783539538474,1.6161887429150028,0.0243547726342,1.4138800394736841,0.34108920926113906
05CE001,1082.38608928,0.340084832507,8.42142366847,1.6652481999,25.3190887258,2.27463339717,24.566825696,1.78362213393,82.0669546837,0.174708975888,24557299229,0.00025649283871200543,0.649475461109,0.217369393023,0.112241464172,0.00960848966883,0.011305192028,291.173207686,356.484186076,352.34294354,0.7931050000644937,1.1612167014749126,0.24171576899734898,48.48742216947368,0.65164266048626096,0.37117096489590223,0.0101409512483,0.6049925,0.19349347779799178
05CE002,930.5567117,0.053441818,3.57543378466,0.923263750662,9.88891277759,1.18097126313,16.7358256318,0.31589184107,69.2741046397,0.110845974156,2303424455,0.00026548192020935357,0.999134522548,0.0,0.000396595762638,0.000140273772204,0.000328607917614,326.568050208,324.314699923,349.115125397,0.7967516264416513,1.3663478133996763,0.22507275036674956,41.40239337052631,0.45680593603340508,0.26310865059438293,0.007213419182,0.35024330526315794,0.42318590172843124
05CE005,969.9394659,0.068331469,3.10304989018,0.84165354587,8.24674088107,1.19073806431,14.7571560556,0.291550855969,65.9717544717,0.125230345538,3476912982,0.00028057140106794228,0.993400184817,0.0,0.0048210204256,0.000643234134637,0.0011355606232,305.830135634,326.057403184,368.111630028,0.7928285887714529,1.437026473705331,0.21760833973523064,37.60731770736842,0.76920543769232774,0.3584213466511616,0.011278267521,0.5596135263157894,0.4230741463834779
05CE006,1027.315334,0.037640233,3.53444895038,0.964986525097,11.0449599694,1.03606225624,13.5933692963,0.303650726275,69.7016532155,0.113382863074,708079512.4,0.00028208046161899442,0.998709902105,0.0,0.00042833792176,0.000861759973156,0.0,314.835216735,332.691648069,352.46719448,0.8119997172744252,1.1767236096560345,0.22312368726988155,39.47986678736843,0.5474146740176048,0.077247118178949817,0.00632087932765,0.27728040789473685,0.45683408568063305
05CE007,907.1560042,0.048007256,4.28078766737,0.689544960232,12.5083220617,0.933836123557,19.43989109,0.26465830768,70.1124299754,0.0960249495683,1055623867,0.00023746242436761705,0.995370508519,0.000349556446972,0.00427993503366,0.0,0.0,297.638314511,341.773883734,360.586690848,0.7958586701326518,1.4264149480101245,0.22615584106758818,42.30301959894737,0.38362994538018336,0.12139977925232347,0.0050377854669,0.31383402894736845,0.22011878105480007
05CE010,960.9039984,0.027711518,5.28273774872,0.582082424038,14.9923569775,0.794920737172,17.7388880762,0.278696602376,67.659741761,0.0266767812369,41651782.69,6.9799401345832816e-05,1.0,0.0,0.0,0.0,0.0,299.124087579,337.451184148,363.420134837,0.8032743047051738,1.2625412555830697,0.22824230428142675,46.81047177526315,0.016835891507235527,0.033671783014497463,0.000505093021298,0.010855076315789474,1.005969031843098
05CE011,910.3628752,0.038282654,4.68192899207,0.697134073835,16.2823506935,0.810186180375,21.2580291072,0.243042888155,65.88978684,0.0111033137319,55669868.6,0.0,1.0,0.0,0.0,0.0,0.0,293.138112196,336.793323039,370.069338448,0.7937157116488538,1.5884365123058621,0.22625186937182368,39.615384616315794,0.1149429632874302,0.0062982445636869311,0.00121225479392,0.031072836842105267,1.2879114830800544
05CE018,953.7035005,0.029127887,4.65370188048,0.640037241037,11.9157302768,0.919115367761,16.0646053877,0.296241964989,73.1168077171,0.0682005518919,194457982.8,0.00021496655374687125,0.975648140862,0.00189778791989,0.022454071218,0.0,0.0,293.342132894,349.997051742,356.660770189,0.8057274468533686,1.3650055681555053,0.22795174380233732,47.440011631052634,0.52965346245277733,0.43814737489706845,0.00965717480298,0.6840202184210527,0.19360803256190753
05CG004,914.6638159,0.058032658,3.94983020647,0.753360748755,11.491749092,1.03075204601,18.73461682,0.316233116023,66.2481174839,0.0299103793873,301524568.4,0.00021115922006970737,0.927994341261,0.0,0.0613358324106,0.0106698263281,0.0,288.45163374,333.851333819,377.690842192,0.7931836479276879,1.6210861220607007,0.23204969710277729,35.41561703473684,0.59827711572538489,0.39739787035810559,0.00988374966206,0.37387655000000003,0.6175672016166812
05CG006,986.4120723,0.042345079,3.50510803013,0.623694755305,11.35196317,0.938694582868,18.9749622972,0.254886793994,65.1160545923,0.0268545967299,114444065.8,0.00023170705354535128,0.893339415341,0.0,0.106660584659,0.0,0.0,327.920572094,291.28116029,380.795585283,0.7893047880875419,1.5463338221181513,0.23364918517814764,39.402883381052625,0.2703716504891221,0.21522502489406972,0.00490943208364,0.23863895000000002,0.5706869055095506
05CH007,758.7217778,0.052133727,2.87517015397,0.63319400131,3.96488060039,1.16819601753,12.0659021631,0.260146877018,59.3265612043,0.0675445161886,3788613805,0.00030770897687998008,0.0339970705041,0.0,0.966002929496,0.0,0.0,283.483203351,363.024669133,353.491916104,0.7405007773749913,1.6872592476428876,0.22756983123112706,37.16197886473684,1.1500043047828636,0.70909027126017155,0.0185575038991,0.8017252473684211,0.5826890306097202
05CH008,790.2427128,0.03374243,2.97571981238,0.636611198087,3.84118964879,1.08681151672,12.631238238,0.240159148476,63.1259560846,0.0475151806804,1546611312,0.00030012939716035078,0.0697518248855,0.0,0.930248175115,0.0,0.0,273.720807364,384.711187193,341.566758989,0.7661728837215593,1.7971543050719923,0.23302713924886728,39.14687746578948,1.2988419519160725,1.0106449223968352,0.0232685460899,1.1171073131578946,0.5368916593872592
05CJ006,749.496024,0.021884026,2.28912510193,0.652269796308,3.48786749364,1.08163900095,11.1874976167,0.278903313921,53.4251246183,0.0287962839372,578682776.9,0.00025253236069422441,0.673278691074,0.0,0.312880849806,0.0108589825342,0.00298147658522,282.922883834,362.170093489,354.905113532,0.6652449733279158,1.7484080066372063,0.2221574918643956,31.822537363684216,1.5710922148770616,0.45199953424562339,0.0203238055712,1.3222885894736844,0.1204915101336075
05CK001,761.0782507,0.046734026,3.22253880075,0.712531811783,6.03165280449,1.15265475013,13.9099401817,0.268334350679,56.7214897369,0.0182913740542,699438263.7,0.00029890055497315684,0.0,0.0,1.0,0.0,0.0,295.397383919,353.093954849,351.506765437,0.7234520906957003,1.825902771623726,0.2315877241536089,37.74310239210527,0.99406101868014574,0.5228470209192948,0.0151254438063,0.5568706210526316,0.6874039110184738
05CK004,962.650141756,0.323734802656,6.28985207419,1.74686822504,17.8820001122,2.49967389033,19.8285780546,1.67447182425,72.3197981321,0.222074214148,44382919223,0.0002675720476136089,0.525862418063,0.120271393373,0.341179304745,0.00581761167302,0.0068692721466,291.534104824,355.097796395,353.367786267,0.7751579031309423,1.3860985528942027,0.2304340330632515,42.55123911473684,0.83241876762454536,0.52540533203440598,0.0134512824668,0.7186185342105261,0.28274432612787365
05CK005,775.5668561,0.033769825,3.81517903132,0.836019541528,9.76606678265,1.14050914513,15.1276472276,0.317155821684,57.2418518833,0.0246577576899,575461985.9,0.00019327955820185524,0.00733671469705,0.0,0.992663285303,0.0,0.0,281.75903118,351.728551392,366.510432742,0.7137857833917223,2.0173342193596486,0.23570655327575066,35.633713188421055,0.5815660010504099,0.55765142217008634,0.0113272330385,0.41450101578947374,0.6564885007736744
05CK006,754.497211,0.033511115,3.47581586524,0.621787946618,7.90777296101,0.865141167794,14.9165048943,0.261187641744,58.1289739074,0.0179904618046,876788026.8,0.00020617682799295352,0.385315167716,0.0,0.614684832284,0.0,0.0,300.802389443,340.030175507,359.169971668,0.7197007758523323,1.7643754494795818,0.23118952169578305,36.68315169736842,1.1710901670754335,0.85927266399322444,0.020260509402,0.8247949,0.625486741634841
05EA001,715.186179374,0.0488472047464,3.81884842545,0.793952445521,6.62660856171,1.20778392986,4.05992006271,0.721917832634,88.9186837611,0.121445181074,3297455775,0.00026726145894018493,0.631733415943,0.259107192327,0.0719849556544,0.00924823306726,0.0279262030086,290.401311624,300.389581359,409.208737487,0.7872780594199449,1.256809929964897,0.22635252878114165,49.24212515421052,1.1253297293264442,0.56621366864278244,0.0167469571408,0.8520519157894736,0.2413945687948288
05EC002,656.581559,0.01211805,2.9023712513,0.619060028584,1.8892060286,1.00546128011,7.67324455504,0.319244914673,79.7359902255,0.190384175548,112544794.2,0.00019422453021046579,0.952000127957,0.0282465091729,0.0197533628701,0.0,0.0,244.369849131,435.564859207,320.067345572,0.784904424432283,1.4489061960472434,0.23347346049902792,50.62805001,0.060750368535073179,0.0,0.000607699079881,0.013060184210526312,0.7531419245693861
05EC005,655.7657522,0.038305361,3.47088450987,0.699763062218,4.84845153452,1.23222796215,4.51980309745,0.610649747616,71.6082539572,0.148717640941,1527377398,0.00026271174985533451,0.740116023841,0.11283834149,0.142313936119,0.0,0.00473169855014,256.596794709,431.446167929,311.95437113,0.7798287422389538,1.3406822295896843,0.23018191838217794,49.132244234210525,0.66153017513287615,0.34043523890754546,0.00990164924184,0.47711911578947364,0.1984297026368018
05ED002,646.3845236,0.034466678,4.41875610643,0.948581002081,11.8968155373,1.20407184798,9.21714773333,0.45477624363,70.6134784825,0.0936118332753,313444022.9,0.00023862054501775113,0.764565538824,0.154910208007,0.070102352823,0.0,0.010421900346,284.683074485,406.932664165,308.390629078,0.7902855033865681,1.2964246109555082,0.23027992594004099,50.20442985315789,1.2380245439540563,0.13898762104031159,0.0142058803786,0.7098965526315789,0.3468835668950219
05EE005,664.4372114,0.023417201,2.44321508263,0.628564504844,6.47646889364,1.40564383628,15.6906212566,0.216438445784,68.1287982083,0.0163570757365,114062244.1,0.00010611207743140377,0.984265637699,0.0,0.0157343623007,0.0,0.0,288.652162602,349.704064075,361.633830676,0.780277425380945,1.4503332051290088,0.23231717965628826,49.30668777210526,1.3410137930311194,0.5548492599249808,0.0189759591736,0.8711118552631578,0.6826874183178281
05EE007,658.9867016,0.046937154,3.3583041651,0.779728555612,6.6737406762,1.32994504639,14.9323420206,0.400686296751,68.1665664725,0.0460614637146,7532384075,0.00027336222360829809,0.957751500613,0.00626663531378,0.0316952164377,0.00100176312221,0.00328488451287,285.866712385,386.110298722,328.022354775,0.7717299427737426,1.5462861307596805,0.2324076060318078,47.09862180736842,1.6556313942902074,0.95409641545829682,0.0260318538329,1.2824905184210524,0.33649504738121244
05EE009,685.6574328,0.026602705,2.47121050527,0.665896263204,2.58189493742,1.29128021086,12.3218559632,0.320739417059,66.6569491591,0.018720483432,1856783003,0.00027581013210388369,0.987368180223,0.0,0.0123167513635,0.0,0.000315068413471,294.028560742,353.781732342,352.193022076,0.764001335926695,1.4735487197727453,0.23553401882623298,46.4954011231579,1.2488017690128024,0.53227384212073492,0.0179180472505,0.6731873631578947,0.51139983641206
05EF001,1028.32950611,0.54474942656,11.8721687849,1.78431419989,39.1949099376,2.4421327421,30.9790351919,1.91768070559,84.7296918089,0.285294627212,56322311093,0.00026750743977591409,0.413517047043,0.399793520062,0.133115178816,0.0371870822075,0.0163871718714,268.106466133,377.673366962,354.219245703,0.7364221204998987,1.0534594792935337,0.2682461227012513,54.382258619999995,0.97338714346637079,0.54443231340352038,0.0150367878573,0.8266269473684209,0.18663053340384375
05FA001,882.413183568,0.0443046043253,4.76278787226,0.831987919659,12.8748410301,1.20484476341,7.26107944245,0.70495057245,94.399740029,0.0522802820262,1251726721,0.00021025098775302289,0.510563215721,0.292476292711,0.118357771008,3.16360815262e-05,0.0785710844777,287.08501082,334.828566645,378.085783793,0.7882129167698878,1.1517944907664524,0.22207487261270564,50.486650364736846,0.56449373092757527,0.14439723026589224,0.00710845879286,0.47981701052631576,0.12456776834967677
05FA011,822.760895914,0.0731561548592,3.85470549499,0.833495720121,7.79690578439,1.43662357454,6.93506737737,0.593336249921,82.9992308256,0.134075466212,4569900288,0.00025069373021798376,0.821904540203,0.0919571672837,0.054379872121,0.00258979906704,0.0291686213249,308.338165532,316.08832022,375.572631404,0.778942533162143,1.2247194647978434,0.226765089441302,48.178577434210524,1.055266162407233,0.58772739716307665,0.0163413674154,0.8542101131578946,0.20514654655555004
05FA014,845.0687001,0.014807573,3.50928282085,0.650462369934,5.9238596294,1.10601118354,7.94856406817,0.313978572891,91.7590358241,0.0188536426579,67131086.76,0.00018585075232254648,0.99778683907,0.0,0.00221316093033,0.0,0.0,322.736812248,289.999092194,387.267029273,0.7771865083281675,1.1714147395039025,0.22539007726324348,47.013448446842105,0.8931248007044077,0.12926806325996282,0.0102612305644,0.6691031078947368,0.1793906252754515
05FB002,692.6194966,0.029825694,3.00470544383,0.763751284334,5.44746875895,1.46710253372,16.6641724477,0.35352763673,64.3097532697,0.0245777470537,3386505409,0.00028295065468307302,0.978742782002,0.0,0.0204703073443,0.000131018896486,0.000655891757662,294.270550764,376.157998688,329.570580392,0.7622203684439391,1.477121533917882,0.23329466982739408,44.915853524210526,1.0867829011882646,0.81254409303105468,0.0189874990423,0.9199522894736841,0.34999037755748424
05FC001,789.808033153,0.0847537592978,3.5488456769,0.874131883334,6.78032290572,1.54133929312,8.08788106764,0.54538832464,77.0672848635,0.155720801631,7130983555,0.00025845904008726651,0.871170107245,0.0602802063956,0.0457214992217,0.00233793511763,0.0204902520197,308.900831958,315.43963664,375.658296341,0.7768664005175545,1.2740286997481773,0.22872002125102878,47.45098523789474,1.1792171568151115,0.63886350009548365,0.0180485303863,0.9044592657894736,0.2676196602617268
05FC002,763.2811657,0.018655415,2.55657616167,0.576155207982,2.90093415174,1.15124976301,12.0306002573,0.217203067681,63.7359753815,0.0129640073629,85666088.61,0.00015436470306509626,0.78625224525,0.0,0.21374775475,0.0,0.0,287.785469062,377.082931243,335.130981721,0.7721426414320033,1.5135801561016722,0.23130816770850432,44.10075566842105,0.6507705676595551,0.01330191411881085,0.00661085982112,0.23216645263157895,0.6264884470972863
05FC004,768.6433913,0.036194042,3.24228406612,0.759209826459,6.23846898963,0.965047342206,13.1014037162,0.250006501704,66.5270924156,0.0149893504492,186584633.6,0.0002607940467677364,0.469315490118,0.0,0.530684509882,0.0,0.0,296.139128083,360.559592726,343.304116928,0.7723313060751605,1.4624880560735616,0.2319980412149845,42.57225538052631,0.89635949162123596,0.09724654861929577,0.0098320610687,0.3529004552631579,0.5040777791456962
05FC007,790.2448375,0.033570705,3.26736144253,0.666960126163,8.17460774052,1.01266534794,13.9184373289,0.287223260942,66.978722129,0.00911744963585,74435256.34,8.3779455850414801e-05,0.10996131528,0.0,0.89003868472,0.0,0.0,299.340737495,336.329327246,364.321591034,0.7706073328751389,1.439745322400162,0.2350033818203582,41.99420289842105,1.0092107291823487,0.0011776087855108045,0.0100791258478,0.4593364578947368,0.5670403022379685
05FD001,709.2327109,0.059968359,4.07491477127,0.77264336192,8.75660078892,1.1847293985,19.146759969,0.374171190671,63.5163925242,0.0252305351841,3318109990,0.00026129501375506516,0.430417298205,0.000448360676192,0.565516534283,0.000411471957522,0.00320633487796,273.599836278,431.496767374,294.903907418,0.7598169298164238,1.4568275645111313,0.23614633254909867,42.913607147368424,1.3111185833259751,1.11988352006548,0.024310454827,1.3914679131578946,0.30576131661599465
05FE002,686.7926897,0.027519747,3.4324888908,0.802494467695,7.09845846983,1.27518572032,24.5172134365,0.18657747943,65.7159365303,0.0131090157121,1051749754,0.00024962189550780967,0.989485682404,0.0,0.00967741659443,0.0,0.0008369010018,295.363938323,402.992165193,301.644277094,0.7673766647151948,1.544701709506255,0.23615055522857895,45.85929306736843,1.2419721732951412,0.76200185078801552,0.0200613232589,0.909205197368421,0.4971261960525838
05FE004,733.9354879,0.0958381497782,3.74878537001,0.885656751912,7.97486197017,1.48046594115,15.0746731781,0.528859283051,68.4475293939,0.130648814658,24805689090,0.00026669430246977545,0.765160766549,0.0176363880312,0.208173126497,0.00114568130359,0.00788403761936,292.893724946,371.843766523,335.262183797,0.7684888390389889,1.4168722369505609,0.2300428097641331,45.05714703473684,1.2735736259459429,0.78369820173385774,0.0204879531549,1.0470552815789473,0.29860946986571074
05FF001,718.958585179,0.106276486782,3.72300017991,0.844298767352,7.9915640681,1.41251931395,15.5984774321,0.470285587398,66.2435607244,0.12081822922,46260065257,0.00026633052211533692,0.706138364819,0.00967041627407,0.275648235439,0.00135996217429,0.00718302129385,282.001286379,391.28369062,326.714614176,0.7616630275211809,1.4970030802350354,0.23164198390398114,44.30754173842106,1.3672512896710547,0.93582939482209182,0.0229260359659,1.1335718815789475,0.36480179637906307
05FF003,647.3519675,0.03717086,2.49486860528,0.629418811987,3.27342643114,1.08424579618,13.0521627089,0.191225093103,69.9466576858,0.0319192626687,390841640.7,0.00027684590692704638,1.0,0.0,0.0,0.0,0.0,295.131766722,388.977011922,315.883463281,0.7758469681939584,1.4318042281636303,0.2351345634484655,48.694707921578946,0.36220248391543364,0.14106833584081452,0.00505732381226,0.25428264473684203,0.4095464093435411
05GA003,761.8690769,0.027372169,3.50044667032,0.744274762407,6.88459517975,1.41019311429,17.3792461479,0.331488745264,61.6887637654,0.0125491315449,1414366672,0.00024560129779426805,0.57282219988,0.0,0.426963997098,0.00021380302124,0.0,260.554415052,413.745703705,325.698079049,0.7583692035101902,1.6965442320184914,0.23666288033768548,41.04833414631579,1.0673363395702244,1.1087357516496679,0.0217303728164,0.8099919815789475,0.784890496440503
05GA008,798.6465977,0.044760708,3.29863576176,0.669510549174,5.02330677837,1.24146380229,14.4440170209,0.321843874348,65.9461225772,0.0848698938181,5228992365,0.00026947023116754041,0.263316650032,0.0,0.726452370662,0.00234457790971,0.00788640139649,266.976429246,399.980262388,333.044953971,0.7693490563562568,1.509153372059149,0.2329963502330859,41.17851291473685,1.2402390340279568,0.75289390735015749,0.0200184495814,0.844220047368421,0.5656644592722039
05GA010,676.93825,0.027210079,3.48822520078,0.708817665117,9.02950732245,1.07647941126,19.4746539282,0.365106179247,64.2181520994,0.020911352813,988087745.4,0.00026082398684957421,0.772985990489,0.0,0.226238891262,0.000775118248797,0.0,274.043446037,436.423095669,289.534073461,0.7404062546564081,1.5600203499559642,0.23944791640921745,43.54008747315789,1.7902157522277189,1.5470551289934935,0.0333093510501,1.7383669052631578,0.4523028033026389
05GA012,803.850652,0.04187891,3.19619572564,0.656933999775,4.58379957416,1.22429983669,14.5423341346,0.32354086951,66.4941583926,0.0856056858929,4650891023,0.00026889241325707934,0.295476126479,0.0,0.693021112777,0.00263602514809,0.00886673559576,264.416927526,402.371716658,333.213271167,0.7722258066409315,1.5509305409293028,0.2326573359065924,41.561798108421044,1.2763604466755991,0.80226270833175339,0.0208886092869,0.8852626947368422,0.5592782296393916
05GG001,798.249335202,0.491561907315,6.67431573746,2.06133206586,19.4984929305,3.14523398337,19.7027162177,1.91523171528,75.5567116257,0.241535907562,1.5105E+11,0.00027091747558981104,0.614473614318,0.190830361118,0.167288643042,0.0146765773195,0.0127308042025,281.48578644,380.873102183,337.6406053,0.745030346291049,1.2976526857721296,0.24275904161255796,49.16469359052632,1.4765545841308849,0.94232744829562898,0.0240227479931,1.2456919947368423,0.30765743848205074
05HA003,1025.12917942,0.111109134204,6.17255890753,0.676879280856,21.538277284,0.937794814022,21.2067094204,0.570179265071,64.5723777859,0.0798386090658,254480794,0.00023855047842238954,0.836480923482,0.0610031263704,0.102515950148,0.0,0.0,314.279982282,290.235552318,395.492137659,0.588406356162874,1.6111777907705045,0.279096018444187,37.65760555263158,0.029278150573564071,0.00034444883027688692,0.000296187107595,0.014238366315789473,0.31874299200818124
05HC005,661.482885504,0.0431506771537,3.7838065486,0.653228724239,8.51718306768,1.01272879257,21.1706320511,0.218765208628,69.2260366741,0.0582395124021,183485816.4,0.00025860583054976765,1.0,0.0,0.0,0.0,0.0,375.455032267,223.795324368,400.751388882,0.6384723477353317,1.9308222651561362,0.23702865555969535,36.14578209578948,1.7890770669859557,0.1528717387008143,0.0190859752718,0.6494461657894738,0.7683711344721791
05HD036,976.074568707,0.0775198659386,4.46038527177,0.940255834505,10.8295774041,1.34617293577,23.6155153674,0.418272035761,71.3826645997,0.0384669669815,1430029491,0.00026156767360395233,0.815890036112,0.0,0.184109963888,0.0,0.0,299.83413234,303.476059219,396.690474897,0.6050804440077401,1.6714337760649287,0.2747286607138666,37.46276469631579,1.1311631475067281,0.36863634816853558,0.0150442168677,0.5761018447368421,0.5590805341543759
05HD039,897.293719267,0.100267337799,4.14302357942,0.897119818461,10.6530665279,1.23078359257,21.1256712491,0.37549014105,69.2381115783,0.038223326767,3704290076,0.00026141852695137367,0.920074587884,0.0,0.0772366039432,0.00255931194499,0.000129496228088,294.837342459,293.568774728,411.595085123,0.6189543777173427,1.6957191748074363,0.26420450816679636,37.76417625526315,0.88164606933018641,0.40875930542712113,0.0129812477313,0.5902620421052631,0.43915953612986974
05HD041,937.031459311,0.0817067286742,4.19136191684,0.925620102481,10.0305130787,1.3244548829,22.5476803916,0.378585788628,70.1995522279,0.0378305109797,2471862174,0.00025698257844757467,0.888449552879,0.0,0.111550447121,0.0,0.0,296.644513732,295.972954879,407.383640077,0.6071065627038252,1.6950900007004042,0.2686766021738543,37.36859926368422,1.0396208974515799,0.48943778785752456,0.0155034663735,0.6747609394736842,0.4853202142985098
05HD042,910.077029372,0.0185141948359,3.28150019713,0.6534109138,6.16821460066,1.0691741109,21.5793570595,0.211539432938,67.6661101382,0.0163128580767,343832330.8,0.00021507961702015688,1.0,0.0,0.0,0.0,0.0,296.99932614,280.421371007,422.580079173,0.6107296261967102,1.7347644041233075,0.26686540585798485,38.65358552631579,1.0531450940652987,0.77067480497626306,0.0187865839979,0.8614313815789473,0.4791780293337341
05HG001,976.379273049,0.400699115088,7.92914912941,1.94655947228,24.8285288362,2.70744783868,25.3310838639,1.74571679304,68.8990209243,0.232179402756,1.6249E+11,0.00026351383651088584,0.525692816996,0.100370770819,0.35691839233,0.0108228886475,0.00619513120749,298.544845104,331.362202217,370.092733716,0.6468770210178512,1.5124408281529502,0.25184951081705903,39.70243121684211,0.99928499043082752,0.786848183337859,0.0177162719191,0.8647770868421051,0.33751581431561417
05HG002,600.32303053,0.0379671698878,2.51500710202,0.583427715648,2.97552913642,1.17163200578,12.8491995038,0.202413000232,67.8414385877,0.0243658406819,1124265525,0.00030245246669217778,0.998768814996,0.0,0.0009574104449,0.000273774558659,0.0,307.344494434,375.703730135,316.954089042,0.6888257640800244,1.6081871028279464,0.24147894155263738,45.79559995263158,2.3286404332430211,1.2024070968447291,0.0351400831485,1.2717008342105263,0.6752223209463982
05HG021,580.2039594,0.026198768,3.03328611328,0.593291409558,5.13303418242,0.907513683901,12.9997202309,0.136182872677,65.3831453063,0.00829788688989,67739341.28,0.00021058664648817993,1.0,0.0,0.0,0.0,0.0,301.008355468,372.56775512,326.433255863,0.686889650446787,1.7513185702535863,0.24056627558073893,43.35633896052631,2.2787575060841054,0.1501055483848327,0.0243063191255,1.1204763105263158,0.6277854644306836
05HH001,958.077112329,0.410894274138,7.73265245428,1.96050627352,24.0175869254,2.74484281402,24.617399385,1.7658537955,68.8917222721,0.229340312248,1.69281E+11,0.00026361456396195647,0.541739455237,0.0967660300077,0.344414416453,0.0106952013528,0.00638489694967,298.116686685,333.970422904,367.912684451,0.6506295403928057,1.507870752369917,0.25109867464543456,40.08267838368421,1.0932466161000873,0.84837338812417773,0.0192603251827,0.9416326973684209,0.34339769354855676
05JA002,808.683810496,0.08015247991,4.65317407977,0.736863322504,11.1259515944,1.01855183652,15.9067372733,0.416185855795,68.6700840526,0.0352526899535,4748740439,0.00025650990555719572,0.810583115238,0.0,0.185289044526,0.00197882368683,0.0021490165487,299.940276183,306.722826973,393.336408674,0.6544488486362365,1.7258957756269853,0.24534246961827114,35.46549935,0.65901278306053834,0.35955716770010654,0.0102410113354,0.43539195263157887,0.5594472153498857
05JA003,820.964360677,0.0397281417108,4.31789089034,0.620008121189,10.4455263247,0.945971316466,17.7416401606,0.317020233796,69.1982429964,0.00792307167193,247362243.4,0.00022749456910854036,0.945777696926,0.0,0.0542223030744,0.0,0.0,311.500673739,319.530804006,368.968386834,0.6709523032704074,1.695573175644607,0.2403812673658343,34.60324235947369,0.23352411183156752,0.027285821868036506,0.0025973657821,0.08894117605263156,0.599002410871469
05JA005,853.373251643,0.0710155540511,5.25903251008,0.661126147736,12.637181704,0.963762383708,18.9840665101,0.372443236182,69.4285267199,0.0195719312241,965488715.2,0.0002751202340966274,0.654115629137,0.0,0.345884370863,0.0,0.0,305.971648419,321.548416336,372.476253728,0.6660097850338947,1.711685625472886,0.24389662179184077,34.74256928157895,0.24440358886731547,0.04802730256716236,0.00292056552026,0.11333120263157893,0.5438140325613084
05JA006,846.146082071,0.0817677242184,6.05300505476,0.634062348181,14.5698924265,0.923724584042,18.2048160488,0.424478614091,68.3966902418,0.0110395973531,313586312.3,0.00027641267302209364,0.86716756735,0.0,0.13283243265,0.0,0.0,293.691093769,309.293760171,397.018372993,0.64370036181143,1.7040841862097913,0.24991143759532633,33.83787303263157,0.21271949051318628,0.023200680305640937,0.00236739645086,0.05862958421052631,0.5287469790289853
05JB001,843.091649708,0.0823176969403,4.06934600277,0.724569603497,10.1307821571,1.03975013893,17.8826841387,0.457128102178,65.6677896195,0.0185104878634,3760251116,0.00026623739104876618,0.852052600414,0.0,0.147733664332,0.000213735254541,0.0,294.883590947,294.698239403,410.417594038,0.638545521213818,1.799636463150687,0.2541210272605272,36.26748402473684,0.87078635926178505,0.67238553731885731,0.0153200901116,0.6717164052631577,0.49022183853979806
05JB004,939.165100816,0.0395287912831,3.95883414218,0.674099569579,9.05189133911,0.96258034172,28.8192008638,0.435395680245,66.97968837,0.0164984910408,498198766.4,0.00022854619089655964,0.925766890006,0.0,0.0726199357982,0.00161317419572,0.0,303.537739156,291.66347614,404.796302007,0.6145847425482142,1.7914841784455318,0.26714856505276124,37.36499102789474,1.0435301505432117,0.62689224858961501,0.0167265446587,0.9075131789473685,0.39108163848070054
05JB007,868.800436762,0.0299073847039,3.62853037088,0.787701178151,7.12157530694,1.27458389649,16.4358286641,0.243402795959,66.3956571734,0.0138317569582,137550782.8,0.00019873355621382373,0.980305944857,0.0,0.0196940551434,0.0,0.0,292.786364351,282.10199156,425.103198413,0.6522927766961953,1.7187573022311826,0.25800107737367195,41.721142113157896,0.19627607988176385,0.15230513990867339,0.00449342239445,0.21690533157894737,0.554681218965886
05JC004,834.976777801,0.047920037187,3.71898275363,0.840466755128,10.7117059683,1.06045982977,17.9395829414,0.254066643499,68.3636109612,0.0132346011391,310050314.2,0.00020348858890907096,0.998478985913,0.0,0.0015210140868,0.0,0.0,304.307401352,272.981812732,422.712716518,0.662011475379334,1.6687042278223247,0.25503981581215374,39.31153493473685,0.59539600516784141,0.1091276628655162,0.00766468758835,0.34866003157894737,0.46392626454946
05JC007,768.7814837,0.025280618,3.65439013807,0.725565586388,8.20071083625,0.986524717366,17.6484648402,0.332216020769,70.7591603787,0.00726856924755,95941234.15,0.00027478560997634346,0.99670756416,0.0,0.00329243583971,0.0,0.0,283.852405181,299.576103714,416.579994042,0.6871929248721076,1.4810121394199631,0.2420132941408978,37.619270895263156,0.66056068488320396,0.060300145508099839,0.00783819337865,0.2284096289473684,0.8723805377354302
05JE001,622.813407899,0.100401299599,3.33013882667,0.735669461153,4.63683608372,1.71947935949,12.0761605618,0.328688907677,85.4265868776,0.136313900985,4771728615,0.0003064500727065438,0.923775635129,0.0,0.0761574084116,0.0,6.69564592519e-05,392.371560594,206.074349381,401.554484305,0.6769477983241147,1.526399946312281,0.2372355015347558,40.34370561052631,2.2879011706184236,1.32108120296839,0.0366289667527,1.2552628763157896,0.6812817637092689
05JE006,624.60079043,0.0929133160023,3.40400825245,0.727206267713,5.60381376377,1.53618573108,11.8268113515,0.377707298516,80.8802891084,0.179751242393,8478981802,0.00028840798487951504,0.89427974564,0.0,0.100818192114,0.0021563214716,0.00274574077418,367.721832932,241.652429285,390.625543854,0.6819710764382444,1.5607196073845637,0.23682171392244938,40.27849467157895,2.4735600422320845,1.3056155139760213,0.0379051222364,1.4891986236842107,0.5673523418559234
05JF001,609.389119509,0.0787369260525,3.03097891728,0.811023180051,4.7025227887,1.75795928945,12.2726422119,0.32827455519,78.9718591925,0.162915863691,17872581548,0.00029124322608688777,0.916406223091,0.0,0.0729614650263,0.00621302955098,0.00441928233191,380.347604641,230.797873178,388.854335168,0.6876588825359686,1.5422685602840596,0.2357047985551979,42.77979990210526,2.6310688443800165,1.6142193420392394,0.0418534498783,1.5067262210526315,0.5894688564410699
05JF005,603.151940461,0.0531140466698,2.55419294452,0.675457308482,2.50527505288,1.57553643792,13.4409128867,0.152872868697,82.5606551938,0.134191250527,4551399972,0.00028827951147624873,0.979510003158,0.0,0.00123728187148,0.0191115260212,0.000141188949374,460.467141083,133.407569021,406.12574602,0.69415996256421,1.436082125149712,0.23585181012663795,47.01125887526316,3.1748148668346077,2.9068252711346085,0.0590647372277,1.9144836605263158,0.7247623696014017
05JF011,574.453271497,0.0136877858426,2.47778688428,0.663639327907,1.84821076733,1.86523155203,13.7756482866,0.112106866057,92.2136266176,0.0969187805883,1042056509,0.00021728253961098704,0.993751295516,0.0,0.000156325571754,0.00609237891246,0.0,545.930049281,57.5892971683,396.479534667,0.6893396221504154,1.4954689767406726,0.23524117281434023,46.15242764736842,4.2996026630951123,2.166709030715511,0.0692505373133,2.118527473684211,0.8621678188452188
05JG001,660.681400445,0.0758837789415,4.12012691754,0.707855299856,9.84996412735,1.29022408448,12.8580349344,0.470483222999,60.93094494,0.175917752726,399375450.3,0.00024724974949721148,0.896970707601,0.0,0.103029292399,0.0,0.0,309.520644868,313.996683123,376.48240397,0.682055926913049,1.6142374133651447,0.2413841782200909,39.50092311263158,2.8879405065388863,0.48066497258860191,0.0339562262958,1.628373797368421,0.4964617369963409
05JG006,587.818796441,0.0456916363335,2.25193591092,0.727401533102,3.5203701966,1.44984371268,8.64161883476,0.548421359338,69.7277495763,0.0456341270591,524150216.9,0.00024362719568100542,0.525300687654,0.0,0.410974992059,0.00590644128328,0.0578178790038,315.066440804,322.60404562,362.331629098,0.668503192094772,1.7011842470599388,0.24178228113744452,41.97714851263158,1.1311691558059309,0.2281068492783356,0.0143392730532,0.4871920368421052,0.6209756388229234
05JG007,614.264455307,0.0846963766458,3.20253852614,0.817446697388,5.40929586632,1.66493421186,11.8553510873,0.378039079727,77.8996625516,0.173025900272,12614562995,0.00028925548023597645,0.889163482216,0.0,0.102718887739,0.00190728169515,0.00621034834984,353.577434622,263.903856155,382.518371661,0.6845621566652874,1.5830754288376276,0.23685504959123538,41.27599294315789,2.4120685985843786,1.1561630254110911,0.0355966636102,1.3804759105263158,0.5647999775579642
05JG013,607.941810148,0.0338939293634,2.47709145629,0.652860442267,3.48184236371,1.24339494536,12.3918732505,0.258569349713,68.999649969,0.0208268603372,553141660.2,0.00025638541417327752,0.986103767,0.0,0.0138962329999,0.0,0.0,306.287677016,318.05472149,375.66222894,0.6914294598716267,1.615351518180998,0.235563681974886,41.815554784210526,2.3504070078564934,0.94970261583645144,0.0347692692907,1.3463354052631578,0.6442491592109878
05JJ003,549.753265058,0.0327577988464,2.46737284199,0.597686660023,1.95460804104,1.04926601902,7.44232772124,0.254383059593,74.2279133017,0.0391499400511,2162132860,0.00030737964821124752,0.974689229696,0.0,0.0213920861228,0.00224656240985,0.00167212177143,310.190042891,364.746962077,325.066124734,0.7419928108933478,1.3524193456826772,0.23964349443600902,48.95189688052632,2.3485963059330826,1.0926277647754838,0.0343053270597,1.4330042763157895,0.5190520007213502
05JJ005,553.788433882,0.0537963494015,3.07358317868,0.670797659517,5.23441845102,1.01849262471,9.7882948756,0.296818163954,81.6999499941,0.126809874019,2926134780,0.00027653849086875125,0.983581739279,0.000256520905992,0.0132231298196,0.000826157258388,0.00211245273664,300.883648179,369.957868856,329.159336997,0.7272895031075489,1.417291687812506,0.2403534746980167,47.76084556473683,6.2552549016264072,3.1292450806885879,0.0936034315057,4.054967955263159,0.6212405954421765
05JJ009,570.180674744,0.0887617876988,2.34715638005,0.70070148051,2.32757384886,1.24825789218,7.4291888057,0.397763327321,80.0013653544,0.0723430024664,9589994487,0.0003227283908176064,0.879197794024,0.00645877993712,0.0507329698375,0.000238282533825,0.0633721736679,313.777995581,323.582872955,362.639779354,0.7340925644031313,1.2600529032163992,0.24810968491495963,51.06488282526315,2.6703351468252525,3.5304940360468517,0.0612410430732,2.3867960684210527,0.6265404940949827
05JK002,560.095953737,0.0800470302041,2.58744647613,0.746977473849,3.35501467662,1.53466285994,8.83321584322,0.423992571852,76.5612745955,0.0920560222083,23793722762,0.00030453224067832877,0.928282511277,0.00333028550151,0.0321903012073,0.00104772134508,0.0351491806694,301.90900996,351.84199247,346.249589494,0.7247298952662544,1.3807374107378094,0.23808804785746499,48.401244562631575,2.9697930268832713,2.3307844969795899,0.0524863024352,2.0845119368421057,0.5944744236138222
05JK004,654.906877421,0.0332462270098,3.04496743682,0.654427669601,4.60676344986,1.05372902432,10.4634784562,0.394950080741,78.4397015848,0.0376993229124,1633289702,0.00030207056257479029,0.909399676776,0.0192540495328,0.0711600312755,0.0,0.000186242415994,309.443748879,328.559375757,361.996977449,0.7131806066578639,1.3128878574312874,0.25595144727143126,49.74346599631579,6.287597662543261,1.7760932513140335,0.0801430977244,3.119042078947369,0.7857834926870071
05JK007,582.575235929,0.0890034922499,2.81637069559,0.805611291828,4.09706155853,1.74893204706,10.6499341566,0.405441848073,77.5102683156,0.128171015245,45530117684,0.00029986446117227685,0.927485594666,0.00262209694221,0.0467083292975,0.00308051766297,0.0201034614313,335.41340017,300.989625341,363.597118616,0.7090302201686468,1.4446044531985838,0.2357879363687514,46.02732305421053,2.7951748700314205,1.9707136908413339,0.0470937506877,1.7974563736842106,0.520901425930961
05JL001,585.851343003,0.090145205531,2.86090299628,0.834293377585,4.27749786048,1.79758288753,10.7654794383,0.408986097682,77.6182705222,0.125061951203,49014363304,0.00030031813634571135,0.927642251985,0.00325402311119,0.0463276931184,0.00288072350422,0.0198953082813,333.890249515,302.454432392,363.655452351,0.7085480953128831,1.4375039376220766,0.2362249040938863,46.220777597894745,2.880177453190337,1.9258124588843,0.0474703457991,1.8194188105263158,0.5310565324861277
05JL005,627.911690646,0.0529120840412,2.8364914764,0.621486909348,3.21648204493,1.15101215056,10.3447754367,0.377035888462,81.5332716769,0.11812642904,1112673345,0.00027708306831391596,0.956760879746,0.00507396601664,0.037886098239,0.000279055998046,0.0,307.151616102,307.236084804,385.610981894,0.7096036416770359,1.2870092968826141,0.2537313858899325,49.62157854157895,3.5984802305815293,0.76998874236402237,0.0447812694486,1.6825234052631581,0.7792914398826667
05JM001,585.062531439,0.0907548902035,2.98009947073,0.924603510995,4.64934705816,2.00836985901,11.0518737259,0.41653727581,78.3377551486,0.123539202138,59467669545,0.00029790589431518582,0.929139913773,0.00686146562693,0.0448007672967,0.00242440813102,0.0167734451721,328.645510789,305.562079003,365.792458489,0.7067390633521347,1.406038723938227,0.23783627120089249,46.67285910421053,2.8052884919125538,1.7911837220325948,0.045380811775,1.7470403710526314,0.5284138054315588
05JM010,619.802064288,0.0571336086068,2.89584427305,0.815581181585,4.06608670785,1.51222494154,12.1535278023,0.236486593495,76.344536055,0.02461215254,1409567558,0.00028525826264300249,0.970698358659,0.0025201799563,0.0264449691538,0.000336492231307,0.0,309.515611557,300.30570132,390.1772047,0.6824859073239175,1.2922485255406566,0.25419691668617583,49.54287430842105,2.9381101094939051,1.2452159255085133,0.0418312310755,2.046738892105263,0.44351526312166056
05JM013,587.780517647,0.0898944371632,2.90096512107,0.873747654558,4.44419859996,1.84834993936,10.9998500482,0.413930462783,78.2091252783,0.130018919463,52792768316,0.00029941333279681924,0.931180249196,0.00328071509026,0.044372250369,0.00268042752435,0.0184863578207,332.884432535,302.155498614,364.960094671,0.7077577131361739,1.4285831959839954,0.23671801033517123,46.38883295157895,2.8634851180447836,1.8647566730559801,0.0467481309181,1.7906743947368424,0.5348018748210728
05JM015,514.965195434,0.0221368584176,3.06191207266,0.862398375185,3.174213646,2.06281449364,9.58027493284,0.206503496474,81.4131960702,0.0256239781969,783303547.4,0.00022221458896416949,0.986797462668,0.0,0.0108092830233,0.00199457008168,0.000398684227156,276.335910035,369.380504117,354.286414851,0.718127561431828,1.1925139819463109,0.24293928531954875,49.93938781684211,1.9186118452997583,0.89188313835180821,0.0281027745825,1.244470257894737,0.35592402195373846
05KA001,513.069439489,0.0837059365728,3.54287680365,0.798833392362,8.7473850179,1.32710264291,6.83892287868,0.492426468858,95.0127340641,0.136568233584,931307409.1,0.00023828985558228255,0.908820138448,0.0236345344849,0.0479397578369,0.0003865641885,0.0192190050418,353.26475091,301.787595152,344.952532946,0.7528834105373275,1.2467838060721514,0.24216697270967827,51.21320702052631,2.9366702310930508,4.7755127779582214,0.0762984354204,3.9209063315789465,0.3910558043244462
05KC001,470.121561298,0.157593818593,2.84215402392,0.802171354343,4.89478902234,1.5340159182,5.96492204987,0.472750667273,87.0924408686,0.167988791536,11080597464,0.00030123311081646498,0.855238037531,0.0944664608529,0.0301756602642,0.000398642697963,0.0197211986539,346.629612888,301.88177698,351.488292622,0.744594681423963,1.166514414734767,0.24763418329078551,52.49895662473684,2.3280328315232119,1.9116199291325371,0.0404628946157,1.8374728868421055,0.44514270667927663
05KC002,493.012627047,0.154120892096,5.35635732272,0.778446806124,13.7764611699,1.46767150916,4.28204713481,1.51122570925,97.8804731135,0.105007853822,249556697.5,0.00023046824524947131,0.169188048829,0.830628031519,0.000183919652356,0.0,0.0,259.348120483,415.85763534,324.792614259,0.735936929856337,1.0592729601736097,0.2556462597385686,54.656330749999995,2.123980201459025,0.71864784061231057,0.0283991332048,1.7535079289473685,0.12647695952240354
05KD007,876.2306304,0.457423645573,7.16827676772,2.01109331996,21.5411192582,2.93639167264,21.9962922022,1.84855749833,72.1134369385,0.239577388141,3.25824E+11,0.00026778693864215917,0.575403476889,0.144857943468,0.257871140659,0.0124109362003,0.00945650278423,289.798931096,357.01591293,353.184797686,0.6984089286599684,1.4010159744528505,0.2448704479601762,44.498388557894735,1.2997157137815292,0.8920266105782535,0.021740418142,1.096343284210526,0.31151292203668507
05LE004,544.5551494,0.252429464,3.89447192982,0.825826330685,8.32224505744,1.41739744546,3.49172616725,1.3127658058,92.4068327638,0.0925469450313,2046485831,0.00033098157252380733,0.375025012369,0.614225056347,0.00929074817217,0.0,0.00145918311253,292.439314653,374.635179713,332.927075634,0.7241638987718391,1.1713965410395075,0.26610368831202,54.94095303263158,1.9163152820801312,0.29365796991377213,0.0223018886512,1.6027875552631574,0.1141799893142182
05LE006,536.087708706,0.175831365169,4.13947456231,0.874100327226,8.0250618429,1.48690586083,3.25560205944,1.39428405654,95.7395330057,0.157378452731,4794733995,0.00029622210702138487,0.458910023723,0.506203797663,0.0279859788542,0.000250592129492,0.00664960763092,262.054787021,400.899338405,337.045039056,0.718822601288212,1.0238168623768142,0.2619731994410579,54.180424192105264,1.8837038591795512,0.49331183578973042,0.0238792065347,1.4921170131578947,0.166776657674868
05LE008,578.473061833,0.100760404072,4.06909245865,0.849198042218,6.76567826675,1.60737393941,2.02090337398,2.18989238446,93.2101550431,0.0776344705533,1910264670,0.00028288464248819753,0.176965679381,0.79839009463,0.0246442259898,0.0,0.0,257.177292665,426.481274564,316.339835519,0.7318869394288118,1.030010524443589,0.26279749326952856,54.7171888036842,1.9480710727332793,0.5644514595961222,0.0253393756516,1.669206357894737,0.12000844173428167
05LL005,346.642754474,0.0886170903229,3.70432091639,0.715867729472,6.4307331808,0.957991527345,1.85055845169,0.720736467903,72.4564173105,0.0972229431886,105621986.3,0.00021739601826261868,0.586175751327,0.318578038327,0.095246210346,0.0,0.0,245.460865095,503.832933638,250.718075433,0.6787639158836909,1.2042382793585562,0.22887389540256067,47.87814992,0.39586196315636391,0.047304259748224872,0.00446432275892,0.17067671315789473,0.40561763919891536
05LL014,382.795136738,0.0127114233139,2.85440943461,0.692428173763,3.10615674906,1.17725062081,2.52059162262,0.483106330205,62.2579266101,0.0907767170446,221374473.8,0.00019940973805177036,0.787713948856,0.0909379192584,0.121348131886,0.0,0.0,200.710334443,575.163927885,224.12763792,0.682624007555587,1.2174668741578136,0.228734457541648,47.64093908210526,0.84893993645319987,0.10334576651779351,0.00951883176534,0.31450531710526314,0.7782377254688404
05MA011,638.891731496,0.0467291772348,3.1096310398,0.627884908923,3.19501738752,1.11916976694,8.73636862145,0.318840340603,80.7367527359,0.0298709237665,1245578101,0.00032336331147977227,0.873186884805,0.0207165684137,0.103506253193,0.0,0.00259029358828,321.896475595,309.242319922,368.861774624,0.7347209890529166,1.220785436776136,0.2529421720341119,49.91904649473684,4.9650570907526284,2.5212691223668027,0.0751045581954,3.4390763447368418,0.5969543068559295
05MA012,560.432981402,0.0196096039546,2.10452520957,0.582489729377,1.67227983347,0.963924911888,7.43404100438,0.133034710844,78.2013700785,0.0388225702981,562523349.3,0.0002627680763817491,1.0,0.0,0.0,0.0,0.0,351.601377888,307.899777834,340.496421029,0.743514333043573,1.2382216618682547,0.24672106574610636,51.95645459052632,1.8015012699327821,0.56923139339701812,0.024021417474,0.9048968105263158,0.5471581457245953
05MA016,546.1558044,0.025289032,2.2229246606,0.585743161956,1.81530532155,1.05763551042,7.41682546978,0.197189832889,76.3391704994,0.0322988475797,441850019.7,0.00026721773490408478,0.995211539558,0.0,0.00478846044174,0.0,0.0,316.031713032,327.139737755,356.825697863,0.7434702991797227,1.4922048845431044,0.24141182552550283,50.401200818421046,1.1266180770640912,2.4698705862753236,0.0357391533772,1.952370694736842,0.3470441417174944
05MA020,555.45878828,0.0217719029904,2.06641451447,0.597439943746,1.6490835541,0.861907349362,6.54643394749,0.107039976583,80.7611715504,0.0364985988317,250392981.8,0.00025888002923683096,1.0,0.0,0.0,0.0,0.0,334.644883582,305.351813821,360.003429769,0.7417529560325252,1.2319489233321783,0.24727608721892191,52.58038073947369,1.252558185906427,0.28180808822089332,0.0157736657495,0.6209036131578948,0.4037408152173313
05MA021,583.9218444,0.066120337,2.82343763924,0.599469741455,4.16318095447,1.05198128009,9.17633198883,0.219643394202,79.1412522169,0.116198744492,109083803,0.00027659346408738349,0.995824944718,0.0,0.0,0.00417505528235,0.0,317.081154567,298.609996666,384.311678196,0.7356237849601491,1.2238904033323972,0.24950259496793017,48.33873144421052,0.70713466421435944,0.0024106863552725505,0.0113457397229,0.6363899342105261,0.37889772011286305
05MB001,536.521743805,0.0751957599804,2.7991022016,0.597578219485,1.93005996781,1.07379684203,8.4172647825,0.28868083723,81.2128098951,0.0373141595765,2429751798,0.00030323746197668454,0.96051371691,6.33404415384e-05,0.0322825117041,0.00209949486924,0.00504093607542,291.919230546,334.103753016,373.974703267,0.7215949573763001,1.2221755300232497,0.24533779703547717,50.386497623684214,2.5134838015923937,1.5133501549115942,0.0376926406926,1.7828738552631578,0.42516124286186163
05MB003,542.151324579,0.0871290903142,2.70958060173,0.660147559315,2.41152319333,1.17915321376,6.90282897911,0.377397029788,81.2821097053,0.0463418551429,8768209442,0.00032998876103876697,0.845214971252,0.0168705976446,0.121378244133,0.000830176036735,0.0157060109343,305.516712841,326.403113987,368.079271516,0.7298694694419584,1.2011625181130126,0.24640549653763957,51.00301959105263,2.2626464069328769,1.3077748937001692,0.034874586527,1.688567584210526,0.4058637797579372
05MB007,543.297484097,0.0442549756932,2.40814036379,0.608087152921,2.08685822425,1.02996468955,7.43440262295,0.0972840523984,83.4071431651,0.0140970974582,289134008.4,0.00030606723639062944,0.988568138315,0.0,0.0114318616847,0.0,0.0,324.007563791,312.603646284,363.387759231,0.7487550467680886,1.1410317702863357,0.2505129855660519,51.70829748947368,2.0212079758782484,0.17765529831480334,0.0220993470234,0.9681607289473686,0.429349261515292
05MC001,575.948933585,0.0684730587212,3.5842467465,0.693872108509,4.31021746256,1.09822949486,2.92249504462,1.00634314254,88.5025004099,0.0489402804226,1946955258,0.00029434691335014466,0.41596835986,0.417889473996,0.163703793415,0.000732667445713,0.00170570528371,311.29094672,332.053817619,356.654269703,0.7580981915251951,1.067438020513476,0.2511862612819504,53.17186756894736,2.6840251892401525,0.50478546735379415,0.0318356545284,2.0006779842105264,0.19374457328426578
05MD004,540.692997591,0.0903215857344,2.90487492947,0.703046123994,3.03312725002,1.31979424849,6.11146750027,0.491458278532,82.8943988786,0.0601469164012,12900151369,0.00032285917926562848,0.796217433428,0.0800069012665,0.111890863992,0.000806077970218,0.0110787233438,300.23015247,336.862334757,362.907024323,0.7363325845727323,1.1664548189863524,0.24738492869085824,51.583295464736835,2.2883757822122783,1.0866722151294275,0.0331831679916,1.709653915789474,0.338905929260263
05MD005,635.714706876,0.0886802427813,5.59876275198,0.82845115747,10.0115107976,1.32787082304,3.93188105283,1.48034248314,119.543999743,0.152866098846,1930302894,0.00025698991608193931,0.245281760898,0.627993556554,0.123083342852,0.000559955054399,0.00308138464157,259.977897609,402.166613207,337.854452912,0.706620587218664,1.027056618519779,0.26892720172820195,55.03509356210526,3.5075361134079821,0.46023327649033785,0.0397315837323,2.7771898210526316,0.1361669867594173
05MD010,521.3085646,0.015571759,2.73570674178,0.815791430144,2.69483833389,1.57876499226,8.10233192489,0.189200075468,82.5611568382,0.0264563958126,377278833.4,0.0003278424446778526,0.991929885663,0.0,0.00807011433656,0.0,0.0,306.308184589,360.003051854,333.681218135,0.7368975954872561,1.2770904948611026,0.24641324179933394,52.16785448157894,2.0745318546932539,0.74068849286188132,0.0290490462582,1.2804131631578948,0.3908879684838496
05ME001,547.100933037,0.105424289305,3.33324090705,0.887098062842,4.46673617722,1.91020498622,6.11774335943,0.620554282693,87.748964801,0.16411522325,19053713054,0.00030933757310454431,0.756782402584,0.130596973859,0.101096470646,0.000627464257942,0.0108966886523,294.392735337,350.700106584,354.906648574,0.7295332841802148,1.1452291933897953,0.24921933304726196,51.97975986526316,2.3339819730383939,1.0167495630985801,0.0328943715295,1.7268027131578947,0.30533802028754475
05ME006,572.416970546,0.101001204582,3.12441952145,0.921299708387,4.70934313251,1.99301942711,9.57508884736,0.520051574224,80.6656306751,0.141450182702,84632109045,0.00030317902243170221,0.879421664879,0.0421172300461,0.0621610240101,0.00184806231755,0.0144520187473,317.576551962,320.994422918,361.428931012,0.7125859662932873,1.324026910152107,0.2392590224741704,48.10283066368421,2.6670877907329067,1.5966885367291874,0.0420083513692,1.7532289842105262,0.4530487357929755
05ME007,524.311089144,0.0183928455952,2.47811717954,0.596083885196,1.28199243716,1.03558033182,8.84662156446,0.13791913568,82.2495524597,0.0165286475096,546727085.6,0.00024641906970758801,0.980779614144,0.0,0.0192203858563,0.0,0.0,275.027720361,364.354293438,360.617092626,0.7256405490676889,1.179842130826222,0.24522148169627775,50.826621738421046,2.8950410986059314,0.83194153296024898,0.037443305977,1.3027759315789478,0.564292602697612
05ME009,530.669463,0.051462393,2.85526458859,0.603803385675,1.9841063908,1.104471581,11.0049355177,0.062746422131,79.7582259631,0.0355411357685,164648367.5,0.00034123760189833189,1.0,0.0,0.0,0.0,0.0,298.08937473,343.210586872,358.699893552,0.6998027477033343,1.2246324388588223,0.245618868838885,47.60181868157895,1.0258975932166101,0.070806632017551982,0.0111429955652,0.4516798263157895,0.45275683780237375
05ME012,547.173922293,0.105381996976,3.34103141214,0.889076416009,4.49859485017,1.90924434676,6.11130703779,0.623668538336,87.6870512983,0.163830871604,19202114605,0.00031147174530602719,0.758392195965,0.129807768471,0.100364954096,0.000622614517904,0.0108124669511,294.378384252,350.789635084,354.831504703,0.7294534307865722,1.1452068981190595,0.2490824444763658,51.97091694368421,2.3288489898418412,1.0158257930466092,0.032842825499,1.723798592105263,0.30483089933065843
05MF018,606.893936484,0.0774955659527,4.2050908493,0.845564455342,7.35202463372,1.36577131065,3.46434617358,1.35052583298,90.3877486696,0.0863559584359,3795218260,0.00026047120267224403,0.537307012354,0.334968098717,0.100289666735,0.00066588963733,0.0267693325571,295.751143166,360.4119083,343.837907628,0.6911497050543939,1.091155441591216,0.26045011282999453,52.30441514473684,3.5051682682935104,1.173224254426334,0.0465942734748,3.183265415789474,0.19301316079993638
05MG004,558.455660153,0.0541039104616,2.5505208566,0.639224808161,2.31336181681,1.00175946228,4.12670226296,0.444670071015,82.287563932,0.0275092464402,648400237.5,0.00028812456558115657,0.9798098559,0.0,0.0170363450356,0.0,0.00315379906469,301.213204648,332.706972902,366.079485088,0.7004893198163412,1.2006272462630503,0.24911044602284768,50.05120298263158,2.8063574634171458,1.0798778080728317,0.0401342721024,2.164047934210526,0.4236681202616595
05MG008,594.399409384,0.04136117086,3.18426012223,0.73225196226,3.18254546083,1.11065142551,2.67484057102,0.511533644141,87.7672967738,0.0352337604749,382051906.9,0.00030736002711328841,0.770104003486,0.00991036619121,0.208101200221,0.0,0.0118844301009,316.533616666,351.07108661,332.398567733,0.6942825903151711,1.1074853194331886,0.26137451168182785,51.74945482473684,6.5815373119948468,1.2811582078422998,0.0802122597681,5.497830834210528,0.1974746444597834
05MH001,569.316617895,0.107154737602,3.17446413463,0.917470834629,4.81532333556,1.9527646099,9.06982044353,0.563297938536,80.8461896477,0.139846657319,93632059043,0.00030371069396477833,0.867358967228,0.0519161308199,0.0647102461289,0.00173046464211,0.0142841911813,314.908374191,324.812351667,360.279224701,0.7110537816601286,1.3086233144321702,0.2388332009344917,48.289361961052634,2.687475251132331,1.6431681529179252,0.042618392931,1.8300760210526317,0.43166314859704535
05MH005,559.608705498,0.135590868915,3.12698412835,0.861465816106,4.48267444856,1.866351164,8.53949348162,0.586272737725,77.1668989438,0.147484373165,1.60493E+11,0.0003033159172927742,0.875410824531,0.0411640424787,0.0710807406368,0.00141741665477,0.0109269756991,304.023915845,333.964259831,362.01172438,0.6942214138197355,1.3437672589533338,0.2349276724484251,46.22054912947369,2.6963650306329816,1.6692428776800974,0.0424347502549,1.7829989868421052,0.43378782363917107
05MH013,569.49642655,0.106739903471,3.17379587374,0.917623777561,4.81095779774,1.95368737735,9.07276632438,0.563266514087,80.8650652785,0.139620187424,93530784210,0.00030371215223115014,0.867235956284,0.0519723601354,0.0647751940774,0.00171682740173,0.0142996621011,314.94551676,324.766907323,360.287524717,0.7110564640552186,1.3087026179241101,0.23882513241265987,48.29116222684211,2.6891181671189019,1.6438958489885387,0.0425751995455,1.8296501368421054,0.43136365920485975
05MJ001,245.752214188,0.0291952193294,2.21606551182,0.634634751923,1.10112716606,1.26140357162,2.32648817725,0.207472673674,109.286978713,0.0889212014851,1446137127,0.00029395710812452492,0.982348844634,0.00550470591677,0.0110249706405,0.00112147880859,0.0,401.221147672,195.055069308,403.72309432,0.6905632410843618,1.2165534254561354,0.2194776346672572,47.95002658263158,2.2991353656871785,0.96381723260108576,0.0321011525744,1.0477330184210525,0.5349471606473987
05MJ003,558.843512058,0.137753222622,3.13068227789,0.862050319274,4.4948844651,1.8655302131,8.51998459315,0.588222591078,77.1099551076,0.14831046511,1.61005E+11,0.00030332879351001421,0.87497116459,0.0415495371946,0.071174155101,0.00141290995054,0.0108922331642,303.703617881,334.71387379,361.582414016,0.6940765016109511,1.3432788949390513,0.23496727380051913,46.226376288947364,2.6922162341943898,1.6670403550275092,0.0423743752105,1.7806128315789471,0.4334557860743429
05NA003,669.9875086,0.0710294524381,3.91683151596,0.653663100429,6.09071631895,1.12998935001,11.8976325029,0.406655876031,69.8977747905,0.0391243524067,2940338634,0.00027233852866840398,0.962361659985,0.0,0.0374170388434,0.0,0.000221301171305,323.601046457,263.375113824,413.024916801,0.6674259435253468,1.5957059460840128,0.23246908938153094,41.272461863684214,3.0014713977325425,1.2136221032726431,0.0425089634157,1.9544484815789473,0.4836549718944137
05NA005,703.3699766,0.044789438,3.77808149362,0.637275181093,6.11075997175,1.09547165766,12.4615252135,0.313681158554,70.1842162802,0.0183235885128,484986281,0.0002520395371437678,0.994666241055,0.0,0.00533375894527,0.0,0.0,314.472056363,257.338616306,428.196788236,0.6667353460889193,1.4813496086930797,0.23838660728520797,41.40693366842105,2.7260762724177301,1.0027362699315554,0.0374712847272,1.7820045105263156,0.5206883136512517
05NB001,655.773519354,0.0800124923791,3.69400130776,0.658878202005,5.60516146904,1.14873357646,10.3686765405,0.453575312038,69.6932805912,0.0333766148142,4836473850,0.00027328178931773661,0.96816118205,0.0,0.0314364992392,6.30832760653e-05,0.000339235434416,327.062487131,266.961174976,405.976775056,0.6594194341662116,1.5994509437205044,0.23307591544344047,40.74590983105263,3.9094994850969012,1.4596056790706107,0.0541808961092,2.333269439473685,0.5351761572060787
05NB011,584.608349,0.020748206,2.25070784716,0.577037003194,1.15342808567,1.17550048851,12.1007942947,0.111443171436,83.8734829795,0.148400744576,1819341646,0.00028920997075591393,1.0,0.0,0.0,0.0,0.0,483.412109386,100.430059338,416.157521395,0.6888142554900037,1.4116955276395409,0.23105572090566004,46.60168749105263,4.3864382943522502,4.3232745079635242,0.0871487364002,2.3587342052631577,0.8381167987190274
05NB017,586.784862259,0.0288166892382,2.61960600392,0.626397113457,1.64975849246,1.34311069219,11.4177615493,0.201131360349,78.3944124898,0.150081029312,3616846711,0.00028752988497837852,0.950562171287,0.0,0.0476994573375,0.00138178875578,0.00035658261967,418.017192086,171.229730732,410.753207307,0.68566737978217,1.520862512465352,0.2292499688623417,44.51062939210526,3.3193002661380802,3.5195813490674182,0.0674047671731,1.8231378500000002,0.8104954846264633
05NB021,617.186111952,0.0788979647236,3.32037573024,0.693536857898,5.3582236369,1.81181887549,8.14530529647,0.469457710055,70.9855399336,0.0157411319737,892660085.6,0.00027604475505728821,0.950828548238,0.0,0.0482498903503,0.0,0.00092156141138,295.946664404,305.154507919,398.895688074,0.6458157162265953,1.5268304581627108,0.242233037154106,37.878108350000005,2.6093611783737987,0.77427512480658278,0.034004807749,1.2964755815789475,0.5877505571380105
05NB033,589.383768913,0.0235643852752,3.16153985015,0.60752462329,2.31382135972,1.18397507713,12.0268668189,0.0998338651122,69.3727007211,0.0040258452944,53414587.91,0.0,0.994187515795,0.0,0.00581248420521,0.0,0.0,328.682133049,270.446400832,400.879319422,0.6831494031870105,1.555684207695066,0.22646867497257223,42.99365884436842,1.645965682504156,0.14769382993542704,0.0187230271902,0.47992924605263154,1.0154468249785178
05NB036,586.294628659,0.029065231082,2.90889046425,0.647809428584,1.82818877257,1.41770301093,10.7912761973,0.258035455291,74.2176366634,0.13694022333,6487464395,0.00029649592728287432,0.909055911595,0.0,0.0856757230684,0.000896049391896,0.00437231594432,369.778923185,219.54587646,410.673982266,0.6792987056216585,1.550084077043163,0.22630933031874984,43.17044704526316,3.2272169757509461,3.1391352694630963,0.0629633537975,1.8947950684210528,0.7335887545116789
05NB040,586.714647701,0.0287237855546,2.61484320861,0.626211205432,1.62853410118,1.32328935106,11.4204612148,0.200421673734,78.5398775493,0.150335343552,3558042521,0.00028547340393424386,0.951191329896,0.0,0.0470415634316,0.00140462973854,0.000362476934148,419.619857718,169.50296569,410.876918196,0.6856869686360718,1.5203741074352148,0.23000053259300235,44.539874573157896,3.3186047592965076,3.5230088963624255,0.0673667572123,1.8228503815789474,0.8100606096561725
05NB041,600.2800726,0.040877564,3.58228852717,0.583369773004,2.34146934388,1.21009046029,9.49664446187,0.332084811155,71.0054066873,0.0233519052527,252309086.7,0.00027001375122135237,0.741852419844,0.0,0.258147580156,0.0,0.0,332.794642979,276.583266519,390.610968598,0.6782348589263952,1.4344492124508648,0.22659955713175642,40.879193728947364,1.0290391266523793,0.14660854539050794,0.0120028209235,0.34773348421052624,0.7072192551139556
05ND001,620.477018947,0.0858540228167,3.2165617073,0.730503175356,3.75750155597,1.62560801103,11.4214205973,0.357193203763,72.363290513,0.0902393784978,22034699583,0.00028883748100461826,0.907534402261,0.0168881470018,0.0725219317262,0.000382634238224,0.00267288477257,331.866610077,273.356512704,394.776308807,0.6744269185890495,1.515035441565458,0.232445528915992,43.28929961473684,3.3653650029078572,2.0547972825766667,0.0534100412559,1.936333663157895,0.5873844675092174
05ND004,658.956534952,0.0845619178276,3.51161038305,0.772362709514,4.94939364927,1.4258110465,12.3668008694,0.368068523405,74.4703116339,0.0673007046415,5377769781,0.00027997209124445516,0.831796530109,0.0691981522212,0.0938765967317,0.0,0.00512872093767,328.262106472,291.561961018,380.175063644,0.6892792571322334,1.389599033767079,0.2465925079394821,47.46931785684211,3.0371247690934933,1.4806413151845754,0.0447397326856,2.0898286973684215,0.4713855695865242
05ND010,669.965942343,0.0770191736133,3.65363213544,0.767252269329,5.21070182193,1.39772668326,12.1638894671,0.388757372862,74.933531112,0.0697683561407,4658387539,0.00028311888862394728,0.811270153737,0.0798838694944,0.103415424677,0.0,0.00543055209132,333.505306225,283.812424659,382.68140128,0.6906590523720533,1.3784997803778742,0.24774999135174977,47.94233232368421,3.3770570130371373,1.4474579941654169,0.0480390149765,2.236270081578947,0.4725270050623794
05ND011,585.4142034,0.004970891,2.24696455671,0.582772879901,1.59393377573,1.04980771659,14.5254868238,0.115015522555,71.181174732,0.00586125907491,161174387.2,0.00019620510413961839,1.0,0.0,0.0,0.0,0.0,288.612206538,342.588372145,368.802663367,0.6824468726929542,1.5960431315214656,0.2335658226518299,43.50538913789474,1.2617452619898302,0.11584126758777363,0.0138650914095,0.39845211315789475,0.7576365566573089
05ND013,659.179273187,0.0843584855485,3.51118491049,0.771320648667,4.94468338231,1.42406420532,12.3615811551,0.368286534315,74.4789920635,0.0673327390369,5364485874,0.0002801907822375133,0.831380142906,0.0693694520469,0.0941089879755,0.0,0.00514141707152,328.334334994,291.390820592,380.27394733,0.6893343794440303,1.3893384805382019,0.24657794155603485,47.484410218421054,3.0441062857673047,1.4842587605553041,0.0448309358719,2.094369218421052,0.47137736257460366
05NE001,644.461127651,0.0780621113012,3.21964070158,0.752697739046,3.91417160913,1.53885743184,10.0805957754,0.308379638992,76.6026156303,0.054495084116,3415607100,0.00030282639536523834,0.918297570054,0.0365375935362,0.0440431525508,0.0,0.00112168385906,301.824939546,306.494269179,391.681224811,0.6854079132168948,1.2539602154269647,0.255387119161583,47.573937513157894,3.3854715475922053,1.3129836893684392,0.0465581917088,1.9909793500000001,0.4979174890453668
05NE003,653.455991339,0.0763581610935,3.25157739156,0.731379568151,3.88040228771,1.60757625246,10.4179035302,0.308497473451,78.1170712085,0.0406314962807,2326866520,0.00030237330050916192,0.914304666243,0.0343080698592,0.0507015124822,0.0,0.000685751416079,307.701391849,300.114733402,392.184285159,0.6848986548296474,1.254650697416315,0.2575572068434362,47.81058164526316,3.6762469061614054,1.7479388495077623,0.053858208393,2.26756435,0.5189679086887842
05NF001,566.468130076,0.140043229005,3.10941985994,0.759245201668,4.03662044144,1.6153868818,8.55466617656,0.576565292826,72.4855922687,0.111213011509,49576872380,0.00029790868837785704,0.899501867213,0.0226064073124,0.0726249313066,0.00105848542711,0.00420830874118,297.201916096,333.260834321,369.536880366,0.6662665401760575,1.4447389464592337,0.23022256881023012,42.30400795736843,2.8628541141513701,1.6169590875633091,0.0441710117741,1.788431136842105,0.48145509439427586
05NF002,573.010059264,0.102286725931,2.63430603919,0.605495271157,2.86174256263,1.10402505334,12.2521908176,0.269371776234,71.5299212406,0.0765828650421,3083142740,0.00035470194643062578,0.981084836402,0.00734988046483,0.0111431882467,0.000260963228705,0.000161131657992,281.864738129,347.500702227,370.632504033,0.6727582593298881,1.413673230741989,0.23597307260557793,44.75605744842105,1.2656736504934414,0.22519881813100681,0.0149320140038,0.5217838078947369,0.6446684196890836
05NF006,589.818446119,0.0722333258713,2.63135926155,0.563070380723,3.0993951058,0.971709015402,12.8059032828,0.13889390647,73.2706251759,0.0224268559491,703123883.4,0.00038696972574188865,0.998855652169,0.0,0.0,0.00114434783054,0.0,290.903171746,332.276228053,376.815416453,0.6770355329310083,1.3773627630791172,0.24089499638491416,46.27097781105263,1.3405330356478387,0.28760436280475365,0.0164572474347,0.553516742105263,0.7185454361850445
05NF007,547.650765,0.083271206,2.42797908138,0.56867204298,2.51625948348,1.00721037652,10.302087593,0.224216327604,73.3056017206,0.0540790500135,1008029101,0.00033273156736932189,0.999827680572,0.0,0.000172319428435,0.0,0.0,278.437630675,352.588584728,368.97767038,0.6746263212970227,1.4733758903137115,0.23468127251795115,45.14806344894737,0.99157548190233114,0.26469839225737324,0.0127000552176,0.4146104973684211,0.6856464443460233
05NF010,664.095169053,0.0521841273416,3.22389610492,0.752222551012,3.92807294074,1.26206063003,10.9242102428,0.349433077563,75.5726920085,0.0708248458464,259005801.9,0.00028204359025249602,0.854779871592,0.0799285694433,0.0633668250924,0.0,0.00192473387254,307.479646538,287.329811922,405.190884147,0.6807541471563134,1.331500058942751,0.2502950365370616,46.55061728473684,2.9795471787384762,0.54148971898906861,0.0357805307338,1.7280826447368423,0.4474957722863017
05NF016,569.393793381,0.141888110314,3.18434715332,0.766047513886,4.22964939864,1.61398245043,8.28585446752,0.608041706908,72.6595308276,0.112905576699,43668321420,0.00028999533396218644,0.887269484615,0.0251238848907,0.0816570106625,0.00118327931705,0.00476634051482,300.80497132,329.16800171,370.026601833,0.6651408525147311,1.4514655040031779,0.22991190640269735,41.980249348421054,3.0653886065202141,1.7124313462704321,0.047663469215,1.9501552973684206,0.4753393503619292
05NG001,559.537226144,0.148019088315,3.05705041423,0.765942427825,3.94701137355,1.65154966148,8.20230850242,0.580615236473,72.6139939943,0.118373070073,60908566275,0.00030133069273561501,0.894696982022,0.0221569181212,0.0756225390259,0.000877502000371,0.00664605883082,292.887102562,337.849662401,369.263035695,0.6693062041015003,1.4113523329466913,0.23200122291122907,42.99254657631579,2.7945183363851958,1.7502651600358896,0.043691370874,1.7586890499999999,0.4898333197975347
05NG003,628.368994616,0.104418828859,3.22437419047,0.771177933932,4.61285191067,1.65305529089,9.66172718243,0.342712713848,76.3902026559,0.053154476839,3895178222,0.0002994677706827124,0.92332468123,0.0332016186534,0.0424901144675,0.0,0.000983585649123,299.35646743,312.177223197,388.466672506,0.6855383116666617,1.2592539710573916,0.25131458173716087,47.29454026736842,3.1328189999213953,1.2931255347333557,0.0440304108069,1.8296192473684207,0.5075179866247993
05NG007,580.985716861,0.164372857662,3.03563407143,0.75609603614,3.79542905006,1.75919341451,7.97670118296,0.504870744805,72.6718714724,0.126754211037,5492888743,0.00031197845605130233,0.828742793215,0.0245904003031,0.130121921407,0.0,0.0165448850748,289.666858205,340.592902342,369.740800544,0.6864952106586126,1.2745457723912157,0.24527405259746626,46.90252290684211,3.0979138777809476,1.3494897056827519,0.0438482909836,1.7065525736842106,0.5436665025235525
05NG010,413.353397926,0.0715783861801,3.26018936687,0.771372785319,4.26212362793,1.14407038538,3.85600576201,0.400727729879,68.8083185364,0.165649291678,406888475,0.00028358009793601869,0.913942249207,0.0217135020957,0.0583656812979,0.0,0.00597856739989,266.5675308,357.360393142,376.070181726,0.6577603636170949,1.2335470793641832,0.23851270304499833,46.01861021526316,3.651092130549801,2.3208175314141122,0.0670522970862,3.4624758736842103,0.34003497855343634
05NG021,562.0126834,0.146584485,3.0596568912,0.758030402638,3.93412292014,1.63138951511,8.28759570378,0.576370451393,72.4103481797,0.118200760121,59320827852,0.00030140037101183004,0.892408057118,0.0223908365832,0.0774916309635,0.000893691480314,0.00681578385535,293.291658884,338.896380298,367.81179262,0.669145892392246,1.3319419545664275,0.23151877187453843,42.91303239789474,2.8279696584830973,1.7714638660783557,0.0441941489009,1.7775548157894736,0.4907749017522692
05NG024,640.690694311,0.0815836373499,3.26451311424,0.772278791132,4.34570223013,1.65326879522,10.0175411173,0.317069045273,76.4104621477,0.0549806713151,3580162917,0.00029730969213964919,0.918830160857,0.036121514815,0.043978193155,0.0,0.0010701311734,300.970771253,307.272858109,391.756970026,0.6852466846331832,1.2548438070485293,0.25496597080748745,47.52096492263158,3.2986145848161339,1.2764083973524416,0.0453531061516,1.939333794736842,0.4983948823665277
05OA007,497.273287934,0.0749596582904,2.3586703354,0.64082492672,2.07367860425,1.24863833224,4.58258003308,0.258493125381,81.8417059372,0.026755500891,1280369470,0.00028501305731266468,0.982528404698,0.0111734985084,0.00629809679388,0.0,0.0,258.795691152,356.593534298,384.609069444,0.6516306724632208,1.2239649678012166,0.2446378174225481,44.28840128157895,1.9783913385647249,0.46635759562286194,0.0253048431917,1.1786992684210527,0.35677736203910954
05OB001,491.142981649,0.106049347096,3.01205197475,0.998404082034,4.44591496562,1.85951158733,4.66832708961,0.494534086938,82.6569728919,0.0354787208135,5038373900,0.00028469726310218467,0.93020565167,0.0430654188379,0.0121546124436,0.0,0.0145743170488,271.773819441,337.776305131,390.450439381,0.6515647332000795,1.2047730742070817,0.24709926683774402,45.5510867568421,2.0490892825438096,0.75857013837238352,0.028089159486,1.3599890052631578,0.3702951851849209
05OB007,485.309406712,0.0960320045244,3.06694960747,1.02549569365,4.85219625283,2.11976677067,4.78414702011,0.545217221362,82.6724174943,0.0333104306089,7092017572,0.00027173673544960916,0.948254575251,0.032618156793,0.00868064566522,6.95426265209e-05,0.010377079664,271.459607023,336.461655461,392.078865472,0.6476285173987211,1.2070534594460791,0.2474167516183686,45.89629096526316,2.2268573674578458,0.93546054678087553,0.0313154527025,1.4785851973684212,0.40792963271016447
05OB016,479.169854297,0.0157634001984,2.47951986957,0.591812067787,1.45669140501,1.07758372852,5.22302040354,0.215992577323,83.9121813976,0.0189567805162,987062113.5,0.00019383901535695099,0.999334375234,0.0,0.0,0.000499674482135,0.000165950284213,262.637382113,344.584709702,392.773390726,0.637076652279452,1.2384651579849366,0.24773522387729505,46.82370709263158,3.5250968133239198,2.2756167235555593,0.056339854306,2.5112454394736843,0.5559483678839945
05OB021,473.155721152,0.00765532740714,2.55576539087,0.568541721345,1.31520396786,1.80693955778,4.56411155907,0.172853788575,83.3763394492,0.0240327517547,172208266.6,0.00020598974036027844,1.0,0.0,0.0,0.0,0.0,270.789659264,337.485094123,391.729462157,0.6348860634997887,1.2045287217174334,0.2504967748972668,47.07332939105263,2.4101591069110686,0.9976582575597559,0.035064055907,1.4508516289473687,0.627394162535653
05OB023,497.765241664,0.108044128746,2.90119255555,0.935760029422,3.88584171818,1.84460950863,4.66954963923,0.453054718523,82.7370704146,0.0377337461542,4217853064,0.00028770426966909056,0.922226779011,0.051200076133,0.0121302812995,0.0,0.0144428635564,271.556686837,335.07596402,393.367341922,0.6537137834136038,1.2064296001018016,0.24605899492569616,45.212337040526315,2.0938118068404483,0.56271543005857072,0.0266553362628,1.2947404763157895,0.3358272818380832
05OC001,366.498803281,0.211063061214,2.82244943816,0.802691525857,2.78942678142,1.71465774588,2.78748244507,0.744871372647,95.3888442089,0.278971298545,97409637461,0.00028606186542377013,0.821962957404,0.117587391235,0.031362709134,0.00234822172709,0.0267387204998,284.596305714,367.049353301,348.354379088,0.6624448447194625,1.1531275232661997,0.19700797228973876,41.96108815736843,2.3026515730152406,1.6935692347210132,0.0383357073611,1.7740124368421053,0.3914201345035253
05OC012,369.51108281,0.226065652348,2.83705918807,0.836458049215,2.96959152491,1.94301596684,2.933914257,0.739950011736,94.2799899121,0.272674781441,1.12244E+11,0.00029015237907185334,0.839405534975,0.105988790815,0.0286117189893,0.0021160046649,0.0238779505559,290.639558428,359.296495765,350.063994352,0.6618426524776031,1.1597576295156433,0.20358774770931365,42.451408646315784,2.2270377735659892,1.6731719070136506,0.0372707793948,1.7064180131578948,0.3951277286927199
05OF006,404.666008734,0.174499661768,3.75551022038,0.9380290479,7.99515388316,1.37595290179,3.65785809266,0.429864596075,71.5769776035,0.163118062794,414406062.2,0.00018756795728500908,0.990782389238,0.00296032126979,0.00430473716561,0.0,0.00195255232688,250.234030611,420.884346944,328.877241705,0.6504730852697638,1.1700355120419927,0.2453374389762913,46.53549285842105,0.61510325846344105,0.097511211193854655,0.0071279003363,0.4255867421052632,0.2018802345542624
05OF017,455.4866515,0.094405934,3.31161755409,1.07969519236,8.82552250179,1.33363115963,3.85034191906,0.547262067057,83.6949206257,0.0270518335056,145189396.5,0.00015347293265583693,0.989969810245,0.0,0.00220688971131,0.0,0.00782330004401,276.618468296,342.872045141,380.516728508,0.6571864504628415,1.1828124476569377,0.24279028284917897,47.67819989210526,1.1676193808258264,0.99072564836178689,0.0213705148489,0.9951570578947369,0.7457257786941024
05OJ005,471.320076313,0.271766668621,2.98735210233,0.851080228855,3.78490643795,1.9462734889,6.02428789713,0.814320589784,85.1722132891,0.249507518213,2.86387E+11,0.00029963089257935451,0.854384633399,0.073487642306,0.0538562251928,0.00274332379302,0.0155281753088,300.704105033,344.335919685,354.959908564,0.6802237623478801,1.2560452474401314,0.2193454375565953,44.776033912105255,2.4517890473188846,1.6185768367290898,0.0393340408842,1.701991392105263,0.3820301798441637
05OJ010,471.358856264,0.271688298014,2.98741457049,0.851080352431,3.78512210363,1.94628527286,6.02489112098,0.814265143703,85.1667003773,0.249491193451,2.86341E+11,0.00029963641410189052,0.854366660035,0.0734994079154,0.0538638293843,0.0027394412453,0.0155306614199,300.697433751,344.349861629,354.952638308,0.6802209673178571,1.2560688006879173,0.21934493218721954,44.775551368421056,2.4519463488814459,1.6188217009623196,0.0393378471146,1.7021445236842105,0.3820481836164429
06092020,1609.12639868,0.183693385759,20.7888737592,1.14619318963,76.8786379541,1.4989051872,60.140258055,1.10462448587,95.7442455651,0.106933246338,949699072.7,0.00027028107734333701,0.0312570777134,0.284218227167,0.675039729959,0.00598057899131,0.00350438616857,262.626449343,354.908066243,382.463587414,0.01728757191145089,0.9879522885072753,0.47379182877806403,51.233193251052626,0.56265044893424776,0.13798596147580097,0.00715356441346,0.4888641552631579,0.15766014693472438
06098800,1425.52318961,0.156831127199,9.67535606027,1.71275290116,32.3691899421,2.30052129784,24.7999353313,1.63809512109,84.7333938906,0.15418355794,1373407625,0.00029366826468959134,0.0526929352634,0.0518213927642,0.892272104742,0.00321356723,0.0,277.279761382,350.792447382,371.931573733,0.17783041770906655,1.2697522788281013,0.40160379705144966,35.58087050894737,0.3736224716888833,0.059611101564315393,0.00435726371242,0.2790519236842105,0.20397737711684294
06099000,1325.43034844,0.145471592008,7.09210490873,1.74474968138,21.7528812794,2.52083178709,20.1120029368,1.4873352889,73.625068616,0.20388575312,2690790158,0.00028320953730947136,0.0973852809799,0.0264502199976,0.87326430988,0.00290018914277,0.0,288.57537,340.398543796,371.026990011,0.2702334542847787,1.55079258346825,0.353376744941423,31.398170433157894,0.3634522216190374,0.17890827293466266,0.00485538098697,0.26365337368421055,0.2820141666913631
06133500,1479.1586086,0.0509866134346,7.56868481336,0.888826981132,27.1443719305,0.99121354154,21.5735917922,0.843681470685,85.6858831426,0.0796709047521,172793669.3,0.00023348157807058601,0.663522094483,0.0114288095598,0.301769538107,0.00380786681322,0.0194716910367,292.260206258,325.836935521,381.909677468,0.3171844593599683,1.2589947600757205,0.3717539270312772,43.021637427368425,0.6828054175803544,0.095369553124384734,0.00776110014863,0.6616691657894737,0.08401730964881116
06169500,884.092524887,0.0679642722161,6.76810413036,0.713132576808,14.1834287198,0.884735256016,16.5380837701,0.461433813135,68.1368864118,0.0610683056146,827927637.5,0.00031340868665096291,0.187848877342,0.0,0.812151122658,0.0,0.0,315.38125229,314.232763959,370.388870044,0.6296805703790356,1.9067613446463891,0.2459997531809236,38.068338028947366,0.12641298076106922,0.034514766941416246,0.00171836950768,0.07053857105263157,0.5389502272693334
06178000,892.160728262,0.0627906716234,5.65028682945,0.695473064969,13.9946327368,0.87605383235,18.2487866986,0.361826964868,67.7646999087,0.0263773764094,723851774.8,0.00027696975683608291,0.732812915706,0.0,0.267187084294,0.0,0.0,307.887935361,312.484465773,379.62301415,0.640309343154468,1.7166746734421674,0.24954216157900136,38.481797007894734,0.029063058995974896,0.0071446686698351863,0.000362092872583,0.012868602631578949,0.6771769444721446
06183450,755.99639244,0.089908145541,4.30010516777,0.810042754021,9.71468008243,1.11771210372,15.2539686951,0.464255541221,70.4885787018,0.0959055259888,28756380477,0.000254869978155004,0.777160922563,0.0,0.205964716765,0.00322883200572,0.0136455286658,314.828696068,294.424490124,390.746745627,0.6549874365184174,1.7070708298097235,0.2411672651445836,38.37431541842105,1.6432496846585518,1.2480852718938233,0.0286848950979,1.3418206631578948,0.461772906730361
06468170,511.345486132,0.086155367117,2.91809410452,0.676003920821,3.77603599904,1.38171813236,3.27538520397,0.635625580688,80.3550607111,0.0827009252739,3031830305,0.00026955310328012676,0.97870137457,0.0,0.0187579294708,0.000447345345263,0.00209335061367,264.657920471,393.308640729,342.031217121,0.6486099120350028,1.285339019284108,0.22825533005887957,38.97176030221052,3.212850501913723,1.1834169928225386,0.0440360744595,2.4326778,0.38388553770348416
06468250,504.630602728,0.0884295920542,2.94792919899,0.681067810705,3.78233787099,1.38422414275,3.40243653115,0.610661892887,78.191840543,0.114683997156,3491143126,0.00025820215673859261,0.979627107074,0.0,0.0176255891867,0.000441084423198,0.00230621931615,258.02605322,408.365958099,333.606528553,0.6516955707443898,1.2811511680142162,0.22698777526193709,39.11989041678947,3.1020177295627454,1.100709489071876,0.0421649992392,2.293348681578948,0.3837354051325591
06469400,535.62455318,0.0840400688293,3.51300101487,0.689707570119,6.42979549747,1.25543437924,3.65504802141,0.896727003971,84.2315065618,0.0291823838688,1291938446,0.00021154370982717126,0.938992938672,0.0,0.0498068863277,0.000265426800722,0.0109347481998,297.322556902,346.123225933,356.551956181,0.6633074006482084,1.2576466709406673,0.22259669074449523,38.70929029894737,3.9119198168635525,0.91303232869448392,0.0484178587204,2.9853356789473686,0.36194960828499445
06470000,504.349406174,0.0915131107322,3.16874073379,0.72586622849,4.56178574932,1.3522322371,3.70347142415,0.682308025919,80.5914547287,0.0952335673365,7343364026,0.00025945894414626086,0.961026550729,0.0,0.032218232785,0.00164413130303,0.00511108518304,268.666829551,393.531021248,337.801627292,0.6619305206385055,1.2659221611108873,0.22032339918252603,38.7099469563158,3.5290049561119572,1.1837874717400101,0.0468511414845,2.5209397026315794,0.3993767475402859
06470500,498.892323973,0.102822297959,3.19704516994,0.729459377239,4.66349944606,1.33299275546,4.13612579333,0.638469947795,80.7416057109,0.0789399432711,11150720347,0.00026248758220736521,0.957914984588,0.0,0.0362405559529,0.00113433087836,0.00471012858037,265.160211837,394.990018759,339.849984726,0.6621587203278283,1.2683339299146135,0.21563326053819615,38.34218988263157,3.7508518341041879,1.146162617929555,0.048447974855,2.511405105263158,0.4182232425715993
06470800,430.429052928,0.0269790886698,2.76287917281,0.627865481155,2.14991007453,1.12284212934,4.48613994586,0.283644174753,75.9355525304,0.0451929287292,1060371035,0.00025639900351854525,0.993994182607,0.0,0.00302837146099,0.0,0.00297744593194,239.067561918,413.84203379,347.08858619,0.6555062127116934,1.2579474777111317,0.1964507944693767,39.00058597894737,3.7171987583200941,1.0776214337946777,0.0487148392195,1.9523396236842108,0.5338571267947722
06470878,485.413247987,0.112787576601,3.1427108756,0.719033232746,4.31735594586,1.36638552206,4.27125844345,0.586072451584,79.2376318337,0.0914903528882,13749395682,0.00026035110814079523,0.963897785056,0.0,0.0305130286161,0.00095861938909,0.00463056693909,262.483612901,392.16483986,345.351787883,0.6588688512330668,1.2708313585066673,0.21274804351242071,38.22132268473684,3.8256120356050709,1.3153956106988145,0.0505970736347,2.4866731421052632,0.4367767814200035
06471200,527.370341296,0.143463746351,3.17455657913,0.661728599541,4.19379600874,1.36452917419,4.35712564809,0.649735640626,79.7094394213,0.0385706397857,2224413073,0.00028528869979730265,0.966784067714,0.0,0.028118798261,0.00079908237022,0.00429805165511,297.907756345,318.20263285,383.891059295,0.6392724190496425,1.302145662632773,0.20674398254360302,36.65461320631579,3.7527289004035511,1.336145190965025,0.0511807874228,2.649603134210526,0.5202531278071856
06471500,507.713424443,0.144780894543,3.12248699109,0.690381395833,4.22741470807,1.45491146415,4.72193627546,0.603744653293,78.0167177514,0.0434995896826,4197835856,0.00029713385372310039,0.895875269951,0.0,0.10036573697,0.000550781567406,0.00320821151213,285.260593107,325.917683041,388.82117344,0.6331693583815209,1.3214685213240578,0.20357981234062456,34.923914096315784,2.8617189186762682,0.83106950092895238,0.0370999589059,1.8860592157894736,0.5015838770543413
06472000,481.176163144,0.139401061164,3.14513408892,0.720318965239,3.97833714635,1.42282531499,4.41292928906,0.571502389155,77.5698864429,0.115829953108,24837791222,0.00026775096439146342,0.911807619923,0.0,0.0725004952428,0.00126960421199,0.0144222806227,269.827149051,360.131427698,370.041502001,0.6398914956270598,1.2917479204882754,0.2057665867408522,36.94485619789473,3.9282170246474228,1.9258245897131094,0.0584467467253,2.7683927578947367,0.46109666428688806
06473000,480.039916646,0.140434567048,3.16223764095,0.718429902544,3.93528946426,1.41728797401,4.5238200585,0.564451603607,77.7399651336,0.112533631718,27120963543,0.0002725714465208035,0.914831159976,0.0,0.0696808330064,0.00116939394174,0.0143186130754,272.589095671,350.057643885,377.353136417,0.6362162378977717,1.2956406379612466,0.20388789318864328,36.78536066473685,3.9776877948867444,2.0385249581795271,0.0603337213609,2.8473565210526317,0.46680725521663535
06475000,481.702243299,0.138205707307,3.31758064144,0.701750113191,3.73074411094,1.38690953862,5.41936896599,0.544390518934,76.082595629,0.104496136453,37782086253,0.00028106987385373585,0.881118667231,0.0,0.107346795617,0.000892756372317,0.0106417807791,278.011423802,326.29948864,395.689019896,0.6302954021600898,1.3447700478658178,0.1989688078898372,35.09113944210526,3.5335185931029871,1.8591661317685901,0.0531442138494,2.3987927578947374,0.47100965699706
06476000,474.032629082,0.142071331955,3.33752636163,0.696599818296,3.6171606669,1.40401353815,5.49268090581,0.516794780295,76.2805532503,0.0986483809633,43167327865,0.00028071237250783807,0.894744714282,0.0,0.0948708971315,0.000865174598914,0.00951921398772,282.439775018,317.099236958,400.461157736,0.6278552924335015,1.347309483243216,0.19731056981650227,34.65467723421053,3.337865094382618,1.8100897639246623,0.0506714558604,2.2261858000000005,0.47726994877183776
06477000,469.675140626,0.142328857337,3.36523999074,0.691991027956,3.57533610559,1.40137968506,5.67582976565,0.507722808129,76.4663119452,0.0945156047617,48043896048,0.00027949624899825421,0.902374433923,0.0,0.0881887908783,0.000864671655092,0.00857210354337,282.764676878,316.026639918,401.208870641,0.6239347439978555,1.3487118873471053,0.19408818628770577,34.07991071263158,3.2317265792377601,1.7663417580670946,0.0491669809509,2.107033792105263,0.48147620632360555
06477500,468.3041748,0.0804473036987,3.63994333593,0.665361812085,4.2879637937,1.62791413071,14.82540149,0.446109856823,77.7765476214,0.0142470852561,1698255912,0.00030432854690159322,0.684563285336,0.0,0.314989957232,0.0,0.000446757431383,352.266431721,201.094923959,446.639837992,0.5802512177865213,1.3870339560706395,0.1732704999260392,26.594966831947367,1.3488052252555143,0.96355028107498208,0.0229933705924,0.7160551342105264,0.751654195136451
06478500,463.741931416,0.139829519592,3.41639806842,0.691713229077,3.57927530076,1.4144970207,6.73470929819,0.683994914732,77.0225828806,0.0892382469132,56222823535,0.0002793997380276757,0.905330981239,0.0,0.0863996042627,0.000903941956262,0.00736547254198,289.124396291,306.339122216,404.536741639,0.6165608150129241,1.3444137913683774,0.18833321926584434,33.00915917263158,2.9986146125989195,1.7138664605985576,0.0464356911671,1.965522313157895,0.4749692697887877
06478600,513.813521669,0.0600340379519,3.75444288274,0.71641550814,5.16722192406,1.08919444105,5.14447493968,0.596079279504,89.6081112577,0.0376371101089,2535481794,0.00021841503919482031,0.938550902624,0.0,0.0140717840232,0.000514314921167,0.0468629984311,359.620800186,157.312418245,483.066879071,0.60972175921991,1.1809886992529754,0.1760851034751285,32.94813035789474,3.2256667052110144,1.7951638658020324,0.0492168491011,2.6225266473684212,0.32499541841061386
06478690,463.150938489,0.0503767546341,3.16533813299,0.644178468382,3.23959797267,1.13979211915,10.066874311,0.452703792731,85.3063899831,0.0134256404435,973035392.2,0.00022668676395673094,0.998249065567,0.0,0.00155206971919,0.0,0.000198864713723,340.008115909,204.038426114,455.956028653,0.593945739506884,1.2092581157426234,0.16492198404139735,28.880061619473683,1.3735215841401403,0.57510079314963214,0.0197397580636,0.7374861684210526,0.44202970405342745
06479215,578.168846539,0.0323638308299,3.16232537047,0.616189127427,5.77947283273,0.860473198477,4.94441625419,0.361447033745,87.3879828668,0.010988362473,174526021.6,0.0001897026566482797,0.988475638996,0.0,0.0115243610038,0.0,0.0,300.700406121,272.352643281,426.948100886,0.6013002212191045,1.15704644663054,0.21278236460367958,38.988902589473675,0.44449083143449564,0.26016525500903981,0.0070210682269,0.3298279131578948,0.3050197782757921
06479438,553.814462621,0.0343340193075,3.13160847498,0.706684465262,4.87677314303,1.00846282083,6.10098706978,0.621409404006,89.1652026435,0.0311481085303,2130514662,0.00021727617212148194,0.829030659639,0.0,0.100156341813,0.00104382766663,0.0697691708815,288.032558643,265.489242244,446.47591756,0.6015104455210419,1.229095205389107,0.20861651854296995,38.79505823315789,4.8375443563440594,5.3244709117432993,0.0860000938039,4.763030555263156,0.4757577244096836
06479500,552.528461283,0.0348513905989,3.09970668249,0.713160444534,4.8248800379,1.01219670362,5.96463698951,0.63076148444,89.2587839955,0.0309933097302,2267216617,0.00021659615605909539,0.822451909775,0.0,0.100897874737,0.00154654050876,0.0751036749788,286.159783292,269.784338771,444.054246215,0.6014403434010303,1.2292235272455772,0.2085607327753251,38.87073365210526,4.8377640530731734,5.0657164610431176,0.0845326890892,4.667141089473685,0.4644744134225428
06479520,554.857794088,0.0401517469823,3.15057745381,0.715996891697,5.25105199902,1.03424874198,5.63538423312,0.630025803973,89.0676972356,0.0298228587792,2967350439,0.00022068442111654972,0.840905341057,0.0,0.0890916259743,0.00445725031088,0.0655457826575,285.340109167,275.877162955,438.780847765,0.5999407818396908,1.2160835298673778,0.20777339856611066,38.67247693526315,4.09043706611532,4.198908044925016,0.0718069377856,3.8547726763157906,0.4544095684705072
06479525,553.515362967,0.040626357877,3.15579302816,0.711288196514,5.32530382468,1.02158202069,5.54719486696,0.622886239258,88.9276577865,0.0292775757031,3245107820,0.00022251181047666175,0.85077827465,0.0,0.0828276480253,0.00418951495257,0.0622045623724,285.061556703,275.793650821,439.143126131,0.5994288569088468,1.213047962423897,0.20705162854425455,38.54627937157895,3.8824338343883809,3.8859723563060515,0.0675814893988,3.612460944736842,0.4534894085480466
06479770,546.372509158,0.0439873206747,3.31008047975,0.712698774499,5.25680552045,1.05370037787,5.77980502445,0.579600306877,88.9946627164,0.028755255994,6487544953,0.00022813784721424443,0.889301183766,0.0,0.0554675336512,0.00320513487467,0.0520261477078,296.143236015,247.028376434,456.827577926,0.6037016317120449,1.2055791965682603,0.19800249691010907,37.46242616631579,3.9656677812138605,3.9112574994655471,0.0714669917301,3.8431617500000006,0.4126560689785166
06480000,540.317999184,0.0510685705697,3.42830376885,0.709668923789,5.3774021321,1.05397906379,5.44696640654,0.58639155833,89.162568039,0.0257443729424,9004708467,0.00023717845142491833,0.915351833976,0.0,0.0420676164259,0.00348728591387,0.0390932636842,295.342355073,253.449594247,451.206753883,0.6036733078219756,1.1833385805849241,0.19471211893460444,36.46247868789473,3.4276157363046851,3.0935304509847406,0.0617696483663,3.0695636736842102,0.3962265481339611
06480650,531.680739832,0.0468998224238,3.51118477476,0.768288854825,7.81024844921,0.916972220379,3.66612587165,0.765485739175,91.3743376023,0.00469062756333,271984627.5,0.00020501644326014449,1.0,0.0,0.0,0.0,0.0,268.245872087,338.988723024,392.765893105,0.5991180375025099,1.081804734270579,0.19148312541599952,32.294686796631574,0.084760032654963263,0.0,0.000873427186469,0.03820077368421053,0.2983084850840031
06481000,534.84996677,0.0563781838064,3.45278873964,0.704964429499,5.51747117156,1.03119416211,5.28304468467,0.587276009077,89.3492776286,0.0247213615876,10620103038,0.00023660038344699158,0.927773129034,0.0,0.035717802639,0.00313277484004,0.0333762934868,294.407137603,254.854152647,450.737907958,0.6039429485418062,1.1705317940909268,0.19282617018144665,35.847103715789466,3.0532992670161176,3.1319326861773513,0.0563947580238,2.674173171052631,0.39452273809305494
06481480,518.226142737,0.0385446404597,3.61724444029,0.670592477437,5.32629115621,0.947220033978,4.02479527425,0.539958452924,91.6802443852,0.0150346200182,714959686,0.00021597072919891694,0.945709423056,0.0,0.0181736472673,0.00418559099286,0.0319313386842,349.471312109,157.221773426,493.307106881,0.6183452088094343,1.1106283989911037,0.17304129365093865,33.22545973368421,2.3505288795379355,0.77300670694199813,0.0315576775472,1.4784074552631579,0.2651612760422325
06481500,499.095846141,0.052535652881,3.64113471843,0.653718966588,5.84859833084,0.905355454361,4.91334241034,0.516951758468,90.5790168805,0.0149257998362,1658874648,0.00023948995561600244,0.97010096911,0.0,0.0110387324039,0.00452844642333,0.0143318520624,345.39071575,175.559102351,479.049696512,0.6113544964018731,1.1143429199165977,0.1653843413012173,31.2881874068421,1.9512905556896336,0.99984618432497652,0.0292780284532,1.141477747368421,0.32721784441266044
06482000,528.421899458,0.0636884652364,3.4962819223,0.698570567651,5.58436217778,1.01472242582,5.23025519701,0.580707837516,89.5189799142,0.0238207714652,12541989470,0.00023786674049902014,0.931848219466,0.0,0.0319074062566,0.00608702553514,0.0301573487418,301.181154392,244.363706415,454.454428731,0.6048547379129011,1.161242220972889,0.18870109466080096,35.10224470210527,2.8945386189321893,2.9474032022882932,0.0536246983294,2.4270015657894737,0.38738304034836313
06482020,528.08457977,0.0644148296722,3.50170284175,0.699124883237,5.60347942696,1.01611164709,5.22619264313,0.581187878649,89.5192700521,0.0237729929945,12592506773,0.0002383203913893442,0.929398027954,0.0,0.0317794246474,0.00878616073014,0.0300363866683,301.196449079,244.297891768,454.504936464,0.6048551323640836,1.1609984934665853,0.18865388753710263,35.076495893157905,2.8835739781865541,2.9358157898086965,0.0534184980598,2.417582752631579,0.38734277736509665
06605000,453.274067729,0.0585303350261,3.32510085548,0.633538042411,4.86788602799,0.956184424324,4.48185850858,0.403883253455,86.6677670283,0.113270572966,910168434.2,0.00019184688315187676,0.994672024967,0.0,0.00255323525165,0.000690223937124,0.0020845158445,345.532012018,209.083094097,445.386614729,0.5784439803330518,1.0236129716888478,0.1700214376081985,31.846230305789476,0.30673786646683704,0.11585734799361837,0.00452272099068,0.23565301578947365,0.21856650643924255
06AA001,623.2309218,0.063111666,4.71235332308,0.833898880569,9.66148850461,1.23890891574,4.94639289695,0.910805608897,88.0796381847,0.0906088653982,4174358755,0.00027194602229908723,0.0866011944546,0.818924128415,0.0696403699791,3.40656734439e-05,0.0248002414782,275.08300296,405.770483389,319.145106555,0.7879947131026419,1.3804083870446848,0.2238010673155705,50.46983305368421,2.187569207325696,1.220689529937228,0.0336091909709,2.356765710526316,0.14327778610173925
06AA002,641.3394764,0.059156323,4.73689855438,0.834845673725,9.69352418115,1.20129295139,5.21039952942,0.917907067519,90.9891528518,0.0608419983736,2325789284,0.00026198453834907532,0.0672469315717,0.860965118322,0.05058234161,6.11402580738e-05,0.0211444682384,266.174734019,412.02678936,321.79724942,0.7950046264734342,1.3834935854249877,0.22356456414677858,50.166895527368425,2.31358665141284,1.8516381674282705,0.0408762672898,2.8912575578947375,0.1389774418701775
06AB001,663.037657,0.057646536,4.90994941289,0.861814751006,9.43935812439,1.31490400536,3.37635888266,1.86409632425,138.282065813,0.322079311775,4119842333,0.00027663919240470612,0.0,0.960280239081,0.00160305143396,0.000605786539436,0.0375109229452,244.816061468,460.467457963,294.715315553,0.8268239059092608,1.2389540959619012,0.2255670743367789,55.44454505052632,1.2072682212654606,0.20929642051014599,0.0141407547864,1.2587792131578948,0.029398628538095703
06AC001,609.481151,0.061268778,4.47937357413,0.859265727857,7.6288714448,1.07045207109,3.5119648509,0.953895592834,85.698234533,0.0994896723122,449993876,0.00027631690688526526,0.0745206345143,0.868387476102,0.0436808549784,0.00194186018607,0.0114691742195,228.542413719,454.77905248,316.674205066,0.7858109557690168,1.427421171295053,0.2316077229923676,52.2601611668421,0.76592568044518039,0.17550840236053564,0.00936350744873,0.6029847421052632,0.15156711373579815
06AC006,589.842827486,0.0815065591129,4.42447675905,0.889260654083,11.2383363568,1.42615795272,6.78508679657,0.800232966568,74.2343952352,0.0828200505428,783323237.9,0.00025387149130710841,0.32284404513,0.459408534203,0.166177991222,0.00279877754544,0.0487706518992,261.527333435,410.070769118,328.399872811,0.7942467279132474,1.293641423760962,0.22579372337587963,50.40424918157894,1.3394696119218843,0.31366193168066919,0.016573880835,0.862123447368421,0.2749142856833815
07BC007,665.9191021,0.036516666,3.55979213078,0.650221487571,6.14702087407,1.09064699312,3.75392105038,0.455125838751,82.371349581,0.189959981535,374611123.7,0.0002135765984486281,0.98734003854,0.00205913588375,0.00265741457109,0.00794341100544,0.0,252.744425888,425.651934516,321.604368541,0.7869607902440113,1.2954158694908378,0.22626368776221387,48.49335307263158,0.30910204176448397,0.44996459221280605,0.00741250298325,0.2993903947368421,0.4542491061425071
07BE004,686.3023659,0.013173979,4.19081496223,0.901721616291,5.85609837313,1.24122698677,2.52821867186,0.634120414335,93.0882530799,0.103624702696,92259298.97,0.00016784354715401037,0.181001346315,0.596534701762,0.222463951923,0.0,0.0,236.699799005,447.935992536,315.36248512,0.7864073157665831,1.4986655998890195,0.2260895833894948,51.66581384105263,0.23182453716341334,0.0057006033728621572,0.00237525177669,0.07490794210526316,0.4149574397888746
11AA001,1432.26569622,0.0614863189824,7.47102831662,0.87333982817,24.9537354254,0.981336542267,21.0246980831,0.750298064288,79.5931889878,0.12101399079,279060949.2,0.00019788769683907998,0.568344465264,0.00707584440883,0.410166769332,0.00235753977341,0.0120553812216,294.146126539,332.072824256,373.783189052,0.3455433972973594,1.3498861733269862,0.35708026114055563,40.750798979473686,0.49786308383026068,0.07287333466803865,0.00569179495717,0.470522044736842,0.07569622444094978
11AA005,1325.23075617,0.123927997035,6.14243970429,0.913963703414,18.9273613988,1.26012358432,17.958583858,0.841034382813,72.8636833665,0.177814323136,2740876352,0.00025027978102256672,0.174168740847,0.0177564047836,0.805213799263,0.000738824054798,0.00212223105163,295.701973185,328.633306976,375.661109521,0.3850204360834908,1.5374729455771137,0.3283025228722821,37.30615107842105,0.53801418530133061,0.2934884490583316,0.0083224384428,0.560599847368421,0.2045397849348931
11AA025,1445.111488,0.120059904,7.1763503865,0.945314442676,22.6210314915,1.3883841858,21.0671623337,0.97505814686,82.9247950428,0.165348048855,1014410991,0.00025812728547142875,0.102527590205,0.0460305504023,0.85122804029,0.000213819101942,0.0,289.616017176,335.816714544,374.561094715,0.29090444526269504,1.2937155473495818,0.3721839517222956,40.090179377368415,0.11017320004455726,0.057030832964176749,0.00167036659059,0.09512498684210527,0.3044101632836107
11AA026,984.206032,0.06987431,4.50182422829,0.791588706993,12.2639485448,0.965777401473,15.7138725432,0.418796218392,58.9012011053,0.0313941625171,472780440.6,0.00026283763970848278,0.0,0.0,1.0,0.0,0.0,301.248027498,309.358642516,389.387864166,0.48832099499030085,1.9251599747284562,0.2832976816163427,34.30620702842105,0.76738914329147645,0.030406334742647392,0.00840604107725,0.3191614105263158,0.712690917373813
11AA028,1233.497746,0.118250747,10.2832017827,1.12510826712,30.8880657624,1.59623075288,28.9658345687,1.13098048461,66.0715538828,0.0115226261339,88191668.96,0.00020699184998618632,0.942340080228,0.0,0.0576599197722,0.0,0.0,311.516319037,312.346133629,376.138977575,0.4984696287412099,1.677144933508561,0.29463175829657345,34.21861360842105,0.54168731582550733,0.037769023855702639,0.00598469032707,0.36484739473684213,0.2871253840972286
11AA029,1198.561039,0.123297492,9.22528621019,1.210766162,32.1857472573,1.83899016214,33.598285574,1.00224761574,62.2132763547,0.0299390253809,113813971.2,0.00021933093944485224,0.613573451019,0.0,0.386426548981,0.0,0.0,306.211504572,311.876494676,381.914172901,0.4798947124676137,1.8055576787321095,0.29914854204738683,29.627890751052632,0.47519220984263016,0.024645300996692023,0.00512109660775,0.3833020210526316,0.14248372679899288
11AA038,1009.257761,0.048390389,4.00806692621,0.953342524932,12.8907080737,1.10472820912,18.9380100175,0.399713972127,60.952099921,0.019637975056,350188074.8,0.00020564635629848806,0.662527726444,0.0,0.331414222156,0.00465984182754,0.00139820957208,287.361914536,310.678940937,401.962277774,0.46592509448134717,1.869695647578626,0.2828138153946553,27.817932767894735,0.26157405385359778,2.5361419269295524,0.0279631530201,1.954426105263158,0.2201859248285606
11AB001,1178.45990964,0.0892972973498,4.80938275924,0.764221586329,18.2575595843,1.01884389767,19.9319787354,0.494883342628,72.6600023599,0.0897015035171,426236488.5,0.00027025411193481986,0.0598527539488,0.0,0.940147246051,0.0,0.0,297.602272593,334.067804327,368.32862423,0.5941540489443428,1.4886337984560547,0.2772489853610823,39.45453821157894,0.25953053081462879,0.27557124508060438,0.00534492119377,0.15272981736842106,0.719787128515419
11AB008,1088.83519011,0.12123908475,4.15861849622,0.778237651899,13.2467861063,1.19999171904,20.2662995384,0.424857308439,67.2982664367,0.117989798438,762294170.1,0.00026655425153985265,0.0334636395944,0.0,0.966536360406,0.0,0.0,304.971059362,321.356026672,373.674201062,0.5637804642049904,1.700294835412043,0.2733883299930339,37.698586127894735,0.60196856522443054,0.26217542095740537,0.00865995503861,0.24213426315789466,0.7283811714950409
11AB009,1198.097149,0.088679269,4.79482570557,0.741170293851,18.8356234594,0.985961399522,20.0781989185,0.500774974484,73.9975101654,0.0835256791399,299303878.3,0.00023757442584150919,0.0852438114941,0.0,0.914756188506,0.0,0.0,297.146347054,335.69730466,367.157329872,0.5979265121346028,1.5508002717839535,0.2784496362468327,40.38691016421052,0.22492027248803767,0.018743356040674203,0.00250412228317,0.06797894210526316,0.863151774254457
11AB018,1055.41166,0.127836643,4.80018674795,1.04657580783,13.0411655152,1.64873525748,19.9883181771,0.659900212436,65.4504421226,0.11705552593,2000151292,0.00027277094679623812,0.0577713703855,0.0469458471864,0.894699187782,0.0,0.000583594646048,292.179266916,329.387651139,378.434805399,0.5696194688254037,1.7203843736062043,0.2731794741388857,39.039545754736835,0.83884457776002741,0.58356691904570368,0.0140384537848,0.5042651342105263,0.7583202727609321
11AB027,1026.9014649,0.129936948082,4.45344061937,1.0406416883,11.7859815291,1.66876613608,18.9047257876,0.644579616563,64.4662199927,0.112114726182,2517208144,0.00027503338083948928,0.0459052698118,0.0373032830493,0.91632772143,0.0,0.000463725708925,301.097551488,323.897033288,375.007057509,0.5650785779828681,1.8341182930129245,0.2704412547241441,38.07224039052632,0.87770242658008113,0.49698746408061339,0.0135933960507,0.5023983868421054,0.7123055696511211
11AB060,922.507133497,0.0245645397322,2.81974016057,0.595758061747,6.76381871392,0.905476959655,9.77977269667,0.390606609057,59.1503642618,0.0107463262148,44235587.29,7.078035127208657e-05,0.0,0.0,1.0,0.0,0.0,375.480720068,249.17513118,375.358708739,0.5180138791795831,2.1637189542465802,0.27194264833636794,34.24605263157895,0.550874569054702,0.4953907995074936,0.0111742912052,0.5315504797368423,0.5730569850622674
11AB075,933.203447563,0.0435971314712,3.301228656,0.757003377048,7.71284305623,1.20410531223,16.1346015564,0.410311689193,62.0944562348,0.0467019452454,189579532.6,0.00017658442664857614,0.0,0.0,1.0,0.0,0.0,318.864132117,319.730669916,361.402048634,0.5708259716752446,2.1021476859844146,0.25115443586425285,35.74224783210527,0.91179076227542488,0.40549721020073959,0.013103687435,0.4257007078947368,0.670423896303754
11AB082,1077.20226827,0.103501906699,5.48272341186,0.881364728857,17.5976292126,1.15477048375,21.0254123956,0.506900649384,64.5179200941,0.1176925346,900856676.5,0.00025151201184367091,0.0752906573046,0.0167305911256,0.90797875157,0.0,0.0,301.40009328,317.592866535,381.008451435,0.5298572246237938,1.8426898331395536,0.28207443245158076,37.32017960894736,0.44574277819710106,0.21844412509342009,0.00693455905175,0.2423866842105263,0.6989614423813659
11AB096,1064.72167128,0.128999913971,4.98143862164,1.04057581505,13.7352728002,1.62318894352,20.2022656169,0.675612232179,66.084237126,0.116707483505,1828907233,0.00027570667618128405,0.0620620083705,0.0513418087784,0.885957940993,0.0,0.000638241857741,291.15863693,330.825518912,378.017420707,0.5752206854200558,1.7315711105521288,0.2717091820477831,39.33952006842105,0.85493718639058824,0.61793391322658231,0.0145662151229,0.5221380026315788,0.7585661886137527
11AB101,1046.03777611,0.128636424474,4.66716829382,1.04779277896,12.5448246298,1.66378994768,19.6253233693,0.655419069365,64.9830791132,0.116670904153,2152169906,0.00027178516638656167,0.0536907727962,0.0436298948457,0.90213695908,0.0,0.000542373278268,295.39329278,327.169861382,377.438375434,0.5669091721686823,1.7884089729430461,0.27234390849704543,38.721896038947364,0.90695216872170603,0.56951285141174068,0.0145832976948,0.5384734236842107,0.7130603029921381
11AB108,1107.16211276,0.111781956216,4.2828616581,0.771175509969,14.0609277205,1.16309794724,20.8349796821,0.420311769982,67.8103481013,0.118323826005,694458197.7,0.00026993463731091682,0.0367325726668,0.0,0.963267427333,0.0,0.0,298.298585771,326.679482659,375.02419691,0.5666093923604227,1.6645043790713894,0.2750634524342669,38.10904574789473,0.59374631808881706,0.23893745326152377,0.00832447661194,0.21425869842105266,0.8173833567948342
11AB117,1375.869478,0.046856982,8.60145740925,1.03849668908,32.6605192019,1.32262419387,27.4228838682,0.999032422862,78.3663634588,0.0792602187721,109412993.6,0.00023805646846171007,0.234317677058,0.355326149543,0.399687422884,0.0,0.0106687505141,261.84006161,372.389602324,365.774962604,0.6322085510996585,1.284354916746558,0.292116406866238,53.4127098568421,0.10414877755041609,0.017625177739286055,0.00124163896343,0.09488314210526316,0.11596427412404926
11AB118,1215.39170605,0.106621403745,7.85113165912,0.909541310159,27.4808502309,1.16204955386,26.4446555603,0.768551578131,73.9643803002,0.106891412325,635441497.7,0.00025501355926034377,0.0734540736764,0.14777496236,0.776933939348,0.0,0.001837024615,283.721252603,344.603495249,371.680381636,0.6197244052722806,1.4130917764082598,0.27678787897340273,42.791023242631574,0.12952981477689665,0.036279383691449264,0.00167880825306,0.10382647894736842,0.19580732822751487
11AC017,1110.30068835,0.0682426708523,5.15293599618,0.875714586338,14.8682977656,1.12598939341,17.7779140535,0.589849119117,71.9044190779,0.0726557354812,1226143322,0.00022926316348545963,0.297192254109,0.00552271255911,0.682481462506,0.0058163176925,0.00898725313313,307.233677704,306.266328968,386.501717431,0.6034344475275207,1.558098226673246,0.2787470907777767,42.25804400736842,0.46768024781081302,0.23126652425370375,0.00694421112003,0.4067739684210527,0.3254587142712855
11AC025,887.854516105,0.0473265120607,4.9612283189,0.746626812852,12.7237257874,0.940284577026,17.9512940318,0.393203681984,63.7271360626,0.0177672936252,493076077.8,0.00025821352853970926,0.0624747894175,0.0,0.937525210583,0.0,0.0,299.931629229,310.387814708,389.677316988,0.6534605063327584,1.8511893423189942,0.24606702470985045,36.21437238263158,0.31981362056253254,0.015644023685098443,0.00328525740738,0.13671730789473688,0.46964749784225013
11AC041,960.236767,0.11998828,5.7385460182,0.872443389843,15.0422337251,1.14303884096,20.1078970873,0.520358702786,66.9181149925,0.0755148901567,5411614959,0.00026218286843364332,0.148404261158,0.00125149139523,0.846479176347,0.00182875739295,0.00203631370673,305.456145799,313.930810448,380.613622634,0.6224614096739404,1.7023660707507344,0.2560097984003106,37.18459472947369,0.62479314221425453,0.18351972367432004,0.00805268919163,0.3453721578947369,0.4906524654360467
11AC052,1102.23008579,0.0680757236539,5.95494326185,0.91504426818,17.203667215,1.16677701343,19.6266868397,0.639731204535,72.0326691395,0.070176432926,1605162225,0.00024262675301153774,0.262025618095,0.00421865932532,0.722447652235,0.00444293680141,0.00686513354322,306.045707632,307.847540011,386.10782851,0.6036154277666383,1.5748291905757985,0.28023845864059493,41.68948775789474,0.41524355727828371,0.20871395001547757,0.00619956674568,0.3543913105263158,0.3285257080430529
11AC054,1015.72887493,0.103374821616,5.83780563433,0.897478819848,15.6155339897,1.17997732738,21.3843891543,0.548517760735,67.7419132543,0.0814513137702,3397835840,0.00025408803423438927,0.216468253548,0.0019932254175,0.77538269928,0.00291262547387,0.00324319628065,304.558967016,310.693480361,384.748664108,0.6050088156258229,1.7315562143120218,0.2698681729451541,38.293686736842105,0.72681828184126407,0.1583191522560051,0.00880609967382,0.39533655526315786,0.45232683792370143
11AC064,1133.93907074,0.051719950955,5.94171482485,0.870197014344,17.1975174225,1.01083613173,18.9485287061,0.61975905722,69.6560273448,0.043436900299,145417638.5,0.00022473284285519178,0.244842760678,0.0411341284529,0.714023110869,0.0,0.0,305.842571263,301.399720623,392.768189571,0.608327310494117,1.5146089931341875,0.28164792474764927,42.69908128421053,0.51417584318577025,0.01205570558465187,0.00534607873864,0.41002041315789467,0.16250054451437015
11AE003,829.689122565,0.0504201250037,4.80402025301,0.739137336751,11.0723033623,0.969845223539,17.1835662919,0.375318082312,70.6811740262,0.0511524612933,1382286795,0.00022664935127585361,0.859150701932,0.0,0.122543271306,0.00910124994059,0.00920477682144,300.375289841,311.502235905,388.124666015,0.6452165232616764,1.6750545954296467,0.2467953474615028,38.7871537468421,0.89749093945323022,0.76032758878315165,0.0165363049133,0.9981029999999999,0.25129541211993467
11AF005,774.627118297,0.0371514732852,6.55964137209,0.642190406426,15.53947113,0.832838600055,17.8807379388,0.362594254668,65.6281859306,0.0146696680984,398677163.3,0.00021838576074716758,0.714081241492,0.0,0.285918758508,0.0,0.0,315.703147866,322.12632875,362.175271372,0.6319440253448068,1.7735663571814553,0.2450087266155982,37.87222916947368,0.4190648762545503,0.019787953233426893,0.00434463319071,0.10407376815789474,0.6777415932303087
